{
	"credit": "Made by Skyblock Squad",
	"texture_size": [32, 32],
	"textures": {
		"0": "block/vegetation/grasblatt_x",
		"particle": "block/vegetation/grasblatt_x"
	},
	"elements": [
		{
			"from": [10, 0, 7],
			"to": [10, 10, 9],
			"rotation": {"angle": 0, "axis": "y", "origin": [10, 0, 7]},
			"faces": {
				"north": {"uv": [0, 0, 0, 5], "texture": "#0", "tintindex": 0},
				"east": {"uv": [7, 5, 6, 10], "texture": "#0", "tintindex": 0},
				"south": {"uv": [0, 0, 0, 5], "texture": "#0", "tintindex": 0},
				"west": {"uv": [6, 5, 7, 10], "texture": "#0", "tintindex": 0},
				"up": {"uv": [0, 1, 0, 0], "texture": "#0", "tintindex": 0},
				"down": {"uv": [0, 0, 0, 1], "texture": "#0", "tintindex": 0}
			}
		},
		{
			"from": [10, 10, 3],
			"to": [22, 10, 13],
			"rotation": {"angle": 45, "axis": "z", "origin": [10, 10, 8]},
			"faces": {
				"north": {"uv": [0, 0, 6, 0], "texture": "#0", "tintindex": 0},
				"east": {"uv": [0, 0, 5, 0], "texture": "#0", "tintindex": 0},
				"south": {"uv": [0, 0, 6, 0], "texture": "#0", "tintindex": 0},
				"west": {"uv": [0, 0, 5, 0], "texture": "#0", "tintindex": 0},
				"up": {"uv": [6, 5, 0, 0], "texture": "#0", "tintindex": 0},
				"down": {"uv": [6, 0, 0, 5], "texture": "#0", "tintindex": 0}
			}
		},
		{
			"from": [2, 13, 11],
			"to": [12, 13, 23],
			"rotation": {"angle": -22.5, "axis": "x", "origin": [7, 13, 11]},
			"faces": {
				"north": {"uv": [0, 0, 5, 0], "texture": "#0", "tintindex": 0},
				"east": {"uv": [0, 0, 6, 0], "texture": "#0", "tintindex": 0},
				"south": {"uv": [0, 0, 5, 0], "texture": "#0", "tintindex": 0},
				"west": {"uv": [0, 0, 6, 0], "texture": "#0", "tintindex": 0},
				"up": {"uv": [6, 5, 0, 0], "rotation": 90, "texture": "#0", "tintindex": 0},
				"down": {"uv": [6, 0, 0, 5], "rotation": 270, "texture": "#0", "tintindex": 0}
			}
		},
		{
			"from": [5.5, 3, 11],
			"to": [7.5, 13, 11],
			"rotation": {"angle": 0, "axis": "x", "origin": [7, 3, 10]},
			"faces": {
				"north": {"uv": [6, 5, 7, 10], "texture": "#0", "tintindex": 0},
				"east": {"uv": [0, 0, 0, 5], "texture": "#0", "tintindex": 0},
				"south": {"uv": [7, 5, 6, 10], "texture": "#0", "tintindex": 0},
				"west": {"uv": [0, 0, 0, 5], "texture": "#0", "tintindex": 0},
				"up": {"uv": [0, 1, 0, 0], "rotation": 90, "texture": "#0", "tintindex": 0},
				"down": {"uv": [0, 0, 0, 1], "rotation": 270, "texture": "#0", "tintindex": 0}
			}
		},
		{
			"from": [5.5, -3, 11],
			"to": [7.5, 3, 11],
			"rotation": {"angle": 0, "axis": "x", "origin": [7, 3, 10]},
			"faces": {
				"north": {"uv": [6, 7.25, 7, 4.5], "texture": "#0", "tintindex": 0},
				"east": {"uv": [0, 0, 0, 5], "texture": "#0", "tintindex": 0},
				"south": {"uv": [7, 7.25, 6, 4.5], "texture": "#0", "tintindex": 0},
				"west": {"uv": [0, 0, 0, 5], "texture": "#0", "tintindex": 0},
				"up": {"uv": [0, 1, 0, 0], "rotation": 90, "texture": "#0", "tintindex": 0},
				"down": {"uv": [0, 0, 0, 1], "rotation": 270, "texture": "#0", "tintindex": 0}
			}
		}
	],
	"display": {}
}