{
	"credit": "Made by Skyblock Squad",
	"texture_size": [32, 32],
	"textures": {
		"0": "block/vegetation/grasblatt_x",
		"particle": "block/vegetation/grasblatt_x"
	},
	"elements": [
		{
			"from": [4, 0, 7],
			"to": [4, 10, 9],
			"rotation": {"angle": 0, "axis": "y", "origin": [4, 0, 7]},
			"faces": {
				"north": {"uv": [0, 0, 0, 5], "texture": "#0", "tintindex": 0},
				"east": {"uv": [7, 5, 6, 10], "texture": "#0", "tintindex": 0},
				"south": {"uv": [0, 0, 0, 5], "texture": "#0", "tintindex": 0},
				"west": {"uv": [6, 5, 7, 10], "texture": "#0", "tintindex": 0},
				"up": {"uv": [0, 1, 0, 0], "texture": "#0", "tintindex": 0},
				"down": {"uv": [0, 0, 0, 1], "texture": "#0", "tintindex": 0}
			}
		},
		{
			"from": [4, 10, 3],
			"to": [16, 10, 13],
			"rotation": {"angle": 22.5, "axis": "z", "origin": [4, 10, 8]},
			"faces": {
				"north": {"uv": [0, 0, 6, 0], "texture": "#0", "tintindex": 0},
				"east": {"uv": [0, 0, 5, 0], "texture": "#0", "tintindex": 0},
				"south": {"uv": [0, 0, 6, 0], "texture": "#0", "tintindex": 0},
				"west": {"uv": [0, 0, 5, 0], "texture": "#0", "tintindex": 0},
				"up": {"uv": [6, 5, 0, 0], "texture": "#0", "tintindex": 0},
				"down": {"uv": [6, 0, 0, 5], "texture": "#0", "tintindex": 0}
			}
		}
	],
	"display": {}
}