{
	"credit": "Made by Skyblock Squad",
	"textures": {
		"0": "block/vegetation/bananenblatt1_x",
		"1": "block/vegetation/staengel_x",
		"2": "block/vegetation/bananenblatt2_x",
		"particle": "block/vegetation/bananenblatt1_x"
	},
	"elements": [
		{
			"from": [8.1, 0.1, 7],
			"to": [8.1, 10.1, 8.5],
			"rotation": {"angle": 0, "axis": "y", "origin": [8, -0.2, 6]},
			"faces": {
				"north": {"uv": [0, 0, 0, 10], "texture": "#1", "tintindex": 0},
				"east": {"uv": [3.5, 0, 2, 10], "texture": "#1", "tintindex": 0},
				"south": {"uv": [0, 0, 0, 10], "texture": "#1", "tintindex": 0},
				"west": {"uv": [2, 0, 3.5, 10], "texture": "#1", "tintindex": 0},
				"up": {"uv": [0, 2, 0, 0], "texture": "#1", "tintindex": 0},
				"down": {"uv": [0, 0, 0, 2], "texture": "#1", "tintindex": 0}
			}
		},
		{
			"from": [8, 10.05, 2],
			"to": [8, 21.05, 12],
			"rotation": {"angle": -22.5, "axis": "z", "origin": [8, 9.8, 7]},
			"faces": {
				"north": {"uv": [0, 0, 6, 0], "rotation": 90, "texture": "#missing", "tintindex": 0},
				"east": {"uv": [16, 0, 7.71429, 16], "rotation": 270, "texture": "#0", "tintindex": 0},
				"south": {"uv": [0, 0, 6, 0], "rotation": 270, "texture": "#missing", "tintindex": 0},
				"west": {"uv": [16, 16, 7.71429, 0], "rotation": 270, "texture": "#0", "tintindex": 0},
				"up": {"uv": [0, 0, 5, 0], "rotation": 270, "texture": "#missing", "tintindex": 0},
				"down": {"uv": [0, 0, 5, 0], "rotation": 270, "texture": "#missing", "tintindex": 0}
			}
		},
		{
			"from": [12.24602, 20.04038, 2],
			"to": [12.24602, 30.04038, 12],
			"rotation": {"angle": -45, "axis": "z", "origin": [12.25, 20.05, 7]},
			"faces": {
				"north": {"uv": [0, 0, 6, 0], "texture": "#missing", "tintindex": 0},
				"east": {"uv": [7.52381, 0, 0, 16], "rotation": 270, "texture": "#0", "tintindex": 0},
				"south": {"uv": [0, 0, 6, 0], "rotation": 270, "texture": "#missing", "tintindex": 0},
				"west": {"uv": [7.61905, 16, 0, 0], "rotation": 270, "texture": "#0", "tintindex": 0},
				"up": {"uv": [0, 0, 5, 0], "rotation": 270, "texture": "#missing", "tintindex": 0},
				"down": {"uv": [0, 0, 5, 0], "rotation": 270, "texture": "#missing", "tintindex": 0}
			}
		},
		{
			"from": [6, 0, 9.4],
			"to": [8, 6, 9.4],
			"rotation": {"angle": 0, "axis": "y", "origin": [0, 0, -3.6]},
			"faces": {
				"north": {"uv": [2, 0, 4, 6], "texture": "#1", "tintindex": 0},
				"east": {"uv": [0, 0, 0, 6], "texture": "#missing", "tintindex": 0},
				"south": {"uv": [4, 0, 2, 6], "texture": "#1", "tintindex": 0},
				"west": {"uv": [0, 0, 0, 6], "texture": "#missing", "tintindex": 0},
				"up": {"uv": [0, 0, 2, 0], "texture": "#missing", "tintindex": 0},
				"down": {"uv": [0, 0, 2, 0], "texture": "#missing", "tintindex": 0}
			}
		},
		{
			"from": [2, 6, 9.4],
			"to": [12, 9, 9.4],
			"rotation": {"angle": 0, "axis": "x", "origin": [7, 6, 9.4]},
			"faces": {
				"north": {"uv": [0, 13.92, 16, 16], "texture": "#2", "tintindex": 0},
				"east": {"uv": [0, 0, 0, 3], "texture": "#missing", "tintindex": 0},
				"south": {"uv": [0, 13.96, 16, 16], "texture": "#2", "tintindex": 0},
				"west": {"uv": [0, 0, 0, 3], "texture": "#missing", "tintindex": 0},
				"up": {"uv": [0, 0, 10, 0], "texture": "#missing", "tintindex": 0},
				"down": {"uv": [0, 0, 10, 0], "texture": "#missing", "tintindex": 0}
			}
		},
		{
			"from": [2, 9, 9.4],
			"to": [12, 17, 9.4],
			"rotation": {"angle": 22.5, "axis": "x", "origin": [7, 9, 9.4]},
			"faces": {
				"north": {"uv": [0, 8.4, 16, 13.92], "texture": "#2", "tintindex": 0},
				"east": {"uv": [0, 0, 0, 8], "texture": "#missing", "tintindex": 0},
				"south": {"uv": [0, 8.32, 16, 13.92], "texture": "#2", "tintindex": 0},
				"west": {"uv": [0, 0, 0, 8], "texture": "#missing", "tintindex": 0},
				"up": {"uv": [0, 0, 10, 0], "texture": "#missing", "tintindex": 0},
				"down": {"uv": [0, 0, 10, 0], "texture": "#missing", "tintindex": 0}
			}
		},
		{
			"from": [2, 16.41524, 12.46022],
			"to": [12, 24.41524, 12.46022],
			"rotation": {"angle": 45, "axis": "x", "origin": [7, 16.4, 12.4]},
			"faces": {
				"north": {"uv": [0, 2.8, 16, 8.32], "texture": "#2", "tintindex": 0},
				"east": {"uv": [0, 0, 0, 8], "texture": "#missing", "tintindex": 0},
				"south": {"uv": [0, 2.8, 16, 8.32], "texture": "#2", "tintindex": 0},
				"west": {"uv": [0, 0, 0, 8], "texture": "#missing", "tintindex": 0},
				"up": {"uv": [0, 0, 10, 0], "texture": "#missing", "tintindex": 0},
				"down": {"uv": [0, 0, 10, 0], "texture": "#missing", "tintindex": 0}
			}
		},
		{
			"from": [2, 22.04585, 18.13958],
			"to": [12, 22.04585, 22.13958],
			"rotation": {"angle": -22.5, "axis": "x", "origin": [7, 22, 18.15]},
			"faces": {
				"north": {"uv": [0, 0, 10, 0], "rotation": 180, "texture": "#missing", "tintindex": 0},
				"east": {"uv": [0, 0, 0, 4], "rotation": 270, "texture": "#missing", "tintindex": 0},
				"south": {"uv": [0, 0, 10, 0], "texture": "#missing", "tintindex": 0},
				"west": {"uv": [0, 0, 0, 4], "rotation": 90, "texture": "#missing", "tintindex": 0},
				"up": {"uv": [0, 0, 16, 2.8], "rotation": 180, "texture": "#2", "tintindex": 0},
				"down": {"uv": [0, 0, 16, 2.8], "texture": "#2", "tintindex": 0}
			}
		}
	]
}