{
	"credit": "Made by Skyblock Squad",
	"textures": {
		"0": "block/vegetation/bananenblatt1_x",
		"1": "block/vegetation/staengel_x",
		"particle": "block/vegetation/bananenblatt1_x"
	},
	"elements": [
		{
			"from": [4.1, 0.1, 8],
			"to": [4.1, 10.1, 9.5],
			"rotation": {"angle": 0, "axis": "y", "origin": [4, -0.2, 7]},
			"faces": {
				"north": {"uv": [0, 0, 0, 10], "texture": "#1", "tintindex": 0},
				"east": {"uv": [3.5, 0, 2, 10], "texture": "#1", "tintindex": 0},
				"south": {"uv": [0, 0, 0, 10], "texture": "#1", "tintindex": 0},
				"west": {"uv": [2, 0, 3.5, 10], "texture": "#1", "tintindex": 0},
				"up": {"uv": [0, 2, 0, 0], "texture": "#1", "tintindex": 0},
				"down": {"uv": [0, 0, 0, 2], "texture": "#1", "tintindex": 0}
			}
		},
		{
			"from": [4, 10.05, 3],
			"to": [4, 21.05, 13],
			"rotation": {"angle": -22.5, "axis": "z", "origin": [4, 9.8, 8]},
			"faces": {
				"north": {"uv": [0, 0, 6, 0], "rotation": 90, "texture": "#missing", "tintindex": 0},
				"east": {"uv": [16, 0, 7.71429, 16], "rotation": 270, "texture": "#0", "tintindex": 0},
				"south": {"uv": [0, 0, 6, 0], "rotation": 270, "texture": "#missing", "tintindex": 0},
				"west": {"uv": [16, 16, 7.71429, 0], "rotation": 270, "texture": "#0", "tintindex": 0},
				"up": {"uv": [0, 0, 5, 0], "rotation": 270, "texture": "#missing", "tintindex": 0},
				"down": {"uv": [0, 0, 5, 0], "rotation": 270, "texture": "#missing", "tintindex": 0}
			}
		},
		{
			"from": [8.24602, 20.04038, 3],
			"to": [8.24602, 30.04038, 13],
			"rotation": {"angle": -45, "axis": "z", "origin": [8.25, 20.05, 8]},
			"faces": {
				"north": {"uv": [0, 0, 6, 0], "texture": "#missing", "tintindex": 0},
				"east": {"uv": [7.52381, 0, 0, 16], "rotation": 270, "texture": "#0", "tintindex": 0},
				"south": {"uv": [0, 0, 6, 0], "rotation": 270, "texture": "#missing", "tintindex": 0},
				"west": {"uv": [7.61905, 16, 0, 0], "rotation": 270, "texture": "#0", "tintindex": 0},
				"up": {"uv": [0, 0, 5, 0], "rotation": 270, "texture": "#missing", "tintindex": 0},
				"down": {"uv": [0, 0, 5, 0], "rotation": 270, "texture": "#missing", "tintindex": 0}
			}
		}
	]
}