{
"providers":[
{
"type":"bitmap",
"file":"minecraft:dark.png",
"ascent":512,
"height":1024,
"chars":["\uE000"]
},
{
    "type":"bitmap",
    "file":"minecraft:ink.png",
    "ascent":68,
    "height":142,
    "chars":["\uE001"]
},
{
    "type":"bitmap",
    "file":"minecraft:keys.png",
    "ascent":40,
    "height":80,
    "chars":["\uE002"]
},
{
    "type":"bitmap",
    "file":"minecraft:1.png",
    "ascent":50,
    "height":50,
    "chars":["\uaaa3"]
},
{
    "type":"bitmap",
    "file":"minecraft:2.png",
    "ascent":50,
    "height":50,
    "chars":["\uaaa4"]
},
{
    "type":"bitmap",
    "file":"minecraft:3.png",
    "ascent":50,
    "height":50,
    "chars":["\uaaa5"]
},
{
    "type":"bitmap",
    "file":"minecraft:4.png",
    "ascent":50,
    "height":50,
    "chars":["\uaaa6"]
},
{
    "type":"bitmap",
    "file":"minecraft:5.png",
    "ascent":50,
    "height":50,
    "chars":["\uaaa7"]
},
{
    "type":"bitmap",
    "file":"minecraft:6.png",
    "ascent":50,
    "height":50,
    "chars":["\uaaa8"]
},
{
    "type":"bitmap",
    "file":"minecraft:7.png",
    "ascent":50,
    "height":50,
    "chars":["\uaaa9"]
},
{
    "type":"bitmap",
    "file":"minecraft:8.png",
    "ascent":50,
    "height":50,
    "chars":["\uaab1"]
},
{
    "type":"bitmap",
    "file":"minecraft:9.png",
    "ascent":50,
    "height":50,
    "chars":["\uaab2"]
},
{
    "type":"bitmap",
    "file":"minecraft:10.png",
    "ascent":50,
    "height":50,
    "chars":["\uaab3"]
},
{
    "type":"bitmap",
    "file":"minecraft:11.png",
    "ascent":50,
    "height":50,
    "chars":["\uaab4"]
},
{
    "type":"bitmap",
    "file":"minecraft:12.png",
    "ascent":50,
    "height":50,
    "chars":["\uaab5"]
},
{
    "type":"bitmap",
    "file":"minecraft:leer.png",
    "ascent":90,
    "height":90,
    "chars":["\uaab6"]
},
{
    "type":"bitmap",
    "file":"minecraft:loading.png",
    "ascent":32,
    "height":64,
    "chars":["\uaab7"]
},
{
    "type":"bitmap",
    "file":"minecraft:menu.png",
    "ascent":128,
    "height":256,
    "chars":["\uaab9"]
},
{
    "type":"bitmap",
    "file":"minecraft:num0.png",
    "ascent":7,
    "height":16,
    "chars":["\uaac0"]
},
{
    "type":"bitmap",
    "file":"minecraft:num1.png",
    "ascent":7,
    "height":16,
    "chars":["\uaac1"]
},
{
    "type":"bitmap",
    "file":"minecraft:num2.png",
    "ascent":7,
    "height":16,
    "chars":["\uaac2"]
},
{
    "type":"bitmap",
    "file":"minecraft:num3.png",
    "ascent":7,
    "height":16,
    "chars":["\uaac3"]
},
{
    "type":"bitmap",
    "file":"minecraft:num4.png",
    "ascent":7,
    "height":16,
    "chars":["\uaac4"]
},
{
    "type":"bitmap",
    "file":"minecraft:num5.png",
    "ascent":7,
    "height":16,
    "chars":["\uaac5"]
},
{
    "type":"bitmap",
    "file":"minecraft:num6.png",
    "ascent":7,
    "height":16,
    "chars":["\uaac6"]
},
{
    "type":"bitmap",
    "file":"minecraft:num7.png",
    "ascent":7,
    "height":16,
    "chars":["\uaac7"]
},
{
    "type":"bitmap",
    "file":"minecraft:num8.png",
    "ascent":7,
    "height":16,
    "chars":["\uaac8"]
},
{
    "type":"bitmap",
    "file":"minecraft:num9.png",
    "ascent":7,
    "height":16,
    "chars":["\uaac9"]
},
{
    "type":"bitmap",
    "file":"minecraft:num01.png",
    "ascent":7,
    "height":16,
    "chars":["\uaad0"]
},
{
    "type":"bitmap",
    "file":"minecraft:num11.png",
    "ascent":7,
    "height":16,
    "chars":["\uaad1"]
},
{
    "type":"bitmap",
    "file":"minecraft:num21.png",
    "ascent":7,
    "height":16,
    "chars":["\uaad2"]
},
{
    "type":"bitmap",
    "file":"minecraft:num31.png",
    "ascent":7,
    "height":16,
    "chars":["\uaad3"]
},
{
    "type":"bitmap",
    "file":"minecraft:num41.png",
    "ascent":7,
    "height":16,
    "chars":["\uaad4"]
},
{
    "type":"bitmap",
    "file":"minecraft:num51.png",
    "ascent":7,
    "height":16,
    "chars":["\uaad5"]
},
{
    "type":"bitmap",
    "file":"minecraft:num61.png",
    "ascent":7,
    "height":16,
    "chars":["\uaad6"]
},
{
    "type":"bitmap",
    "file":"minecraft:num71.png",
    "ascent":7,
    "height":16,
    "chars":["\uaad7"]
},
{
    "type":"bitmap",
    "file":"minecraft:num81.png",
    "ascent":7,
    "height":16,
    "chars":["\uaad8"]
},
{
    "type":"bitmap",
    "file":"minecraft:num91.png",
    "ascent":7,
    "height":16,
    "chars":["\uaad9"]
},
{
    "type":"bitmap",
    "file":"minecraft:coin.png",
    "ascent":8,
    "height":10,
    "chars":["\uaae0"]
},
{
    "type":"bitmap",
    "file":"minecraft:kartfragment.png",
    "ascent":8,
    "height":10,
    "chars":["\uaae1"]
},
{
    "type":"bitmap",
    "file":"minecraft:coin.png",
    "ascent":7,
    "height":16,
    "chars":["\uaae2"]
},
{
    "type":"bitmap",
    "file":"minecraft:kartfragment.png",
    "ascent":7,
    "height":16,
    "chars":["\uaae3"]
},
{
    "type":"bitmap",
    "file":"minecraft:0prefix.png",
    "ascent":12,
    "height":16,
    "chars":["\uaba0"]
},
{
    "type":"bitmap",
    "file":"minecraft:1prefix.png",
    "ascent":12,
    "height":16,
    "chars":["\uaba1"]
},
{
    "type": "bitmap",
    "file": "minecraft:2prefix.png",
    "ascent": 12,
    "height": 16,
    "chars": ["\uaba2"]
},
{
    "type": "bitmap",
    "file": "minecraft:3prefix.png",
    "ascent": 12,
    "height": 16,
    "chars": ["\uaba3"]
},
{
    "type": "bitmap",
    "file": "minecraft:4prefix.png",
    "ascent": 12,
    "height": 16,
    "chars": ["\uaba4"]
},
{
    "type": "bitmap",
    "file": "minecraft:5prefix.png",
    "ascent": 12,
    "height": 16,
    "chars": ["\uaba5"]
},
{
    "type": "bitmap",
    "file": "minecraft:6prefix.png",
    "ascent": 12,
    "height": 16,
    "chars": ["\uaba6"]
},
{
    "type": "bitmap",
    "file": "minecraft:7prefix.png",
    "ascent": 12,
    "height": 16,
    "chars": ["\uaba7"]
},
{
    "type": "bitmap",
    "file": "minecraft:8prefix.png",
    "ascent": 12,
    "height": 16,
    "chars": ["\uaba8"]
},
{
    "type": "bitmap",
    "file": "minecraft:9prefix.png",
    "ascent": 12,
    "height": 16,
    "chars": ["\uaba9"]
},
{
    "type": "bitmap",
    "file": "minecraft:spectating.png",
    "ascent": 8,
    "height": 8,
    "chars": ["\uabaa"]
},
{
    "type":"bitmap",
    "file":"minecraft:_1.png",
    "ascent":12,
    "height":25,
    "chars":["\uabc1"]
},
{
    "type":"bitmap",
    "file":"minecraft:_2.png",
    "ascent":12,
    "height":25,
    "chars":["\uabc2"]
},
{
    "type":"bitmap",
    "file":"minecraft:_3.png",
    "ascent":12,
    "height":25,
    "chars":["\uabc3"]
},
{
    "type":"bitmap",
    "file":"minecraft:_4.png",
    "ascent":12,
    "height":25,
    "chars":["\uabc4"]
},
{
    "type":"bitmap",
    "file":"minecraft:_5.png",
    "ascent":12,
    "height":25,
    "chars":["\uabc5"]
},
{
    "type":"bitmap",
    "file":"minecraft:_6.png",
    "ascent":12,
    "height":25,
    "chars":["\uabc6"]
},
{
    "type":"bitmap",
    "file":"minecraft:_7.png",
    "ascent":12,
    "height":25,
    "chars":["\uabc7"]
},
{
    "type":"bitmap",
    "file":"minecraft:_8.png",
    "ascent":12,
    "height":25,
    "chars":["\uabc8"]
},
{
    "type":"bitmap",
    "file":"minecraft:_9.png",
    "ascent":12,
    "height":25,
    "chars":["\uabc9"]
},
{
    "type":"bitmap",
    "file":"minecraft:_10.png",
    "ascent":12,
    "height":25,
    "chars":["\uab10"]
},
{
    "type":"bitmap",
    "file":"minecraft:_11.png",
    "ascent":12,
    "height":25,
    "chars":["\uab11"]
},
{
    "type":"bitmap",
    "file":"minecraft:_12.png",
    "ascent":12,
    "height":25,
    "chars":["\uab12"]
},
{
    "type":"bitmap",
    "file":"minecraft:font/scare.png",
    "ascent":32,
    "height":64,
    "chars":["\uab13"]
},
{
    "type":"bitmap",
    "file":"minecraft:phone.png",
    "ascent":0,
    "height":48,
    "chars":["\uab14"]
},
{
    "type":"bitmap",
    "file":"minecraft:right_click.png",
    "ascent":9,
    "height":10,
    "chars":["\uab15"]
},
{
    "type":"bitmap",
    "file":"minecraft:blank.png",
    "ascent":9,
    "height":10,
    "chars":["\uab16"]
}
]
}