{
	"credit": "Made with Blockbench",
	"texture_size": [32, 32],
	"textures": {
		"0": "item/items/item03",
		"particle": "item/items/item03"
	},
	"elements": [
		{
			"from": [6.875, 2, 8.125],
			"to": [9.125, 6.5, 10.375],
			"rotation": {"angle": 22.5, "axis": "x", "origin": [8, 4.25, 9.25]},
			"faces": {
				"north": {"uv": [0, 2, 1, 4.5], "texture": "#0"},
				"east": {"uv": [1, 2, 2, 4.5], "texture": "#0"},
				"south": {"uv": [2, 2, 3, 4.5], "texture": "#0"},
				"west": {"uv": [3, 0, 4, 2.5], "texture": "#0"},
				"up": {"uv": [4, 7, 3, 6], "texture": "#0"},
				"down": {"uv": [5, 6, 4, 7], "texture": "#0"}
			}
		},
		{
			"from": [8.25, 4.25, 8],
			"to": [8.875, 5.75, 8.875],
			"rotation": {"angle": 22.5, "axis": "x", "origin": [8, 4.25, 9.25]},
			"faces": {
				"north": {"uv": [4.5, 8.5, 5, 9.5], "texture": "#0"},
				"east": {"uv": [9, 1, 9.5, 2], "texture": "#0"},
				"south": {"uv": [2, 9, 2.5, 10], "texture": "#0"},
				"west": {"uv": [9, 2, 9.5, 3], "texture": "#0"},
				"up": {"uv": [10, 6, 9.5, 5.5], "texture": "#0"},
				"down": {"uv": [6.5, 9.5, 6, 10], "texture": "#0"}
			}
		},
		{
			"from": [7.125, 4.25, 8],
			"to": [7.75, 5.75, 8.875],
			"rotation": {"angle": 22.5, "axis": "x", "origin": [8, 4.25, 9.25]},
			"faces": {
				"north": {"uv": [2.5, 9, 3, 10], "texture": "#0"},
				"east": {"uv": [3, 9, 3.5, 10], "texture": "#0"},
				"south": {"uv": [9, 3, 9.5, 4], "texture": "#0"},
				"west": {"uv": [3.5, 9, 4, 10], "texture": "#0"},
				"up": {"uv": [10, 6.5, 9.5, 6], "texture": "#0"},
				"down": {"uv": [7, 9.5, 6.5, 10], "texture": "#0"}
			}
		},
		{
			"from": [7, -1.0597, 6.66829],
			"to": [9, 2.4403, 7.91829],
			"rotation": {"angle": 45, "axis": "x", "origin": [8, 1.1903, 8.29329]},
			"faces": {
				"north": {"uv": [4, 2, 5, 4], "texture": "#0"},
				"east": {"uv": [0, 7.5, 0.5, 9.5], "texture": "#0"},
				"south": {"uv": [4, 4, 5, 6], "texture": "#0"},
				"west": {"uv": [0.5, 7.5, 1, 9.5], "texture": "#0"},
				"up": {"uv": [7, 9, 6, 8.5], "texture": "#0"},
				"down": {"uv": [8, 8.5, 7, 9], "texture": "#0"}
			}
		},
		{
			"from": [7.125, 0.66885, 4.48263],
			"to": [8.625, 1.66885, 6.48263],
			"rotation": {"angle": 22.5, "axis": "x", "origin": [7.875, 1.04385, 4.73263]},
			"faces": {
				"north": {"uv": [8, 8.5, 9, 9], "texture": "#0"},
				"east": {"uv": [9, 0, 10, 0.5], "texture": "#0"},
				"south": {"uv": [9, 0.5, 10, 1], "texture": "#0"},
				"west": {"uv": [1, 9, 2, 9.5], "texture": "#0"},
				"up": {"uv": [2, 8.5, 1, 7.5], "texture": "#0"},
				"down": {"uv": [3, 7.5, 2, 8.5], "texture": "#0"}
			}
		},
		{
			"from": [7.375, 1.04385, 3.85763],
			"to": [8.375, 2.41885, 4.60763],
			"rotation": {"angle": -22.5, "axis": "x", "origin": [7.875, 2.79385, 4.23263]},
			"faces": {
				"north": {"uv": [9.5, 1.5, 10, 2], "texture": "#0"},
				"east": {"uv": [9.5, 2, 10, 2.5], "texture": "#0"},
				"south": {"uv": [9.5, 2.5, 10, 3], "texture": "#0"},
				"west": {"uv": [9.5, 3, 10, 3.5], "texture": "#0"},
				"up": {"uv": [10, 4, 9.5, 3.5], "texture": "#0"},
				"down": {"uv": [4.5, 9.5, 4, 10], "texture": "#0"}
			}
		},
		{
			"from": [7.125, 5.54067, 9.42738],
			"to": [9, 8.54067, 11.42738],
			"rotation": {"angle": 45, "axis": "x", "origin": [8, 6.54067, 10.42738]},
			"faces": {
				"north": {"uv": [5, 5, 6, 6.5], "texture": "#0"},
				"east": {"uv": [0, 6, 1, 7.5], "texture": "#0"},
				"south": {"uv": [6, 0, 7, 1.5], "texture": "#0"},
				"west": {"uv": [1, 6, 2, 7.5], "texture": "#0"},
				"up": {"uv": [8, 2, 7, 1], "texture": "#0"},
				"down": {"uv": [8, 2, 7, 3], "texture": "#0"}
			}
		},
		{
			"from": [7.5, 8.16567, 9.55238],
			"to": [8.75, 9.41567, 10.80238],
			"rotation": {"angle": 45, "axis": "x", "origin": [8, 6.16567, 10.42738]},
			"faces": {
				"north": {"uv": [6, 9, 6.5, 9.5], "texture": "#0"},
				"east": {"uv": [9, 6, 9.5, 6.5], "texture": "#0"},
				"south": {"uv": [6.5, 9, 7, 9.5], "texture": "#0"},
				"west": {"uv": [9, 6.5, 9.5, 7], "texture": "#0"},
				"up": {"uv": [7.5, 9.5, 7, 9], "texture": "#0"},
				"down": {"uv": [9.5, 7, 9, 7.5], "texture": "#0"}
			}
		},
		{
			"from": [7.875, 8.5736, 12.48176],
			"to": [8.625, 9.3236, 13.35676],
			"rotation": {"angle": -22.5, "axis": "x", "origin": [8.125, 8.1986, 13.10676]},
			"faces": {
				"north": {"uv": [9.5, 4, 10, 4.5], "texture": "#0"},
				"east": {"uv": [4.5, 9.5, 5, 10], "texture": "#0"},
				"south": {"uv": [9.5, 4.5, 10, 5], "texture": "#0"},
				"west": {"uv": [5, 9.5, 5.5, 10], "texture": "#0"},
				"up": {"uv": [10, 5.5, 9.5, 5], "texture": "#0"},
				"down": {"uv": [6, 9.5, 5.5, 10], "texture": "#0"}
			}
		},
		{
			"from": [6, 0.5, 7.75],
			"to": [7.5, 4, 10.25],
			"rotation": {"angle": -22.5, "axis": "z", "origin": [7.5, 1.75, 9]},
			"faces": {
				"north": {"uv": [3, 2.5, 4, 4.5], "texture": "#0"},
				"east": {"uv": [0, 0, 1.5, 2], "texture": "#0"},
				"south": {"uv": [4, 0, 5, 2], "texture": "#0"},
				"west": {"uv": [1.5, 0, 3, 2], "texture": "#0"},
				"up": {"uv": [6, 1.5, 5, 0], "texture": "#0"},
				"down": {"uv": [6, 1.5, 5, 3], "texture": "#0"}
			}
		},
		{
			"from": [4.75, 0, 8],
			"to": [7.25, 1.25, 10],
			"rotation": {"angle": 22.5, "axis": "z", "origin": [5.5, -0.25, 9]},
			"faces": {
				"north": {"uv": [7.5, 3, 9, 3.5], "texture": "#0"},
				"east": {"uv": [3, 8, 4, 8.5], "texture": "#0"},
				"south": {"uv": [7.5, 3.5, 9, 4], "texture": "#0"},
				"west": {"uv": [4, 8, 5, 8.5], "texture": "#0"},
				"up": {"uv": [6.5, 4, 5, 3], "texture": "#0"},
				"down": {"uv": [6.5, 4, 5, 5], "texture": "#0"}
			}
		},
		{
			"from": [2.875, 0.375, 8.125],
			"to": [4.75, 1.625, 9.875],
			"rotation": {"angle": -22.5, "axis": "z", "origin": [3, 0.125, 9]},
			"faces": {
				"north": {"uv": [8, 5, 9, 5.5], "texture": "#0"},
				"east": {"uv": [8, 5.5, 9, 6], "texture": "#0"},
				"south": {"uv": [6, 8, 7, 8.5], "texture": "#0"},
				"west": {"uv": [8, 6, 9, 6.5], "texture": "#0"},
				"up": {"uv": [4, 8, 3, 7], "texture": "#0"},
				"down": {"uv": [5, 7, 4, 8], "texture": "#0"}
			}
		},
		{
			"from": [2.5, 0.375, 8.5],
			"to": [3.5, 1.625, 9.5],
			"rotation": {"angle": 22.5, "axis": "z", "origin": [2, 2.125, 9]},
			"faces": {
				"north": {"uv": [7.5, 9, 8, 9.5], "texture": "#0"},
				"east": {"uv": [9, 7.5, 9.5, 8], "texture": "#0"},
				"south": {"uv": [8, 9, 8.5, 9.5], "texture": "#0"},
				"west": {"uv": [9, 8, 9.5, 8.5], "texture": "#0"},
				"up": {"uv": [9, 9.5, 8.5, 9], "texture": "#0"},
				"down": {"uv": [9.5, 8.5, 9, 9], "texture": "#0"}
			}
		},
		{
			"from": [8.69, 0.46, 7.77],
			"to": [10.07, 3.68, 10.07],
			"rotation": {"angle": 22.5, "axis": "z", "origin": [8.69, 1.61, 8.92]},
			"faces": {
				"north": {"uv": [5, 7.5, 5.5, 9], "texture": "#0"},
				"east": {"uv": [6, 1.5, 7, 3], "texture": "#0"},
				"south": {"uv": [5.5, 7.5, 6, 9], "texture": "#0"},
				"west": {"uv": [2, 6, 3, 7.5], "texture": "#0"},
				"up": {"uv": [4.5, 9.5, 4, 8.5], "texture": "#0"},
				"down": {"uv": [9, 4, 8.5, 5], "texture": "#0"}
			}
		},
		{
			"from": [8.92, 0, 8],
			"to": [11.22, 1.15, 9.84],
			"rotation": {"angle": -22.5, "axis": "z", "origin": [10.53, -0.23, 8.92]},
			"faces": {
				"north": {"uv": [8, 8, 9, 8.5], "texture": "#0"},
				"east": {"uv": [1, 8.5, 2, 9], "texture": "#0"},
				"south": {"uv": [2, 8.5, 3, 9], "texture": "#0"},
				"west": {"uv": [3, 8.5, 4, 9], "texture": "#0"},
				"up": {"uv": [8, 7, 7, 6], "texture": "#0"},
				"down": {"uv": [8, 7, 7, 8], "texture": "#0"}
			}
		},
		{
			"from": [11.22, 0.345, 8.115],
			"to": [12.945, 1.495, 9.725],
			"rotation": {"angle": 22.5, "axis": "z", "origin": [12.83, 0.115, 8.92]},
			"faces": {
				"north": {"uv": [8, 6.5, 9, 7], "texture": "#0"},
				"east": {"uv": [6, 6, 7, 6.5], "texture": "#0"},
				"south": {"uv": [8, 7, 9, 7.5], "texture": "#0"},
				"west": {"uv": [8, 7.5, 9, 8], "texture": "#0"},
				"up": {"uv": [8, 6, 7, 5], "texture": "#0"},
				"down": {"uv": [7, 7, 6, 8], "texture": "#0"}
			}
		},
		{
			"from": [12.37, 0.345, 8.46],
			"to": [13.29, 1.495, 9.38],
			"rotation": {"angle": -22.5, "axis": "z", "origin": [13.75, 1.955, 8.92]},
			"faces": {
				"north": {"uv": [9, 9, 9.5, 9.5], "texture": "#0"},
				"east": {"uv": [0, 9.5, 0.5, 10], "texture": "#0"},
				"south": {"uv": [0.5, 9.5, 1, 10], "texture": "#0"},
				"west": {"uv": [1, 9.5, 1.5, 10], "texture": "#0"},
				"up": {"uv": [10, 1.5, 9.5, 1], "texture": "#0"},
				"down": {"uv": [2, 9.5, 1.5, 10], "texture": "#0"}
			}
		},
		{
			"from": [6.875, 0.5, 8.75],
			"to": [9.125, 3.5, 10.25],
			"rotation": {"angle": -22.5, "axis": "x", "origin": [8, 2.75, 8.75]},
			"faces": {
				"north": {"uv": [0, 4.5, 1, 6], "texture": "#0"},
				"east": {"uv": [1, 4.5, 2, 6], "texture": "#0"},
				"south": {"uv": [2, 4.5, 3, 6], "texture": "#0"},
				"west": {"uv": [3, 4.5, 4, 6], "texture": "#0"},
				"up": {"uv": [7, 6, 6, 5], "texture": "#0"},
				"down": {"uv": [7, 6, 6, 7], "texture": "#0"}
			}
		},
		{
			"from": [7, 0, 9.625],
			"to": [9, 1.125, 11.75],
			"rotation": {"angle": 22.5, "axis": "x", "origin": [8, 0.25, 11.25]},
			"faces": {
				"north": {"uv": [7.5, 4, 8.5, 4.5], "texture": "#0"},
				"east": {"uv": [7.5, 4.5, 8.5, 5], "texture": "#0"},
				"south": {"uv": [8, 0, 9, 0.5], "texture": "#0"},
				"west": {"uv": [8, 0.5, 9, 1], "texture": "#0"},
				"up": {"uv": [7.5, 4, 6.5, 3], "texture": "#0"},
				"down": {"uv": [7.5, 4, 6.5, 5], "texture": "#0"}
			}
		},
		{
			"from": [7.25, 0.52946, 11.23032],
			"to": [8.75, 1.65446, 12.85532],
			"rotation": {"angle": -22.5, "axis": "x", "origin": [8, 1.09196, 13.04282]},
			"faces": {
				"north": {"uv": [8, 1, 9, 1.5], "texture": "#0"},
				"east": {"uv": [8, 1.5, 9, 2], "texture": "#0"},
				"south": {"uv": [8, 2, 9, 2.5], "texture": "#0"},
				"west": {"uv": [8, 2.5, 9, 3], "texture": "#0"},
				"up": {"uv": [6, 7.5, 5, 6.5], "texture": "#0"},
				"down": {"uv": [8, 0, 7, 1], "texture": "#0"}
			}
		},
		{
			"from": [7.5, 1.52946, 12.23032],
			"to": [8.5, 2.65446, 13.35532],
			"rotation": {"angle": -22.5, "axis": "x", "origin": [8, 2.09196, 14.04282]},
			"faces": {
				"north": {"uv": [9, 4, 9.5, 4.5], "texture": "#0"},
				"east": {"uv": [9, 4.5, 9.5, 5], "texture": "#0"},
				"south": {"uv": [5, 9, 5.5, 9.5], "texture": "#0"},
				"west": {"uv": [9, 5, 9.5, 5.5], "texture": "#0"},
				"up": {"uv": [6, 9.5, 5.5, 9], "texture": "#0"},
				"down": {"uv": [9.5, 5.5, 9, 6], "texture": "#0"}
			}
		}
	],
	"display": {
		"thirdperson_righthand": {
			"rotation": [-8, 112, 0],
			"translation": [0, 4, -0.25],
			"scale": [0.6, 0.6, 0.6]
		},
		"thirdperson_lefthand": {
			"rotation": [-8, 112, 0],
			"translation": [0, 4, -0.25],
			"scale": [0.6, 0.6, 0.6]
		},
		"firstperson_righthand": {
			"rotation": [0, 152, 0],
			"translation": [-1.5, 6.75, 2.75],
			"scale": [0.65, 0.65, 0.65]
		},
		"firstperson_lefthand": {
			"rotation": [0, 152, 0],
			"translation": [-1.5, 6, 2.75],
			"scale": [0.29, 0.29, 0.29]
		},
		"ground": {
			"translation": [0, 8.25, -1],
			"scale": [1.64, 1.64, 1.64]
		},
		"gui": {
			"rotation": [7, 168, 0],
			"translation": [0, 3.75, 0],
			"scale": [1.38, 1.38, 1.38]
		},
		"fixed": {
			"rotation": [-20, 0, 0],
			"translation": [0, 3, -3]
		}
	}
}