{
	"credit": "Made with Blockbench",
	"texture_size": [64, 64],
	"textures": {
		"0": "item/items/item16",
		"particle": "item/items/item16"
	},
	"elements": [
		{
			"from": [4.75, 0, 4.75],
			"to": [11.25, 1, 11.25],
			"faces": {
				"north": {"uv": [10, 1.75, 11.75, 2], "texture": "#0"},
				"east": {"uv": [10.5, 7.25, 12.25, 7.5], "texture": "#0"},
				"south": {"uv": [4.75, 10.75, 6.5, 11], "texture": "#0"},
				"west": {"uv": [8.5, 10.75, 10.25, 11], "texture": "#0"},
				"up": {"uv": [7.75, 7.75, 6, 6], "texture": "#0"},
				"down": {"uv": [1.75, 7.5, 0, 9.25], "texture": "#0"}
			}
		},
		{
			"from": [9, 1.75, 3.5],
			"to": [10, 3.75, 3.75],
			"faces": {
				"north": {"uv": [2.5, 5, 2.75, 5.5], "texture": "#0"},
				"east": {"uv": [4, 7.75, 4.25, 8.25], "texture": "#0"},
				"south": {"uv": [5.75, 8.25, 6, 8.75], "texture": "#0"},
				"west": {"uv": [8.75, 2, 9, 2.5], "texture": "#0"},
				"up": {"uv": [2, 7.75, 1.75, 7.5], "texture": "#0"},
				"down": {"uv": [2.25, 7.5, 2, 7.75], "texture": "#0"}
			}
		},
		{
			"from": [5.75, 1.75, 3.5],
			"to": [6.75, 3.75, 3.75],
			"faces": {
				"north": {"uv": [9, 2, 9.25, 2.5], "texture": "#0"},
				"east": {"uv": [10.25, 10.75, 10.5, 11.25], "texture": "#0"},
				"south": {"uv": [1.5, 11, 1.75, 11.5], "texture": "#0"},
				"west": {"uv": [7.75, 11, 8, 11.5], "texture": "#0"},
				"up": {"uv": [2.5, 7.75, 2.25, 7.5], "texture": "#0"},
				"down": {"uv": [8, 7.5, 7.75, 7.75], "texture": "#0"}
			}
		},
		{
			"from": [3, 6.5, 3],
			"to": [13, 8.5, 13],
			"faces": {
				"north": {"uv": [9.25, 9, 11.75, 9.5], "texture": "#0"},
				"east": {"uv": [1.75, 9.5, 4.25, 10], "texture": "#0"},
				"south": {"uv": [4.25, 9.5, 6.75, 10], "texture": "#0"},
				"west": {"uv": [9.25, 9.5, 11.75, 10], "texture": "#0"},
				"up": {"uv": [2.5, 7.5, 0, 5], "texture": "#0"},
				"down": {"uv": [7.75, 0, 5.25, 2.5], "texture": "#0"}
			}
		},
		{
			"from": [4.5, 7.5, 4.5],
			"to": [11.5, 9.75, 11.5],
			"faces": {
				"north": {"uv": [4, 8.25, 5.75, 8.75], "texture": "#0"},
				"east": {"uv": [6.75, 9.75, 8.5, 10.25], "texture": "#0"},
				"south": {"uv": [10, 0, 11.75, 0.5], "texture": "#0"},
				"west": {"uv": [10, 0.5, 11.75, 1], "texture": "#0"},
				"up": {"uv": [9.25, 4.25, 7.5, 2.5], "texture": "#0"},
				"down": {"uv": [9.25, 4.25, 7.5, 6], "texture": "#0"}
			}
		},
		{
			"from": [7.625, 8, 4.375],
			"to": [11.625, 9.875, 7.375],
			"faces": {
				"north": {"uv": [4.25, 5.5, 5.25, 6], "texture": "#0"},
				"east": {"uv": [0, 11, 0.75, 11.5], "texture": "#0"},
				"south": {"uv": [7.75, 2, 8.75, 2.5], "texture": "#0"},
				"west": {"uv": [0.75, 11, 1.5, 11.5], "texture": "#0"},
				"up": {"uv": [11, 1.75, 10, 1], "texture": "#0"},
				"down": {"uv": [2.75, 10, 1.75, 10.75], "texture": "#0"}
			}
		},
		{
			"from": [4.375, 8, 9.125],
			"to": [7.125, 9.875, 11.625],
			"faces": {
				"north": {"uv": [5.5, 11, 6.25, 11.5], "texture": "#0"},
				"east": {"uv": [6.25, 11, 7, 11.5], "texture": "#0"},
				"south": {"uv": [7, 11, 7.75, 11.5], "texture": "#0"},
				"west": {"uv": [11, 7.5, 11.75, 8], "texture": "#0"},
				"up": {"uv": [1.75, 11, 1, 10.25], "texture": "#0"},
				"down": {"uv": [8.5, 10.25, 7.75, 11], "texture": "#0"}
			}
		},
		{
			"from": [2.875, 5.75, 2.375],
			"to": [6.875, 7.625, 5.375],
			"faces": {
				"north": {"uv": [10.5, 5.75, 11.5, 6.25], "texture": "#0"},
				"east": {"uv": [11, 1, 11.75, 1.5], "texture": "#0"},
				"south": {"uv": [10.5, 6.25, 11.5, 6.75], "texture": "#0"},
				"west": {"uv": [11, 2.75, 11.75, 3.25], "texture": "#0"},
				"up": {"uv": [3.75, 10.75, 2.75, 10], "texture": "#0"},
				"down": {"uv": [4.75, 10, 3.75, 10.75], "texture": "#0"}
			}
		},
		{
			"from": [9.625, 5.75, 3.125],
			"to": [13.625, 7.625, 6.125],
			"faces": {
				"north": {"uv": [10.5, 6.75, 11.5, 7.25], "texture": "#0"},
				"east": {"uv": [11, 3.25, 11.75, 3.75], "texture": "#0"},
				"south": {"uv": [10.5, 10, 11.5, 10.5], "texture": "#0"},
				"west": {"uv": [11, 3.75, 11.75, 4.25], "texture": "#0"},
				"up": {"uv": [5.75, 10.75, 4.75, 10], "texture": "#0"},
				"down": {"uv": [6.75, 10, 5.75, 10.75], "texture": "#0"}
			}
		},
		{
			"from": [8.5, 6.75, 10.125],
			"to": [12.5, 8.625, 13.125],
			"faces": {
				"north": {"uv": [10.5, 10.5, 11.5, 11], "texture": "#0"},
				"east": {"uv": [11, 4.25, 11.75, 4.75], "texture": "#0"},
				"south": {"uv": [1.75, 10.75, 2.75, 11.25], "texture": "#0"},
				"west": {"uv": [4.75, 11, 5.5, 11.5], "texture": "#0"},
				"up": {"uv": [9.5, 10.75, 8.5, 10], "texture": "#0"},
				"down": {"uv": [10.5, 10, 9.5, 10.75], "texture": "#0"}
			}
		},
		{
			"from": [2.375, 5.75, 10.125],
			"to": [6.375, 7.625, 13.125],
			"faces": {
				"north": {"uv": [2.75, 10.75, 3.75, 11.25], "texture": "#0"},
				"east": {"uv": [11, 4.75, 11.75, 5.25], "texture": "#0"},
				"south": {"uv": [3.75, 10.75, 4.75, 11.25], "texture": "#0"},
				"west": {"uv": [11, 5.25, 11.75, 5.75], "texture": "#0"},
				"up": {"uv": [1, 11, 0, 10.25], "texture": "#0"},
				"down": {"uv": [7.75, 10.25, 6.75, 11], "texture": "#0"}
			}
		},
		{
			"from": [2.5, 4.5, 3],
			"to": [13.5, 7.5, 13],
			"faces": {
				"north": {"uv": [7.75, 6, 10.5, 6.75], "texture": "#0"},
				"east": {"uv": [1.75, 8.75, 4.25, 9.5], "texture": "#0"},
				"south": {"uv": [7.75, 6.75, 10.5, 7.5], "texture": "#0"},
				"west": {"uv": [4.25, 8.75, 6.75, 9.5], "texture": "#0"},
				"up": {"uv": [2.75, 2.5, 0, 0], "texture": "#0"},
				"down": {"uv": [2.75, 2.5, 0, 5], "texture": "#0"}
			}
		},
		{
			"from": [3, 4.5, 2.5],
			"to": [13, 7.5, 13.5],
			"rotation": {"angle": 0, "axis": "y", "origin": [8, 5, 8]},
			"faces": {
				"north": {"uv": [6.75, 9, 9.25, 9.75], "texture": "#0"},
				"east": {"uv": [8.25, 7.5, 11, 8.25], "texture": "#0"},
				"south": {"uv": [9.25, 2, 11.75, 2.75], "texture": "#0"},
				"west": {"uv": [8.25, 8.25, 11, 9], "texture": "#0"},
				"up": {"uv": [5.25, 2.75, 2.75, 0], "texture": "#0"},
				"down": {"uv": [5.25, 2.75, 2.75, 5.5], "texture": "#0"}
			}
		},
		{
			"from": [3.75, 1, 4.75],
			"to": [12.25, 4.5, 11.25],
			"faces": {
				"north": {"uv": [7.75, 0, 10, 1], "texture": "#0"},
				"east": {"uv": [0, 9.25, 1.75, 10.25], "texture": "#0"},
				"south": {"uv": [7.75, 1, 10, 2], "texture": "#0"},
				"west": {"uv": [9.25, 2.75, 11, 3.75], "texture": "#0"},
				"up": {"uv": [7.5, 4.25, 5.25, 2.5], "texture": "#0"},
				"down": {"uv": [7.5, 4.25, 5.25, 6], "texture": "#0"}
			}
		},
		{
			"from": [4.75, 1, 3.75],
			"to": [11.25, 4.5, 12.25],
			"rotation": {"angle": 0, "axis": "y", "origin": [8, 1.5, 8]},
			"faces": {
				"north": {"uv": [9.25, 3.75, 11, 4.75], "texture": "#0"},
				"east": {"uv": [1.75, 7.75, 4, 8.75], "texture": "#0"},
				"south": {"uv": [9.25, 4.75, 11, 5.75], "texture": "#0"},
				"west": {"uv": [6, 7.75, 8.25, 8.75], "texture": "#0"},
				"up": {"uv": [4.25, 7.75, 2.5, 5.5], "texture": "#0"},
				"down": {"uv": [6, 6, 4.25, 8.25], "texture": "#0"}
			}
		}
	],
	"display": {
		"thirdperson_righthand": {
			"rotation": [0, 112, 0],
			"translation": [0, 3, 0],
			"scale": [0.6, 0.6, 0.6]
		},
		"thirdperson_lefthand": {
			"rotation": [0, 112, 0],
			"translation": [0, 3, 0],
			"scale": [0.6, 0.6, 0.6]
		},
		"firstperson_righthand": {
			"rotation": [0, 152, 0],
			"translation": [0, 5.25, 1],
			"scale": [0.46, 0.46, 0.46]
		},
		"firstperson_lefthand": {
			"rotation": [0, 152, 0],
			"translation": [0, 5, 1],
			"scale": [0.27, 0.27, 0.27]
		},
		"ground": {
			"translation": [0, 3.25, 0],
			"scale": [0.75, 0.75, 0.75]
		},
		"gui": {
			"rotation": [7, 168, 0],
			"translation": [0, 3.5, 0],
			"scale": [1.12, 1.12, 1.12]
		},
		"fixed": {
			"translation": [0, 2.75, 0]
		}
	}
}