{
	"credit": "Made with Blockbench",
	"texture_size": [32, 32],
	"textures": {
		"0": "item/items/item05",
		"particle": "item/items/item05"
	},
	"elements": [
		{
			"from": [7.2692, 0, 7.0676],
			"to": [8.7308, 12.0624, 8.9324],
			"rotation": {"angle": 0, "axis": "y", "origin": [-1.9456, 0, -1.9456]},
			"faces": {
				"north": {"uv": [1, 5, 1.5, 11], "texture": "#0"},
				"east": {"uv": [2.5, 0, 3.5, 6], "texture": "#0"},
				"south": {"uv": [1.5, 5, 2, 11], "texture": "#0"},
				"west": {"uv": [3.5, 0, 4.5, 6], "texture": "#0"},
				"up": {"uv": [2.5, 6, 2, 5], "texture": "#0"},
				"down": {"uv": [8.5, 3, 8, 4], "texture": "#0"}
			}
		},
		{
			"from": [7.0676, 0, 7.2692],
			"to": [8.9324, 11.2224, 8.7308],
			"rotation": {"angle": 0, "axis": "y", "origin": [8, 5.2836, 8]},
			"faces": {
				"north": {"uv": [4.5, 0, 5.5, 5.5], "texture": "#0"},
				"east": {"uv": [2, 7.5, 2.5, 13], "texture": "#0"},
				"south": {"uv": [0, 5, 1, 10.5], "texture": "#0"},
				"west": {"uv": [2.5, 7.5, 3, 13], "texture": "#0"},
				"up": {"uv": [6, 15.5, 5, 15], "texture": "#0"},
				"down": {"uv": [16, 5.5, 15, 6], "texture": "#0"}
			}
		},
		{
			"from": [6.803, 7.77, 6.803],
			"to": [9.197, 10.1724, 8.357],
			"rotation": {"angle": 0, "axis": "y", "origin": [8, 3.6036, 8]},
			"faces": {
				"north": {"uv": [8, 6.5, 9, 7.5], "texture": "#0"},
				"east": {"uv": [4, 12, 5, 13], "texture": "#0"},
				"south": {"uv": [12, 4.5, 13, 5.5], "texture": "#0"},
				"west": {"uv": [12, 5.5, 13, 6.5], "texture": "#0"},
				"up": {"uv": [13, 7.5, 12, 6.5], "texture": "#0"},
				"down": {"uv": [13, 7.5, 12, 8.5], "texture": "#0"}
			}
		},
		{
			"from": [5.333, 7.35, 6.383],
			"to": [10.667, 12.0624, 7.727],
			"rotation": {"angle": 0, "axis": "y", "origin": [8, 3.6036, 8]},
			"faces": {
				"north": {"uv": [0, 0, 2.5, 2.5], "texture": "#0"},
				"east": {"uv": [3, 12, 3.5, 14.5], "texture": "#0"},
				"south": {"uv": [0, 2.5, 2.5, 5], "texture": "#0"},
				"west": {"uv": [3.5, 12, 4, 14.5], "texture": "#0"},
				"up": {"uv": [14.5, 3.5, 12, 3], "texture": "#0"},
				"down": {"uv": [14.5, 4, 12, 4.5], "texture": "#0"}
			}
		},
		{
			"from": [6.383, 8.61, 5.963],
			"to": [9.617, 11.0124, 7.517],
			"rotation": {"angle": 0, "axis": "y", "origin": [8, 3.6036, 8]},
			"faces": {
				"north": {"uv": [5, 11.5, 6.5, 12.5], "texture": "#0"},
				"east": {"uv": [12, 8.5, 13, 9.5], "texture": "#0"},
				"south": {"uv": [6.5, 11.5, 8, 12.5], "texture": "#0"},
				"west": {"uv": [12, 9.5, 13, 10.5], "texture": "#0"},
				"up": {"uv": [9.5, 12.5, 8, 11.5], "texture": "#0"},
				"down": {"uv": [11, 11.5, 9.5, 12.5], "texture": "#0"}
			}
		},
		{
			"from": [6.633, 8.985, 5.838],
			"to": [7.367, 10.6374, 7.392],
			"rotation": {"angle": 0, "axis": "y", "origin": [8, 3.6036, 8]},
			"faces": {
				"north": {"uv": [9, 15, 9.5, 16], "texture": "#0"},
				"east": {"uv": [12, 10.5, 13, 11.5], "texture": "#0"},
				"south": {"uv": [15, 9.5, 15.5, 10.5], "texture": "#0"},
				"west": {"uv": [12.5, 0, 13.5, 1], "texture": "#0"},
				"up": {"uv": [12.5, 16, 12, 15], "texture": "#0"},
				"down": {"uv": [15.5, 12, 15, 13], "texture": "#0"}
			}
		},
		{
			"from": [8.633, 8.985, 5.838],
			"to": [9.367, 10.6374, 7.392],
			"rotation": {"angle": 0, "axis": "y", "origin": [8, 3.6036, 8]},
			"faces": {
				"north": {"uv": [12.5, 15, 13, 16], "texture": "#0"},
				"east": {"uv": [5, 12.5, 6, 13.5], "texture": "#0"},
				"south": {"uv": [13, 15, 13.5, 16], "texture": "#0"},
				"west": {"uv": [6, 12.5, 7, 13.5], "texture": "#0"},
				"up": {"uv": [14, 16, 13.5, 15], "texture": "#0"},
				"down": {"uv": [14.5, 15, 14, 16], "texture": "#0"}
			}
		},
		{
			"from": [5.543, 7.77, 6.173],
			"to": [10.457, 11.8524, 7.307],
			"rotation": {"angle": 0, "axis": "y", "origin": [8, 3.6036, 8]},
			"faces": {
				"north": {"uv": [5.5, 0, 8, 2], "texture": "#0"},
				"east": {"uv": [11, 12, 11.5, 14], "texture": "#0"},
				"south": {"uv": [5.5, 2, 8, 4], "texture": "#0"},
				"west": {"uv": [11.5, 12, 12, 14], "texture": "#0"},
				"up": {"uv": [4.5, 6.5, 2, 6], "texture": "#0"},
				"down": {"uv": [14.5, 2.5, 12, 3], "texture": "#0"}
			}
		},
		{
			"from": [10.373, 7.77, 5.963],
			"to": [11.297, 11.8524, 7.517],
			"rotation": {"angle": 0, "axis": "y", "origin": [8, 3.6036, 8]},
			"faces": {
				"north": {"uv": [12, 12, 12.5, 14], "texture": "#0"},
				"east": {"uv": [9.5, 0, 10.5, 2], "texture": "#0"},
				"south": {"uv": [0, 12.5, 0.5, 14.5], "texture": "#0"},
				"west": {"uv": [10, 2, 11, 4], "texture": "#0"},
				"up": {"uv": [7, 16, 6.5, 15], "texture": "#0"},
				"down": {"uv": [8.5, 15, 8, 16], "texture": "#0"}
			}
		},
		{
			"from": [4.703, 7.77, 5.963],
			"to": [5.627, 11.8524, 7.517],
			"rotation": {"angle": 0, "axis": "y", "origin": [8, 3.6036, 8]},
			"faces": {
				"north": {"uv": [0.5, 12.5, 1, 14.5], "texture": "#0"},
				"east": {"uv": [0, 10.5, 1, 12.5], "texture": "#0"},
				"south": {"uv": [1, 12.5, 1.5, 14.5], "texture": "#0"},
				"west": {"uv": [10.5, 0, 11.5, 2], "texture": "#0"},
				"up": {"uv": [15.5, 9, 15, 8], "texture": "#0"},
				"down": {"uv": [9, 15, 8.5, 16], "texture": "#0"}
			}
		},
		{
			"from": [5.123, 11.76, 5.963],
			"to": [10.877, 12.6924, 7.517],
			"rotation": {"angle": 0, "axis": "y", "origin": [8, 3.6036, 8]},
			"faces": {
				"north": {"uv": [11, 3.5, 14, 4], "texture": "#0"},
				"east": {"uv": [15, 6, 16, 6.5], "texture": "#0"},
				"south": {"uv": [11.5, 1.5, 14.5, 2], "texture": "#0"},
				"west": {"uv": [15, 6.5, 16, 7], "texture": "#0"},
				"up": {"uv": [8.5, 5, 5.5, 4], "texture": "#0"},
				"down": {"uv": [7.5, 5.5, 4.5, 6.5], "texture": "#0"}
			}
		},
		{
			"from": [5.123, 7.0476, 5.963],
			"to": [10.877, 7.98, 7.517],
			"rotation": {"angle": 0, "axis": "y", "origin": [8, 19.9164, 8]},
			"faces": {
				"north": {"uv": [11, 11.5, 14, 12], "texture": "#0"},
				"east": {"uv": [15, 7, 16, 7.5], "texture": "#0"},
				"south": {"uv": [12, 2, 15, 2.5], "texture": "#0"},
				"west": {"uv": [15, 7.5, 16, 8], "texture": "#0"},
				"up": {"uv": [5, 7.5, 2, 6.5], "texture": "#0"},
				"down": {"uv": [8, 6.5, 5, 7.5], "texture": "#0"}
			}
		},
		{
			"from": [6.26746, 2.20664, 7.46316],
			"to": [7.60957, 5.69612, 8.53684],
			"rotation": {"angle": 22.5, "axis": "z", "origin": [5.99904, 2.74348, 8]},
			"faces": {
				"north": {"uv": [1.5, 12.5, 2, 14], "texture": "#0"},
				"east": {"uv": [7, 12.5, 7.5, 14], "texture": "#0"},
				"south": {"uv": [7.5, 12.5, 8, 14], "texture": "#0"},
				"west": {"uv": [8, 12.5, 8.5, 14], "texture": "#0"},
				"up": {"uv": [7.5, 5.5, 7, 5], "texture": "#0"},
				"down": {"uv": [9, 4.5, 8.5, 5], "texture": "#0"}
			}
		},
		{
			"from": [2.28761, 3.61285, 7.28886],
			"to": [5.50867, 6.83391, 8.71114],
			"rotation": {"angle": -45, "axis": "z", "origin": [4.97183, 5.22338, 8]},
			"faces": {
				"north": {"uv": [3, 7.5, 4.5, 9], "texture": "#0"},
				"east": {"uv": [8.5, 12.5, 9, 14], "texture": "#0"},
				"south": {"uv": [4.5, 7.5, 6, 9], "texture": "#0"},
				"west": {"uv": [9, 12.5, 9.5, 14], "texture": "#0"},
				"up": {"uv": [7, 5.5, 5.5, 5], "texture": "#0"},
				"down": {"uv": [14, 1, 12.5, 1.5], "texture": "#0"}
			}
		},
		{
			"from": [1.03761, 5.22338, 7.19473],
			"to": [4.52709, 6.02864, 8.80527],
			"rotation": {"angle": -22.5, "axis": "z", "origin": [3.45341, 5.4918, 8]},
			"faces": {
				"north": {"uv": [13, 13, 14.5, 13.5], "texture": "#0"},
				"east": {"uv": [13, 14.5, 14, 15], "texture": "#0"},
				"south": {"uv": [13.5, 0, 15, 0.5], "texture": "#0"},
				"west": {"uv": [14.5, 13, 15.5, 13.5], "texture": "#0"},
				"up": {"uv": [12, 6, 10.5, 5], "texture": "#0"},
				"down": {"uv": [12, 6, 10.5, 7], "texture": "#0"}
			}
		},
		{
			"from": [4.1747, 6.41909, 7.19473],
			"to": [6.85892, 7.22436, 8.80527],
			"rotation": {"angle": -45, "axis": "z", "origin": [2.56417, 6.15067, 8]},
			"faces": {
				"north": {"uv": [13.5, 0.5, 15, 1], "texture": "#0"},
				"east": {"uv": [14, 14.5, 15, 15], "texture": "#0"},
				"south": {"uv": [5, 13.5, 6.5, 14], "texture": "#0"},
				"west": {"uv": [0, 15, 1, 15.5], "texture": "#0"},
				"up": {"uv": [8, 11.5, 6.5, 10.5], "texture": "#0"},
				"down": {"uv": [12, 7, 10.5, 8], "texture": "#0"}
			}
		},
		{
			"from": [1.75077, 4.41811, 7.46316],
			"to": [3.3613, 7.63918, 8.53684],
			"rotation": {"angle": -22.5, "axis": "z", "origin": [4.97183, 5.22338, 8]},
			"faces": {
				"north": {"uv": [3, 10.5, 4, 12], "texture": "#0"},
				"east": {"uv": [9.5, 12.5, 10, 14], "texture": "#0"},
				"south": {"uv": [4, 10.5, 5, 12], "texture": "#0"},
				"west": {"uv": [10, 12.5, 10.5, 14], "texture": "#0"},
				"up": {"uv": [15.5, 11.5, 14.5, 11], "texture": "#0"},
				"down": {"uv": [13, 14.5, 12, 15], "texture": "#0"}
			}
		},
		{
			"from": [0.21804, 4.82394, 7.46316],
			"to": [3.17068, 8.045, 8.53684],
			"rotation": {"angle": 22.5, "axis": "z", "origin": [1.56015, 7.50816, 8]},
			"faces": {
				"north": {"uv": [7.5, 5, 9, 6.5], "texture": "#0"},
				"east": {"uv": [10.5, 12.5, 11, 14], "texture": "#0"},
				"south": {"uv": [6, 7.5, 7.5, 9], "texture": "#0"},
				"west": {"uv": [12.5, 12, 13, 13.5], "texture": "#0"},
				"up": {"uv": [14.5, 5, 13, 4.5], "texture": "#0"},
				"down": {"uv": [14.5, 5, 13, 5.5], "texture": "#0"}
			}
		},
		{
			"from": [0.27877, 4.7797, 7.46316],
			"to": [3.49983, 6.12181, 8.53684],
			"rotation": {"angle": -22.5, "axis": "z", "origin": [3.49983, 7.1955, 8]},
			"faces": {
				"north": {"uv": [13, 5.5, 14.5, 6], "texture": "#0"},
				"east": {"uv": [10, 4, 10.5, 4.5], "texture": "#0"},
				"south": {"uv": [13, 6, 14.5, 6.5], "texture": "#0"},
				"west": {"uv": [10.5, 10, 11, 10.5], "texture": "#0"},
				"up": {"uv": [14.5, 7, 13, 6.5], "texture": "#0"},
				"down": {"uv": [14.5, 7, 13, 7.5], "texture": "#0"}
			}
		},
		{
			"from": [-0.26632, 5.52884, 7.46316],
			"to": [2.95474, 6.87095, 8.53684],
			"rotation": {"angle": 22.5, "axis": "z", "origin": [1.34421, 6.19989, 8]},
			"faces": {
				"north": {"uv": [13, 7.5, 14.5, 8], "texture": "#0"},
				"east": {"uv": [15, 10.5, 15.5, 11], "texture": "#0"},
				"south": {"uv": [13, 8, 14.5, 8.5], "texture": "#0"},
				"west": {"uv": [14.5, 15, 15, 15.5], "texture": "#0"},
				"up": {"uv": [14.5, 9, 13, 8.5], "texture": "#0"},
				"down": {"uv": [14.5, 9, 13, 9.5], "texture": "#0"}
			}
		},
		{
			"from": [0.5157, 4.55731, 7.46316],
			"to": [3.73677, 6.16785, 8.53684],
			"rotation": {"angle": 45, "axis": "z", "origin": [1.85781, 4.95995, 8]},
			"faces": {
				"north": {"uv": [10.5, 4, 12, 5], "texture": "#0"},
				"east": {"uv": [9.5, 2, 10, 3], "texture": "#0"},
				"south": {"uv": [5, 10.5, 6.5, 11.5], "texture": "#0"},
				"west": {"uv": [14.5, 12, 15, 13], "texture": "#0"},
				"up": {"uv": [14.5, 10, 13, 9.5], "texture": "#0"},
				"down": {"uv": [14.5, 10, 13, 10.5], "texture": "#0"}
			}
		},
		{
			"from": [1.76291, 3.5555, 7.63746],
			"to": [4.71555, 6.77656, 8.36254],
			"rotation": {"angle": -22.5, "axis": "z", "origin": [1.76291, 5.43445, 8]},
			"faces": {
				"north": {"uv": [7.5, 7.5, 9, 9], "texture": "#0"},
				"east": {"uv": [2, 13, 2.5, 14.5], "texture": "#0"},
				"south": {"uv": [8, 0, 9.5, 1.5], "texture": "#0"},
				"west": {"uv": [2.5, 13, 3, 14.5], "texture": "#0"},
				"up": {"uv": [14.5, 11, 13, 10.5], "texture": "#0"},
				"down": {"uv": [14.5, 11, 13, 11.5], "texture": "#0"}
			}
		},
		{
			"from": [3.58281, 2.44601, 7.46316],
			"to": [6.53545, 5.66707, 8.53684],
			"rotation": {"angle": 0, "axis": "z", "origin": [4.38808, 4.05654, 8]},
			"faces": {
				"north": {"uv": [8, 1.5, 9.5, 3], "texture": "#0"},
				"east": {"uv": [4, 13, 4.5, 14.5], "texture": "#0"},
				"south": {"uv": [8.5, 3, 10, 4.5], "texture": "#0"},
				"west": {"uv": [4.5, 13, 5, 14.5], "texture": "#0"},
				"up": {"uv": [14.5, 12.5, 13, 12], "texture": "#0"},
				"down": {"uv": [14.5, 12.5, 13, 13], "texture": "#0"}
			}
		},
		{
			"from": [10.97711, 2.06141, 7.19473],
			"to": [11.78238, 4.74563, 8.80527],
			"rotation": {"angle": -45, "axis": "z", "origin": [11.60262, 4.95128, 8]},
			"faces": {
				"north": {"uv": [11, 14.5, 11.5, 16], "texture": "#0"},
				"east": {"uv": [11, 10, 12, 11.5], "texture": "#0"},
				"south": {"uv": [11.5, 14.5, 12, 16], "texture": "#0"},
				"west": {"uv": [11.5, 0, 12.5, 1.5], "texture": "#0"},
				"up": {"uv": [5, 16, 4.5, 15], "texture": "#0"},
				"down": {"uv": [15.5, 4.5, 15, 5.5], "texture": "#0"}
			}
		},
		{
			"from": [9.07425, 1.07857, 7.46316],
			"to": [10.41636, 4.56806, 8.53684],
			"rotation": {"angle": -22.5, "axis": "z", "origin": [11.60262, 4.95128, 8]},
			"faces": {
				"north": {"uv": [9.5, 14.5, 10, 16], "texture": "#0"},
				"east": {"uv": [14.5, 9.5, 15, 11], "texture": "#0"},
				"south": {"uv": [10, 14.5, 10.5, 16], "texture": "#0"},
				"west": {"uv": [10.5, 14.5, 11, 16], "texture": "#0"},
				"up": {"uv": [16, 1.5, 15.5, 1], "texture": "#0"},
				"down": {"uv": [2, 15.5, 1.5, 16], "texture": "#0"}
			}
		},
		{
			"from": [9.39349, 3.46115, 7.28886],
			"to": [12.61455, 6.68222, 8.71114],
			"rotation": {"angle": -45, "axis": "z", "origin": [11.60262, 4.95128, 8]},
			"faces": {
				"north": {"uv": [9, 7.5, 10.5, 9], "texture": "#0"},
				"east": {"uv": [14.5, 6, 15, 7.5], "texture": "#0"},
				"south": {"uv": [9, 9, 10.5, 10.5], "texture": "#0"},
				"west": {"uv": [14.5, 7.5, 15, 9], "texture": "#0"},
				"up": {"uv": [9.5, 15, 8, 14.5], "texture": "#0"},
				"down": {"uv": [16, 9, 14.5, 9.5], "texture": "#0"}
			}
		},
		{
			"from": [12.10335, 4.33424, 7.46316],
			"to": [13.71389, 7.5553, 8.53684],
			"rotation": {"angle": 22.5, "axis": "z", "origin": [11.60262, 4.95128, 8]},
			"faces": {
				"north": {"uv": [1, 11, 2, 12.5], "texture": "#0"},
				"east": {"uv": [14.5, 4.5, 15, 6], "texture": "#0"},
				"south": {"uv": [11, 2, 12, 3.5], "texture": "#0"},
				"west": {"uv": [6, 14.5, 6.5, 16], "texture": "#0"},
				"up": {"uv": [16, 2.5, 15, 2], "texture": "#0"},
				"down": {"uv": [3.5, 15, 2.5, 15.5], "texture": "#0"}
			}
		},
		{
			"from": [11.35188, 5.03187, 7.46316],
			"to": [14.30453, 8.25293, 8.53684],
			"rotation": {"angle": -22.5, "axis": "z", "origin": [11.60262, 4.95128, 8]},
			"faces": {
				"north": {"uv": [9, 6, 10.5, 7.5], "texture": "#0"},
				"east": {"uv": [3.5, 14.5, 4, 16], "texture": "#0"},
				"south": {"uv": [7.5, 9, 9, 10.5], "texture": "#0"},
				"west": {"uv": [4, 14.5, 4.5, 16], "texture": "#0"},
				"up": {"uv": [16, 4.5, 14.5, 4], "texture": "#0"},
				"down": {"uv": [6, 14.5, 4.5, 15], "texture": "#0"}
			}
		},
		{
			"from": [12.60747, 3.9824, 7.46316],
			"to": [15.82853, 5.32451, 8.53684],
			"rotation": {"angle": 22.5, "axis": "z", "origin": [11.60262, 4.95128, 8]},
			"faces": {
				"north": {"uv": [14.5, 1.5, 16, 2], "texture": "#0"},
				"east": {"uv": [0, 15.5, 0.5, 16], "texture": "#0"},
				"south": {"uv": [2, 14.5, 3.5, 15], "texture": "#0"},
				"west": {"uv": [0.5, 15.5, 1, 16], "texture": "#0"},
				"up": {"uv": [16, 3, 14.5, 2.5], "texture": "#0"},
				"down": {"uv": [16, 3, 14.5, 3.5], "texture": "#0"}
			}
		},
		{
			"from": [12.05203, 5.91899, 7.46316],
			"to": [15.2731, 7.2611, 8.53684],
			"rotation": {"angle": -22.5, "axis": "z", "origin": [11.60262, 4.95128, 8]},
			"faces": {
				"north": {"uv": [12.5, 14, 14, 14.5], "texture": "#0"},
				"east": {"uv": [15, 14.5, 15.5, 15], "texture": "#0"},
				"south": {"uv": [14, 13.5, 15.5, 14], "texture": "#0"},
				"west": {"uv": [15, 15, 15.5, 15.5], "texture": "#0"},
				"up": {"uv": [15.5, 14.5, 14, 14], "texture": "#0"},
				"down": {"uv": [1.5, 14.5, 0, 15], "texture": "#0"}
			}
		},
		{
			"from": [11.51328, 5.61103, 7.46316],
			"to": [14.73435, 7.22156, 8.53684],
			"rotation": {"angle": -45, "axis": "z", "origin": [11.60262, 4.95128, 8]},
			"faces": {
				"north": {"uv": [10.5, 9, 12, 10], "texture": "#0"},
				"east": {"uv": [1, 15, 1.5, 16], "texture": "#0"},
				"south": {"uv": [9.5, 10.5, 11, 11.5], "texture": "#0"},
				"west": {"uv": [2, 15, 2.5, 16], "texture": "#0"},
				"up": {"uv": [12.5, 14.5, 11, 14], "texture": "#0"},
				"down": {"uv": [15.5, 11.5, 14, 12], "texture": "#0"}
			}
		},
		{
			"from": [10.58561, 2.22756, 7.63746],
			"to": [13.53825, 5.44862, 8.36254],
			"rotation": {"angle": 22.5, "axis": "z", "origin": [11.60262, 4.95128, 8]},
			"faces": {
				"north": {"uv": [9, 4.5, 10.5, 6], "texture": "#0"},
				"east": {"uv": [7, 14, 7.5, 15.5], "texture": "#0"},
				"south": {"uv": [6, 9, 7.5, 10.5], "texture": "#0"},
				"west": {"uv": [7.5, 14, 8, 15.5], "texture": "#0"},
				"up": {"uv": [9.5, 14.5, 8, 14], "texture": "#0"},
				"down": {"uv": [11, 14, 9.5, 14.5], "texture": "#0"}
			}
		},
		{
			"from": [8.94165, 1.92311, 7.46316],
			"to": [11.89429, 5.14417, 8.53684],
			"rotation": {"angle": 0, "axis": "z", "origin": [11.60262, 4.95128, 8]},
			"faces": {
				"north": {"uv": [3, 9, 4.5, 10.5], "texture": "#0"},
				"east": {"uv": [6.5, 13.5, 7, 15], "texture": "#0"},
				"south": {"uv": [4.5, 9, 6, 10.5], "texture": "#0"},
				"west": {"uv": [1.5, 14, 2, 15.5], "texture": "#0"},
				"up": {"uv": [15.5, 4, 14, 3.5], "texture": "#0"},
				"down": {"uv": [6.5, 14, 5, 14.5], "texture": "#0"}
			}
		},
		{
			"from": [10.92469, 4.538, 7.19473],
			"to": [14.41418, 5.34326, 8.80527],
			"rotation": {"angle": 22.5, "axis": "z", "origin": [11.60262, 4.95128, 8]},
			"faces": {
				"north": {"uv": [12.5, 13.5, 14, 14], "texture": "#0"},
				"east": {"uv": [15, 0, 16, 0.5], "texture": "#0"},
				"south": {"uv": [14, 1, 15.5, 1.5], "texture": "#0"},
				"west": {"uv": [15, 0.5, 16, 1], "texture": "#0"},
				"up": {"uv": [9.5, 11.5, 8, 10.5], "texture": "#0"},
				"down": {"uv": [12, 8, 10.5, 9], "texture": "#0"}
			}
		}
	],
	"display": {
		"thirdperson_righthand": {
			"rotation": [0, 112, 0],
			"translation": [0, 3, 0],
			"scale": [0.6, 0.6, 0.6]
		},
		"thirdperson_lefthand": {
			"rotation": [0, 112, 0],
			"translation": [0, 3, 0],
			"scale": [0.6, 0.6, 0.6]
		},
		"firstperson_righthand": {
			"rotation": [0, 152, 0],
			"translation": [-0.25, 5.25, 1],
			"scale": [0.58, 0.58, 0.58]
		},
		"firstperson_lefthand": {
			"rotation": [0, 152, 0],
			"translation": [-0.25, 4.5, 1],
			"scale": [0.24, 0.24, 0.24]
		},
		"ground": {
			"translation": [0, 3.5, 0]
		},
		"gui": {
			"rotation": [7, 168, 0],
			"translation": [0, 1.75, 0],
			"scale": [1.12, 1.12, 1.12]
		},
		"fixed": {
			"translation": [0, 2, 0]
		}
	}
}