{
	"credit": "Made with Blockbench",
	"texture_size": [64, 64],
	"textures": {
		"0": "item/items/item10",
		"particle": "item/items/item10"
	},
	"elements": [
		{
			"from": [4, 6, 7],
			"to": [12, 13.5, 9],
			"faces": {
				"north": {"uv": [0, 2.75, 2, 4.75], "texture": "#0"},
				"east": {"uv": [1.5, 4.75, 2, 6.75], "texture": "#0"},
				"south": {"uv": [2, 2.75, 4, 4.75], "texture": "#0"},
				"west": {"uv": [2, 4.75, 2.5, 6.75], "texture": "#0"},
				"up": {"uv": [4.5, 5.25, 2.5, 4.75], "texture": "#0"},
				"down": {"uv": [6.5, 4.75, 4.5, 5.25], "texture": "#0"}
			}
		},
		{
			"from": [5, 4.5, 6.75],
			"to": [11, 15, 9.25],
			"faces": {
				"north": {"uv": [0, 0, 1.5, 2.75], "texture": "#0"},
				"east": {"uv": [3, 0, 3.75, 2.75], "texture": "#0"},
				"south": {"uv": [1.5, 0, 3, 2.75], "texture": "#0"},
				"west": {"uv": [3.75, 0, 4.5, 2.75], "texture": "#0"},
				"up": {"uv": [6, 2.75, 4.5, 2], "texture": "#0"},
				"down": {"uv": [1.5, 4.75, 0, 5.5], "texture": "#0"}
			}
		},
		{
			"from": [5.375, 9.5, 6.625],
			"to": [10.625, 11.875, 9.125],
			"rotation": {"angle": 0, "axis": "y", "origin": [0, 1, -0.125]},
			"faces": {
				"north": {"uv": [5.75, 1, 7, 1.5], "texture": "#0"},
				"east": {"uv": [6, 5.25, 6.75, 5.75], "texture": "#0"},
				"south": {"uv": [5.75, 1.5, 7, 2], "texture": "#0"},
				"west": {"uv": [2.5, 6.25, 3.25, 6.75], "texture": "#0"},
				"up": {"uv": [4.75, 6, 3.5, 5.25], "texture": "#0"},
				"down": {"uv": [6.5, 3.75, 5.25, 4.5], "texture": "#0"}
			}
		},
		{
			"from": [8.75, 10, 6.5],
			"to": [10.25, 11.5, 9],
			"rotation": {"angle": 0, "axis": "y", "origin": [1.5, 1, -0.25]},
			"faces": {
				"north": {"uv": [6.75, 6.75, 7.25, 7.25], "texture": "#0"},
				"east": {"uv": [6.25, 2.5, 7, 3], "texture": "#0"},
				"south": {"uv": [0, 7, 0.5, 7.5], "texture": "#0"},
				"west": {"uv": [6.25, 3, 7, 3.5], "texture": "#0"},
				"up": {"uv": [6.75, 6.5, 6.25, 5.75], "texture": "#0"},
				"down": {"uv": [3.75, 6.5, 3.25, 7.25], "texture": "#0"}
			}
		},
		{
			"from": [5.75, 10, 6.5],
			"to": [7.25, 11.5, 9],
			"rotation": {"angle": 0, "axis": "y", "origin": [-1.5, 1, -0.25]},
			"faces": {
				"north": {"uv": [7, 0, 7.5, 0.5], "texture": "#0"},
				"east": {"uv": [6.5, 3.5, 7.25, 4], "texture": "#0"},
				"south": {"uv": [0.5, 7, 1, 7.5], "texture": "#0"},
				"west": {"uv": [3.75, 6.5, 4.5, 7], "texture": "#0"},
				"up": {"uv": [7, 4.75, 6.5, 4], "texture": "#0"},
				"down": {"uv": [6.75, 6.5, 6.25, 7.25], "texture": "#0"}
			}
		},
		{
			"from": [6.125, 10.375, 6.375],
			"to": [6.875, 11.125, 9.125],
			"rotation": {"angle": -45, "axis": "z", "origin": [6.5, 10.75, 7.75]},
			"faces": {
				"north": {"uv": [7.5, 5.25, 7.75, 5.5], "texture": "#0"},
				"east": {"uv": [5.25, 4.5, 6, 4.75], "texture": "#0"},
				"south": {"uv": [7.5, 5.5, 7.75, 5.75], "texture": "#0"},
				"west": {"uv": [7.25, 7.25, 8, 7.5], "texture": "#0"},
				"up": {"uv": [0.25, 8.25, 0, 7.5], "texture": "#0"},
				"down": {"uv": [7.75, 0, 7.5, 0.75], "texture": "#0"}
			}
		},
		{
			"from": [9.125, 10.375, 6.375],
			"to": [9.875, 11.125, 9.125],
			"rotation": {"angle": -45, "axis": "z", "origin": [9.5, 10.75, 7.75]},
			"faces": {
				"north": {"uv": [7.5, 5.75, 7.75, 6], "texture": "#0"},
				"east": {"uv": [0.25, 7.5, 1, 7.75], "texture": "#0"},
				"south": {"uv": [7.5, 6, 7.75, 6.25], "texture": "#0"},
				"west": {"uv": [7.5, 0.75, 8.25, 1], "texture": "#0"},
				"up": {"uv": [7.75, 1.75, 7.5, 1], "texture": "#0"},
				"down": {"uv": [7.75, 1.75, 7.5, 2.5], "texture": "#0"}
			}
		},
		{
			"from": [7.5, 1.125, 7.5],
			"to": [8.5, 4.5, 8.5],
			"rotation": {"angle": 0, "axis": "y", "origin": [0, -10.5, 0]},
			"faces": {
				"north": {"uv": [7, 0.5, 7.25, 1.25], "texture": "#0"},
				"east": {"uv": [1, 7, 1.25, 7.75], "texture": "#0"},
				"south": {"uv": [1.25, 7, 1.5, 7.75], "texture": "#0"},
				"west": {"uv": [7, 1.25, 7.25, 2], "texture": "#0"},
				"up": {"uv": [1.5, 5.75, 1.25, 5.5], "texture": "#0"},
				"down": {"uv": [1.5, 5.75, 1.25, 6], "texture": "#0"}
			}
		},
		{
			"from": [10.625, 3.25, 7.5],
			"to": [11.625, 6.625, 8.5],
			"rotation": {"angle": 22.5, "axis": "z", "origin": [11.375, 4.9375, 8]},
			"faces": {
				"north": {"uv": [7, 5.5, 7.25, 6.25], "texture": "#0"},
				"east": {"uv": [7.25, 0.5, 7.5, 1.25], "texture": "#0"},
				"south": {"uv": [7.25, 1.25, 7.5, 2], "texture": "#0"},
				"west": {"uv": [7.25, 2, 7.5, 2.75], "texture": "#0"},
				"up": {"uv": [7.75, 3.5, 7.5, 3.25], "texture": "#0"},
				"down": {"uv": [7.75, 3.5, 7.5, 3.75], "texture": "#0"}
			}
		},
		{
			"from": [4.375, 3.25, 7.5],
			"to": [5.375, 6.625, 8.5],
			"rotation": {"angle": -22.5, "axis": "z", "origin": [4.625, 4.9375, 8]},
			"faces": {
				"north": {"uv": [7.25, 2.75, 7.5, 3.5], "texture": "#0"},
				"east": {"uv": [3.25, 7.25, 3.5, 8], "texture": "#0"},
				"south": {"uv": [3.5, 7.25, 3.75, 8], "texture": "#0"},
				"west": {"uv": [7.25, 3.5, 7.5, 4.25], "texture": "#0"},
				"up": {"uv": [7.75, 4, 7.5, 3.75], "texture": "#0"},
				"down": {"uv": [7.75, 4, 7.5, 4.25], "texture": "#0"}
			}
		},
		{
			"from": [3.125, 5.125, 7.625],
			"to": [4.5, 7.875, 8.375],
			"rotation": {"angle": -45, "axis": "z", "origin": [3.625, 6.1875, 8]},
			"faces": {
				"north": {"uv": [7.25, 4.25, 7.5, 5], "texture": "#0"},
				"east": {"uv": [7.25, 5, 7.5, 5.75], "texture": "#0"},
				"south": {"uv": [7.25, 5.75, 7.5, 6.5], "texture": "#0"},
				"west": {"uv": [6.25, 7.25, 6.5, 8], "texture": "#0"},
				"up": {"uv": [7.75, 4.5, 7.5, 4.25], "texture": "#0"},
				"down": {"uv": [7.75, 4.5, 7.5, 4.75], "texture": "#0"}
			}
		},
		{
			"from": [11.5, 5.125, 7.625],
			"to": [12.875, 7.875, 8.375],
			"rotation": {"angle": 45, "axis": "z", "origin": [12.375, 6.1875, 8]},
			"faces": {
				"north": {"uv": [6.5, 7.25, 6.75, 8], "texture": "#0"},
				"east": {"uv": [7.25, 6.5, 7.5, 7.25], "texture": "#0"},
				"south": {"uv": [6.75, 7.25, 7, 8], "texture": "#0"},
				"west": {"uv": [7, 7.25, 7.25, 8], "texture": "#0"},
				"up": {"uv": [7.75, 5, 7.5, 4.75], "texture": "#0"},
				"down": {"uv": [7.75, 5, 7.5, 5.25], "texture": "#0"}
			}
		},
		{
			"from": [8.5, 1.5, 6.5],
			"to": [9.5, 5, 7.5],
			"rotation": {"angle": 0, "axis": "y", "origin": [1, -10, -1]},
			"faces": {
				"north": {"uv": [4.5, 6, 4.75, 7], "texture": "#0"},
				"east": {"uv": [1.5, 6.75, 1.75, 7.75], "texture": "#0"},
				"south": {"uv": [1.75, 6.75, 2, 7.75], "texture": "#0"},
				"west": {"uv": [2, 6.75, 2.25, 7.75], "texture": "#0"},
				"up": {"uv": [6.5, 4.75, 6.25, 4.5], "texture": "#0"},
				"down": {"uv": [6.75, 4.75, 6.5, 5], "texture": "#0"}
			}
		},
		{
			"from": [6.5, 2.5, 6.5],
			"to": [7.5, 6, 7.5],
			"rotation": {"angle": 0, "axis": "y", "origin": [-1, -10, -1]},
			"faces": {
				"north": {"uv": [2.25, 6.75, 2.5, 7.75], "texture": "#0"},
				"east": {"uv": [2.5, 6.75, 2.75, 7.75], "texture": "#0"},
				"south": {"uv": [2.75, 6.75, 3, 7.75], "texture": "#0"},
				"west": {"uv": [3, 6.75, 3.25, 7.75], "texture": "#0"},
				"up": {"uv": [6.75, 5.25, 6.5, 5], "texture": "#0"},
				"down": {"uv": [7.25, 6.25, 7, 6.5], "texture": "#0"}
			}
		},
		{
			"from": [6.5, 1.5, 8.5],
			"to": [7.5, 5, 9.5],
			"rotation": {"angle": 0, "axis": "y", "origin": [15, -10, 17]},
			"faces": {
				"north": {"uv": [5.5, 6.75, 5.75, 7.75], "texture": "#0"},
				"east": {"uv": [5.75, 6.75, 6, 7.75], "texture": "#0"},
				"south": {"uv": [6.75, 5.75, 7, 6.75], "texture": "#0"},
				"west": {"uv": [6, 6.75, 6.25, 7.75], "texture": "#0"},
				"up": {"uv": [7.75, 3, 7.5, 2.75], "texture": "#0"},
				"down": {"uv": [7.75, 3, 7.5, 3.25], "texture": "#0"}
			}
		},
		{
			"from": [8.5, 2.5, 8.5],
			"to": [9.5, 6, 9.5],
			"rotation": {"angle": 0, "axis": "y", "origin": [17, -10, 17]},
			"faces": {
				"north": {"uv": [4.75, 6.75, 5, 7.75], "texture": "#0"},
				"east": {"uv": [6.75, 4.75, 7, 5.75], "texture": "#0"},
				"south": {"uv": [5, 6.75, 5.25, 7.75], "texture": "#0"},
				"west": {"uv": [5.25, 6.75, 5.5, 7.75], "texture": "#0"},
				"up": {"uv": [7.25, 6.75, 7, 6.5], "texture": "#0"},
				"down": {"uv": [7.75, 2.5, 7.5, 2.75], "texture": "#0"}
			}
		},
		{
			"from": [9.5, 2, 7.5],
			"to": [10.5, 4.5, 8.5],
			"rotation": {"angle": 0, "axis": "y", "origin": [2, -10.5, 0]},
			"faces": {
				"north": {"uv": [7, 2, 7.25, 2.75], "texture": "#0"},
				"east": {"uv": [7, 2.75, 7.25, 3.5], "texture": "#0"},
				"south": {"uv": [3.75, 7, 4, 7.75], "texture": "#0"},
				"west": {"uv": [4, 7, 4.25, 7.75], "texture": "#0"},
				"up": {"uv": [6.25, 2.75, 6, 2.5], "texture": "#0"},
				"down": {"uv": [6.25, 4.5, 6, 4.75], "texture": "#0"}
			}
		},
		{
			"from": [5.5, 1.5, 7.5],
			"to": [6.5, 4.5, 8.5],
			"rotation": {"angle": 0, "axis": "y", "origin": [-2, -10.5, 0]},
			"faces": {
				"north": {"uv": [7, 4, 7.25, 4.75], "texture": "#0"},
				"east": {"uv": [4.25, 7, 4.5, 7.75], "texture": "#0"},
				"south": {"uv": [4.5, 7, 4.75, 7.75], "texture": "#0"},
				"west": {"uv": [7, 4.75, 7.25, 5.5], "texture": "#0"},
				"up": {"uv": [3.5, 6.5, 3.25, 6.25], "texture": "#0"},
				"down": {"uv": [6.5, 3.5, 6.25, 3.75], "texture": "#0"}
			}
		},
		{
			"from": [6, 12.875, 7],
			"to": [10, 17, 9],
			"rotation": {"angle": -45, "axis": "z", "origin": [9, 15.5, 8]},
			"faces": {
				"north": {"uv": [2.5, 5.25, 3.5, 6.25], "texture": "#0"},
				"east": {"uv": [0.5, 6, 1, 7], "texture": "#0"},
				"south": {"uv": [5.25, 2.75, 6.25, 3.75], "texture": "#0"},
				"west": {"uv": [1, 6, 1.5, 7], "texture": "#0"},
				"up": {"uv": [7, 2.5, 6, 2], "texture": "#0"},
				"down": {"uv": [4.5, 6, 3.5, 6.5], "texture": "#0"}
			}
		},
		{
			"from": [9.125, 10.375, 7.125],
			"to": [13.875, 14.375, 8.875],
			"rotation": {"angle": -45, "axis": "z", "origin": [11.875, 13.125, 8]},
			"faces": {
				"north": {"uv": [4, 2.75, 5.25, 3.75], "texture": "#0"},
				"east": {"uv": [4.75, 5.75, 5.25, 6.75], "texture": "#0"},
				"south": {"uv": [4, 3.75, 5.25, 4.75], "texture": "#0"},
				"west": {"uv": [5.25, 5.75, 5.75, 6.75], "texture": "#0"},
				"up": {"uv": [6, 5.75, 4.75, 5.25], "texture": "#0"},
				"down": {"uv": [1.25, 5.5, 0, 6], "texture": "#0"}
			}
		},
		{
			"from": [2.125, 10.375, 7.125],
			"to": [6.875, 14.375, 8.875],
			"rotation": {"angle": 45, "axis": "z", "origin": [4.125, 13.125, 8]},
			"faces": {
				"north": {"uv": [4.5, 0, 5.75, 1], "texture": "#0"},
				"east": {"uv": [5.75, 5.75, 6.25, 6.75], "texture": "#0"},
				"south": {"uv": [4.5, 1, 5.75, 2], "texture": "#0"},
				"west": {"uv": [0, 6, 0.5, 7], "texture": "#0"},
				"up": {"uv": [7, 0.5, 5.75, 0], "texture": "#0"},
				"down": {"uv": [7, 0.5, 5.75, 1], "texture": "#0"}
			}
		}
	],
	"display": {
		"thirdperson_righthand": {
			"rotation": [0, 112, 0],
			"translation": [0, 0.75, 0],
			"scale": [0.6, 0.6, 0.6]
		},
		"thirdperson_lefthand": {
			"rotation": [0, 112, 0],
			"translation": [0, 0.75, 0],
			"scale": [0.6, 0.6, 0.6]
		},
		"firstperson_righthand": {
			"rotation": [0, 152, 0],
			"translation": [-0.75, 3.5, 1.75],
			"scale": [0.6, 0.6, 0.6]
		},
		"firstperson_lefthand": {
			"rotation": [0, 152, 0],
			"translation": [-0.75, 3.5, 1.75],
			"scale": [0.25, 0.25, 0.25]
		},
		"ground": {
			"translation": [0, 1.5, 0],
			"scale": [0.85, 0.85, 0.85]
		},
		"gui": {
			"rotation": [7, 168, 0],
			"translation": [0, -1.75, 0],
			"scale": [1.12, 1.12, 1.12]
		},
		"fixed": {
			"translation": [0, -1.75, 0]
		}
	}
}