{
	"credit": "Made with Blockbench",
	"texture_size": [64, 64],
	"textures": {
		"0": "item/items/item07",
		"particle": "item/items/item07"
	},
	"elements": [
		{
			"from": [6.22, 0, 5.51],
			"to": [9.78, 3.115, 10.49],
			"rotation": {"angle": 0, "axis": "y", "origin": [0.88, 0, 0.88]},
			"faces": {
				"north": {"uv": [3, 6.75, 4, 7.5], "texture": "#0"},
				"east": {"uv": [5.25, 5.5, 6.5, 6.25], "texture": "#0"},
				"south": {"uv": [0, 7, 1, 7.75], "texture": "#0"},
				"west": {"uv": [6.25, 2.5, 7.5, 3.25], "texture": "#0"},
				"up": {"uv": [5.5, 5.5, 4.5, 4.25], "texture": "#0"},
				"down": {"uv": [3.5, 5.25, 2.5, 6.5], "texture": "#0"}
			}
		},
		{
			"from": [5.44125, 0.33375, 4.73125],
			"to": [10.55875, 2.4475, 11.26875],
			"rotation": {"angle": 0, "axis": "y", "origin": [0.88, 0, 0.88]},
			"faces": {
				"north": {"uv": [5.5, 8, 6.75, 8.5], "texture": "#0"},
				"east": {"uv": [7, 1.5, 8.75, 2], "texture": "#0"},
				"south": {"uv": [6.75, 8, 8, 8.5], "texture": "#0"},
				"west": {"uv": [7, 2, 8.75, 2.5], "texture": "#0"},
				"up": {"uv": [4.25, 4.25, 3, 2.5], "texture": "#0"},
				"down": {"uv": [5.5, 2.5, 4.25, 4.25], "texture": "#0"}
			}
		},
		{
			"from": [3.75, 1.75, 2.875],
			"to": [12.25, 3.375, 13.125],
			"faces": {
				"north": {"uv": [5.5, 0, 7.75, 0.5], "texture": "#0"},
				"east": {"uv": [4.5, 1.5, 7, 2], "texture": "#0"},
				"south": {"uv": [5.5, 0.5, 7.75, 1], "texture": "#0"},
				"west": {"uv": [4.5, 2, 7, 2.5], "texture": "#0"},
				"up": {"uv": [2.25, 2.5, 0, 0], "texture": "#0"},
				"down": {"uv": [4.5, 0, 2.25, 2.5], "texture": "#0"}
			}
		},
		{
			"from": [6.22, 0.11125, 4.175],
			"to": [9.78, 2.78125, 6.73375],
			"rotation": {"angle": 45, "axis": "x", "origin": [8, 1.5575, 5.955]},
			"faces": {
				"north": {"uv": [5, 7, 6, 7.75], "texture": "#0"},
				"east": {"uv": [1, 8, 1.75, 8.75], "texture": "#0"},
				"south": {"uv": [1, 7.25, 2, 8], "texture": "#0"},
				"west": {"uv": [8, 8, 8.75, 8.75], "texture": "#0"},
				"up": {"uv": [7, 8, 6, 7.25], "texture": "#0"},
				"down": {"uv": [8.25, 6, 7.25, 6.75], "texture": "#0"}
			}
		},
		{
			"from": [6.22, 0.11125, 9.26625],
			"to": [9.78, 2.78125, 11.825],
			"rotation": {"angle": -45, "axis": "x", "origin": [8, 1.5575, 10.045]},
			"faces": {
				"north": {"uv": [7.25, 6.75, 8.25, 7.5], "texture": "#0"},
				"east": {"uv": [3, 8.25, 3.75, 9], "texture": "#0"},
				"south": {"uv": [7.5, 2.5, 8.5, 3.25], "texture": "#0"},
				"west": {"uv": [3.75, 8.25, 4.5, 9], "texture": "#0"},
				"up": {"uv": [4, 8.25, 3, 7.5], "texture": "#0"},
				"down": {"uv": [8.5, 3.25, 7.5, 4], "texture": "#0"}
			}
		},
		{
			"from": [4.77375, 0.445, 5.51],
			"to": [7.3325, 3.115, 10.49],
			"rotation": {"angle": -45, "axis": "z", "origin": [6.22, 1.5575, 8]},
			"faces": {
				"north": {"uv": [4.5, 8.25, 5.25, 9], "texture": "#0"},
				"east": {"uv": [6.25, 3.25, 7.5, 4], "texture": "#0"},
				"south": {"uv": [8.25, 6, 9, 6.75], "texture": "#0"},
				"west": {"uv": [5.25, 6.25, 6.5, 7], "texture": "#0"},
				"up": {"uv": [2.25, 7.25, 1.5, 6], "texture": "#0"},
				"down": {"uv": [3, 6.5, 2.25, 7.75], "texture": "#0"}
			}
		},
		{
			"from": [8.6675, 0.445, 5.51],
			"to": [11.22625, 3.115, 10.49],
			"rotation": {"angle": 45, "axis": "z", "origin": [9.78, 1.5575, 8]},
			"faces": {
				"north": {"uv": [8.25, 6.75, 9, 7.5], "texture": "#0"},
				"east": {"uv": [6.5, 4.5, 7.75, 5.25], "texture": "#0"},
				"south": {"uv": [0, 8.5, 0.75, 9.25], "texture": "#0"},
				"west": {"uv": [6.5, 5.25, 7.75, 6], "texture": "#0"},
				"up": {"uv": [5, 7.75, 4.25, 6.5], "texture": "#0"},
				"down": {"uv": [7.25, 6, 6.5, 7.25], "texture": "#0"}
			}
		},
		{
			"from": [5.125, 2.25, 4.25],
			"to": [10.875, 4.625, 11.75],
			"rotation": {"angle": 0, "axis": "y", "origin": [0, 5, 0]},
			"faces": {
				"north": {"uv": [7.5, 1, 9, 1.5], "texture": "#0"},
				"east": {"uv": [5.5, 1, 7.5, 1.5], "texture": "#0"},
				"south": {"uv": [7.5, 4, 9, 4.5], "texture": "#0"},
				"west": {"uv": [5.5, 4, 7.5, 4.5], "texture": "#0"},
				"up": {"uv": [1.5, 4.5, 0, 2.5], "texture": "#0"},
				"down": {"uv": [3, 2.5, 1.5, 4.5], "texture": "#0"}
			}
		},
		{
			"from": [8.75, 3, 5.125],
			"to": [11.625, 4.5, 10.875],
			"rotation": {"angle": -45, "axis": "z", "origin": [10, 3.25, 8]},
			"faces": {
				"north": {"uv": [8.75, 1.5, 9.5, 2], "texture": "#0"},
				"east": {"uv": [7, 7.5, 8.5, 8], "texture": "#0"},
				"south": {"uv": [8.75, 2, 9.5, 2.5], "texture": "#0"},
				"west": {"uv": [7.75, 0, 9.25, 0.5], "texture": "#0"},
				"up": {"uv": [4.25, 6.75, 3.5, 5.25], "texture": "#0"},
				"down": {"uv": [0.75, 5.5, 0, 7], "texture": "#0"}
			}
		},
		{
			"from": [8.75, 3, 7.625],
			"to": [11.625, 4.625, 10.375],
			"rotation": {"angle": -45, "axis": "z", "origin": [10, 3.25, 8]},
			"faces": {
				"north": {"uv": [8.75, 4.5, 9.5, 5], "texture": "#0"},
				"east": {"uv": [8.75, 5, 9.5, 5.5], "texture": "#0"},
				"south": {"uv": [8.75, 5.5, 9.5, 6], "texture": "#0"},
				"west": {"uv": [8, 8.75, 8.75, 9.25], "texture": "#0"},
				"up": {"uv": [2.5, 9.25, 1.75, 8.5], "texture": "#0"},
				"down": {"uv": [9.25, 2.5, 8.5, 3.25], "texture": "#0"}
			}
		},
		{
			"from": [8.875, 3, 5.375],
			"to": [11, 4.625, 7.375],
			"rotation": {"angle": -45, "axis": "z", "origin": [10, 3.25, 8]},
			"faces": {
				"north": {"uv": [3, 9.5, 3.5, 10], "texture": "#0"},
				"east": {"uv": [3.5, 9.5, 4, 10], "texture": "#0"},
				"south": {"uv": [4, 9.5, 4.5, 10], "texture": "#0"},
				"west": {"uv": [4.5, 9.5, 5, 10], "texture": "#0"},
				"up": {"uv": [10, 5, 9.5, 4.5], "texture": "#0"},
				"down": {"uv": [10, 5, 9.5, 5.5], "texture": "#0"}
			}
		},
		{
			"from": [4.375, 3, 6.125],
			"to": [7.25, 4.625, 8.875],
			"rotation": {"angle": 45, "axis": "z", "origin": [6, 3.25, 8]},
			"faces": {
				"north": {"uv": [8.75, 8, 9.5, 8.5], "texture": "#0"},
				"east": {"uv": [8.75, 8.5, 9.5, 9], "texture": "#0"},
				"south": {"uv": [9, 1, 9.75, 1.5], "texture": "#0"},
				"west": {"uv": [2.5, 9, 3.25, 9.5], "texture": "#0"},
				"up": {"uv": [9.25, 4, 8.5, 3.25], "texture": "#0"},
				"down": {"uv": [6, 8.5, 5.25, 9.25], "texture": "#0"}
			}
		},
		{
			"from": [6.71783, 3.45267, 5.5],
			"to": [8.59283, 5.07767, 7.25],
			"rotation": {"angle": 0, "axis": "z", "origin": [10.53033, 3.51517, 6.5]},
			"faces": {
				"north": {"uv": [2.5, 4.5, 3, 5], "texture": "#0"},
				"east": {"uv": [2.5, 8.5, 3, 9], "texture": "#0"},
				"south": {"uv": [4.75, 9, 5.25, 9.5], "texture": "#0"},
				"west": {"uv": [6.75, 9, 7.25, 9.5], "texture": "#0"},
				"up": {"uv": [9.5, 7.5, 9, 7], "texture": "#0"},
				"down": {"uv": [7.75, 9, 7.25, 9.5], "texture": "#0"}
			}
		},
		{
			"from": [6.21783, 3.45267, 8.875],
			"to": [7.84283, 5.07767, 10.375],
			"rotation": {"angle": 0, "axis": "z", "origin": [10.53033, 3.51517, 6.5]},
			"faces": {
				"north": {"uv": [8.75, 9, 9.25, 9.5], "texture": "#0"},
				"east": {"uv": [0, 9.25, 0.5, 9.75], "texture": "#0"},
				"south": {"uv": [9.25, 0, 9.75, 0.5], "texture": "#0"},
				"west": {"uv": [0.5, 9.25, 1, 9.75], "texture": "#0"},
				"up": {"uv": [9.75, 1, 9.25, 0.5], "texture": "#0"},
				"down": {"uv": [1.5, 9.25, 1, 9.75], "texture": "#0"}
			}
		},
		{
			"from": [7.84283, 3.45267, 7.5],
			"to": [9.71783, 5.07767, 9.25],
			"rotation": {"angle": 0, "axis": "z", "origin": [10.53033, 3.51517, 6.5]},
			"faces": {
				"north": {"uv": [9.5, 5.5, 10, 6], "texture": "#0"},
				"east": {"uv": [5.75, 9.5, 6.25, 10], "texture": "#0"},
				"south": {"uv": [6.25, 9.5, 6.75, 10], "texture": "#0"},
				"west": {"uv": [6.75, 9.5, 7.25, 10], "texture": "#0"},
				"up": {"uv": [10, 7.5, 9.5, 7], "texture": "#0"},
				"down": {"uv": [7.75, 9.5, 7.25, 10], "texture": "#0"}
			}
		},
		{
			"from": [6, 3.375, 3.625],
			"to": [10, 4.875, 6.5],
			"rotation": {"angle": -45, "axis": "x", "origin": [8, 3.25, 5.625]},
			"faces": {
				"north": {"uv": [6, 8.5, 7, 9], "texture": "#0"},
				"east": {"uv": [3.25, 9, 4, 9.5], "texture": "#0"},
				"south": {"uv": [7, 8.5, 8, 9], "texture": "#0"},
				"west": {"uv": [4, 9, 4.75, 9.5], "texture": "#0"},
				"up": {"uv": [1, 8.5, 0, 7.75], "texture": "#0"},
				"down": {"uv": [3, 7.75, 2, 8.5], "texture": "#0"}
			}
		},
		{
			"from": [7.375, 3.375, 4.25],
			"to": [9.625, 5, 6.375],
			"rotation": {"angle": -45, "axis": "x", "origin": [8, 3.25, 5.625]},
			"faces": {
				"north": {"uv": [1.5, 9.25, 2, 9.75], "texture": "#0"},
				"east": {"uv": [2, 9.25, 2.5, 9.75], "texture": "#0"},
				"south": {"uv": [9.25, 2.5, 9.75, 3], "texture": "#0"},
				"west": {"uv": [9.25, 3, 9.75, 3.5], "texture": "#0"},
				"up": {"uv": [9.75, 4, 9.25, 3.5], "texture": "#0"},
				"down": {"uv": [5.75, 9.25, 5.25, 9.75], "texture": "#0"}
			}
		},
		{
			"from": [6.875, 3.375, 9.625],
			"to": [9.125, 5, 11.75],
			"rotation": {"angle": 45, "axis": "x", "origin": [8, 3.25, 10.375]},
			"faces": {
				"north": {"uv": [7.75, 9.25, 8.25, 9.75], "texture": "#0"},
				"east": {"uv": [8.25, 9.25, 8.75, 9.75], "texture": "#0"},
				"south": {"uv": [9.25, 9, 9.75, 9.5], "texture": "#0"},
				"west": {"uv": [9.5, 1.5, 10, 2], "texture": "#0"},
				"up": {"uv": [10, 2.5, 9.5, 2], "texture": "#0"},
				"down": {"uv": [3, 9.5, 2.5, 10], "texture": "#0"}
			}
		},
		{
			"from": [6, 1.5, 5.125],
			"to": [10, 5, 10.875],
			"rotation": {"angle": 0, "axis": "y", "origin": [0, 5, 0]},
			"faces": {
				"north": {"uv": [4.25, 5.5, 5.25, 6.5], "texture": "#0"},
				"east": {"uv": [3, 4.25, 4.5, 5.25], "texture": "#0"},
				"south": {"uv": [5.5, 4.5, 6.5, 5.5], "texture": "#0"},
				"west": {"uv": [0, 4.5, 1.5, 5.5], "texture": "#0"},
				"up": {"uv": [5.5, 1.5, 4.5, 0], "texture": "#0"},
				"down": {"uv": [2.5, 4.5, 1.5, 6], "texture": "#0"}
			}
		},
		{
			"from": [4.375, 3, 5.125],
			"to": [7.25, 4.5, 10.875],
			"rotation": {"angle": 45, "axis": "z", "origin": [6, 3.25, 8]},
			"faces": {
				"north": {"uv": [9, 4, 9.75, 4.5], "texture": "#0"},
				"east": {"uv": [7.75, 0.5, 9.25, 1], "texture": "#0"},
				"south": {"uv": [6, 9, 6.75, 9.5], "texture": "#0"},
				"west": {"uv": [4, 7.75, 5.5, 8.25], "texture": "#0"},
				"up": {"uv": [1.5, 7, 0.75, 5.5], "texture": "#0"},
				"down": {"uv": [6.25, 2.5, 5.5, 4], "texture": "#0"}
			}
		},
		{
			"from": [6, 3.375, 9.5],
			"to": [10, 4.875, 12.375],
			"rotation": {"angle": 45, "axis": "x", "origin": [8, 3.25, 10.375]},
			"faces": {
				"north": {"uv": [8.5, 7.5, 9.5, 8], "texture": "#0"},
				"east": {"uv": [9, 6, 9.75, 6.5], "texture": "#0"},
				"south": {"uv": [0.75, 8.75, 1.75, 9.25], "texture": "#0"},
				"west": {"uv": [9, 6.5, 9.75, 7], "texture": "#0"},
				"up": {"uv": [8.75, 5.25, 7.75, 4.5], "texture": "#0"},
				"down": {"uv": [8.75, 5.25, 7.75, 6], "texture": "#0"}
			}
		}
	],
	"display": {
		"thirdperson_righthand": {
			"rotation": [0, 112, 0],
			"translation": [0, 3, 0],
			"scale": [0.6, 0.6, 0.6]
		},
		"thirdperson_lefthand": {
			"rotation": [0, 112, 0],
			"translation": [0, 3, 0],
			"scale": [0.6, 0.6, 0.6]
		},
		"firstperson_righthand": {
			"rotation": [0, 152, 0],
			"translation": [0, 7.25, 1],
			"scale": [0.77, 0.77, 0.77]
		},
		"firstperson_lefthand": {
			"rotation": [0, 152, 0],
			"translation": [-0.25, 6, 1],
			"scale": [0.36, 0.36, 0.36]
		},
		"ground": {
			"translation": [0, 5.75, 0],
			"scale": [1.17, 1.17, 1.17]
		},
		"gui": {
			"rotation": [7, 168, 0],
			"translation": [0, 7.5, 0],
			"scale": [1.59, 1.59, 1.59]
		},
		"fixed": {
			"translation": [0, 2.75, 0]
		}
	}
}