{
	"credit": "Made with Blockbench",
	"texture_size": [64, 64],
	"textures": {
		"0": "item/items/item13",
		"particle": "item/items/item13"
	},
	"elements": [
		{
			"from": [4.5, 4.5, 6.5],
			"to": [11.5, 11.5, 9.5],
			"faces": {
				"north": {"uv": [0, 0, 1.75, 1.75], "texture": "#0"},
				"east": {"uv": [1.75, 0, 2.5, 1.75], "texture": "#0"},
				"south": {"uv": [0, 1.75, 1.75, 3.5], "texture": "#0"},
				"west": {"uv": [1.75, 1.75, 2.5, 3.5], "texture": "#0"},
				"up": {"uv": [4.25, 0.75, 2.5, 0], "texture": "#0"},
				"down": {"uv": [4.25, 0.75, 2.5, 1.5], "texture": "#0"}
			}
		},
		{
			"from": [9, 7, 6.25],
			"to": [10, 9.5, 6.5],
			"faces": {
				"north": {"uv": [4.5, 7.5, 5, 8.25], "texture": "#0"},
				"east": {"uv": [2, 5, 2.25, 5.75], "texture": "#0"},
				"south": {"uv": [5, 7.5, 5.5, 8.25], "texture": "#0"},
				"west": {"uv": [0.75, 5.25, 1, 6], "texture": "#0"},
				"up": {"uv": [4.5, 4, 4, 3.75], "texture": "#0"},
				"down": {"uv": [4.75, 1, 4.25, 1.25], "texture": "#0"}
			}
		},
		{
			"from": [6, 7, 6.25],
			"to": [7, 9.5, 6.5],
			"faces": {
				"north": {"uv": [7.5, 5, 8, 5.75], "texture": "#0"},
				"east": {"uv": [1.75, 6, 2, 6.75], "texture": "#0"},
				"south": {"uv": [6.25, 7.5, 6.75, 8.25], "texture": "#0"},
				"west": {"uv": [4, 6, 4.25, 6.75], "texture": "#0"},
				"up": {"uv": [4.75, 1.5, 4.25, 1.25], "texture": "#0"},
				"down": {"uv": [3.75, 4.75, 3.25, 5], "texture": "#0"}
			}
		},
		{
			"from": [6.75, 10.5, 7],
			"to": [9.25, 15.5, 9],
			"rotation": {"angle": 0, "axis": "y", "origin": [8, 8, 7]},
			"faces": {
				"north": {"uv": [0, 5.25, 0.75, 6.5], "texture": "#0"},
				"east": {"uv": [7.25, 2, 7.75, 3.25], "texture": "#0"},
				"south": {"uv": [5.75, 0, 6.5, 1.25], "texture": "#0"},
				"west": {"uv": [7.25, 3.25, 7.75, 4.5], "texture": "#0"},
				"up": {"uv": [8, 5, 7.25, 4.5], "texture": "#0"},
				"down": {"uv": [8, 5.75, 7.25, 6.25], "texture": "#0"}
			}
		},
		{
			"from": [0.5, 6.75, 7],
			"to": [6.5, 9.25, 9],
			"rotation": {"angle": -22.5, "axis": "z", "origin": [8, 8, 7]},
			"faces": {
				"north": {"uv": [2.5, 3.25, 4, 4], "texture": "#0"},
				"east": {"uv": [1, 4.25, 1.5, 5], "texture": "#0"},
				"south": {"uv": [0, 3.5, 1.5, 4.25], "texture": "#0"},
				"west": {"uv": [5.25, 0, 5.75, 0.75], "texture": "#0"},
				"up": {"uv": [7, 3.5, 5.5, 3], "texture": "#0"},
				"down": {"uv": [7.25, 3.5, 5.75, 4], "texture": "#0"}
			}
		},
		{
			"from": [6.75, 0.5, 7],
			"to": [9.25, 6.5, 9],
			"rotation": {"angle": -45, "axis": "z", "origin": [8, 8, 7]},
			"faces": {
				"north": {"uv": [1.5, 3.5, 2.25, 5], "texture": "#0"},
				"east": {"uv": [2, 5.75, 2.5, 7.25], "texture": "#0"},
				"south": {"uv": [4, 1.5, 4.75, 3], "texture": "#0"},
				"west": {"uv": [2.5, 5.75, 3, 7.25], "texture": "#0"},
				"up": {"uv": [8, 6.75, 7.25, 6.25], "texture": "#0"},
				"down": {"uv": [8, 6.75, 7.25, 7.25], "texture": "#0"}
			}
		},
		{
			"from": [6.75, 0.5, 7],
			"to": [9.25, 7, 9],
			"rotation": {"angle": 45, "axis": "z", "origin": [8, 8, 7]},
			"faces": {
				"north": {"uv": [2.5, 1.5, 3.25, 3.25], "texture": "#0"},
				"east": {"uv": [4.25, 5, 4.75, 6.75], "texture": "#0"},
				"south": {"uv": [3.25, 1.5, 4, 3.25], "texture": "#0"},
				"west": {"uv": [5.75, 1.25, 6.25, 3], "texture": "#0"},
				"up": {"uv": [8, 7.75, 7.25, 7.25], "texture": "#0"},
				"down": {"uv": [0.75, 7.5, 0, 8], "texture": "#0"}
			}
		},
		{
			"from": [6, 3, 6.75],
			"to": [10, 7, 9.25],
			"rotation": {"angle": 45, "axis": "z", "origin": [8, 8, 7]},
			"faces": {
				"north": {"uv": [3.75, 4, 4.75, 5], "texture": "#0"},
				"east": {"uv": [4.75, 5.75, 5.5, 6.75], "texture": "#0"},
				"south": {"uv": [0, 4.25, 1, 5.25], "texture": "#0"},
				"west": {"uv": [5.75, 5, 6.5, 6], "texture": "#0"},
				"up": {"uv": [1.75, 6.75, 0.75, 6], "texture": "#0"},
				"down": {"uv": [4, 6, 3, 6.75], "texture": "#0"}
			}
		},
		{
			"from": [6, 3, 6.75],
			"to": [10, 7, 9.25],
			"rotation": {"angle": -45, "axis": "z", "origin": [8, 8, 7]},
			"faces": {
				"north": {"uv": [4.25, 0, 5.25, 1], "texture": "#0"},
				"east": {"uv": [5.5, 6, 6.25, 7], "texture": "#0"},
				"south": {"uv": [4.75, 1, 5.75, 2], "texture": "#0"},
				"west": {"uv": [6.25, 1.25, 7, 2.25], "texture": "#0"},
				"up": {"uv": [7.25, 3, 6.25, 2.25], "texture": "#0"},
				"down": {"uv": [7.25, 6, 6.25, 6.75], "texture": "#0"}
			}
		},
		{
			"from": [6, 9, 6.75],
			"to": [10, 13, 9.25],
			"rotation": {"angle": 0, "axis": "z", "origin": [8, 8, 7]},
			"faces": {
				"north": {"uv": [4.75, 2, 5.75, 3], "texture": "#0"},
				"east": {"uv": [0, 6.5, 0.75, 7.5], "texture": "#0"},
				"south": {"uv": [2.25, 4.75, 3.25, 5.75], "texture": "#0"},
				"west": {"uv": [6.5, 0, 7.25, 1], "texture": "#0"},
				"up": {"uv": [7.5, 5.75, 6.5, 5], "texture": "#0"},
				"down": {"uv": [1.75, 6.75, 0.75, 7.5], "texture": "#0"}
			}
		},
		{
			"from": [9, 6, 6.75],
			"to": [13, 10, 9.25],
			"rotation": {"angle": 22.5, "axis": "z", "origin": [8, 8, 7]},
			"faces": {
				"north": {"uv": [1, 5, 2, 6], "texture": "#0"},
				"east": {"uv": [7, 1, 7.75, 2], "texture": "#0"},
				"south": {"uv": [3.25, 5, 4.25, 6], "texture": "#0"},
				"west": {"uv": [5.5, 7, 6.25, 8], "texture": "#0"},
				"up": {"uv": [8.25, 0.75, 7.25, 0], "texture": "#0"},
				"down": {"uv": [2.75, 7.25, 1.75, 8], "texture": "#0"}
			}
		},
		{
			"from": [3, 6, 6.75],
			"to": [7, 10, 9.25],
			"rotation": {"angle": -22.5, "axis": "z", "origin": [8, 8, 7]},
			"faces": {
				"north": {"uv": [4.75, 3.75, 5.75, 4.75], "texture": "#0"},
				"east": {"uv": [3, 6.75, 3.75, 7.75], "texture": "#0"},
				"south": {"uv": [4.75, 4.75, 5.75, 5.75], "texture": "#0"},
				"west": {"uv": [3.75, 6.75, 4.5, 7.75], "texture": "#0"},
				"up": {"uv": [5.5, 7.5, 4.5, 6.75], "texture": "#0"},
				"down": {"uv": [7.25, 6.75, 6.25, 7.5], "texture": "#0"}
			}
		},
		{
			"from": [9.5, 6.75, 7],
			"to": [15.5, 9.25, 9],
			"rotation": {"angle": 22.5, "axis": "z", "origin": [8, 8, 7]},
			"faces": {
				"north": {"uv": [2.25, 4, 3.75, 4.75], "texture": "#0"},
				"east": {"uv": [0.75, 7.5, 1.25, 8.25], "texture": "#0"},
				"south": {"uv": [4, 3, 5.5, 3.75], "texture": "#0"},
				"west": {"uv": [1.25, 7.5, 1.75, 8.25], "texture": "#0"},
				"up": {"uv": [7.25, 4.5, 5.75, 4], "texture": "#0"},
				"down": {"uv": [7.25, 4.5, 5.75, 5], "texture": "#0"}
			}
		}
	],
	"display": {
		"thirdperson_righthand": {
			"rotation": [0, 112, 0],
			"translation": [0, 1.25, 0],
			"scale": [0.6, 0.6, 0.6]
		},
		"thirdperson_lefthand": {
			"rotation": [0, 112, 0],
			"translation": [0, 1.25, 0],
			"scale": [0.6, 0.6, 0.6]
		},
		"firstperson_righthand": {
			"rotation": [0, 152, 0],
			"translation": [-2.25, 4.25, 3],
			"scale": [0.58, 0.58, 0.58]
		},
		"firstperson_lefthand": {
			"rotation": [0, 152, 0],
			"translation": [-2.25, 4.5, 3],
			"scale": [0.22, 0.22, 0.22]
		},
		"ground": {
			"translation": [0, 2.75, 0],
			"scale": [0.92, 0.92, 0.92]
		},
		"gui": {
			"rotation": [7, 168, 0],
			"translation": [0, -1, 0],
			"scale": [1.23, 1.23, 1.23]
		},
		"fixed": {
			"translation": [0, -0.25, 0]
		}
	}
}