{
	"credit": "Made with Blockbench",
	"texture_size": [128, 128],
	"textures": {
		"0": "item/items/coin",
		"particle": "item/items/coin"
	},
	"elements": [
		{
			"from": [2, 2, 6.5],
			"to": [14, 14, 9.5],
			"faces": {
				"north": {"uv": [0.375, 0.375, 1.875, 1.875], "texture": "#0"},
				"east": {"uv": [0, 0.375, 0.375, 1.875], "texture": "#0"},
				"south": {"uv": [2.25, 0.375, 3.75, 1.875], "texture": "#0"},
				"west": {"uv": [1.875, 0.375, 2.25, 1.875], "texture": "#0"},
				"up": {"uv": [1.875, 0.375, 0.375, 0], "texture": "#0"},
				"down": {"uv": [3.375, 0, 1.875, 0.375], "texture": "#0"}
			}
		},
		{
			"from": [2, 1.75, 7.5],
			"to": [14, 14.25, 8.5],
			"faces": {
				"north": {"uv": [12.875, 14.5, 14.375, 16], "texture": "#0"},
				"east": {"uv": [12.75, 14.5, 12.875, 16], "texture": "#0"},
				"south": {"uv": [14.5, 14.5, 16, 16], "texture": "#0"},
				"west": {"uv": [14.375, 14.5, 14.5, 16], "texture": "#0"},
				"up": {"uv": [14.375, 14.5, 12.875, 14.375], "texture": "#0"},
				"down": {"uv": [15.875, 14.375, 14.375, 14.5], "texture": "#0"}
			}
		},
		{
			"from": [5, 0.75, 7.5],
			"to": [11, 15.25, 8.5],
			"faces": {
				"north": {"uv": [14.375, 14.25, 15.125, 16], "texture": "#0"},
				"east": {"uv": [14.25, 14.25, 14.375, 16], "texture": "#0"},
				"south": {"uv": [15.25, 14.25, 16, 16], "texture": "#0"},
				"west": {"uv": [15.125, 14.25, 15.25, 16], "texture": "#0"},
				"up": {"uv": [15.125, 14.25, 14.375, 14.125], "texture": "#0"},
				"down": {"uv": [15.875, 14.125, 15.125, 14.25], "texture": "#0"}
			}
		},
		{
			"from": [7, 3.75, 6],
			"to": [9, 12.25, 10],
			"faces": {
				"north": {"uv": [15, 15, 15.25, 16], "texture": "#0"},
				"east": {"uv": [14.5, 15, 15, 16], "texture": "#0"},
				"south": {"uv": [15.75, 15, 16, 16], "texture": "#0"},
				"west": {"uv": [15.25, 15, 15.75, 16], "texture": "#0"},
				"up": {"uv": [15.25, 15, 15, 14.5], "texture": "#0"},
				"down": {"uv": [15.5, 14.5, 15.25, 15], "texture": "#0"}
			}
		},
		{
			"from": [0.75, 5, 7.5],
			"to": [15.25, 11, 8.5],
			"faces": {
				"north": {"uv": [12.375, 15.25, 14.125, 16], "texture": "#0"},
				"east": {"uv": [12.25, 15.25, 12.375, 16], "texture": "#0"},
				"south": {"uv": [14.25, 15.25, 16, 16], "texture": "#0"},
				"west": {"uv": [14.125, 15.25, 14.25, 16], "texture": "#0"},
				"up": {"uv": [14.125, 15.25, 12.375, 15.125], "texture": "#0"},
				"down": {"uv": [15.875, 15.125, 14.125, 15.25], "texture": "#0"}
			}
		},
		{
			"from": [1.75, 2, 7.5],
			"to": [14.25, 14, 8.5],
			"faces": {
				"north": {"uv": [12.875, 14.5, 14.375, 16], "texture": "#0"},
				"east": {"uv": [12.75, 14.5, 12.875, 16], "texture": "#0"},
				"south": {"uv": [14.5, 14.5, 16, 16], "texture": "#0"},
				"west": {"uv": [14.375, 14.5, 14.5, 16], "texture": "#0"},
				"up": {"uv": [14.375, 14.5, 12.875, 14.375], "texture": "#0"},
				"down": {"uv": [15.875, 14.375, 14.375, 14.5], "texture": "#0"}
			}
		},
		{
			"from": [4, 3, 6.5],
			"to": [12, 15, 9.5],
			"faces": {
				"north": {"uv": [0.375, 0.375, 1.375, 1.875], "texture": "#0"},
				"east": {"uv": [0, 0.375, 0.375, 1.875], "texture": "#0"},
				"south": {"uv": [1.75, 0.375, 2.75, 1.875], "texture": "#0"},
				"west": {"uv": [1.375, 0.375, 1.75, 1.875], "texture": "#0"},
				"up": {"uv": [1.375, 0.375, 0.375, 0], "texture": "#0"},
				"down": {"uv": [2.375, 0, 1.375, 0.375], "texture": "#0"}
			}
		},
		{
			"from": [4, 1, 6.5],
			"to": [12, 13, 9.5],
			"faces": {
				"north": {"uv": [0.375, 0.375, 1.375, 1.875], "texture": "#0"},
				"east": {"uv": [0, 0.375, 0.375, 1.875], "texture": "#0"},
				"south": {"uv": [1.75, 0.375, 2.75, 1.875], "texture": "#0"},
				"west": {"uv": [1.375, 0.375, 1.75, 1.875], "texture": "#0"},
				"up": {"uv": [1.375, 0.375, 0.375, 0], "texture": "#0"},
				"down": {"uv": [2.375, 0, 1.375, 0.375], "texture": "#0"}
			}
		},
		{
			"from": [7, 4, 6.5],
			"to": [15, 12, 9.5],
			"faces": {
				"north": {"uv": [0.375, 0.375, 1.375, 1.375], "texture": "#0"},
				"east": {"uv": [0, 0.375, 0.375, 1.375], "texture": "#0"},
				"south": {"uv": [1.75, 0.375, 2.75, 1.375], "texture": "#0"},
				"west": {"uv": [1.375, 0.375, 1.75, 1.375], "texture": "#0"},
				"up": {"uv": [1.375, 0.375, 0.375, 0], "texture": "#0"},
				"down": {"uv": [2.375, 0, 1.375, 0.375], "texture": "#0"}
			}
		},
		{
			"from": [1, 4, 6.5],
			"to": [9, 12, 9.5],
			"faces": {
				"north": {"uv": [0.375, 0.375, 1.375, 1.375], "texture": "#0"},
				"east": {"uv": [0, 0.375, 0.375, 1.375], "texture": "#0"},
				"south": {"uv": [1.75, 0.375, 2.75, 1.375], "texture": "#0"},
				"west": {"uv": [1.375, 0.375, 1.75, 1.375], "texture": "#0"},
				"up": {"uv": [1.375, 0.375, 0.375, 0], "texture": "#0"},
				"down": {"uv": [2.375, 0, 1.375, 0.375], "texture": "#0"}
			}
		}
	],
	"display": {
		"thirdperson_righthand": {
			"rotation": [0, 112, 0],
			"translation": [0, 1.25, 0],
			"scale": [0.42, 0.42, 0.42]
		},
		"thirdperson_lefthand": {
			"rotation": [0, 112, 0],
			"translation": [0, 1.25, 0],
			"scale": [0.42, 0.42, 0.42]
		},
		"firstperson_righthand": {
			"rotation": [0, 152, 0],
			"translation": [0, 2.75, 1],
			"scale": [0.46, 0.46, 0.46]
		},
		"firstperson_lefthand": {
			"rotation": [0, 152, 0],
			"translation": [0, 4, 1],
			"scale": [0.2, 0.2, 0.2]
		},
		"ground": {
			"translation": [0, 1.75, 0],
			"scale": [0.66, 0.66, 0.66]
		},
		"gui": {
			"rotation": [7, 168, 0],
			"scale": [0.99, 0.99, 0.99]
		},
		"fixed": {
			"translation": [0, 0.25, 0]
		}
	}
}