{
	"credit": "Made with Blockbench",
	"texture_size": [64, 64],
	"textures": {
		"0": "item/items/item15",
		"particle": "item/items/item15"
	},
	"elements": [
		{
			"from": [4.05, 0, 6.025],
			"to": [11.95, 6.32, 9.975],
			"rotation": {"angle": 0, "axis": "y", "origin": [1.68, 0, 1.68]},
			"faces": {
				"north": {"uv": [0, 3.5, 2, 5], "texture": "#0"},
				"east": {"uv": [3.5, 6, 4.5, 7.5], "texture": "#0"},
				"south": {"uv": [3.5, 0, 5.5, 1.5], "texture": "#0"},
				"west": {"uv": [4.5, 6, 5.5, 7.5], "texture": "#0"},
				"up": {"uv": [7.5, 1, 5.5, 0], "texture": "#0"},
				"down": {"uv": [7.5, 1, 5.5, 2], "texture": "#0"}
			}
		},
		{
			"from": [4.6425, 0, 4.6425],
			"to": [11.3575, 6.32, 11.3575],
			"rotation": {"angle": 0, "axis": "y", "origin": [1.68, 0, 1.68]},
			"faces": {
				"north": {"uv": [4, 3, 5.75, 4.5], "texture": "#0"},
				"east": {"uv": [4, 4.5, 5.75, 6], "texture": "#0"},
				"south": {"uv": [0, 5, 1.75, 6.5], "texture": "#0"},
				"west": {"uv": [1.75, 5, 3.5, 6.5], "texture": "#0"},
				"up": {"uv": [1.75, 1.75, 0, 0], "texture": "#0"},
				"down": {"uv": [1.75, 1.75, 0, 3.5], "texture": "#0"}
			}
		},
		{
			"from": [4.6425, 6.32, 4.6425],
			"to": [11.3575, 6.9125, 11.3575],
			"rotation": {"angle": 0, "axis": "y", "origin": [1.68, 0, 1.68]},
			"faces": {
				"north": {"uv": [6.5, 7, 8.25, 7.25], "texture": "#0"},
				"east": {"uv": [6.5, 7.25, 8.25, 7.5], "texture": "#0"},
				"south": {"uv": [7.5, 0, 9.25, 0.25], "texture": "#0"},
				"west": {"uv": [7.5, 0.25, 9.25, 0.5], "texture": "#0"},
				"up": {"uv": [3.5, 1.75, 1.75, 0], "texture": "#0"},
				"down": {"uv": [3.5, 1.75, 1.75, 3.5], "texture": "#0"}
			}
		},
		{
			"from": [6.025, 0, 4.05],
			"to": [9.975, 6.32, 11.95],
			"rotation": {"angle": 0, "axis": "y", "origin": [8, 0.79, 8]},
			"faces": {
				"north": {"uv": [5.5, 6, 6.5, 7.5], "texture": "#0"},
				"east": {"uv": [3.5, 1.5, 5.5, 3], "texture": "#0"},
				"south": {"uv": [0, 6.5, 1, 8], "texture": "#0"},
				"west": {"uv": [2, 3.5, 4, 5], "texture": "#0"},
				"up": {"uv": [6.75, 4, 5.75, 2], "texture": "#0"},
				"down": {"uv": [6.75, 4, 5.75, 6], "texture": "#0"}
			}
		},
		{
			"from": [4.2396, 6.2884, 10.1646],
			"to": [5.8354, 8.058, 11.7604],
			"rotation": {"angle": 0, "axis": "y", "origin": [0.9216, 0, 0.9216]},
			"faces": {
				"north": {"uv": [2.5, 7, 3, 7.5], "texture": "#0"},
				"east": {"uv": [7.5, 0.5, 8, 1], "texture": "#0"},
				"south": {"uv": [7.5, 1, 8, 1.5], "texture": "#0"},
				"west": {"uv": [7.5, 1.5, 8, 2], "texture": "#0"},
				"up": {"uv": [2.5, 8, 2, 7.5], "texture": "#0"},
				"down": {"uv": [3, 7.5, 2.5, 8], "texture": "#0"}
			}
		},
		{
			"from": [4.2396, 6.2884, 4.2396],
			"to": [5.8354, 8.058, 5.8354],
			"rotation": {"angle": 0, "axis": "y", "origin": [0.9216, 0, 15.0784]},
			"faces": {
				"north": {"uv": [6, 7.5, 6.5, 8], "texture": "#0"},
				"east": {"uv": [7.5, 6, 8, 6.5], "texture": "#0"},
				"south": {"uv": [6.5, 7.5, 7, 8], "texture": "#0"},
				"west": {"uv": [7.5, 6.5, 8, 7], "texture": "#0"},
				"up": {"uv": [7.5, 8, 7, 7.5], "texture": "#0"},
				"down": {"uv": [8, 7.5, 7.5, 8], "texture": "#0"}
			}
		},
		{
			"from": [10.1646, 6.2884, 4.2396],
			"to": [11.7604, 8.058, 5.8354],
			"rotation": {"angle": 0, "axis": "y", "origin": [15.0784, 0, 15.0784]},
			"faces": {
				"north": {"uv": [7.75, 5, 8.25, 5.5], "texture": "#0"},
				"east": {"uv": [7.75, 5.5, 8.25, 6], "texture": "#0"},
				"south": {"uv": [0, 8, 0.5, 8.5], "texture": "#0"},
				"west": {"uv": [0.5, 8, 1, 8.5], "texture": "#0"},
				"up": {"uv": [8.5, 1, 8, 0.5], "texture": "#0"},
				"down": {"uv": [1.5, 8, 1, 8.5], "texture": "#0"}
			}
		},
		{
			"from": [10.1646, 6.2884, 10.1646],
			"to": [11.7604, 8.058, 11.7604],
			"rotation": {"angle": 0, "axis": "y", "origin": [15.0784, 0, 0.9216]},
			"faces": {
				"north": {"uv": [7.75, 2, 8.25, 2.5], "texture": "#0"},
				"east": {"uv": [7.75, 2.5, 8.25, 3], "texture": "#0"},
				"south": {"uv": [7.75, 3, 8.25, 3.5], "texture": "#0"},
				"west": {"uv": [7.75, 3.5, 8.25, 4], "texture": "#0"},
				"up": {"uv": [8.25, 4.5, 7.75, 4], "texture": "#0"},
				"down": {"uv": [8.25, 4.5, 7.75, 5], "texture": "#0"}
			}
		},
		{
			"from": [5.788, 6.2884, 10.686],
			"to": [10.212, 8.058, 12.424],
			"rotation": {"angle": 0, "axis": "y", "origin": [8, 0.8848, 8]},
			"faces": {
				"north": {"uv": [1, 6.5, 2, 7], "texture": "#0"},
				"east": {"uv": [3.5, 3, 4, 3.5], "texture": "#0"},
				"south": {"uv": [2, 6.5, 3, 7], "texture": "#0"},
				"west": {"uv": [2, 7, 2.5, 7.5], "texture": "#0"},
				"up": {"uv": [7.5, 6.5, 6.5, 6], "texture": "#0"},
				"down": {"uv": [7.5, 6.5, 6.5, 7], "texture": "#0"}
			}
		},
		{
			"from": [10.686, 6.2884, 5.788],
			"to": [12.424, 8.058, 10.212],
			"rotation": {"angle": 0, "axis": "y", "origin": [8, 0.8848, 8]},
			"faces": {
				"north": {"uv": [5, 7.5, 5.5, 8], "texture": "#0"},
				"east": {"uv": [6.75, 5, 7.75, 5.5], "texture": "#0"},
				"south": {"uv": [5.5, 7.5, 6, 8], "texture": "#0"},
				"west": {"uv": [6.75, 5.5, 7.75, 6], "texture": "#0"},
				"up": {"uv": [1.5, 8, 1, 7], "texture": "#0"},
				"down": {"uv": [2, 7, 1.5, 8], "texture": "#0"}
			}
		},
		{
			"from": [5.788, 6.2884, 3.576],
			"to": [10.212, 8.058, 5.314],
			"rotation": {"angle": 0, "axis": "y", "origin": [8, 0.8848, 8]},
			"faces": {
				"north": {"uv": [6.75, 2, 7.75, 2.5], "texture": "#0"},
				"east": {"uv": [3, 7.5, 3.5, 8], "texture": "#0"},
				"south": {"uv": [6.75, 2.5, 7.75, 3], "texture": "#0"},
				"west": {"uv": [3.5, 7.5, 4, 8], "texture": "#0"},
				"up": {"uv": [7.75, 3.5, 6.75, 3], "texture": "#0"},
				"down": {"uv": [7.75, 3.5, 6.75, 4], "texture": "#0"}
			}
		},
		{
			"from": [3.576, 6.2884, 5.788],
			"to": [5.314, 8.058, 10.212],
			"rotation": {"angle": 0, "axis": "y", "origin": [8, 0.8848, 8]},
			"faces": {
				"north": {"uv": [4, 7.5, 4.5, 8], "texture": "#0"},
				"east": {"uv": [6.75, 4, 7.75, 4.5], "texture": "#0"},
				"south": {"uv": [4.5, 7.5, 5, 8], "texture": "#0"},
				"west": {"uv": [6.75, 4.5, 7.75, 5], "texture": "#0"},
				"up": {"uv": [4, 6, 3.5, 5], "texture": "#0"},
				"down": {"uv": [3.5, 6.5, 3, 7.5], "texture": "#0"}
			}
		}
	],
	"display": {
		"thirdperson_righthand": {
			"rotation": [0, 112, 0],
			"translation": [0, 3, 0],
			"scale": [0.6, 0.6, 0.6]
		},
		"thirdperson_lefthand": {
			"rotation": [0, 112, 0],
			"translation": [0, 3, 0],
			"scale": [0.6, 0.6, 0.6]
		},
		"firstperson_righthand": {
			"rotation": [0, 152, 0],
			"translation": [-0.25, 5.25, 1],
			"scale": [0.85, 0.85, 0.85]
		},
		"firstperson_lefthand": {
			"rotation": [0, 152, 0],
			"translation": [-0.25, 5.25, 1],
			"scale": [0.34, 0.34, 0.34]
		},
		"ground": {
			"translation": [0, 5, 0],
			"scale": [1.38, 1.38, 1.38]
		},
		"gui": {
			"rotation": [14, 146, 0],
			"translation": [0, 5.25, 0],
			"scale": [1.48, 1.48, 1.48]
		},
		"fixed": {
			"translation": [0, 5.25, 0],
			"scale": [1.38, 1.38, 1.38]
		}
	}
}