{
	"credit": "Made with Blockbench",
	"texture_size": [32, 32],
	"textures": {
		"0": "item/items/item14",
		"particle": "item/items/item14"
	},
	"elements": [
		{
			"from": [7.25, 0, 7.6175],
			"to": [8.75, 1.25, 8.3825],
			"rotation": {"angle": 0, "axis": "y", "origin": [0, 0, 3.92]},
			"faces": {
				"north": {"uv": [2, 7.5, 3, 8], "texture": "#0"},
				"east": {"uv": [7.5, 2.5, 8.5, 3], "texture": "#0"},
				"south": {"uv": [3, 7.5, 4, 8], "texture": "#0"},
				"west": {"uv": [7.5, 3, 8.5, 3.5], "texture": "#0"},
				"up": {"uv": [7.5, 3.5, 6.5, 2.5], "texture": "#0"},
				"down": {"uv": [5.5, 6.5, 4.5, 7.5], "texture": "#0"}
			}
		},
		{
			"from": [7.125, 1, 7.745],
			"to": [8.375, 2, 8.255],
			"rotation": {"angle": 0, "axis": "y", "origin": [0, 0, 3.92]},
			"faces": {
				"north": {"uv": [4, 7, 4.5, 7.5], "texture": "#0"},
				"east": {"uv": [3, 8, 3.5, 8.5], "texture": "#0"},
				"south": {"uv": [3.5, 8, 4, 8.5], "texture": "#0"},
				"west": {"uv": [4, 8, 4.5, 8.5], "texture": "#0"},
				"up": {"uv": [8.5, 4.5, 8, 4], "texture": "#0"},
				"down": {"uv": [5, 8, 4.5, 8.5], "texture": "#0"}
			}
		},
		{
			"from": [5.375, 2, 7.55375],
			"to": [10.125, 3.5, 8.44625],
			"rotation": {"angle": 0, "axis": "y", "origin": [0, 0, 3.92]},
			"faces": {
				"north": {"uv": [0, 5, 2.5, 6], "texture": "#0"},
				"east": {"uv": [5.5, 6.5, 6.5, 7.5], "texture": "#0"},
				"south": {"uv": [2.5, 5, 5, 6], "texture": "#0"},
				"west": {"uv": [6.5, 6.5, 7.5, 7.5], "texture": "#0"},
				"up": {"uv": [7.5, 6, 5, 5], "texture": "#0"},
				"down": {"uv": [2.5, 6, 0, 7], "texture": "#0"}
			}
		},
		{
			"from": [4.375, 3.5, 7.49],
			"to": [11.125, 5, 8.51],
			"rotation": {"angle": 0, "axis": "y", "origin": [0, 0, 3.92]},
			"faces": {
				"north": {"uv": [0, 0, 3.5, 1], "texture": "#0"},
				"east": {"uv": [0, 7, 1, 8], "texture": "#0"},
				"south": {"uv": [0, 1, 3.5, 2], "texture": "#0"},
				"west": {"uv": [7, 0, 8, 1], "texture": "#0"},
				"up": {"uv": [3.5, 3, 0, 2], "texture": "#0"},
				"down": {"uv": [3.5, 3, 0, 4], "texture": "#0"}
			}
		},
		{
			"from": [4.375, 5, 7.42625],
			"to": [11.125, 6, 8.57375],
			"rotation": {"angle": 0, "axis": "y", "origin": [0, 0, 3.92]},
			"faces": {
				"north": {"uv": [4.5, 6, 8, 6.5], "texture": "#0"},
				"east": {"uv": [4, 7.5, 5, 8], "texture": "#0"},
				"south": {"uv": [6.5, 2, 10, 2.5], "texture": "#0"},
				"west": {"uv": [5, 7.5, 6, 8], "texture": "#0"},
				"up": {"uv": [7, 1, 3.5, 0], "texture": "#0"},
				"down": {"uv": [7, 1, 3.5, 2], "texture": "#0"}
			}
		},
		{
			"from": [8.375, 4.5, 7.3625],
			"to": [9.125, 6.25, 7.745],
			"rotation": {"angle": 0, "axis": "y", "origin": [0, 0, 3.92]},
			"faces": {
				"north": {"uv": [0, 8, 0.5, 9], "texture": "#0"},
				"east": {"uv": [8, 0, 8.5, 1], "texture": "#0"},
				"south": {"uv": [0.5, 8, 1, 9], "texture": "#0"},
				"west": {"uv": [1, 8, 1.5, 9], "texture": "#0"},
				"up": {"uv": [6, 8.5, 5.5, 8], "texture": "#0"},
				"down": {"uv": [6.5, 8, 6, 8.5], "texture": "#0"}
			}
		},
		{
			"from": [6.375, 4.5, 7.3625],
			"to": [7.125, 6.25, 7.745],
			"rotation": {"angle": 0, "axis": "y", "origin": [0, 0, 3.92]},
			"faces": {
				"north": {"uv": [8, 1, 8.5, 2], "texture": "#0"},
				"east": {"uv": [1.5, 8, 2, 9], "texture": "#0"},
				"south": {"uv": [2, 8, 2.5, 9], "texture": "#0"},
				"west": {"uv": [2.5, 8, 3, 9], "texture": "#0"},
				"up": {"uv": [8.5, 6.5, 8, 6], "texture": "#0"},
				"down": {"uv": [7, 8, 6.5, 8.5], "texture": "#0"}
			}
		},
		{
			"from": [4.875, 5.75, 7.55375],
			"to": [10.625, 7.25, 8.44625],
			"rotation": {"angle": 0, "axis": "y", "origin": [0, 0, 3.92]},
			"faces": {
				"north": {"uv": [3.5, 2, 6.5, 3], "texture": "#0"},
				"east": {"uv": [1, 7, 2, 8], "texture": "#0"},
				"south": {"uv": [3.5, 3, 6.5, 4], "texture": "#0"},
				"west": {"uv": [7, 1, 8, 2], "texture": "#0"},
				"up": {"uv": [3, 5, 0, 4], "texture": "#0"},
				"down": {"uv": [6, 4, 3, 5], "texture": "#0"}
			}
		},
		{
			"from": [5.875, 7.25, 7.6175],
			"to": [8.625, 8.5, 8.3825],
			"rotation": {"angle": 0, "axis": "y", "origin": [0, 0, 3.92]},
			"faces": {
				"north": {"uv": [6.5, 3.5, 8.5, 4], "texture": "#0"},
				"east": {"uv": [7.5, 5, 8.5, 5.5], "texture": "#0"},
				"south": {"uv": [2, 7, 4, 7.5], "texture": "#0"},
				"west": {"uv": [7.5, 5.5, 8.5, 6], "texture": "#0"},
				"up": {"uv": [4.5, 7, 2.5, 6], "texture": "#0"},
				"down": {"uv": [8, 4, 6, 5], "texture": "#0"}
			}
		},
		{
			"from": [7.875, 8.5, 7.6175],
			"to": [9.125, 9.5, 8.3825],
			"rotation": {"angle": 0, "axis": "y", "origin": [0, 0, 3.92]},
			"faces": {
				"north": {"uv": [8, 4.5, 8.5, 5], "texture": "#0"},
				"east": {"uv": [6, 7.5, 7, 8], "texture": "#0"},
				"south": {"uv": [5, 8, 5.5, 8.5], "texture": "#0"},
				"west": {"uv": [7.5, 6.5, 8.5, 7], "texture": "#0"},
				"up": {"uv": [7.5, 8.5, 7, 7.5], "texture": "#0"},
				"down": {"uv": [8, 7, 7.5, 8], "texture": "#0"}
			}
		}
	],
	"display": {
		"thirdperson_righthand": {
			"rotation": [0, 112, 0],
			"translation": [0, 4.75, 0],
			"scale": [0.8, 0.8, 0.8]
		},
		"thirdperson_lefthand": {
			"rotation": [0, 112, 0],
			"translation": [0, 4.75, 0],
			"scale": [0.8, 0.8, 0.8]
		},
		"firstperson_righthand": {
			"rotation": [0, 152, 0],
			"translation": [-0.25, 6.25, 1.25],
			"scale": [0.85, 0.85, 0.85]
		},
		"firstperson_lefthand": {
			"rotation": [0, 152, 0],
			"translation": [-0.25, 5.25, 1.25],
			"scale": [0.37, 0.37, 0.37]
		},
		"ground": {
			"translation": [0, 6, 0],
			"scale": [1.23, 1.23, 1.23]
		},
		"gui": {
			"rotation": [7, 168, 0],
			"translation": [-0.5, 6.25, 0],
			"scale": [2, 2, 2]
		},
		"fixed": {
			"translation": [0, 4.75, 0],
			"scale": [1.48, 1.48, 1.48]
		}
	}
}