{
	"credit": "Made with Blockbench",
	"texture_size": [32, 32],
	"textures": {
		"0": "item/items/item11",
		"particle": "item/items/item11"
	},
	"elements": [
		{
			"from": [5.5, 0, 5.5],
			"to": [10.5, 8, 10.5],
			"rotation": {"angle": 0, "axis": "y", "origin": [7, 0, 7]},
			"faces": {
				"north": {"uv": [0, 0, 2.5, 4], "texture": "#0"},
				"east": {"uv": [2.5, 0, 5, 4], "texture": "#0"},
				"south": {"uv": [0, 4, 2.5, 8], "texture": "#0"},
				"west": {"uv": [2.5, 4, 5, 8], "texture": "#0"},
				"up": {"uv": [10.5, 11.5, 8, 9], "texture": "#0"},
				"down": {"uv": [12.5, 5, 10, 7.5], "texture": "#0"}
			}
		},
		{
			"from": [7, 8, 7],
			"to": [9, 8.5, 9],
			"rotation": {"angle": 0, "axis": "y", "origin": [7, 0, 7]},
			"faces": {
				"north": {"uv": [7, 15, 8, 15.5], "texture": "#0"},
				"east": {"uv": [15, 7.5, 16, 8], "texture": "#0"},
				"south": {"uv": [8, 15, 9, 15.5], "texture": "#0"},
				"west": {"uv": [15, 9.5, 16, 10], "texture": "#0"},
				"up": {"uv": [15.5, 13.5, 14.5, 12.5], "texture": "#0"},
				"down": {"uv": [15.5, 13.5, 14.5, 14.5], "texture": "#0"}
			}
		},
		{
			"from": [7.75, 8.5, 7.75],
			"to": [8.25, 10.5, 8.25],
			"rotation": {"angle": 0, "axis": "y", "origin": [7, 0, 7]},
			"faces": {
				"north": {"uv": [9, 15, 9.5, 16], "texture": "#0"},
				"east": {"uv": [10, 15, 10.5, 16], "texture": "#0"},
				"south": {"uv": [15, 10, 15.5, 11], "texture": "#0"},
				"west": {"uv": [10.5, 15, 11, 16], "texture": "#0"},
				"up": {"uv": [16, 0.5, 15.5, 0], "texture": "#0"},
				"down": {"uv": [1, 15.5, 0.5, 16], "texture": "#0"}
			}
		},
		{
			"from": [7.5, 0.75, 0.5],
			"to": [8.5, 1.75, 6],
			"rotation": {"angle": -45, "axis": "y", "origin": [8, 4.5, 8]},
			"faces": {
				"north": {"uv": [13, 12, 13.5, 12.5], "texture": "#0"},
				"east": {"uv": [13, 3, 16, 3.5], "texture": "#0"},
				"south": {"uv": [14, 11.5, 14.5, 12], "texture": "#0"},
				"west": {"uv": [13, 3.5, 16, 4], "texture": "#0"},
				"up": {"uv": [2, 16, 1.5, 13], "texture": "#0"},
				"down": {"uv": [2.5, 13, 2, 16], "texture": "#0"}
			}
		},
		{
			"from": [7, 0, -0.25],
			"to": [9, 4.75, 1.25],
			"rotation": {"angle": -45, "axis": "y", "origin": [8, 4.5, 8]},
			"faces": {
				"north": {"uv": [5, 11.5, 6, 14], "texture": "#0"},
				"east": {"uv": [6, 11.5, 7, 14], "texture": "#0"},
				"south": {"uv": [7, 11.5, 8, 14], "texture": "#0"},
				"west": {"uv": [8, 11.5, 9, 14], "texture": "#0"},
				"up": {"uv": [5, 9, 4, 8], "texture": "#0"},
				"down": {"uv": [15, 5, 14, 6], "texture": "#0"}
			}
		},
		{
			"from": [7, 0, -0.25],
			"to": [9, 4.75, 1.25],
			"rotation": {"angle": 45, "axis": "y", "origin": [8, 4.5, 8]},
			"faces": {
				"north": {"uv": [9, 11.5, 10, 14], "texture": "#0"},
				"east": {"uv": [12.5, 5, 13.5, 7.5], "texture": "#0"},
				"south": {"uv": [10, 12.5, 11, 15], "texture": "#0"},
				"west": {"uv": [11, 12.5, 12, 15], "texture": "#0"},
				"up": {"uv": [6.5, 15, 5.5, 14], "texture": "#0"},
				"down": {"uv": [15, 6, 14, 7], "texture": "#0"}
			}
		},
		{
			"from": [7.5, 0.75, 0.5],
			"to": [8.5, 1.75, 6],
			"rotation": {"angle": 45, "axis": "y", "origin": [8, 4.5, 8]},
			"faces": {
				"north": {"uv": [11, 15, 11.5, 15.5], "texture": "#0"},
				"east": {"uv": [13, 4, 16, 4.5], "texture": "#0"},
				"south": {"uv": [15, 11, 15.5, 11.5], "texture": "#0"},
				"west": {"uv": [13, 4.5, 16, 5], "texture": "#0"},
				"up": {"uv": [13.5, 10.5, 13, 7.5], "texture": "#0"},
				"down": {"uv": [14, 5, 13.5, 8], "texture": "#0"}
			}
		},
		{
			"from": [5.5, 1.5, 4],
			"to": [10.5, 6.5, 12],
			"rotation": {"angle": 0, "axis": "y", "origin": [7, 0, 7]},
			"faces": {
				"north": {"uv": [0, 10.5, 2.5, 13], "texture": "#0"},
				"east": {"uv": [5, 0, 9, 2.5], "texture": "#0"},
				"south": {"uv": [10.5, 7.5, 13, 10], "texture": "#0"},
				"west": {"uv": [5, 2.5, 9, 5], "texture": "#0"},
				"up": {"uv": [7.5, 9, 5, 5], "texture": "#0"},
				"down": {"uv": [10, 5, 7.5, 9], "texture": "#0"}
			}
		},
		{
			"from": [5.75, 3, 3.5],
			"to": [7.25, 5.5, 5.5],
			"rotation": {"angle": 0, "axis": "y", "origin": [9, 0, 7]},
			"faces": {
				"north": {"uv": [13, 0, 14.5, 1.5], "texture": "#0"},
				"east": {"uv": [13.5, 12, 14.5, 13.5], "texture": "#0"},
				"south": {"uv": [13, 1.5, 14.5, 3], "texture": "#0"},
				"west": {"uv": [13.5, 13.5, 14.5, 15], "texture": "#0"},
				"up": {"uv": [4, 15, 2.5, 14], "texture": "#0"},
				"down": {"uv": [5.5, 14, 4, 15], "texture": "#0"}
			}
		},
		{
			"from": [6, 3.25, 3.375],
			"to": [7, 5.25, 5.375],
			"rotation": {"angle": 0, "axis": "y", "origin": [9, 0, 7]},
			"faces": {
				"north": {"uv": [6.5, 14, 7.5, 15], "texture": "#0"},
				"east": {"uv": [14, 7, 15, 8], "texture": "#0"},
				"south": {"uv": [7.5, 14, 8.5, 15], "texture": "#0"},
				"west": {"uv": [8.5, 14, 9.5, 15], "texture": "#0"},
				"up": {"uv": [15, 11.5, 14, 10.5], "texture": "#0"},
				"down": {"uv": [13, 14, 12, 15], "texture": "#0"}
			}
		},
		{
			"from": [6.125, 4.625, 3.25],
			"to": [6.625, 5.125, 5.25],
			"rotation": {"angle": 0, "axis": "y", "origin": [9, 0, 7]},
			"faces": {
				"north": {"uv": [15, 15, 15.5, 15.5], "texture": "#0"},
				"east": {"uv": [5.5, 15, 6.5, 15.5], "texture": "#0"},
				"south": {"uv": [0, 15.5, 0.5, 16], "texture": "#0"},
				"west": {"uv": [15, 6, 16, 6.5], "texture": "#0"},
				"up": {"uv": [7, 16, 6.5, 15], "texture": "#0"},
				"down": {"uv": [15.5, 6.5, 15, 7.5], "texture": "#0"}
			}
		},
		{
			"from": [9, 3.25, 3.375],
			"to": [10, 5.25, 5.375],
			"rotation": {"angle": 0, "axis": "y", "origin": [9, 0, 7]},
			"faces": {
				"north": {"uv": [6.5, 14, 7.5, 15], "texture": "#0"},
				"east": {"uv": [14, 7, 15, 8], "texture": "#0"},
				"south": {"uv": [7.5, 14, 8.5, 15], "texture": "#0"},
				"west": {"uv": [8.5, 14, 9.5, 15], "texture": "#0"},
				"up": {"uv": [15, 11.5, 14, 10.5], "texture": "#0"},
				"down": {"uv": [13, 14, 12, 15], "texture": "#0"}
			}
		},
		{
			"from": [8.75, 3, 3.5],
			"to": [10.25, 5.5, 5.5],
			"rotation": {"angle": 0, "axis": "y", "origin": [9, 0, 7]},
			"faces": {
				"north": {"uv": [13, 0, 14.5, 1.5], "texture": "#0"},
				"east": {"uv": [13.5, 12, 14.5, 13.5], "texture": "#0"},
				"south": {"uv": [13, 1.5, 14.5, 3], "texture": "#0"},
				"west": {"uv": [13.5, 13.5, 14.5, 15], "texture": "#0"},
				"up": {"uv": [4, 15, 2.5, 14], "texture": "#0"},
				"down": {"uv": [5.5, 14, 4, 15], "texture": "#0"}
			}
		},
		{
			"from": [9.125, 4.625, 3.25],
			"to": [9.625, 5.125, 5.25],
			"rotation": {"angle": 0, "axis": "y", "origin": [9, 0, 7]},
			"faces": {
				"north": {"uv": [15, 15, 15.5, 15.5], "texture": "#0"},
				"east": {"uv": [5.5, 15, 6.5, 15.5], "texture": "#0"},
				"south": {"uv": [0, 15.5, 0.5, 16], "texture": "#0"},
				"west": {"uv": [15, 6, 16, 6.5], "texture": "#0"},
				"up": {"uv": [7, 16, 6.5, 15], "texture": "#0"},
				"down": {"uv": [15.5, 6.5, 15, 7.5], "texture": "#0"}
			}
		},
		{
			"from": [7.75, 3.75, 11],
			"to": [8.25, 4.25, 13],
			"rotation": {"angle": 0, "axis": "y", "origin": [7, 0, 7]},
			"faces": {
				"north": {"uv": [11.5, 15, 12, 15.5], "texture": "#0"},
				"east": {"uv": [14.5, 9, 15.5, 9.5], "texture": "#0"},
				"south": {"uv": [12, 15, 12.5, 15.5], "texture": "#0"},
				"west": {"uv": [14.5, 14.5, 15.5, 15], "texture": "#0"},
				"up": {"uv": [10.5, 12.5, 10, 11.5], "texture": "#0"},
				"down": {"uv": [3, 15, 2.5, 16], "texture": "#0"}
			}
		},
		{
			"from": [7.75, 2.75, 13],
			"to": [8.25, 5.25, 14],
			"rotation": {"angle": 22.5, "axis": "z", "origin": [8, 4, 13.5]},
			"faces": {
				"north": {"uv": [10, 7.5, 10.5, 9], "texture": "#0"},
				"east": {"uv": [9.5, 14, 10, 15.5], "texture": "#0"},
				"south": {"uv": [13, 14, 13.5, 15.5], "texture": "#0"},
				"west": {"uv": [1, 14.5, 1.5, 16], "texture": "#0"},
				"up": {"uv": [13, 15.5, 12.5, 15], "texture": "#0"},
				"down": {"uv": [14, 15, 13.5, 15.5], "texture": "#0"}
			}
		},
		{
			"from": [4, 1.5, 5.5],
			"to": [12, 6.5, 10.5],
			"rotation": {"angle": 0, "axis": "y", "origin": [8, 4, 8]},
			"faces": {
				"north": {"uv": [0, 8, 4, 10.5], "texture": "#0"},
				"east": {"uv": [10.5, 10, 13, 12.5], "texture": "#0"},
				"south": {"uv": [9, 0, 13, 2.5], "texture": "#0"},
				"west": {"uv": [2.5, 11.5, 5, 14], "texture": "#0"},
				"up": {"uv": [13, 5, 9, 2.5], "texture": "#0"},
				"down": {"uv": [8, 9, 4, 11.5], "texture": "#0"}
			}
		}
	],
	"display": {
		"thirdperson_righthand": {
			"rotation": [0, 112, 0],
			"translation": [0, 3.5, 0],
			"scale": [0.6, 0.6, 0.6]
		},
		"thirdperson_lefthand": {
			"rotation": [0, 112, 0],
			"translation": [0, 3.5, 0],
			"scale": [0.6, 0.6, 0.6]
		},
		"firstperson_righthand": {
			"rotation": [0, 152, 0],
			"translation": [0, 6.25, 1],
			"scale": [0.7, 0.7, 0.7]
		},
		"firstperson_lefthand": {
			"rotation": [0, 152, 0],
			"translation": [-0.75, 5, 1],
			"scale": [0.3, 0.3, 0.3]
		},
		"ground": {
			"translation": [0, 6.75, 0],
			"scale": [1.53, 1.53, 1.53]
		},
		"gui": {
			"rotation": [1, 158, 0],
			"translation": [1, 5.25, 0],
			"scale": [1.38, 1.38, 1.38]
		},
		"fixed": {
			"translation": [0, 3, 0]
		}
	}
}