{
	"credit": "Made with Blockbench",
	"texture_size": [32, 32],
	"textures": {
		"0": "item/items/item09",
		"particle": "item/items/item09"
	},
	"elements": [
		{
			"from": [7.16, 0, 7.16],
			"to": [8.84, 7.14, 8.84],
			"rotation": {"angle": 22.5, "axis": "z", "origin": [8, 0.84, 8]},
			"faces": {
				"north": {"uv": [0, 3, 1, 6.5], "texture": "#0"},
				"east": {"uv": [3, 0, 4, 3.5], "texture": "#0"},
				"south": {"uv": [1, 3, 2, 6.5], "texture": "#0"},
				"west": {"uv": [2, 3, 3, 6.5], "texture": "#0"},
				"up": {"uv": [6, 9.5, 5, 8.5], "texture": "#0"},
				"down": {"uv": [9.5, 5.5, 8.5, 6.5], "texture": "#0"}
			}
		},
		{
			"from": [4.82946, 3.52643, 7.16],
			"to": [10.49946, 6.88643, 8.84],
			"rotation": {"angle": 22.5, "axis": "z", "origin": [5.66946, 6.46643, 8]},
			"faces": {
				"north": {"uv": [0, 0, 3, 1.5], "texture": "#0"},
				"east": {"uv": [7, 2, 8, 3.5], "texture": "#0"},
				"south": {"uv": [0, 1.5, 3, 3], "texture": "#0"},
				"west": {"uv": [5, 7, 6, 8.5], "texture": "#0"},
				"up": {"uv": [9, 4.5, 6, 3.5], "texture": "#0"},
				"down": {"uv": [9, 4.5, 6, 5.5], "texture": "#0"}
			}
		},
		{
			"from": [9.44946, 3.94643, 6.95],
			"to": [10.07946, 10.66643, 9.05],
			"rotation": {"angle": 22.5, "axis": "z", "origin": [5.66946, 6.46643, 8]},
			"faces": {
				"north": {"uv": [4, 7, 4.5, 10.5], "texture": "#0"},
				"east": {"uv": [5, 3.5, 6, 7], "texture": "#0"},
				"south": {"uv": [4.5, 7, 5, 10.5], "texture": "#0"},
				"west": {"uv": [6, 0, 7, 3.5], "texture": "#0"},
				"up": {"uv": [9.5, 3.5, 9, 2.5], "texture": "#0"},
				"down": {"uv": [3.5, 9, 3, 10], "texture": "#0"}
			}
		},
		{
			"from": [8.81946, 3.94643, 6.95],
			"to": [9.44946, 8.56643, 9.05],
			"rotation": {"angle": 22.5, "axis": "z", "origin": [5.66946, 6.46643, 8]},
			"faces": {
				"north": {"uv": [8, 5.5, 8.5, 8], "texture": "#0"},
				"east": {"uv": [1, 6.5, 2, 9], "texture": "#0"},
				"south": {"uv": [8, 8, 8.5, 10.5], "texture": "#0"},
				"west": {"uv": [2, 6.5, 3, 9], "texture": "#0"},
				"up": {"uv": [4, 10, 3.5, 9], "texture": "#0"},
				"down": {"uv": [9.5, 3.5, 9, 4.5], "texture": "#0"}
			}
		},
		{
			"from": [8.18946, 3.94643, 6.95],
			"to": [8.81946, 6.88643, 9.05],
			"rotation": {"angle": 22.5, "axis": "z", "origin": [5.66946, 6.46643, 8]},
			"faces": {
				"north": {"uv": [9, 0, 9.5, 1.5], "texture": "#0"},
				"east": {"uv": [8, 0, 9, 1.5], "texture": "#0"},
				"south": {"uv": [1, 9, 1.5, 10.5], "texture": "#0"},
				"west": {"uv": [8, 1.5, 9, 3], "texture": "#0"},
				"up": {"uv": [9.5, 5.5, 9, 4.5], "texture": "#0"},
				"down": {"uv": [0.5, 9.5, 0, 10.5], "texture": "#0"}
			}
		},
		{
			"from": [6.92446, 3.94643, 6.95],
			"to": [8.18946, 4.99643, 9.05],
			"rotation": {"angle": 22.5, "axis": "z", "origin": [5.66946, 6.46643, 8]},
			"faces": {
				"north": {"uv": [8, 3, 9, 3.5], "texture": "#0"},
				"east": {"uv": [9.5, 0, 10.5, 0.5], "texture": "#0"},
				"south": {"uv": [9.5, 0.5, 10.5, 1], "texture": "#0"},
				"west": {"uv": [9.5, 1, 10.5, 1.5], "texture": "#0"},
				"up": {"uv": [9.5, 8.5, 8.5, 7.5], "texture": "#0"},
				"down": {"uv": [9.5, 8.5, 8.5, 9.5], "texture": "#0"}
			}
		},
		{
			"from": [8.06802, 0.57601, 6.95],
			"to": [8.58302, 5.00101, 9.05],
			"rotation": {"angle": 0, "axis": "z", "origin": [7.88802, 5.22601, 8]},
			"faces": {
				"north": {"uv": [8, 3, 9, 3.5], "texture": "#0"},
				"east": {"uv": [9.5, 0, 10.5, 0.5], "texture": "#0"},
				"south": {"uv": [9.5, 0.5, 10.5, 1], "texture": "#0"},
				"west": {"uv": [9.5, 1, 10.5, 1.5], "texture": "#0"},
				"up": {"uv": [9.5, 8.5, 8.5, 7.5], "texture": "#0"},
				"down": {"uv": [9.5, 8.5, 8.5, 9.5], "texture": "#0"}
			}
		},
		{
			"from": [9.02946, 6.88643, 7.16],
			"to": [10.49946, 11.08643, 8.84],
			"rotation": {"angle": 22.5, "axis": "z", "origin": [5.66946, 6.46643, 8]},
			"faces": {
				"north": {"uv": [7, 8.5, 7.5, 10.5], "texture": "#0"},
				"east": {"uv": [7, 0, 8, 2], "texture": "#0"},
				"south": {"uv": [7.5, 8.5, 8, 10.5], "texture": "#0"},
				"west": {"uv": [3, 7, 4, 9], "texture": "#0"},
				"up": {"uv": [2, 10, 1.5, 9], "texture": "#0"},
				"down": {"uv": [9.5, 1.5, 9, 2.5], "texture": "#0"}
			}
		},
		{
			"from": [7.02967, 6.06139, 7.16],
			"to": [8.49967, 11.94139, 8.84],
			"rotation": {"angle": 0, "axis": "z", "origin": [6.71467, 9.21139, 8]},
			"faces": {
				"north": {"uv": [7, 5.5, 7.5, 8.5], "texture": "#0"},
				"east": {"uv": [6, 5.5, 7, 8.5], "texture": "#0"},
				"south": {"uv": [7.5, 5.5, 8, 8.5], "texture": "#0"},
				"west": {"uv": [0, 6.5, 1, 9.5], "texture": "#0"},
				"up": {"uv": [2.5, 10, 2, 9], "texture": "#0"},
				"down": {"uv": [3, 9, 2.5, 10], "texture": "#0"}
			}
		},
		{
			"from": [7.37, 0.42, 7.16],
			"to": [9.05, 7.14, 8.84],
			"rotation": {"angle": 0, "axis": "z", "origin": [8, 0.84, 8]},
			"faces": {
				"north": {"uv": [3, 3.5, 4, 7], "texture": "#0"},
				"east": {"uv": [4, 0, 5, 3.5], "texture": "#0"},
				"south": {"uv": [4, 3.5, 5, 7], "texture": "#0"},
				"west": {"uv": [5, 0, 6, 3.5], "texture": "#0"},
				"up": {"uv": [7, 9.5, 6, 8.5], "texture": "#0"},
				"down": {"uv": [9.5, 6.5, 8.5, 7.5], "texture": "#0"}
			}
		}
	],
	"display": {
		"thirdperson_righthand": {
			"rotation": [0, 20, 0],
			"translation": [0, 1.75, 0.25],
			"scale": [0.6, 0.6, 0.6]
		},
		"thirdperson_lefthand": {
			"rotation": [0, 20, 0],
			"translation": [0, 1.75, 0.25],
			"scale": [0.6, 0.6, 0.6]
		},
		"firstperson_righthand": {
			"rotation": [0, 165, 0],
			"translation": [0, 4.75, 1.25],
			"scale": [0.89, 0.89, 0.89]
		},
		"firstperson_lefthand": {
			"rotation": [0, 165, 0],
			"translation": [0, 4.75, 1.25],
			"scale": [0.32, 0.32, 0.32]
		},
		"ground": {
			"translation": [0, 3.25, 0],
			"scale": [0.92, 0.92, 0.92]
		},
		"gui": {
			"rotation": [4, 168, 17],
			"translation": [1, 2.25, 0],
			"scale": [1.28, 1.28, 1.28]
		},
		"fixed": {
			"translation": [0, 2.75, 0]
		}
	}
}