{
	"credit": "Made by Skyblock Squad",
	"textures": {
		"0": "item/shine",
		"particle": "item/shine"
	},
	"elements": [
		{
			"from": [0, -16, -16],
			"to": [0, 32, 32],
			"faces": {
				"north": {"uv": [0, 0, 0, 16], "texture": "#missing"},
				"east": {"uv": [16, 0, 0, 16], "texture": "#0"},
				"south": {"uv": [0, 0, 0, 16], "texture": "#missing"},
				"west": {"uv": [0, 0, 16, 16], "texture": "#0"},
				"up": {"uv": [0, 0, 0, 16], "texture": "#missing"},
				"down": {"uv": [0, 0, 0, 16], "texture": "#missing"}
			}
		}
	],
	"display": {
		"head": {
			"translation": [0, -80, -80],
			"scale": [0, 4, 4]
		}
	}
}