{
	"credit": "Made with Blockbench",
	"texture_size": [32, 32],
	"textures": {
		"0": "item/geschenk3",
		"particle": "item/geschenk3"
	},
	"elements": [
		{
			"from": [5.5, 8, 6.25],
			"to": [10.5, 20, 9.75],
			"faces": {
				"north": {"uv": [0, 0, 2.5, 6], "texture": "#0"},
				"east": {"uv": [2.5, 6, 4.25, 12], "texture": "#0"},
				"south": {"uv": [2.5, 0, 5, 6], "texture": "#0"},
				"west": {"uv": [4.5, 6, 6.25, 12], "texture": "#0"},
				"up": {"uv": [11, 11.75, 8.5, 10], "texture": "#0"},
				"down": {"uv": [13.5, 10, 11, 11.75], "texture": "#0"}
			}
		},
		{
			"from": [6.25, 20, 6.25],
			"to": [9.75, 20.25, 9.75],
			"faces": {
				"north": {"uv": [7, 13, 8.75, 13.25], "texture": "#0"},
				"east": {"uv": [9, 13, 10.75, 13.25], "texture": "#0"},
				"south": {"uv": [11, 13, 12.75, 13.25], "texture": "#0"},
				"west": {"uv": [13, 12, 14.75, 12.25], "texture": "#0"},
				"up": {"uv": [13.25, 6.75, 11.5, 5], "texture": "#0"},
				"down": {"uv": [13.25, 7, 11.5, 8.75], "texture": "#0"}
			}
		},
		{
			"from": [5.375, 13.5, 6.125],
			"to": [10.625, 15, 9.875],
			"faces": {
				"north": {"uv": [11.5, 9, 14.25, 9.75], "texture": "#0"},
				"east": {"uv": [9, 12, 11, 12.75], "texture": "#0"},
				"south": {"uv": [0, 12, 2.75, 12.75], "texture": "#0"},
				"west": {"uv": [11, 12, 13, 12.75], "texture": "#0"},
				"up": {"uv": [11.25, 8, 8.5, 6], "texture": "#0"},
				"down": {"uv": [11.25, 8, 8.5, 10], "texture": "#0"}
			}
		},
		{
			"from": [6.125, 13.5, 5.375],
			"to": [9.875, 15, 10.625],
			"rotation": {"angle": 0, "axis": "y", "origin": [8, 5.25, 8]},
			"faces": {
				"north": {"uv": [0, 13, 2, 13.75], "texture": "#0"},
				"east": {"uv": [3, 12, 5.75, 12.75], "texture": "#0"},
				"south": {"uv": [2, 13, 4, 13.75], "texture": "#0"},
				"west": {"uv": [6, 12, 8.75, 12.75], "texture": "#0"},
				"up": {"uv": [11.5, 2.75, 9.5, 0], "texture": "#0"},
				"down": {"uv": [11.5, 3, 9.5, 5.75], "texture": "#0"}
			}
		},
		{
			"from": [7.375, 13.625, 5.125],
			"to": [8.625, 14.875, 5.375],
			"rotation": {"angle": 0, "axis": "y", "origin": [8, 5.25, 8]},
			"faces": {
				"north": {"uv": [5, 13, 5.75, 13.75], "texture": "#0"},
				"east": {"uv": [13.5, 6.5, 13.75, 7.25], "texture": "#0"},
				"south": {"uv": [6, 13, 6.75, 13.75], "texture": "#0"},
				"west": {"uv": [7, 13.5, 7.25, 14.25], "texture": "#0"},
				"up": {"uv": [8.25, 13.75, 7.5, 13.5], "texture": "#0"},
				"down": {"uv": [14.25, 7.5, 13.5, 7.75], "texture": "#0"}
			}
		},
		{
			"from": [8.34, 14.145, 5.03],
			"to": [9.425, 14.61, 5.34],
			"rotation": {"angle": 0, "axis": "y", "origin": [8, 5.25, 8]},
			"faces": {
				"north": {"uv": [0, 14, 0.5, 14.25], "texture": "#0"},
				"east": {"uv": [12, 14, 12.25, 14.25], "texture": "#0"},
				"south": {"uv": [14, 0, 14.5, 0.25], "texture": "#0"},
				"west": {"uv": [12.5, 14, 12.75, 14.25], "texture": "#0"},
				"up": {"uv": [1, 14.25, 0.5, 14], "texture": "#0"},
				"down": {"uv": [14.5, 0.5, 14, 0.75], "texture": "#0"}
			}
		},
		{
			"from": [8.34, 14.765, 5.185],
			"to": [9.425, 15.385, 5.495],
			"rotation": {"angle": 0, "axis": "y", "origin": [8, 5.25, 8]},
			"faces": {
				"north": {"uv": [1, 14, 1.5, 14.25], "texture": "#0"},
				"east": {"uv": [14, 12.5, 14.25, 12.75], "texture": "#0"},
				"south": {"uv": [14, 1, 14.5, 1.25], "texture": "#0"},
				"west": {"uv": [13, 14, 13.25, 14.25], "texture": "#0"},
				"up": {"uv": [2, 14.25, 1.5, 14], "texture": "#0"},
				"down": {"uv": [14.5, 1.5, 14, 1.75], "texture": "#0"}
			}
		},
		{
			"from": [9.27, 14.455, 5.03],
			"to": [9.735, 14.92, 5.495],
			"rotation": {"angle": 0, "axis": "z", "origin": [9.6275, 7.4975, 4.59]},
			"faces": {
				"north": {"uv": [14, 13, 14.25, 13.25], "texture": "#0"},
				"east": {"uv": [13.5, 14, 13.75, 14.25], "texture": "#0"},
				"south": {"uv": [14, 13.5, 14.25, 13.75], "texture": "#0"},
				"west": {"uv": [14, 14, 14.25, 14.25], "texture": "#0"},
				"up": {"uv": [0.25, 14.75, 0, 14.5], "texture": "#0"},
				"down": {"uv": [14.75, 0, 14.5, 0.25], "texture": "#0"}
			}
		},
		{
			"from": [6.48, 14.3, 5.03],
			"to": [7.565, 14.61, 5.34],
			"rotation": {"angle": 0, "axis": "y", "origin": [8, 5.25, 8]},
			"faces": {
				"north": {"uv": [3, 14, 3.5, 14.25], "texture": "#0"},
				"east": {"uv": [2.5, 14.5, 2.75, 14.75], "texture": "#0"},
				"south": {"uv": [14, 3, 14.5, 3.25], "texture": "#0"},
				"west": {"uv": [14.5, 2.5, 14.75, 2.75], "texture": "#0"},
				"up": {"uv": [4, 14.25, 3.5, 14], "texture": "#0"},
				"down": {"uv": [14.5, 3.5, 14, 3.75], "texture": "#0"}
			}
		},
		{
			"from": [6.325, 14.455, 5.03],
			"to": [6.635, 14.92, 5.495],
			"rotation": {"angle": 0, "axis": "z", "origin": [6.3725, 7.4975, 4.59]},
			"faces": {
				"north": {"uv": [1, 14.5, 1.25, 14.75], "texture": "#0"},
				"east": {"uv": [14.5, 1, 14.75, 1.25], "texture": "#0"},
				"south": {"uv": [1.5, 14.5, 1.75, 14.75], "texture": "#0"},
				"west": {"uv": [14.5, 1.5, 14.75, 1.75], "texture": "#0"},
				"up": {"uv": [2.25, 14.75, 2, 14.5], "texture": "#0"},
				"down": {"uv": [14.75, 2, 14.5, 2.25], "texture": "#0"}
			}
		},
		{
			"from": [6.48, 14.765, 5.185],
			"to": [7.565, 15.23, 5.495],
			"rotation": {"angle": 0, "axis": "y", "origin": [8, 5.25, 8]},
			"faces": {
				"north": {"uv": [2, 14, 2.5, 14.25], "texture": "#0"},
				"east": {"uv": [0.5, 14.5, 0.75, 14.75], "texture": "#0"},
				"south": {"uv": [14, 2, 14.5, 2.25], "texture": "#0"},
				"west": {"uv": [14.5, 0.5, 14.75, 0.75], "texture": "#0"},
				"up": {"uv": [3, 14.25, 2.5, 14], "texture": "#0"},
				"down": {"uv": [14.5, 2.5, 14, 2.75], "texture": "#0"}
			}
		},
		{
			"from": [8.34, 11.355, 5.03],
			"to": [9.115, 13.68, 5.185],
			"rotation": {"angle": 0, "axis": "y", "origin": [8, 5.25, 8]},
			"faces": {
				"north": {"uv": [4, 13, 4.5, 14.25], "texture": "#0"},
				"east": {"uv": [13, 12.5, 13.25, 13.75], "texture": "#0"},
				"south": {"uv": [4.5, 13, 5, 14.25], "texture": "#0"},
				"west": {"uv": [13.5, 0, 13.75, 1.25], "texture": "#0"},
				"up": {"uv": [14, 8.25, 13.5, 8], "texture": "#0"},
				"down": {"uv": [9, 13.5, 8.5, 13.75], "texture": "#0"}
			}
		},
		{
			"from": [8.185, 13.68, 5.03],
			"to": [8.805, 14.3, 5.185],
			"rotation": {"angle": 0, "axis": "y", "origin": [8, 5.25, 8]},
			"faces": {
				"north": {"uv": [10, 14, 10.25, 14.25], "texture": "#0"},
				"east": {"uv": [14, 10, 14.25, 10.25], "texture": "#0"},
				"south": {"uv": [10.5, 14, 10.75, 14.25], "texture": "#0"},
				"west": {"uv": [14, 10.5, 14.25, 10.75], "texture": "#0"},
				"up": {"uv": [11.25, 14.25, 11, 14], "texture": "#0"},
				"down": {"uv": [14.25, 11, 14, 11.25], "texture": "#0"}
			}
		},
		{
			"from": [7.255, 13.835, 4.875],
			"to": [8.185, 14.455, 5.185],
			"rotation": {"angle": 0, "axis": "y", "origin": [8, 5.25, 8]},
			"faces": {
				"north": {"uv": [12.5, 13.5, 13, 13.75], "texture": "#0"},
				"east": {"uv": [11.5, 14, 11.75, 14.25], "texture": "#0"},
				"south": {"uv": [13.5, 12.5, 14, 12.75], "texture": "#0"},
				"west": {"uv": [14, 11.5, 14.25, 11.75], "texture": "#0"},
				"up": {"uv": [14, 13.25, 13.5, 13], "texture": "#0"},
				"down": {"uv": [14, 13.5, 13.5, 13.75], "texture": "#0"}
			}
		},
		{
			"from": [8.34, 10.58, 4.875],
			"to": [9.115, 11.82, 5.03],
			"rotation": {"angle": 0, "axis": "y", "origin": [8, 5.25, 8]},
			"faces": {
				"north": {"uv": [13.5, 1.5, 14, 2], "texture": "#0"},
				"east": {"uv": [13.5, 8.5, 13.75, 9], "texture": "#0"},
				"south": {"uv": [13.5, 2, 14, 2.5], "texture": "#0"},
				"west": {"uv": [9, 13.5, 9.25, 14], "texture": "#0"},
				"up": {"uv": [10, 13.75, 9.5, 13.5], "texture": "#0"},
				"down": {"uv": [10.5, 13.5, 10, 13.75], "texture": "#0"}
			}
		},
		{
			"from": [8.34, 10.425, 4.565],
			"to": [9.115, 10.89, 4.875],
			"rotation": {"angle": 0, "axis": "y", "origin": [8, 5.25, 8]},
			"faces": {
				"north": {"uv": [13.5, 10, 14, 10.25], "texture": "#0"},
				"east": {"uv": [14, 4, 14.25, 4.25], "texture": "#0"},
				"south": {"uv": [10.5, 13.5, 11, 13.75], "texture": "#0"},
				"west": {"uv": [14, 4.5, 14.25, 4.75], "texture": "#0"},
				"up": {"uv": [14, 10.75, 13.5, 10.5], "texture": "#0"},
				"down": {"uv": [11.5, 13.5, 11, 13.75], "texture": "#0"}
			}
		},
		{
			"from": [6.79, 11.51, 4.875],
			"to": [7.41, 12.75, 5.03],
			"rotation": {"angle": 0, "axis": "y", "origin": [8, 5.25, 8]},
			"faces": {
				"north": {"uv": [13.5, 11, 13.75, 11.5], "texture": "#0"},
				"east": {"uv": [11.5, 13.5, 11.75, 14], "texture": "#0"},
				"south": {"uv": [13.5, 11.5, 13.75, 12], "texture": "#0"},
				"west": {"uv": [12, 13.5, 12.25, 14], "texture": "#0"},
				"up": {"uv": [14.25, 7.25, 14, 7], "texture": "#0"},
				"down": {"uv": [7.75, 14, 7.5, 14.25], "texture": "#0"}
			}
		},
		{
			"from": [6.79, 11.355, 4.565],
			"to": [7.41, 11.51, 4.875],
			"rotation": {"angle": 0, "axis": "y", "origin": [8, 5.25, 8]},
			"faces": {
				"north": {"uv": [5.5, 14, 5.75, 14.25], "texture": "#0"},
				"east": {"uv": [14, 5.5, 14.25, 5.75], "texture": "#0"},
				"south": {"uv": [6, 14, 6.25, 14.25], "texture": "#0"},
				"west": {"uv": [14, 6, 14.25, 6.25], "texture": "#0"},
				"up": {"uv": [6.75, 14.25, 6.5, 14], "texture": "#0"},
				"down": {"uv": [14.25, 6.5, 14, 6.75], "texture": "#0"}
			}
		},
		{
			"from": [6.945, 11.51, 4.255],
			"to": [7.565, 11.665, 4.565],
			"rotation": {"angle": 0, "axis": "y", "origin": [8, 5.25, 8]},
			"faces": {
				"north": {"uv": [8, 14, 8.25, 14.25], "texture": "#0"},
				"east": {"uv": [14, 8, 14.25, 8.25], "texture": "#0"},
				"south": {"uv": [8.5, 14, 8.75, 14.25], "texture": "#0"},
				"west": {"uv": [14, 8.5, 14.25, 8.75], "texture": "#0"},
				"up": {"uv": [9.25, 14.25, 9, 14], "texture": "#0"},
				"down": {"uv": [9.75, 14, 9.5, 14.25], "texture": "#0"}
			}
		},
		{
			"from": [6.945, 11.975, 5.03],
			"to": [7.565, 13.835, 5.185],
			"rotation": {"angle": 0, "axis": "y", "origin": [8, 5.25, 8]},
			"faces": {
				"north": {"uv": [13.5, 2.5, 13.75, 3.5], "texture": "#0"},
				"east": {"uv": [13.5, 3.5, 13.75, 4.5], "texture": "#0"},
				"south": {"uv": [13.5, 4.5, 13.75, 5.5], "texture": "#0"},
				"west": {"uv": [13.5, 5.5, 13.75, 6.5], "texture": "#0"},
				"up": {"uv": [5.25, 14.25, 5, 14], "texture": "#0"},
				"down": {"uv": [14.25, 5, 14, 5.25], "texture": "#0"}
			}
		},
		{
			"from": [6.25, 8, 5.5],
			"to": [9.75, 20, 10.5],
			"rotation": {"angle": 0, "axis": "y", "origin": [8, 1, 8]},
			"faces": {
				"north": {"uv": [6.5, 6, 8.25, 12], "texture": "#0"},
				"east": {"uv": [5, 0, 7.5, 6], "texture": "#0"},
				"south": {"uv": [7.5, 0, 9.25, 6], "texture": "#0"},
				"west": {"uv": [0, 6, 2.5, 12], "texture": "#0"},
				"up": {"uv": [13.25, 2.5, 11.5, 0], "texture": "#0"},
				"down": {"uv": [13.25, 2.5, 11.5, 5], "texture": "#0"}
			}
		}
	],
	"display": {
		"thirdperson_righthand": {
			"rotation": [0, 143, 0],
			"translation": [-0.5, 1.75, 0.25],
			"scale": [0.68, 0.77, 0.68]
		},
		"thirdperson_lefthand": {
			"rotation": [0, 143, 0],
			"translation": [-0.5, 1.75, 0.25],
			"scale": [0.68, 0.77, 0.68]
		},
		"firstperson_righthand": {
			"rotation": [0, 96, -2],
			"translation": [0, 3, 0],
			"scale": [0.73, 0.92, 0.73]
		},
		"firstperson_lefthand": {
			"rotation": [0, 96, -2],
			"translation": [0, 3, 0],
			"scale": [0.73, 0.92, 0.73]
		},
		"ground": {
			"translation": [0, 3.5, 0],
			"scale": [0.71, 0.71, 0.71]
		},
		"gui": {
			"rotation": [14, 156, 0],
			"translation": [0, 1.5, 0]
		},
		"head": {
			"translation": [0, -28.75, 0],
			"scale": [1.81, 1.81, 1.81]
		},
		"fixed": {
			"rotation": [-90, 0, 0],
			"translation": [0, 0, -21],
			"scale": [2.64, 2.64, 2.64]
		}
	}
}