{
	"credit": "Made with Blockbench",
	"texture_size": [64, 64],
	"textures": {
		"0": "item/geschenk1",
		"particle": "item/geschenk1"
	},
	"elements": [
		{
			"from": [3, 8, 3],
			"to": [13, 18, 13],
			"rotation": {"angle": 0, "axis": "y", "origin": [0, 8, 0]},
			"faces": {
				"north": {"uv": [0, 0, 2.5, 2.5], "texture": "#0"},
				"east": {"uv": [0, 2.5, 2.5, 5], "texture": "#0"},
				"south": {"uv": [2.5, 0, 5, 2.5], "texture": "#0"},
				"west": {"uv": [2.5, 2.5, 5, 5], "texture": "#0"},
				"up": {"uv": [2.5, 7.5, 0, 5], "texture": "#0"},
				"down": {"uv": [7.5, 0, 5, 2.5], "texture": "#0"}
			}
		},
		{
			"from": [2.5, 8, 7],
			"to": [3, 18.25, 9],
			"rotation": {"angle": 0, "axis": "y", "origin": [0, 8, 0]},
			"faces": {
				"north": {"uv": [6, 3.5, 6.25, 6], "texture": "#0"},
				"east": {"uv": [5.25, 3, 5.75, 5.5], "texture": "#0"},
				"south": {"uv": [6, 6, 6.25, 8.5], "texture": "#0"},
				"west": {"uv": [2.5, 5.5, 3, 8], "texture": "#0"},
				"up": {"uv": [5.25, 3.5, 5, 3], "texture": "#0"},
				"down": {"uv": [5.25, 3.5, 5, 4], "texture": "#0"}
			}
		},
		{
			"from": [2.75, 18, 7.125],
			"to": [13.25, 18.5, 8.875],
			"rotation": {"angle": 0, "axis": "z", "origin": [2.75, 23, 8]},
			"faces": {
				"north": {"uv": [5.75, 3, 8.5, 3.25], "texture": "#0"},
				"east": {"uv": [7, 7.75, 7.5, 8], "texture": "#0"},
				"south": {"uv": [5.75, 3.25, 8.5, 3.5], "texture": "#0"},
				"west": {"uv": [7.5, 7.75, 8, 8], "texture": "#0"},
				"up": {"uv": [5.25, 5.5, 2.5, 5], "texture": "#0"},
				"down": {"uv": [7.75, 2.5, 5, 3], "texture": "#0"}
			}
		},
		{
			"from": [5.64, 18.2775, 6.935],
			"to": [10.36, 18.8025, 9.065],
			"rotation": {"angle": -22.5, "axis": "y", "origin": [8, 18.625, 8]},
			"faces": {
				"north": {"uv": [7.5, 1.25, 8.75, 1.5], "texture": "#0"},
				"east": {"uv": [8, 1, 8.5, 1.25], "texture": "#0"},
				"south": {"uv": [7.5, 1.5, 8.75, 1.75], "texture": "#0"},
				"west": {"uv": [1.75, 8, 2.25, 8.25], "texture": "#0"},
				"up": {"uv": [8.25, 4, 7, 3.5], "texture": "#0"},
				"down": {"uv": [8.25, 4, 7, 4.5], "texture": "#0"}
			}
		},
		{
			"from": [8.70664, 17.6525, 7.78805],
			"to": [10.33664, 18.3025, 11.00805],
			"rotation": {"angle": 22.5, "axis": "y", "origin": [10.77164, 18.54, 9.14805]},
			"faces": {
				"north": {"uv": [8.25, 0, 8.75, 0.25], "texture": "#0"},
				"east": {"uv": [7.5, 6.75, 8.25, 7], "texture": "#0"},
				"south": {"uv": [8.25, 0.25, 8.75, 0.5], "texture": "#0"},
				"west": {"uv": [7, 7.5, 7.75, 7.75], "texture": "#0"},
				"up": {"uv": [8, 1.25, 7.5, 0.5], "texture": "#0"},
				"down": {"uv": [1.75, 7.5, 1.25, 8.25], "texture": "#0"}
			}
		},
		{
			"from": [3.99561, 17.6525, 8.45737],
			"to": [7.21561, 18.5525, 10.08737],
			"rotation": {"angle": 22.5, "axis": "y", "origin": [5.85561, 18.1025, 5.77237]},
			"faces": {
				"north": {"uv": [7.5, 6.25, 8.25, 6.5], "texture": "#0"},
				"east": {"uv": [7.75, 8, 8.25, 8.25], "texture": "#0"},
				"south": {"uv": [7.5, 6.5, 8.25, 6.75], "texture": "#0"},
				"west": {"uv": [8, 7.75, 8.5, 8], "texture": "#0"},
				"up": {"uv": [8.25, 0.5, 7.5, 0], "texture": "#0"},
				"down": {"uv": [1.25, 7.5, 0.5, 8], "texture": "#0"}
			}
		},
		{
			"from": [10.13, 18.8025, 7.185],
			"to": [10.84, 19.8675, 8.815],
			"rotation": {"angle": -22.5, "axis": "y", "origin": [8, 18.625, 8]},
			"faces": {
				"north": {"uv": [0.5, 8.25, 0.75, 8.5], "texture": "#0"},
				"east": {"uv": [2.25, 8, 2.75, 8.25], "texture": "#0"},
				"south": {"uv": [0.75, 8.25, 1, 8.5], "texture": "#0"},
				"west": {"uv": [2.75, 8, 3.25, 8.25], "texture": "#0"},
				"up": {"uv": [6, 4, 5.75, 3.5], "texture": "#0"},
				"down": {"uv": [6, 4, 5.75, 4.5], "texture": "#0"}
			}
		},
		{
			"from": [4.9825, 18.8025, 7.185],
			"to": [5.6925, 19.8675, 8.815],
			"rotation": {"angle": -22.5, "axis": "y", "origin": [8, 18.625, 8]},
			"faces": {
				"north": {"uv": [2.25, 8.25, 2.5, 8.5], "texture": "#0"},
				"east": {"uv": [8, 7, 8.5, 7.25], "texture": "#0"},
				"south": {"uv": [2.5, 8.25, 2.75, 8.5], "texture": "#0"},
				"west": {"uv": [8, 7.25, 8.5, 7.5], "texture": "#0"},
				"up": {"uv": [6, 8.5, 5.75, 8], "texture": "#0"},
				"down": {"uv": [7.75, 8, 7.5, 8.5], "texture": "#0"}
			}
		},
		{
			"from": [8.71, 19.8675, 7.185],
			"to": [10.485, 20.2225, 8.815],
			"rotation": {"angle": -22.5, "axis": "y", "origin": [8, 18.625, 8]},
			"faces": {
				"north": {"uv": [3.25, 8, 3.75, 8.25], "texture": "#0"},
				"east": {"uv": [3.75, 8, 4.25, 8.25], "texture": "#0"},
				"south": {"uv": [4.25, 8, 4.75, 8.25], "texture": "#0"},
				"west": {"uv": [4.75, 8, 5.25, 8.25], "texture": "#0"},
				"up": {"uv": [2.25, 8, 1.75, 7.5], "texture": "#0"},
				"down": {"uv": [8, 4.75, 7.5, 5.25], "texture": "#0"}
			}
		},
		{
			"from": [5.16, 19.8675, 7.185],
			"to": [6.935, 20.2225, 8.815],
			"rotation": {"angle": -22.5, "axis": "y", "origin": [8, 18.625, 8]},
			"faces": {
				"north": {"uv": [8, 5.5, 8.5, 5.75], "texture": "#0"},
				"east": {"uv": [8, 5.75, 8.5, 6], "texture": "#0"},
				"south": {"uv": [8, 6, 8.5, 6.25], "texture": "#0"},
				"west": {"uv": [7, 8, 7.5, 8.25], "texture": "#0"},
				"up": {"uv": [8, 5.75, 7.5, 5.25], "texture": "#0"},
				"down": {"uv": [8, 5.75, 7.5, 6.25], "texture": "#0"}
			}
		},
		{
			"from": [8, 18.5525, 7.06],
			"to": [9.065, 19.8675, 8.94],
			"rotation": {"angle": -22.5, "axis": "y", "origin": [8, 18.625, 8]},
			"faces": {
				"north": {"uv": [1.25, 8.25, 1.5, 8.5], "texture": "#0"},
				"east": {"uv": [8, 4.75, 8.5, 5], "texture": "#0"},
				"south": {"uv": [1.5, 8.25, 1.75, 8.5], "texture": "#0"},
				"west": {"uv": [8, 5, 8.5, 5.25], "texture": "#0"},
				"up": {"uv": [6, 5, 5.75, 4.5], "texture": "#0"},
				"down": {"uv": [6, 5, 5.75, 5.5], "texture": "#0"}
			}
		},
		{
			"from": [6.935, 19.3025, 7.185],
			"to": [8, 20.4525, 8.815],
			"rotation": {"angle": -22.5, "axis": "y", "origin": [8, 18.625, 8]},
			"faces": {
				"north": {"uv": [1.75, 8.25, 2, 8.5], "texture": "#0"},
				"east": {"uv": [5.25, 8, 5.75, 8.25], "texture": "#0"},
				"south": {"uv": [2, 8.25, 2.25, 8.5], "texture": "#0"},
				"west": {"uv": [8, 5.25, 8.5, 5.5], "texture": "#0"},
				"up": {"uv": [2.5, 8, 2.25, 7.5], "texture": "#0"},
				"down": {"uv": [1.25, 8, 1, 8.5], "texture": "#0"}
			}
		},
		{
			"from": [7.125, 18, 9],
			"to": [8.875, 18.5, 13.25],
			"rotation": {"angle": 0, "axis": "y", "origin": [8, 18.25, 8]},
			"faces": {
				"north": {"uv": [7.75, 7.5, 8.25, 7.75], "texture": "#0"},
				"east": {"uv": [7.5, 1.75, 8.5, 2], "texture": "#0"},
				"south": {"uv": [0.5, 8, 1, 8.25], "texture": "#0"},
				"west": {"uv": [7.5, 2, 8.5, 2.25], "texture": "#0"},
				"up": {"uv": [7.5, 5.5, 7, 4.5], "texture": "#0"},
				"down": {"uv": [7.5, 5.5, 7, 6.5], "texture": "#0"}
			}
		},
		{
			"from": [7.125, 18, 2.75],
			"to": [8.875, 18.5, 7],
			"rotation": {"angle": 0, "axis": "y", "origin": [8, 18.25, 8]},
			"faces": {
				"north": {"uv": [8, 0.5, 8.5, 0.75], "texture": "#0"},
				"east": {"uv": [7.5, 2.25, 8.5, 2.5], "texture": "#0"},
				"south": {"uv": [8, 0.75, 8.5, 1], "texture": "#0"},
				"west": {"uv": [7.5, 4.5, 8.5, 4.75], "texture": "#0"},
				"up": {"uv": [7.5, 7.5, 7, 6.5], "texture": "#0"},
				"down": {"uv": [0.5, 7.5, 0, 8.5], "texture": "#0"}
			}
		},
		{
			"from": [13, 8, 7],
			"to": [13.5, 18.25, 9],
			"rotation": {"angle": 0, "axis": "y", "origin": [0, 8, 0]},
			"faces": {
				"north": {"uv": [6.25, 3.5, 6.5, 6], "texture": "#0"},
				"east": {"uv": [3, 5.5, 3.5, 8], "texture": "#0"},
				"south": {"uv": [6.25, 6, 6.5, 8.5], "texture": "#0"},
				"west": {"uv": [3.5, 5.5, 4, 8], "texture": "#0"},
				"up": {"uv": [5.25, 4.5, 5, 4], "texture": "#0"},
				"down": {"uv": [5.25, 4.5, 5, 5], "texture": "#0"}
			}
		},
		{
			"from": [7, 8, 2.5],
			"to": [9, 18.25, 3],
			"rotation": {"angle": 0, "axis": "y", "origin": [13.25, 13, 8]},
			"faces": {
				"north": {"uv": [4, 5.5, 4.5, 8], "texture": "#0"},
				"east": {"uv": [6.5, 3.5, 6.75, 6], "texture": "#0"},
				"south": {"uv": [4.5, 5.5, 5, 8], "texture": "#0"},
				"west": {"uv": [6.5, 6, 6.75, 8.5], "texture": "#0"},
				"up": {"uv": [8, 7.25, 7.5, 7], "texture": "#0"},
				"down": {"uv": [8, 7.25, 7.5, 7.5], "texture": "#0"}
			}
		},
		{
			"from": [7, 8, 13],
			"to": [9, 18.25, 13.5],
			"rotation": {"angle": 0, "axis": "y", "origin": [13.25, 13, 8]},
			"faces": {
				"north": {"uv": [5, 5.5, 5.5, 8], "texture": "#0"},
				"east": {"uv": [6.75, 3.5, 7, 6], "texture": "#0"},
				"south": {"uv": [5.5, 5.5, 6, 8], "texture": "#0"},
				"west": {"uv": [6.75, 6, 7, 8.5], "texture": "#0"},
				"up": {"uv": [8.25, 2.75, 7.75, 2.5], "texture": "#0"},
				"down": {"uv": [8.25, 2.75, 7.75, 3], "texture": "#0"}
			}
		}
	],
	"display": {
		"thirdperson_righthand": {
			"rotation": [0, 33, 0],
			"translation": [-1.25, 3, -1],
			"scale": [0.71, 0.71, 0.71]
		},
		"thirdperson_lefthand": {
			"rotation": [0, 33, 0],
			"translation": [-1.25, 3, -1],
			"scale": [0.71, 0.71, 0.71]
		},
		"firstperson_righthand": {
			"rotation": [0, 30, 0],
			"translation": [0, 1, 0],
			"scale": [0.74, 0.74, 0.74]
		},
		"firstperson_lefthand": {
			"rotation": [0, -7, 0],
			"translation": [0, 1, 0],
			"scale": [0.74, 0.74, 0.74]
		},
		"ground": {
			"translation": [0, 3.25, 0],
			"scale": [0.76, 0.76, 0.76]
		},
		"gui": {
			"rotation": [19, 35, 0],
			"translation": [0, 1.75, 0],
			"scale": [0.83, 0.83, 0.83]
		},
		"head": {
			"translation": [0, -32.25, 0],
			"scale": [1.37, 1.37, 1.37]
		},
		"fixed": {
			"rotation": [-90, 0, 0],
			"translation": [0, 0, -17.5],
			"scale": [2.42, 2.42, 2.42]
		}
	}
}