{
	"credit": "Made with Blockbench",
	"texture_size": [64, 64],
	"textures": {
		"0": "item/geschenk2",
		"particle": "item/geschenk2"
	},
	"elements": [
		{
			"from": [0.5, 8, 6],
			"to": [15.5, 17.5, 10],
			"faces": {
				"north": {"uv": [0, 0, 3.75, 2.5], "texture": "#0"},
				"east": {"uv": [3.75, 2, 4.75, 4.5], "texture": "#0"},
				"south": {"uv": [0, 2.5, 3.75, 5], "texture": "#0"},
				"west": {"uv": [3.75, 4.5, 4.75, 7], "texture": "#0"},
				"up": {"uv": [7.5, 1, 3.75, 0], "texture": "#0"},
				"down": {"uv": [7.5, 1, 3.75, 2], "texture": "#0"}
			}
		},
		{
			"from": [7.25, 8, 5.75],
			"to": [8.75, 17.5, 6],
			"faces": {
				"north": {"uv": [4.75, 2, 5.25, 4.5], "texture": "#0"},
				"east": {"uv": [1, 5, 1.25, 7.5], "texture": "#0"},
				"south": {"uv": [4.75, 4.5, 5.25, 7], "texture": "#0"},
				"west": {"uv": [1.25, 5, 1.5, 7.5], "texture": "#0"},
				"up": {"uv": [7, 5.25, 6.5, 5], "texture": "#0"},
				"down": {"uv": [7, 5.25, 6.5, 5.5], "texture": "#0"}
			}
		},
		{
			"from": [7.25, 8, 10],
			"to": [8.75, 17.5, 10.25],
			"faces": {
				"north": {"uv": [0, 5, 0.5, 7.5], "texture": "#0"},
				"east": {"uv": [1.5, 5, 1.75, 7.5], "texture": "#0"},
				"south": {"uv": [0.5, 5, 1, 7.5], "texture": "#0"},
				"west": {"uv": [1.75, 5, 2, 7.5], "texture": "#0"},
				"up": {"uv": [6, 6.75, 5.5, 6.5], "texture": "#0"},
				"down": {"uv": [7, 6, 6.5, 6.25], "texture": "#0"}
			}
		},
		{
			"from": [15.5, 8, 7.5],
			"to": [15.75, 17.625, 8.5],
			"rotation": {"angle": 0, "axis": "y", "origin": [16.5, 4.75, 10.125]},
			"faces": {
				"north": {"uv": [2, 5, 2.25, 7.5], "texture": "#0"},
				"east": {"uv": [2.25, 5, 2.5, 7.5], "texture": "#0"},
				"south": {"uv": [2.5, 5, 2.75, 7.5], "texture": "#0"},
				"west": {"uv": [2.75, 5, 3, 7.5], "texture": "#0"},
				"up": {"uv": [5, 7.25, 4.75, 7], "texture": "#0"},
				"down": {"uv": [5.25, 7, 5, 7.25], "texture": "#0"}
			}
		},
		{
			"from": [0.25, 8, 7.5],
			"to": [0.5, 17.625, 8.5],
			"rotation": {"angle": 0, "axis": "y", "origin": [16.5, 4.75, 10.125]},
			"faces": {
				"north": {"uv": [3, 5, 3.25, 7.5], "texture": "#0"},
				"east": {"uv": [3.25, 5, 3.5, 7.5], "texture": "#0"},
				"south": {"uv": [3.5, 5, 3.75, 7.5], "texture": "#0"},
				"west": {"uv": [5.25, 5, 5.5, 7.5], "texture": "#0"},
				"up": {"uv": [7.25, 5.25, 7, 5], "texture": "#0"},
				"down": {"uv": [7.25, 5.25, 7, 5.5], "texture": "#0"}
			}
		},
		{
			"from": [0.375, 17.5, 7.625],
			"to": [15.625, 17.75, 8.375],
			"rotation": {"angle": 0, "axis": "z", "origin": [0.375, 4.75, 8]},
			"faces": {
				"north": {"uv": [5.25, 4, 9, 4.25], "texture": "#0"},
				"east": {"uv": [6.75, 7, 7, 7.25], "texture": "#0"},
				"south": {"uv": [5.25, 4.25, 9, 4.5], "texture": "#0"},
				"west": {"uv": [7, 6.75, 7.25, 7], "texture": "#0"},
				"up": {"uv": [9, 4.75, 5.25, 4.5], "texture": "#0"},
				"down": {"uv": [9, 4.75, 5.25, 5], "texture": "#0"}
			}
		},
		{
			"from": [7.375, 17.5, 5.875],
			"to": [8.625, 17.75, 7.625],
			"rotation": {"angle": 0, "axis": "y", "origin": [8, 9.625, 8]},
			"faces": {
				"north": {"uv": [7, 7, 7.25, 7.25], "texture": "#0"},
				"east": {"uv": [6.5, 6.25, 7, 6.5], "texture": "#0"},
				"south": {"uv": [3.75, 7.25, 4, 7.5], "texture": "#0"},
				"west": {"uv": [6.5, 6.5, 7, 6.75], "texture": "#0"},
				"up": {"uv": [5.75, 7.25, 5.5, 6.75], "texture": "#0"},
				"down": {"uv": [6, 6.75, 5.75, 7.25], "texture": "#0"}
			}
		},
		{
			"from": [7.375, 17.5, 8.375],
			"to": [8.625, 17.75, 10.125],
			"rotation": {"angle": 0, "axis": "y", "origin": [8, 9.625, 8]},
			"faces": {
				"north": {"uv": [4, 7.25, 4.25, 7.5], "texture": "#0"},
				"east": {"uv": [6.5, 6.75, 7, 7], "texture": "#0"},
				"south": {"uv": [4.75, 7.25, 5, 7.5], "texture": "#0"},
				"west": {"uv": [3.75, 7, 4.25, 7.25], "texture": "#0"},
				"up": {"uv": [4.5, 7.5, 4.25, 7], "texture": "#0"},
				"down": {"uv": [4.75, 7, 4.5, 7.5], "texture": "#0"}
			}
		},
		{
			"from": [0.375, 7.75, 7.625],
			"to": [15.625, 8, 8.375],
			"rotation": {"angle": 0, "axis": "z", "origin": [0.375, 4.75, 8]},
			"faces": {
				"north": {"uv": [5.25, 4, 9, 4.25], "texture": "#0"},
				"east": {"uv": [6.75, 7, 7, 7.25], "texture": "#0"},
				"south": {"uv": [5.25, 4.25, 9, 4.5], "texture": "#0"},
				"west": {"uv": [7, 6.75, 7.25, 7], "texture": "#0"},
				"up": {"uv": [9, 4.75, 5.25, 4.5], "texture": "#0"},
				"down": {"uv": [9, 4.75, 5.25, 5], "texture": "#0"}
			}
		},
		{
			"from": [7.375, 7.75, 5.875],
			"to": [8.625, 8, 7.625],
			"rotation": {"angle": 0, "axis": "y", "origin": [8, 9.625, 8]},
			"faces": {
				"north": {"uv": [7, 7, 7.25, 7.25], "texture": "#0"},
				"east": {"uv": [6.5, 6.25, 7, 6.5], "texture": "#0"},
				"south": {"uv": [3.75, 7.25, 4, 7.5], "texture": "#0"},
				"west": {"uv": [6.5, 6.5, 7, 6.75], "texture": "#0"},
				"up": {"uv": [5.75, 7.25, 5.5, 6.75], "texture": "#0"},
				"down": {"uv": [6, 6.75, 5.75, 7.25], "texture": "#0"}
			}
		},
		{
			"from": [7.375, 7.75, 8.375],
			"to": [8.625, 8, 10.125],
			"rotation": {"angle": 0, "axis": "y", "origin": [8, 9.625, 8]},
			"faces": {
				"north": {"uv": [4, 7.25, 4.25, 7.5], "texture": "#0"},
				"east": {"uv": [6.5, 6.75, 7, 7], "texture": "#0"},
				"south": {"uv": [4.75, 7.25, 5, 7.5], "texture": "#0"},
				"west": {"uv": [3.75, 7, 4.25, 7.25], "texture": "#0"},
				"up": {"uv": [4.5, 7.5, 4.25, 7], "texture": "#0"},
				"down": {"uv": [4.75, 7, 4.5, 7.5], "texture": "#0"}
			}
		},
		{
			"from": [0.5, 12.25, 5.875],
			"to": [15.5, 13.25, 6],
			"rotation": {"angle": 0, "axis": "y", "origin": [15.5625, 4.75, 6.6875]},
			"faces": {
				"north": {"uv": [5.25, 2, 9, 2.25], "texture": "#0"},
				"east": {"uv": [6, 7, 6.25, 7.25], "texture": "#0"},
				"south": {"uv": [5.25, 2.25, 9, 2.5], "texture": "#0"},
				"west": {"uv": [7, 6, 7.25, 6.25], "texture": "#0"},
				"up": {"uv": [9, 2.75, 5.25, 2.5], "texture": "#0"},
				"down": {"uv": [9, 2.75, 5.25, 3], "texture": "#0"}
			}
		},
		{
			"from": [0.5, 12.25, 10],
			"to": [15.5, 13.25, 10.125],
			"rotation": {"angle": 0, "axis": "y", "origin": [15.5625, 4.75, 6.6875]},
			"faces": {
				"north": {"uv": [5.25, 3, 9, 3.25], "texture": "#0"},
				"east": {"uv": [6.5, 7, 6.75, 7.25], "texture": "#0"},
				"south": {"uv": [5.25, 3.25, 9, 3.5], "texture": "#0"},
				"west": {"uv": [7, 6.5, 7.25, 6.75], "texture": "#0"},
				"up": {"uv": [9, 3.75, 5.25, 3.5], "texture": "#0"},
				"down": {"uv": [9, 3.75, 5.25, 4], "texture": "#0"}
			}
		},
		{
			"from": [15.5, 12.25, 5.875],
			"to": [15.625, 13.25, 10.125],
			"rotation": {"angle": 0, "axis": "x", "origin": [0.375, 4.75, 8.125]},
			"faces": {
				"north": {"uv": [7, 5.5, 7.25, 5.75], "texture": "#0"},
				"east": {"uv": [5.5, 5, 6.5, 5.25], "texture": "#0"},
				"south": {"uv": [7, 5.75, 7.25, 6], "texture": "#0"},
				"west": {"uv": [5.5, 5.25, 6.5, 5.5], "texture": "#0"},
				"up": {"uv": [5.75, 6.5, 5.5, 5.5], "texture": "#0"},
				"down": {"uv": [6, 5.5, 5.75, 6.5], "texture": "#0"}
			}
		},
		{
			"from": [0.375, 12.25, 5.875],
			"to": [0.5, 13.25, 10.125],
			"rotation": {"angle": 0, "axis": "x", "origin": [0.375, 4.75, 8.125]},
			"faces": {
				"north": {"uv": [6.25, 7, 6.5, 7.25], "texture": "#0"},
				"east": {"uv": [6, 5.5, 7, 5.75], "texture": "#0"},
				"south": {"uv": [7, 6.25, 7.25, 6.5], "texture": "#0"},
				"west": {"uv": [6, 5.75, 7, 6], "texture": "#0"},
				"up": {"uv": [6.25, 7, 6, 6], "texture": "#0"},
				"down": {"uv": [6.5, 6, 6.25, 7], "texture": "#0"}
			}
		}
	],
	"display": {
		"thirdperson_righthand": {
			"translation": [-6, 4.75, 0]
		},
		"thirdperson_lefthand": {
			"translation": [-6, 4.75, 0]
		},
		"firstperson_righthand": {
			"rotation": [-2, 0, 0],
			"translation": [-9, 0, -0.5],
			"scale": [1.63, 1, 1]
		},
		"firstperson_lefthand": {
			"rotation": [-2, 0, 0],
			"translation": [-9, 0, -0.5],
			"scale": [1.63, 1, 1]
		},
		"ground": {
			"translation": [0, 4.75, 0],
			"scale": [0.93, 0.93, 0.93]
		},
		"gui": {
			"rotation": [9, 35, 0],
			"translation": [0, 2.75, 0]
		},
		"head": {
			"translation": [0, -27, 0],
			"scale": [2.03, 2.03, 2.03]
		},
		"fixed": {
			"rotation": [-90, 0, 0],
			"translation": [0, 0, -28.75],
			"scale": [3.61, 3.61, 3.61]
		}
	}
}