{
	"credit": "Made with Blockbench",
	"texture_size": [128, 128],
	"textures": {
		"0": "item/geschenk4",
		"particle": "item/geschenk4"
	},
	"elements": [
		{
			"from": [-6, 4, -2],
			"to": [22.5, 24.5, 17.5],
			"rotation": {"angle": 0, "axis": "y", "origin": [0, 4, 0]},
			"faces": {
				"north": {"uv": [0, 0, 3.5625, 2.5625], "texture": "#0"},
				"east": {"uv": [3.625, 5, 6.0625, 7.5625], "texture": "#0"},
				"south": {"uv": [0, 2.625, 3.5625, 5.1875], "texture": "#0"},
				"west": {"uv": [0, 5.25, 2.4375, 7.8125], "texture": "#0"},
				"up": {"uv": [7.1875, 2.4375, 3.625, 0], "texture": "#0"},
				"down": {"uv": [7.1875, 2.5, 3.625, 4.9375], "texture": "#0"}
			}
		},
		{
			"from": [6.5, 4, -2.5],
			"to": [10, 24.75, -2],
			"rotation": {"angle": 0, "axis": "y", "origin": [0, 4, 0]},
			"faces": {
				"north": {"uv": [2.5, 5.25, 2.9375, 7.875], "texture": "#0"},
				"east": {"uv": [6, 7.625, 6.0625, 10.25], "texture": "#0"},
				"south": {"uv": [3, 5.25, 3.4375, 7.875], "texture": "#0"},
				"west": {"uv": [7.75, 0, 7.8125, 2.625], "texture": "#0"},
				"up": {"uv": [8.1875, 3.6875, 7.75, 3.625], "texture": "#0"},
				"down": {"uv": [8.1875, 3.75, 7.75, 3.8125], "texture": "#0"}
			}
		},
		{
			"from": [6.5, 4, 17.5],
			"to": [10, 24.75, 18],
			"rotation": {"angle": 0, "axis": "y", "origin": [0, 4, 0]},
			"faces": {
				"north": {"uv": [6.125, 6, 6.5625, 8.625], "texture": "#0"},
				"east": {"uv": [7.625, 7.75, 7.6875, 10.375], "texture": "#0"},
				"south": {"uv": [6.625, 6, 7.0625, 8.625], "texture": "#0"},
				"west": {"uv": [7.75, 7.75, 7.8125, 10.375], "texture": "#0"},
				"up": {"uv": [8.1875, 3.9375, 7.75, 3.875], "texture": "#0"},
				"down": {"uv": [8.1875, 4, 7.75, 4.0625], "texture": "#0"}
			}
		},
		{
			"from": [22.5, 4, 6],
			"to": [23, 24.75, 9.5],
			"rotation": {"angle": 0, "axis": "y", "origin": [24.25, 14.25, 17.5]},
			"faces": {
				"north": {"uv": [0, 7.875, 0.0625, 10.5], "texture": "#0"},
				"east": {"uv": [7.125, 6, 7.5625, 8.625], "texture": "#0"},
				"south": {"uv": [7.875, 0, 7.9375, 2.625], "texture": "#0"},
				"west": {"uv": [7.25, 0, 7.6875, 2.625], "texture": "#0"},
				"up": {"uv": [3.5625, 5.6875, 3.5, 5.25], "texture": "#0"},
				"down": {"uv": [3.5625, 5.75, 3.5, 6.1875], "texture": "#0"}
			}
		},
		{
			"from": [-6.25, 24.5, 6.125],
			"to": [22.75, 25, 9.375],
			"rotation": {"angle": 0, "axis": "z", "origin": [12.375, 24.75, 7.75]},
			"faces": {
				"north": {"uv": [7.25, 4.875, 10.875, 4.9375], "texture": "#0"},
				"east": {"uv": [7.75, 4.125, 8.1875, 4.1875], "texture": "#0"},
				"south": {"uv": [7.625, 6.625, 11.25, 6.6875], "texture": "#0"},
				"west": {"uv": [7.75, 4.25, 8.1875, 4.3125], "texture": "#0"},
				"up": {"uv": [9.75, 5.4375, 6.125, 5], "texture": "#0"},
				"down": {"uv": [9.75, 5.5, 6.125, 5.9375], "texture": "#0"}
			}
		},
		{
			"from": [6.625, 24.5, -2.25],
			"to": [9.875, 25, 6.125],
			"rotation": {"angle": 0, "axis": "y", "origin": [8.25, 24.75, -3.875]},
			"faces": {
				"north": {"uv": [7.75, 4.375, 8.1875, 4.4375], "texture": "#0"},
				"east": {"uv": [7.75, 2.625, 8.8125, 2.6875], "texture": "#0"},
				"south": {"uv": [7.75, 4.5, 8.1875, 4.5625], "texture": "#0"},
				"west": {"uv": [7.75, 2.75, 8.8125, 2.8125], "texture": "#0"},
				"up": {"uv": [7.6875, 3.6875, 7.25, 2.625], "texture": "#0"},
				"down": {"uv": [7.6875, 3.75, 7.25, 4.8125], "texture": "#0"}
			}
		},
		{
			"from": [6.625, 25, 5.5],
			"to": [9.875, 25.25, 9.875],
			"rotation": {"angle": 0, "axis": "y", "origin": [8.25, 25.25, 1.875]},
			"faces": {
				"north": {"uv": [0.375, 7.875, 0.8125, 7.9375], "texture": "#0"},
				"east": {"uv": [7.75, 3.125, 8.3125, 3.1875], "texture": "#0"},
				"south": {"uv": [0.875, 7.875, 1.3125, 7.9375], "texture": "#0"},
				"west": {"uv": [7.75, 3.25, 8.3125, 3.3125], "texture": "#0"},
				"up": {"uv": [5.9375, 8.1875, 5.5, 7.625], "texture": "#0"},
				"down": {"uv": [8.0625, 6, 7.625, 6.5625], "texture": "#0"}
			}
		},
		{
			"from": [2.125, 24.5, 1],
			"to": [5.375, 24.75, 4.875],
			"rotation": {"angle": 22.5, "axis": "y", "origin": [3.75, 24.625, 3.1875]},
			"faces": {
				"north": {"uv": [1.375, 7.875, 1.8125, 7.9375], "texture": "#0"},
				"east": {"uv": [7.75, 3.375, 8.25, 3.4375], "texture": "#0"},
				"south": {"uv": [1.875, 7.875, 2.3125, 7.9375], "texture": "#0"},
				"west": {"uv": [7.75, 3.5, 8.25, 3.5625], "texture": "#0"},
				"up": {"uv": [8.0625, 7.25, 7.625, 6.75], "texture": "#0"},
				"down": {"uv": [8.0625, 7.25, 7.625, 7.75], "texture": "#0"}
			}
		},
		{
			"from": [2.625, 24.5, 0.5],
			"to": [4.875, 24.75, 1],
			"rotation": {"angle": 22.5, "axis": "y", "origin": [3.75, 24.625, 3.1875]},
			"faces": {
				"north": {"uv": [2.375, 7.875, 2.6875, 7.9375], "texture": "#0"},
				"east": {"uv": [3.5, 7.5, 3.5625, 7.5625], "texture": "#0"},
				"south": {"uv": [2.75, 7.875, 3.0625, 7.9375], "texture": "#0"},
				"west": {"uv": [0.625, 8, 0.6875, 8.0625], "texture": "#0"},
				"up": {"uv": [3.4375, 7.9375, 3.125, 7.875], "texture": "#0"},
				"down": {"uv": [8.1875, 7.75, 7.875, 7.8125], "texture": "#0"}
			}
		},
		{
			"from": [2.625, 24.5, 4.875],
			"to": [4.875, 24.75, 5.375],
			"rotation": {"angle": 22.5, "axis": "y", "origin": [3.75, 24.625, 3.1875]},
			"faces": {
				"north": {"uv": [7.875, 7.875, 8.1875, 7.9375], "texture": "#0"},
				"east": {"uv": [0.875, 8, 0.9375, 8.0625], "texture": "#0"},
				"south": {"uv": [8, 0, 8.3125, 0.0625], "texture": "#0"},
				"west": {"uv": [8, 0.875, 8.0625, 0.9375], "texture": "#0"},
				"up": {"uv": [8.3125, 0.1875, 8, 0.125], "texture": "#0"},
				"down": {"uv": [8.3125, 0.25, 8, 0.3125], "texture": "#0"}
			}
		},
		{
			"from": [2.875, 24.5, 5.125],
			"to": [3.125, 24.75, 7.125],
			"rotation": {"angle": 45, "axis": "y", "origin": [3.75, 24.625, 3.1875]},
			"faces": {
				"north": {"uv": [0.75, 8, 0.8125, 8.0625], "texture": "#0"},
				"east": {"uv": [0.375, 8, 0.625, 8.0625], "texture": "#0"},
				"south": {"uv": [8, 0.75, 8.0625, 0.8125], "texture": "#0"},
				"west": {"uv": [8, 0.375, 8.25, 0.4375], "texture": "#0"},
				"up": {"uv": [3.5625, 7.5, 3.5, 7.25], "texture": "#0"},
				"down": {"uv": [8.0625, 0.5, 8, 0.75], "texture": "#0"}
			}
		},
		{
			"from": [6.625, 24.5, 9.375],
			"to": [9.875, 25, 17.75],
			"rotation": {"angle": 0, "axis": "y", "origin": [8.25, 24.75, 8]},
			"faces": {
				"north": {"uv": [7.75, 4.625, 8.1875, 4.6875], "texture": "#0"},
				"east": {"uv": [7.75, 2.875, 8.8125, 2.9375], "texture": "#0"},
				"south": {"uv": [7.75, 4.75, 8.1875, 4.8125], "texture": "#0"},
				"west": {"uv": [7.75, 3, 8.8125, 3.0625], "texture": "#0"},
				"up": {"uv": [4.9375, 8.6875, 4.5, 7.625], "texture": "#0"},
				"down": {"uv": [5.4375, 7.625, 5, 8.6875], "texture": "#0"}
			}
		},
		{
			"from": [-6.5, 4, 6],
			"to": [-6, 24.75, 9.5],
			"rotation": {"angle": 0, "axis": "y", "origin": [24.25, 14.25, 17.5]},
			"faces": {
				"north": {"uv": [0.125, 7.875, 0.1875, 10.5], "texture": "#0"},
				"east": {"uv": [3.5, 7.625, 3.9375, 10.25], "texture": "#0"},
				"south": {"uv": [0.25, 7.875, 0.3125, 10.5], "texture": "#0"},
				"west": {"uv": [4, 7.625, 4.4375, 10.25], "texture": "#0"},
				"up": {"uv": [3.5625, 6.6875, 3.5, 6.25], "texture": "#0"},
				"down": {"uv": [3.5625, 6.75, 3.5, 7.1875], "texture": "#0"}
			}
		}
	],
	"display": {
		"thirdperson_righthand": {
			"translation": [-6.25, 2.75, 0],
			"scale": [0.6, 0.6, 0.6]
		},
		"thirdperson_lefthand": {
			"translation": [-6.25, 2.75, 0],
			"scale": [0.6, 0.6, 0.6]
		},
		"firstperson_righthand": {
			"translation": [-9.25, -0.5, 0],
			"scale": [0.63, 0.63, 0.63]
		},
		"firstperson_lefthand": {
			"translation": [-9.25, -0.5, 0],
			"scale": [0.63, 0.63, 0.63]
		},
		"ground": {
			"translation": [0, 2.25, 0],
			"scale": [0.55, 0.55, 0.55]
		},
		"gui": {
			"rotation": [9, 17, 0],
			"translation": [0, -1.75, 0],
			"scale": [0.49, 0.49, 0.49]
		},
		"head": {
			"translation": [0, -33.75, 0],
			"scale": [1.19, 1.19, 1.19]
		},
		"fixed": {
			"rotation": [-90, 0, 0],
			"translation": [0, 0, -13.5],
			"scale": [1.72, 1.72, 1.72]
		}
	}
}