{
	"credit": "Made by Skyblock Squad",
	"textures": {
		"0": "item/news",
		"particle": "item/news"
	},
	"elements": [
		{
			"from": [2, -16, -16],
			"to": [2, 32, 32],
			"faces": {
				"north": {"uv": [0, 0, 0, 16], "texture": "#missing"},
				"east": {"uv": [0, 0, 16, 16], "texture": "#0"},
				"south": {"uv": [0, 0, 0, 16], "texture": "#missing"},
				"west": {"uv": [0, 0, 16, 16], "texture": "#0"},
				"up": {"uv": [0, 0, 0, 16], "texture": "#missing"},
				"down": {"uv": [0, 0, 0, 16], "texture": "#missing"}
			}
		}
	],
	"display": {
		"head": {
			"translation": [6.25, 0, 0]
		}
	}
}