{
	"credit": "Made by Skyblock Squad",
	"texture_size": [32, 32],
	"textures": {
		"1": "item/ramensign",
		"2": "item/ramen",
		"particle": "item/ramen"
	},
	"elements": [
		{
			"from": [8.25, 6, -15],
			"to": [10.25, 6.5, -14.5],
			"rotation": {"angle": 0, "axis": "y", "origin": [8.25, -2, -9]},
			"faces": {
				"north": {"uv": [12, 4, 13, 4.25], "texture": "#1"},
				"east": {"uv": [12.5, 2, 12.75, 2.25], "texture": "#1"},
				"south": {"uv": [12, 4.5, 13, 4.75], "texture": "#1"},
				"west": {"uv": [2.5, 12.5, 2.75, 12.75], "texture": "#1"},
				"up": {"uv": [6, 12.25, 5, 12], "texture": "#1"},
				"down": {"uv": [13, 5, 12, 5.25], "texture": "#1"}
			}
		},
		{
			"from": [8.25, 11, -14.5],
			"to": [10.25, 12, -10.5],
			"rotation": {"angle": 0, "axis": "y", "origin": [8.25, -2, -9]},
			"faces": {
				"north": {"uv": [9.5, 2.5, 10.5, 3], "texture": "#1"},
				"east": {"uv": [1, 7.5, 3, 8], "texture": "#1"},
				"south": {"uv": [3, 9.5, 4, 10], "texture": "#1"},
				"west": {"uv": [7.5, 1, 9.5, 1.5], "texture": "#1"},
				"up": {"uv": [5, 7, 4, 5], "texture": "#1"},
				"down": {"uv": [6, 5, 5, 7], "texture": "#1"}
			}
		},
		{
			"from": [8.25, 9, -2.5],
			"to": [10.25, 10, 3],
			"rotation": {"angle": 0, "axis": "y", "origin": [8.25, -2, -10]},
			"faces": {
				"north": {"uv": [9.5, 10, 10.5, 10.5], "texture": "#1"},
				"east": {"uv": [6, 6.5, 8.75, 7], "texture": "#1"},
				"south": {"uv": [0, 10.5, 1, 11], "texture": "#1"},
				"west": {"uv": [7, 0, 9.75, 0.5], "texture": "#1"},
				"up": {"uv": [3, 2.75, 2, 0], "texture": "#1"},
				"down": {"uv": [1, 3, 0, 5.75], "texture": "#1"}
			}
		},
		{
			"from": [8.25, 11, -2],
			"to": [10.25, 12, 2.5],
			"rotation": {"angle": 0, "axis": "y", "origin": [8.25, -2, -10]},
			"faces": {
				"north": {"uv": [1, 10.5, 2, 11], "texture": "#1"},
				"east": {"uv": [6, 7, 8.25, 7.5], "texture": "#1"},
				"south": {"uv": [10.5, 1, 11.5, 1.5], "texture": "#1"},
				"west": {"uv": [7.5, 0.5, 9.75, 1], "texture": "#1"},
				"up": {"uv": [6, 2.25, 5, 0], "texture": "#1"},
				"down": {"uv": [6, 2.5, 5, 4.75], "texture": "#1"}
			}
		},
		{
			"from": [8.245, 7, -14.5],
			"to": [10.245, 8, -11],
			"rotation": {"angle": 45, "axis": "x", "origin": [8.25, 6.5, -12.5]},
			"faces": {
				"north": {"uv": [10, 6.5, 11, 7], "texture": "#1"},
				"east": {"uv": [0, 8, 1.75, 8.5], "texture": "#1"},
				"south": {"uv": [10, 7, 11, 7.5], "texture": "#1"},
				"west": {"uv": [8, 7.5, 9.75, 8], "texture": "#1"},
				"up": {"uv": [3, 7.25, 2, 5.5], "texture": "#1"},
				"down": {"uv": [4, 5.5, 3, 7.25], "texture": "#1"}
			}
		},
		{
			"from": [8.25, 9.5, -11],
			"to": [10.25, 11, -10],
			"rotation": {"angle": 0, "axis": "y", "origin": [8.25, -2, -9]},
			"faces": {
				"north": {"uv": [2, 8, 3, 8.75], "texture": "#1"},
				"east": {"uv": [8, 11, 8.5, 11.75], "texture": "#1"},
				"south": {"uv": [8.5, 1.5, 9.5, 2.25], "texture": "#1"},
				"west": {"uv": [8.5, 11, 9, 11.75], "texture": "#1"},
				"up": {"uv": [10.5, 6.5, 9.5, 6], "texture": "#1"},
				"down": {"uv": [9.5, 9.5, 8.5, 10], "texture": "#1"}
			}
		},
		{
			"from": [8.25, 8, 2],
			"to": [10.25, 9, 3],
			"rotation": {"angle": 0, "axis": "y", "origin": [8.25, -2, -10]},
			"faces": {
				"north": {"uv": [10.5, 1.5, 11.5, 2], "texture": "#1"},
				"east": {"uv": [6, 12, 6.5, 12.5], "texture": "#1"},
				"south": {"uv": [2, 10.5, 3, 11], "texture": "#1"},
				"west": {"uv": [6.5, 12, 7, 12.5], "texture": "#1"},
				"up": {"uv": [11.5, 2.5, 10.5, 2], "texture": "#1"},
				"down": {"uv": [11.5, 2.5, 10.5, 3], "texture": "#1"}
			}
		},
		{
			"from": [8.25, 8, 4.25],
			"to": [10.25, 9, 6.25],
			"rotation": {"angle": 0, "axis": "y", "origin": [8.25, -2, -10.75]},
			"faces": {
				"north": {"uv": [9, 10.5, 10, 11], "texture": "#1"},
				"east": {"uv": [10.5, 9, 11.5, 9.5], "texture": "#1"},
				"south": {"uv": [10.5, 9.5, 11.5, 10], "texture": "#1"},
				"west": {"uv": [10, 10.5, 11, 11], "texture": "#1"},
				"up": {"uv": [7, 8.5, 6, 7.5], "texture": "#1"},
				"down": {"uv": [8, 7.5, 7, 8.5], "texture": "#1"}
			}
		},
		{
			"from": [8.25, 6, 10.25],
			"to": [10.25, 11, 11.25],
			"rotation": {"angle": 45, "axis": "x", "origin": [8.25, 11, 10.25]},
			"faces": {
				"north": {"uv": [2, 3, 3, 5.5], "texture": "#1"},
				"east": {"uv": [4, 7, 4.5, 9.5], "texture": "#1"},
				"south": {"uv": [3, 3, 4, 5.5], "texture": "#1"},
				"west": {"uv": [4.5, 7, 5, 9.5], "texture": "#1"},
				"up": {"uv": [11.5, 10.5, 10.5, 10], "texture": "#1"},
				"down": {"uv": [1, 11, 0, 11.5], "texture": "#1"}
			}
		},
		{
			"from": [8.25, 5, 11.25],
			"to": [10.25, 10, 12.25],
			"rotation": {"angle": -22.5, "axis": "x", "origin": [8.25, 11, 10.25]},
			"faces": {
				"north": {"uv": [4, 0, 5, 2.5], "texture": "#1"},
				"east": {"uv": [5, 7, 5.5, 9.5], "texture": "#1"},
				"south": {"uv": [4, 2.5, 5, 5], "texture": "#1"},
				"west": {"uv": [5.5, 7, 6, 9.5], "texture": "#1"},
				"up": {"uv": [12, 0.5, 11, 0], "texture": "#1"},
				"down": {"uv": [12, 0.5, 11, 1], "texture": "#1"}
			}
		},
		{
			"from": [8.25, 7, 1.5],
			"to": [10.25, 8, 2.5],
			"rotation": {"angle": 0, "axis": "y", "origin": [8.25, -2, -10]},
			"faces": {
				"north": {"uv": [3, 10.5, 4, 11], "texture": "#1"},
				"east": {"uv": [12, 6.5, 12.5, 7], "texture": "#1"},
				"south": {"uv": [4, 10.5, 5, 11], "texture": "#1"},
				"west": {"uv": [7, 12, 7.5, 12.5], "texture": "#1"},
				"up": {"uv": [11.5, 4.5, 10.5, 4], "texture": "#1"},
				"down": {"uv": [6, 10.5, 5, 11], "texture": "#1"}
			}
		},
		{
			"from": [8.25, 6, 0],
			"to": [10.25, 7, 1.5],
			"rotation": {"angle": 0, "axis": "y", "origin": [8.25, -2, -10]},
			"faces": {
				"north": {"uv": [10.5, 5.5, 11.5, 6], "texture": "#1"},
				"east": {"uv": [11, 11, 11.75, 11.5], "texture": "#1"},
				"south": {"uv": [6, 10.5, 7, 11], "texture": "#1"},
				"west": {"uv": [0, 11.5, 0.75, 12], "texture": "#1"},
				"up": {"uv": [9.5, 9.25, 8.5, 8.5], "texture": "#1"},
				"down": {"uv": [1, 9, 0, 9.75], "texture": "#1"}
			}
		},
		{
			"from": [8.25, 5, -2],
			"to": [10.25, 6, 0],
			"rotation": {"angle": 0, "axis": "y", "origin": [8.25, -2, -10]},
			"faces": {
				"north": {"uv": [10.5, 6, 11.5, 6.5], "texture": "#1"},
				"east": {"uv": [7, 10.5, 8, 11], "texture": "#1"},
				"south": {"uv": [8, 10.5, 9, 11], "texture": "#1"},
				"west": {"uv": [10.5, 8.5, 11.5, 9], "texture": "#1"},
				"up": {"uv": [8.5, 5.5, 7.5, 4.5], "texture": "#1"},
				"down": {"uv": [8.5, 5.5, 7.5, 6.5], "texture": "#1"}
			}
		},
		{
			"from": [8.25, 8, -11.5],
			"to": [10.25, 9.5, -10.5],
			"rotation": {"angle": 0, "axis": "y", "origin": [8.25, -2, -9]},
			"faces": {
				"north": {"uv": [8.5, 2.5, 9.5, 3.25], "texture": "#1"},
				"east": {"uv": [9, 11, 9.5, 11.75], "texture": "#1"},
				"south": {"uv": [3, 8.5, 4, 9.25], "texture": "#1"},
				"west": {"uv": [9.5, 11, 10, 11.75], "texture": "#1"},
				"up": {"uv": [10.5, 9, 9.5, 8.5], "texture": "#1"},
				"down": {"uv": [10.5, 9, 9.5, 9.5], "texture": "#1"}
			}
		},
		{
			"from": [8.25, 6.5, -12.5],
			"to": [10.25, 8, -11.5],
			"rotation": {"angle": 0, "axis": "y", "origin": [8.25, -2, -9]},
			"faces": {
				"north": {"uv": [8.5, 3.5, 9.5, 4.25], "texture": "#1"},
				"east": {"uv": [10, 11, 10.5, 11.75], "texture": "#1"},
				"south": {"uv": [8.5, 4.5, 9.5, 5.25], "texture": "#1"},
				"west": {"uv": [10.5, 11, 11, 11.75], "texture": "#1"},
				"up": {"uv": [10.5, 10, 9.5, 9.5], "texture": "#1"},
				"down": {"uv": [1, 10, 0, 10.5], "texture": "#1"}
			}
		},
		{
			"from": [8.25, 6, -13.5],
			"to": [10.25, 7, -12.5],
			"rotation": {"angle": 0, "axis": "y", "origin": [8.25, -2, -9]},
			"faces": {
				"north": {"uv": [10, 0, 11, 0.5], "texture": "#1"},
				"east": {"uv": [6.5, 9.5, 7, 10], "texture": "#1"},
				"south": {"uv": [10, 0.5, 11, 1], "texture": "#1"},
				"west": {"uv": [11.5, 4, 12, 4.5], "texture": "#1"},
				"up": {"uv": [2, 10.5, 1, 10], "texture": "#1"},
				"down": {"uv": [3, 10, 2, 10.5], "texture": "#1"}
			}
		},
		{
			"from": [8.25, 5.5, -14.5],
			"to": [10.25, 6.5, -13.5],
			"rotation": {"angle": 0, "axis": "y", "origin": [8.25, -2, -9]},
			"faces": {
				"north": {"uv": [3, 10, 4, 10.5], "texture": "#1"},
				"east": {"uv": [5, 11.5, 5.5, 12], "texture": "#1"},
				"south": {"uv": [10, 3, 11, 3.5], "texture": "#1"},
				"west": {"uv": [5.5, 11.5, 6, 12], "texture": "#1"},
				"up": {"uv": [11, 4, 10, 3.5], "texture": "#1"},
				"down": {"uv": [5, 10, 4, 10.5], "texture": "#1"}
			}
		},
		{
			"from": [8.25, 5, -16],
			"to": [10.25, 6, -14.5],
			"rotation": {"angle": 0, "axis": "y", "origin": [8.25, -2, -9]},
			"faces": {
				"north": {"uv": [10, 4.5, 11, 5], "texture": "#1"},
				"east": {"uv": [11, 8, 11.75, 8.5], "texture": "#1"},
				"south": {"uv": [10, 5, 11, 5.5], "texture": "#1"},
				"west": {"uv": [11, 10.5, 11.75, 11], "texture": "#1"},
				"up": {"uv": [9.5, 6.25, 8.5, 5.5], "texture": "#1"},
				"down": {"uv": [7, 8.5, 6, 9.25], "texture": "#1"}
			}
		},
		{
			"from": [8.25, 5, -6.5],
			"to": [10.25, 10.5, -5.5],
			"rotation": {"angle": 0, "axis": "y", "origin": [8.25, -2, -9]},
			"faces": {
				"north": {"uv": [0, 0, 1, 2.75], "texture": "#1"},
				"east": {"uv": [6, 3.5, 6.5, 6.25], "texture": "#1"},
				"south": {"uv": [1, 0, 2, 2.75], "texture": "#1"},
				"west": {"uv": [6.5, 3.5, 7, 6.25], "texture": "#1"},
				"up": {"uv": [10, 7, 9, 6.5], "texture": "#1"},
				"down": {"uv": [10.5, 2, 9.5, 2.5], "texture": "#1"}
			}
		},
		{
			"from": [8.255, 10, -8.5],
			"to": [10.255, 11, -5.5],
			"rotation": {"angle": -22.5, "axis": "x", "origin": [8.25, 9, -6]},
			"faces": {
				"north": {"uv": [7.5, 10, 8.5, 10.5], "texture": "#1"},
				"east": {"uv": [7, 8.5, 8.5, 9], "texture": "#1"},
				"south": {"uv": [10, 7.5, 11, 8], "texture": "#1"},
				"west": {"uv": [8.5, 7, 10, 7.5], "texture": "#1"},
				"up": {"uv": [2, 7.5, 1, 6], "texture": "#1"},
				"down": {"uv": [7, 2, 6, 3.5], "texture": "#1"}
			}
		},
		{
			"from": [8.26, 10.11418, -6.07403],
			"to": [10.26, 11.11418, -2.57403],
			"rotation": {"angle": -45, "axis": "x", "origin": [8.15, 10.5, -6]},
			"faces": {
				"north": {"uv": [10, 8, 11, 8.5], "texture": "#1"},
				"east": {"uv": [8, 8, 9.75, 8.5], "texture": "#1"},
				"south": {"uv": [8.5, 10, 9.5, 10.5], "texture": "#1"},
				"west": {"uv": [0, 8.5, 1.75, 9], "texture": "#1"},
				"up": {"uv": [1, 7.75, 0, 6], "texture": "#1"},
				"down": {"uv": [7, 0, 6, 1.75], "texture": "#1"}
			}
		},
		{
			"from": [8.253, 9, -15.5],
			"to": [10.253, 11, -14.5],
			"rotation": {"angle": 45, "axis": "x", "origin": [8.25, 11, -14.5]},
			"faces": {
				"north": {"uv": [3, 7.5, 4, 8.5], "texture": "#1"},
				"east": {"uv": [9.5, 4.5, 10, 5.5], "texture": "#1"},
				"south": {"uv": [7.5, 3.5, 8.5, 4.5], "texture": "#1"},
				"west": {"uv": [5, 9.5, 5.5, 10.5], "texture": "#1"},
				"up": {"uv": [6.5, 10, 5.5, 9.5], "texture": "#1"},
				"down": {"uv": [10.5, 5.5, 9.5, 6], "texture": "#1"}
			}
		},
		{
			"from": [8.25, 11, -10.5],
			"to": [10.25, 11.5, -10],
			"rotation": {"angle": 0, "axis": "y", "origin": [8.25, -2, -9]},
			"faces": {
				"north": {"uv": [11.5, 2, 12.5, 2.25], "texture": "#1"},
				"east": {"uv": [11.5, 12, 11.75, 12.25], "texture": "#1"},
				"south": {"uv": [11.5, 2.5, 12.5, 2.75], "texture": "#1"},
				"west": {"uv": [12, 11.5, 12.25, 11.75], "texture": "#1"},
				"up": {"uv": [4, 11.75, 3, 11.5], "texture": "#1"},
				"down": {"uv": [5, 11.5, 4, 11.75], "texture": "#1"}
			}
		},
		{
			"from": [8.245, 11, -15.5],
			"to": [10.245, 13, -14.5],
			"rotation": {"angle": 22.5, "axis": "x", "origin": [8.25, 11, -14.5]},
			"faces": {
				"north": {"uv": [7.5, 1.5, 8.5, 2.5], "texture": "#1"},
				"east": {"uv": [8, 9, 8.5, 10], "texture": "#1"},
				"south": {"uv": [7.5, 2.5, 8.5, 3.5], "texture": "#1"},
				"west": {"uv": [9.5, 3, 10, 4], "texture": "#1"},
				"up": {"uv": [5, 10, 4, 9.5], "texture": "#1"},
				"down": {"uv": [10.5, 4, 9.5, 4.5], "texture": "#1"}
			}
		},
		{
			"from": [8.25, 7, -11.5],
			"to": [10.25, 8, -11],
			"rotation": {"angle": 0, "axis": "y", "origin": [8.25, -2, -9]},
			"faces": {
				"north": {"uv": [5.5, 10, 6.5, 10.5], "texture": "#1"},
				"east": {"uv": [12, 10.5, 12.25, 11], "texture": "#1"},
				"south": {"uv": [6.5, 10, 7.5, 10.5], "texture": "#1"},
				"west": {"uv": [12, 11, 12.25, 11.5], "texture": "#1"},
				"up": {"uv": [12.5, 5.75, 11.5, 5.5], "texture": "#1"},
				"down": {"uv": [7, 11.5, 6, 11.75], "texture": "#1"}
			}
		},
		{
			"from": [8.25, 9, -10.5],
			"to": [10.25, 9.5, -10],
			"rotation": {"angle": 0, "axis": "y", "origin": [8.25, -2, -9]},
			"faces": {
				"north": {"uv": [11.5, 6, 12.5, 6.25], "texture": "#1"},
				"east": {"uv": [12, 12, 12.25, 12.25], "texture": "#1"},
				"south": {"uv": [7, 11.5, 8, 11.75], "texture": "#1"},
				"west": {"uv": [0, 12.5, 0.25, 12.75], "texture": "#1"},
				"up": {"uv": [12.5, 8.75, 11.5, 8.5], "texture": "#1"},
				"down": {"uv": [12.5, 9, 11.5, 9.25], "texture": "#1"}
			}
		},
		{
			"from": [8.25, 9.5, -11.5],
			"to": [10.25, 10, -11],
			"rotation": {"angle": 0, "axis": "y", "origin": [8.25, -2, -9]},
			"faces": {
				"north": {"uv": [3, 12, 4, 12.25], "texture": "#1"},
				"east": {"uv": [12.5, 1.5, 12.75, 1.75], "texture": "#1"},
				"south": {"uv": [12, 3, 13, 3.25], "texture": "#1"},
				"west": {"uv": [2, 12.5, 2.25, 12.75], "texture": "#1"},
				"up": {"uv": [13, 3.75, 12, 3.5], "texture": "#1"},
				"down": {"uv": [5, 12, 4, 12.25], "texture": "#1"}
			}
		},
		{
			"from": [8.25, 8, -12],
			"to": [10.25, 8.5, -11.5],
			"rotation": {"angle": 0, "axis": "y", "origin": [8.25, -2, -9]},
			"faces": {
				"north": {"uv": [11.5, 9.5, 12.5, 9.75], "texture": "#1"},
				"east": {"uv": [0.5, 12.5, 0.75, 12.75], "texture": "#1"},
				"south": {"uv": [11.5, 10, 12.5, 10.25], "texture": "#1"},
				"west": {"uv": [1, 12.5, 1.25, 12.75], "texture": "#1"},
				"up": {"uv": [12, 11.75, 11, 11.5], "texture": "#1"},
				"down": {"uv": [1, 12, 0, 12.25], "texture": "#1"}
			}
		},
		{
			"from": [8.25, 7, -13],
			"to": [10.25, 7.5, -12.5],
			"rotation": {"angle": 0, "axis": "y", "origin": [8.25, -2, -9]},
			"faces": {
				"north": {"uv": [12, 0, 13, 0.25], "texture": "#1"},
				"east": {"uv": [12.5, 1, 12.75, 1.25], "texture": "#1"},
				"south": {"uv": [12, 0.5, 13, 0.75], "texture": "#1"},
				"west": {"uv": [1.5, 12.5, 1.75, 12.75], "texture": "#1"},
				"up": {"uv": [2, 12.25, 1, 12], "texture": "#1"},
				"down": {"uv": [3, 12, 2, 12.25], "texture": "#1"}
			}
		},
		{
			"from": [8.25, 7.5, 17.75],
			"to": [10.25, 13, 18.75],
			"rotation": {"angle": 0, "axis": "y", "origin": [8.25, -2, -11.75]},
			"faces": {
				"north": {"uv": [3, 0, 4, 2.75], "texture": "#1"},
				"east": {"uv": [7, 0.5, 7.5, 3.25], "texture": "#1"},
				"south": {"uv": [1, 3, 2, 5.75], "texture": "#1"},
				"west": {"uv": [7, 3.5, 7.5, 6.25], "texture": "#1"},
				"up": {"uv": [2, 11.5, 1, 11], "texture": "#1"},
				"down": {"uv": [3, 11, 2, 11.5], "texture": "#1"}
			}
		},
		{
			"from": [8.25, 9.5, 16.25],
			"to": [10.25, 10.5, 17.75],
			"rotation": {"angle": 0, "axis": "y", "origin": [8.25, -2, -11.75]},
			"faces": {
				"north": {"uv": [11, 6.5, 12, 7], "texture": "#1"},
				"east": {"uv": [1, 11.5, 1.75, 12], "texture": "#1"},
				"south": {"uv": [7, 11, 8, 11.5], "texture": "#1"},
				"west": {"uv": [11.5, 1, 12.25, 1.5], "texture": "#1"},
				"up": {"uv": [2, 9.75, 1, 9], "texture": "#1"},
				"down": {"uv": [3, 9, 2, 9.75], "texture": "#1"}
			}
		},
		{
			"from": [8.25, 9.5, 18.75],
			"to": [10.25, 10.5, 20.25],
			"rotation": {"angle": 0, "axis": "y", "origin": [8.25, -2, -11.75]},
			"faces": {
				"north": {"uv": [11, 7, 12, 7.5], "texture": "#1"},
				"east": {"uv": [11.5, 1.5, 12.25, 2], "texture": "#1"},
				"south": {"uv": [11, 7.5, 12, 8], "texture": "#1"},
				"west": {"uv": [2, 11.5, 2.75, 12], "texture": "#1"},
				"up": {"uv": [8, 9.75, 7, 9], "texture": "#1"},
				"down": {"uv": [10.5, 1, 9.5, 1.75], "texture": "#1"}
			}
		},
		{
			"from": [8.25, 6.5, 17.25],
			"to": [10.25, 7.5, 18.25],
			"rotation": {"angle": 0, "axis": "y", "origin": [8.25, -2, -11.75]},
			"faces": {
				"north": {"uv": [3, 11, 4, 11.5], "texture": "#1"},
				"east": {"uv": [12, 7, 12.5, 7.5], "texture": "#1"},
				"south": {"uv": [11, 3, 12, 3.5], "texture": "#1"},
				"west": {"uv": [7.5, 12, 8, 12.5], "texture": "#1"},
				"up": {"uv": [12, 4, 11, 3.5], "texture": "#1"},
				"down": {"uv": [5, 11, 4, 11.5], "texture": "#1"}
			}
		},
		{
			"from": [8.25, 5.5, 16.25],
			"to": [10.25, 6.5, 17.25],
			"rotation": {"angle": 0, "axis": "y", "origin": [8.25, -2, -11.75]},
			"faces": {
				"north": {"uv": [11, 4.5, 12, 5], "texture": "#1"},
				"east": {"uv": [12, 7.5, 12.5, 8], "texture": "#1"},
				"south": {"uv": [5, 11, 6, 11.5], "texture": "#1"},
				"west": {"uv": [8, 12, 8.5, 12.5], "texture": "#1"},
				"up": {"uv": [12, 5.5, 11, 5], "texture": "#1"},
				"down": {"uv": [7, 11, 6, 11.5], "texture": "#1"}
			}
		},
		{
			"from": [8.25, 6, 17.25],
			"to": [10.25, 6.5, 17.75],
			"rotation": {"angle": 0, "axis": "y", "origin": [8.25, -2, -11.75]},
			"faces": {
				"north": {"uv": [12, 8, 13, 8.25], "texture": "#1"},
				"east": {"uv": [12.5, 2.5, 12.75, 2.75], "texture": "#1"},
				"south": {"uv": [8.5, 12, 9.5, 12.25], "texture": "#1"},
				"west": {"uv": [3, 12.5, 3.25, 12.75], "texture": "#1"},
				"up": {"uv": [10.5, 12.25, 9.5, 12], "texture": "#1"},
				"down": {"uv": [11.5, 12, 10.5, 12.25], "texture": "#1"}
			}
		},
		{
			"from": [10, 4.5, 22],
			"to": [10, 12.5, 30.5],
			"rotation": {"angle": 0, "axis": "y", "origin": [9, 8, 28]},
			"faces": {
				"north": {"uv": [0, 0, 0, 4], "texture": "#missing"},
				"east": {"uv": [16, 0, 0, 16], "texture": "#2"},
				"south": {"uv": [0, 0, 0, 4], "texture": "#missing"},
				"west": {"uv": [0, 0, 16, 16], "texture": "#2"},
				"up": {"uv": [0, 0, 0, 4.25], "texture": "#missing"},
				"down": {"uv": [0, 0, 0, 4.25], "texture": "#missing"}
			}
		}
	],
	"groups": [
		{
			"name": "group",
			"origin": [4, 0, -11.75],
			"color": 0,
			"nbt": "{}",
			"children": [0, 1, 2, 3, 4, 5, 6, 7, 8, 9, 10, 11, 12, 13, 14, 15, 16, 17, 18, 19, 20, 21, 22, 23, 24, 25, 26, 27, 28, 29, 30, 31, 32, 33, 34, 35]
		}
	]
}