{
	"credit": "Made by Skyblock Squad",
	"textures": {
		"0": "block/spruce_trapdoor",
		"1": "item/sbsnameplate",
		"2": "block/spruce_planks",
		"particle": "item/sbsnameplate"
	},
	"elements": [
		{
			"from": [-1.5, 0, -16],
			"to": [0, 8, -8],
			"rotation": {"angle": 0, "axis": "y", "origin": [-8, 0, -8]},
			"faces": {
				"north": {"uv": [0, 3, 16, 0], "rotation": 90, "texture": "#0"},
				"east": {"uv": [0, 16, 16, 0], "texture": "#0"},
				"south": {"uv": [0, 0, 16, 3], "rotation": 90, "texture": "#0"},
				"west": {"uv": [0, 16, 16, 0], "texture": "#0"},
				"up": {"uv": [0, 3, 16, 0], "rotation": 270, "texture": "#0"},
				"down": {"uv": [0, 0, 16, 3], "rotation": 90, "texture": "#0"}
			}
		},
		{
			"from": [-1.5, 0, -8],
			"to": [0, 8, 0],
			"rotation": {"angle": 0, "axis": "y", "origin": [-8, 0, -8]},
			"faces": {
				"north": {"uv": [0, 3, 16, 0], "rotation": 90, "texture": "#0"},
				"east": {"uv": [0, 16, 16, 0], "texture": "#0"},
				"south": {"uv": [0, 0, 16, 3], "rotation": 90, "texture": "#0"},
				"west": {"uv": [0, 16, 16, 0], "texture": "#0"},
				"up": {"uv": [0, 3, 16, 0], "rotation": 270, "texture": "#0"},
				"down": {"uv": [0, 0, 16, 3], "rotation": 90, "texture": "#0"}
			}
		},
		{
			"from": [-1.5, 0, 0],
			"to": [0, 8, 8],
			"rotation": {"angle": 0, "axis": "y", "origin": [-8, 0, -8]},
			"faces": {
				"north": {"uv": [0, 3, 16, 0], "rotation": 90, "texture": "#0"},
				"east": {"uv": [0, 16, 16, 0], "texture": "#0"},
				"south": {"uv": [0, 0, 16, 3], "rotation": 90, "texture": "#0"},
				"west": {"uv": [0, 16, 16, 0], "texture": "#0"},
				"up": {"uv": [0, 3, 16, 0], "rotation": 270, "texture": "#0"},
				"down": {"uv": [0, 0, 16, 3], "rotation": 90, "texture": "#0"}
			}
		},
		{
			"from": [-1.5, 0, 8],
			"to": [0, 8, 16],
			"rotation": {"angle": 0, "axis": "y", "origin": [-8, 0, -8]},
			"faces": {
				"north": {"uv": [0, 3, 16, 0], "rotation": 90, "texture": "#0"},
				"east": {"uv": [0, 16, 16, 0], "texture": "#0"},
				"south": {"uv": [0, 0, 16, 3], "rotation": 90, "texture": "#0"},
				"west": {"uv": [0, 16, 16, 0], "texture": "#0"},
				"up": {"uv": [0, 3, 16, 0], "rotation": 270, "texture": "#0"},
				"down": {"uv": [0, 0, 16, 3], "rotation": 90, "texture": "#0"}
			}
		},
		{
			"from": [-1.5, 0, 16],
			"to": [0, 8, 24],
			"rotation": {"angle": 0, "axis": "y", "origin": [-8, 0, -8]},
			"faces": {
				"north": {"uv": [0, 3, 16, 0], "rotation": 90, "texture": "#0"},
				"east": {"uv": [0, 16, 16, 0], "texture": "#0"},
				"south": {"uv": [0, 0, 16, 3], "rotation": 90, "texture": "#0"},
				"west": {"uv": [0, 16, 16, 0], "texture": "#0"},
				"up": {"uv": [0, 3, 16, 0], "rotation": 270, "texture": "#0"},
				"down": {"uv": [0, 0, 16, 3], "rotation": 90, "texture": "#0"}
			}
		},
		{
			"from": [-1.5, 0, 24],
			"to": [0, 8, 32],
			"rotation": {"angle": 0, "axis": "y", "origin": [-8, 0, -8]},
			"faces": {
				"north": {"uv": [0, 3, 16, 0], "rotation": 90, "texture": "#0"},
				"east": {"uv": [0, 16, 16, 0], "texture": "#0"},
				"south": {"uv": [0, 0, 16, 3], "rotation": 90, "texture": "#0"},
				"west": {"uv": [0, 16, 16, 0], "texture": "#0"},
				"up": {"uv": [0, 3, 16, 0], "rotation": 270, "texture": "#0"},
				"down": {"uv": [0, 0, 16, 3], "rotation": 90, "texture": "#0"}
			}
		},
		{
			"from": [-1.6, 0, -16],
			"to": [-1.6, 8, 32],
			"faces": {
				"north": {"uv": [0, 0, 0, 15], "texture": "#missing"},
				"east": {"uv": [0, 0, 0.68, 0.48], "texture": "#1"},
				"south": {"uv": [0, 0, 0, 15], "texture": "#missing"},
				"west": {"uv": [0, 0, 16, 16], "texture": "#1"},
				"up": {"uv": [0, 0, 0, 16], "texture": "#missing"},
				"down": {"uv": [0, 0, 0, 16], "texture": "#missing"}
			}
		},
		{
			"from": [-1.75, -8, -12],
			"to": [0.25, 0, -10],
			"faces": {
				"north": {"uv": [6, 0, 10, 16], "texture": "#2"},
				"east": {"uv": [6, 0, 10, 16], "texture": "#2"},
				"south": {"uv": [6, 0, 10, 16], "texture": "#2"},
				"west": {"uv": [6, 0, 10, 16], "texture": "#2"},
				"up": {"uv": [14, 9, 10, 5], "texture": "#2"},
				"down": {"uv": [14, 5, 10, 9], "texture": "#2"}
			}
		},
		{
			"from": [-1.75, -8, 26],
			"to": [0.25, 0, 28],
			"faces": {
				"north": {"uv": [6, 0, 10, 16], "texture": "#2"},
				"east": {"uv": [6, 0, 10, 16], "texture": "#2"},
				"south": {"uv": [6, 0, 10, 16], "texture": "#2"},
				"west": {"uv": [6, 0, 10, 16], "texture": "#2"},
				"up": {"uv": [14, 9, 10, 5], "texture": "#2"},
				"down": {"uv": [14, 5, 10, 9], "texture": "#2"}
			}
		}
	],
	"display": {
		"head": {
			"translation": [26, -17.8, 0],
			"scale": [3.2, 3.2, 3.2]
		}
	},
	"groups": [
		{
			"name": "structure",
			"origin": [8, 8, 8],
			"color": 0,
			"nbt": "{}",
			"children": []
		},
		{
			"name": "structure",
			"origin": [8, 8, 8],
			"color": 0,
			"nbt": "{}",
			"children": [0, 1, 2, 3, 4, 5]
		},
		{
			"name": "structure",
			"origin": [8, 8, 8],
			"color": 0,
			"nbt": "{}",
			"children": []
		},
		6,
		7,
		8
	]
}