{
	"credit": "Made by Skyblock Squad",
	"texture_size": [64, 64],
	"textures": {
		"0": "item/shopsign",
		"particle": "item/shopsign"
	},
	"elements": [
		{
			"from": [1, 1.7, -11],
			"to": [7, 4.7, -4],
			"faces": {
				"north": {"uv": [9.75, 2.25, 11.25, 3], "texture": "#0"},
				"east": {"uv": [9, 8.5, 10.75, 9.25], "texture": "#0"},
				"south": {"uv": [9.75, 7, 11.25, 7.75], "texture": "#0"},
				"west": {"uv": [0.75, 9.25, 2.5, 10], "texture": "#0"},
				"up": {"uv": [2.25, 9.25, 0.75, 7.5], "texture": "#0"},
				"down": {"uv": [3.75, 7.5, 2.25, 9.25], "texture": "#0"}
			}
		},
		{
			"from": [1, 7.7, -11],
			"to": [7, 10.7, -4],
			"faces": {
				"north": {"uv": [6, 10.25, 7.5, 11], "texture": "#0"},
				"east": {"uv": [9, 9.25, 10.75, 10], "texture": "#0"},
				"south": {"uv": [10.5, 3, 12, 3.75], "texture": "#0"},
				"west": {"uv": [9.75, 0, 11.5, 0.75], "texture": "#0"},
				"up": {"uv": [9, 5.5, 7.5, 3.75], "texture": "#0"},
				"down": {"uv": [9, 5.5, 7.5, 7.25], "texture": "#0"}
			}
		},
		{
			"from": [1, 13.7, -11],
			"to": [7, 16.7, -4],
			"faces": {
				"north": {"uv": [10.5, 10, 12, 10.75], "texture": "#0"},
				"east": {"uv": [9.75, 0.75, 11.5, 1.5], "texture": "#0"},
				"south": {"uv": [0.75, 10.75, 2.25, 11.5], "texture": "#0"},
				"west": {"uv": [9.75, 1.5, 11.5, 2.25], "texture": "#0"},
				"up": {"uv": [9, 9, 7.5, 7.25], "texture": "#0"},
				"down": {"uv": [9.75, 0, 8.25, 1.75], "texture": "#0"}
			}
		},
		{
			"from": [1, 4.7, -6],
			"to": [7, 7.7, -3],
			"faces": {
				"north": {"uv": [9.75, 7.75, 11.25, 8.5], "texture": "#0"},
				"east": {"uv": [6.75, 11, 7.5, 11.75], "texture": "#0"},
				"south": {"uv": [0.75, 10, 2.25, 10.75], "texture": "#0"},
				"west": {"uv": [9, 13, 9.75, 13.75], "texture": "#0"},
				"up": {"uv": [10.5, 10.75, 9, 10], "texture": "#0"},
				"down": {"uv": [6, 10.25, 4.5, 11], "texture": "#0"}
			}
		},
		{
			"from": [1, 7.7, 2],
			"to": [7, 10.7, 5],
			"faces": {
				"north": {"uv": [2.25, 11, 3.75, 11.75], "texture": "#0"},
				"east": {"uv": [11.25, 13.25, 12, 14], "texture": "#0"},
				"south": {"uv": [3.75, 11, 5.25, 11.75], "texture": "#0"},
				"west": {"uv": [12, 13.25, 12.75, 14], "texture": "#0"},
				"up": {"uv": [6.75, 11.75, 5.25, 11], "texture": "#0"},
				"down": {"uv": [12.75, 2.25, 11.25, 3], "texture": "#0"}
			}
		},
		{
			"from": [1, 13.7, 13],
			"to": [7, 16.7, 16],
			"faces": {
				"north": {"uv": [0, 11.5, 1.5, 12.25], "texture": "#0"},
				"east": {"uv": [12.75, 13.25, 13.5, 14], "texture": "#0"},
				"south": {"uv": [11.5, 0, 13, 0.75], "texture": "#0"},
				"west": {"uv": [0, 13.5, 0.75, 14.25], "texture": "#0"},
				"up": {"uv": [13, 1.5, 11.5, 0.75], "texture": "#0"},
				"down": {"uv": [13, 1.5, 11.5, 2.25], "texture": "#0"}
			}
		},
		{
			"from": [1, 13.7, 24],
			"to": [7, 16.7, 27],
			"faces": {
				"north": {"uv": [12, 4.5, 13.5, 5.25], "texture": "#0"},
				"east": {"uv": [2.25, 13.5, 3, 14.25], "texture": "#0"},
				"south": {"uv": [12, 5.25, 13.5, 6], "texture": "#0"},
				"west": {"uv": [13.5, 2.75, 14.25, 3.5], "texture": "#0"},
				"up": {"uv": [13.5, 6.75, 12, 6], "texture": "#0"},
				"down": {"uv": [13.5, 10, 12, 10.75], "texture": "#0"}
			}
		},
		{
			"from": [1, 8.7, 27],
			"to": [7, 15.7, 30],
			"faces": {
				"north": {"uv": [8.25, 1.75, 9.75, 3.5], "texture": "#0"},
				"east": {"uv": [2.5, 9.25, 3.25, 11], "texture": "#0"},
				"south": {"uv": [9, 3.5, 10.5, 5.25], "texture": "#0"},
				"west": {"uv": [9.75, 5.25, 10.5, 7], "texture": "#0"},
				"up": {"uv": [13.75, 9, 12.25, 8.25], "texture": "#0"},
				"down": {"uv": [10.5, 12.25, 9, 13], "texture": "#0"}
			}
		},
		{
			"from": [1, 7.7, 24],
			"to": [7, 10.7, 27],
			"faces": {
				"north": {"uv": [12, 10.75, 13.5, 11.5], "texture": "#0"},
				"east": {"uv": [3, 13.5, 3.75, 14.25], "texture": "#0"},
				"south": {"uv": [12, 11.5, 13.5, 12.25], "texture": "#0"},
				"west": {"uv": [13.5, 3.5, 14.25, 4.25], "texture": "#0"},
				"up": {"uv": [1.5, 13, 0, 12.25], "texture": "#0"},
				"down": {"uv": [9, 12.25, 7.5, 13], "texture": "#0"}
			}
		},
		{
			"from": [1, 1.7, 13],
			"to": [7, 4.7, 16],
			"faces": {
				"north": {"uv": [9, 11.5, 10.5, 12.25], "texture": "#0"},
				"east": {"uv": [0.75, 13.5, 1.5, 14.25], "texture": "#0"},
				"south": {"uv": [10.5, 11.5, 12, 12.25], "texture": "#0"},
				"west": {"uv": [1.5, 13.5, 2.25, 14.25], "texture": "#0"},
				"up": {"uv": [3, 12.5, 1.5, 11.75], "texture": "#0"},
				"down": {"uv": [4.5, 11.75, 3, 12.5], "texture": "#0"}
			}
		},
		{
			"from": [1, 1.7, -1],
			"to": [7, 16.7, 2],
			"faces": {
				"north": {"uv": [0, 0, 1.5, 3.75], "texture": "#0"},
				"east": {"uv": [4.5, 6.5, 5.25, 10.25], "texture": "#0"},
				"south": {"uv": [1.5, 0, 3, 3.75], "texture": "#0"},
				"west": {"uv": [5.25, 6.5, 6, 10.25], "texture": "#0"},
				"up": {"uv": [12.25, 9.25, 10.75, 8.5], "texture": "#0"},
				"down": {"uv": [10.5, 10.75, 9, 11.5], "texture": "#0"}
			}
		},
		{
			"from": [1, 2.7, 10],
			"to": [7, 15.7, 13],
			"faces": {
				"north": {"uv": [4.5, 0, 6, 3.25], "texture": "#0"},
				"east": {"uv": [3.75, 7.5, 4.5, 10.75], "texture": "#0"},
				"south": {"uv": [4.5, 3.25, 6, 6.5], "texture": "#0"},
				"west": {"uv": [9, 5.25, 9.75, 8.5], "texture": "#0"},
				"up": {"uv": [12.75, 7.5, 11.25, 6.75], "texture": "#0"},
				"down": {"uv": [12.75, 7.5, 11.25, 8.25], "texture": "#0"}
			}
		},
		{
			"from": [1, 2.7, 16],
			"to": [7, 15.7, 19],
			"faces": {
				"north": {"uv": [6, 0, 7.5, 3.25], "texture": "#0"},
				"east": {"uv": [7.5, 9, 8.25, 12.25], "texture": "#0"},
				"south": {"uv": [6, 3.25, 7.5, 6.5], "texture": "#0"},
				"west": {"uv": [8.25, 9, 9, 12.25], "texture": "#0"},
				"up": {"uv": [6, 12.5, 4.5, 11.75], "texture": "#0"},
				"down": {"uv": [7.5, 11.75, 6, 12.5], "texture": "#0"}
			}
		},
		{
			"from": [1, 1.7, 21],
			"to": [7, 16.7, 24],
			"faces": {
				"north": {"uv": [1.5, 3.75, 3, 7.5], "texture": "#0"},
				"east": {"uv": [0, 7.5, 0.75, 11.25], "texture": "#0"},
				"south": {"uv": [3, 3.75, 4.5, 7.5], "texture": "#0"},
				"west": {"uv": [7.5, 0, 8.25, 3.75], "texture": "#0"},
				"up": {"uv": [13.5, 3.75, 12, 3], "texture": "#0"},
				"down": {"uv": [13.5, 3.75, 12, 4.5], "texture": "#0"}
			}
		},
		{
			"from": [1, 1.7, 5],
			"to": [7, 16.7, 8],
			"faces": {
				"north": {"uv": [3, 0, 4.5, 3.75], "texture": "#0"},
				"east": {"uv": [6, 6.5, 6.75, 10.25], "texture": "#0"},
				"south": {"uv": [0, 3.75, 1.5, 7.5], "texture": "#0"},
				"west": {"uv": [6.75, 6.5, 7.5, 10.25], "texture": "#0"},
				"up": {"uv": [12.25, 10, 10.75, 9.25], "texture": "#0"},
				"down": {"uv": [12, 10.75, 10.5, 11.5], "texture": "#0"}
			}
		},
		{
			"from": [1, 10.7, -12],
			"to": [7, 13.7, -9],
			"faces": {
				"north": {"uv": [10.5, 3.75, 12, 4.5], "texture": "#0"},
				"east": {"uv": [9.75, 13, 10.5, 13.75], "texture": "#0"},
				"south": {"uv": [10.5, 4.5, 12, 5.25], "texture": "#0"},
				"west": {"uv": [10.5, 13.25, 11.25, 14], "texture": "#0"},
				"up": {"uv": [12, 6, 10.5, 5.25], "texture": "#0"},
				"down": {"uv": [12, 6, 10.5, 6.75], "texture": "#0"}
			}
		},
		{
			"from": [1, 2.7, -12],
			"to": [7, 4.7, -11],
			"faces": {
				"north": {"uv": [12.25, 9, 13.75, 9.5], "texture": "#0"},
				"east": {"uv": [3.25, 9.25, 3.5, 9.75], "texture": "#0"},
				"south": {"uv": [12.25, 9.5, 13.75, 10], "texture": "#0"},
				"west": {"uv": [3.5, 9.25, 3.75, 9.75], "texture": "#0"},
				"up": {"uv": [14.5, 2.25, 13, 2], "texture": "#0"},
				"down": {"uv": [5.25, 13.5, 3.75, 13.75], "texture": "#0"}
			}
		},
		{
			"from": [1, 2.7, -4],
			"to": [7, 4.7, -3],
			"faces": {
				"north": {"uv": [10.5, 12.25, 12, 12.75], "texture": "#0"},
				"east": {"uv": [9.75, 3, 10, 3.5], "texture": "#0"},
				"south": {"uv": [12, 12.25, 13.5, 12.75], "texture": "#0"},
				"west": {"uv": [3.25, 9.75, 3.5, 10.25], "texture": "#0"},
				"up": {"uv": [15, 4.5, 13.5, 4.25], "texture": "#0"},
				"down": {"uv": [15, 4.5, 13.5, 4.75], "texture": "#0"}
			}
		},
		{
			"from": [1, 7.7, -4],
			"to": [7, 9.7, -3],
			"faces": {
				"north": {"uv": [1.5, 12.5, 3, 13], "texture": "#0"},
				"east": {"uv": [3.5, 9.75, 3.75, 10.25], "texture": "#0"},
				"south": {"uv": [3, 12.5, 4.5, 13], "texture": "#0"},
				"west": {"uv": [2.25, 10, 2.5, 10.5], "texture": "#0"},
				"up": {"uv": [15, 5, 13.5, 4.75], "texture": "#0"},
				"down": {"uv": [15, 5, 13.5, 5.25], "texture": "#0"}
			}
		},
		{
			"from": [1, 13.7, -4],
			"to": [7, 15.7, -3],
			"faces": {
				"north": {"uv": [12.75, 7.25, 14.25, 7.75], "texture": "#0"},
				"east": {"uv": [2.25, 10.5, 2.5, 11], "texture": "#0"},
				"south": {"uv": [12.75, 7.75, 14.25, 8.25], "texture": "#0"},
				"west": {"uv": [8.25, 13.5, 8.5, 14], "texture": "#0"},
				"up": {"uv": [15, 6.25, 13.5, 6], "texture": "#0"},
				"down": {"uv": [15, 6.25, 13.5, 6.5], "texture": "#0"}
			}
		},
		{
			"from": [1, 15.7, 11],
			"to": [7, 16.7, 13],
			"faces": {
				"north": {"uv": [13.5, 6.5, 15, 6.75], "texture": "#0"},
				"east": {"uv": [8.25, 3.5, 8.75, 3.75], "texture": "#0"},
				"south": {"uv": [6.75, 13.5, 8.25, 13.75], "texture": "#0"},
				"west": {"uv": [10.5, 6.75, 11, 7], "texture": "#0"},
				"up": {"uv": [12, 13.25, 10.5, 12.75], "texture": "#0"},
				"down": {"uv": [13.5, 12.75, 12, 13.25], "texture": "#0"}
			}
		},
		{
			"from": [1, 15.7, 27],
			"to": [7, 16.7, 29],
			"faces": {
				"north": {"uv": [13.5, 11.5, 15, 11.75], "texture": "#0"},
				"east": {"uv": [12.75, 2.75, 13.25, 3], "texture": "#0"},
				"south": {"uv": [13.5, 11.75, 15, 12], "texture": "#0"},
				"west": {"uv": [8.5, 13.5, 9, 13.75], "texture": "#0"},
				"up": {"uv": [4.5, 13.5, 3, 13], "texture": "#0"},
				"down": {"uv": [6, 13, 4.5, 13.5], "texture": "#0"}
			}
		},
		{
			"from": [1, 7.7, 27],
			"to": [7, 8.7, 29],
			"faces": {
				"north": {"uv": [13.5, 12, 15, 12.25], "texture": "#0"},
				"east": {"uv": [13.5, 12.5, 14, 12.75], "texture": "#0"},
				"south": {"uv": [13.5, 12.25, 15, 12.5], "texture": "#0"},
				"west": {"uv": [13.5, 12.75, 14, 13], "texture": "#0"},
				"up": {"uv": [7.5, 13.5, 6, 13], "texture": "#0"},
				"down": {"uv": [9, 13, 7.5, 13.5], "texture": "#0"}
			}
		},
		{
			"from": [1, 1.7, 11],
			"to": [7, 2.7, 13],
			"faces": {
				"north": {"uv": [13.5, 10, 15, 10.25], "texture": "#0"},
				"east": {"uv": [3.25, 10.75, 3.75, 11], "texture": "#0"},
				"south": {"uv": [13.5, 10.25, 15, 10.5], "texture": "#0"},
				"west": {"uv": [3.75, 10.75, 4.25, 11], "texture": "#0"},
				"up": {"uv": [1.5, 13.5, 0, 13], "texture": "#0"},
				"down": {"uv": [14.5, 0, 13, 0.5], "texture": "#0"}
			}
		},
		{
			"from": [1, 15.7, 16],
			"to": [7, 16.7, 18],
			"faces": {
				"north": {"uv": [13.5, 11, 15, 11.25], "texture": "#0"},
				"east": {"uv": [1.5, 11.5, 2, 11.75], "texture": "#0"},
				"south": {"uv": [13.5, 11.25, 15, 11.5], "texture": "#0"},
				"west": {"uv": [11.75, 8.25, 12.25, 8.5], "texture": "#0"},
				"up": {"uv": [3, 13.5, 1.5, 13], "texture": "#0"},
				"down": {"uv": [14.5, 1.5, 13, 2], "texture": "#0"}
			}
		},
		{
			"from": [1, 1.7, 16],
			"to": [7, 2.7, 18],
			"faces": {
				"north": {"uv": [13.5, 10.5, 15, 10.75], "texture": "#0"},
				"east": {"uv": [0, 11.25, 0.5, 11.5], "texture": "#0"},
				"south": {"uv": [13.5, 10.75, 15, 11], "texture": "#0"},
				"west": {"uv": [11.25, 8.25, 11.75, 8.5], "texture": "#0"},
				"up": {"uv": [14.5, 1, 13, 0.5], "texture": "#0"},
				"down": {"uv": [14.5, 1, 13, 1.5], "texture": "#0"}
			}
		},
		{
			"from": [1, 8.7, -12],
			"to": [7, 10.7, -11],
			"faces": {
				"north": {"uv": [4.5, 12.5, 6, 13], "texture": "#0"},
				"east": {"uv": [10, 3, 10.25, 3.5], "texture": "#0"},
				"south": {"uv": [6, 12.5, 7.5, 13], "texture": "#0"},
				"west": {"uv": [10.25, 3, 10.5, 3.5], "texture": "#0"},
				"up": {"uv": [6.75, 13.75, 5.25, 13.5], "texture": "#0"},
				"down": {"uv": [15, 5.25, 13.5, 5.5], "texture": "#0"}
			}
		},
		{
			"from": [1, 13.7, -12],
			"to": [7, 15.7, -11],
			"faces": {
				"north": {"uv": [12.75, 2.25, 14.25, 2.75], "texture": "#0"},
				"east": {"uv": [3.25, 10.25, 3.5, 10.75], "texture": "#0"},
				"south": {"uv": [12.75, 6.75, 14.25, 7.25], "texture": "#0"},
				"west": {"uv": [3.5, 10.25, 3.75, 10.75], "texture": "#0"},
				"up": {"uv": [15, 5.75, 13.5, 5.5], "texture": "#0"},
				"down": {"uv": [15, 5.75, 13.5, 6], "texture": "#0"}
			}
		}
	],
	"display": {}
}