{
	"credit": "Made with Blockbench",
	"texture_size": [64, 64],
	"textures": {
		"0": "item/soon",
		"particle": "item/soon"
	},
	"elements": [
		{
			"from": [23, 0, 7],
			"to": [30, 2, 9],
			"rotation": {"angle": 0, "axis": "y", "origin": [1, 0, 0]},
			"faces": {
				"north": {"uv": [5.5, 5.5, 7.25, 6], "texture": "#0"},
				"east": {"uv": [7.75, 4.75, 8.25, 5.25], "texture": "#0"},
				"south": {"uv": [6, 0, 7.75, 0.5], "texture": "#0"},
				"west": {"uv": [7.5, 8, 8, 8.5], "texture": "#0"},
				"up": {"uv": [7.75, 1, 6, 0.5], "texture": "#0"},
				"down": {"uv": [7.75, 1, 6, 1.5], "texture": "#0"}
			}
		},
		{
			"from": [13, 0, 7],
			"to": [20, 2, 9],
			"rotation": {"angle": 0, "axis": "y", "origin": [1, 0, 0]},
			"faces": {
				"north": {"uv": [6, 3.5, 7.75, 4], "texture": "#0"},
				"east": {"uv": [8.25, 3, 8.75, 3.5], "texture": "#0"},
				"south": {"uv": [6, 4, 7.75, 4.5], "texture": "#0"},
				"west": {"uv": [3.5, 8.25, 4, 8.75], "texture": "#0"},
				"up": {"uv": [7.75, 5, 6, 4.5], "texture": "#0"},
				"down": {"uv": [7.75, 5, 6, 5.5], "texture": "#0"}
			}
		},
		{
			"from": [22, 11, 7],
			"to": [29, 13, 9],
			"rotation": {"angle": 0, "axis": "y", "origin": [1, 0, 0]},
			"faces": {
				"north": {"uv": [6, 1.5, 7.75, 2], "texture": "#0"},
				"east": {"uv": [8.25, 2, 8.75, 2.5], "texture": "#0"},
				"south": {"uv": [6, 2, 7.75, 2.5], "texture": "#0"},
				"west": {"uv": [8.25, 2.5, 8.75, 3], "texture": "#0"},
				"up": {"uv": [7.75, 3, 6, 2.5], "texture": "#0"},
				"down": {"uv": [7.75, 3, 6, 3.5], "texture": "#0"}
			}
		},
		{
			"from": [13, 11, 7],
			"to": [20, 13, 9],
			"rotation": {"angle": 0, "axis": "y", "origin": [1, 0, 0]},
			"faces": {
				"north": {"uv": [5.5, 6, 7.25, 6.5], "texture": "#0"},
				"east": {"uv": [8.25, 4, 8.75, 4.5], "texture": "#0"},
				"south": {"uv": [0.5, 6.25, 2.25, 6.75], "texture": "#0"},
				"west": {"uv": [4.5, 8.25, 5, 8.75], "texture": "#0"},
				"up": {"uv": [7.25, 7, 5.5, 6.5], "texture": "#0"},
				"down": {"uv": [1.75, 6.75, 0, 7.25], "texture": "#0"}
			}
		},
		{
			"from": [23, 6, 7],
			"to": [29, 8, 9],
			"rotation": {"angle": 0, "axis": "y", "origin": [1, 0, 0]},
			"faces": {
				"north": {"uv": [7.5, 7.5, 9, 8], "texture": "#0"},
				"east": {"uv": [0.5, 8.25, 1, 8.75], "texture": "#0"},
				"south": {"uv": [0, 7.75, 1.5, 8.25], "texture": "#0"},
				"west": {"uv": [1, 8.25, 1.5, 8.75], "texture": "#0"},
				"up": {"uv": [9.25, 0.5, 7.75, 0], "texture": "#0"},
				"down": {"uv": [9.25, 0.5, 7.75, 1], "texture": "#0"}
			}
		},
		{
			"from": [22, 1, 7],
			"to": [24, 7, 9],
			"rotation": {"angle": 0, "axis": "z", "origin": [18, 3, 8]},
			"faces": {
				"north": {"uv": [5.5, 7.5, 6, 9], "texture": "#0"},
				"east": {"uv": [6, 7.5, 6.5, 9], "texture": "#0"},
				"south": {"uv": [6.5, 7.5, 7, 9], "texture": "#0"},
				"west": {"uv": [7, 7.5, 7.5, 9], "texture": "#0"},
				"up": {"uv": [8.5, 8.5, 8, 8], "texture": "#0"},
				"down": {"uv": [0.5, 8.25, 0, 8.75], "texture": "#0"}
			}
		},
		{
			"from": [19, 1, 7],
			"to": [21, 12, 9],
			"rotation": {"angle": 0, "axis": "z", "origin": [18, 3, 8]},
			"faces": {
				"north": {"uv": [2.5, 3.25, 3, 6], "texture": "#0"},
				"east": {"uv": [3, 3.25, 3.5, 6], "texture": "#0"},
				"south": {"uv": [3.5, 0, 4, 2.75], "texture": "#0"},
				"west": {"uv": [3.5, 2.75, 4, 5.5], "texture": "#0"},
				"up": {"uv": [8.75, 4, 8.25, 3.5], "texture": "#0"},
				"down": {"uv": [4.5, 8.25, 4, 8.75], "texture": "#0"}
			}
		},
		{
			"from": [12, 1, 7],
			"to": [14, 12, 9],
			"rotation": {"angle": 0, "axis": "z", "origin": [18, 3, 8]},
			"faces": {
				"north": {"uv": [4, 0, 4.5, 2.75], "texture": "#0"},
				"east": {"uv": [4, 2.75, 4.5, 5.5], "texture": "#0"},
				"south": {"uv": [4.5, 0, 5, 2.75], "texture": "#0"},
				"west": {"uv": [4.5, 2.75, 5, 5.5], "texture": "#0"},
				"up": {"uv": [8.75, 5, 8.25, 4.5], "texture": "#0"},
				"down": {"uv": [5.5, 8.25, 5, 8.75], "texture": "#0"}
			}
		},
		{
			"from": [9, 1, 7],
			"to": [11, 12, 9],
			"rotation": {"angle": 0, "axis": "z", "origin": [18, 3, 8]},
			"faces": {
				"north": {"uv": [3.5, 5.5, 4, 8.25], "texture": "#0"},
				"east": {"uv": [4, 5.5, 4.5, 8.25], "texture": "#0"},
				"south": {"uv": [4.5, 5.5, 5, 8.25], "texture": "#0"},
				"west": {"uv": [5, 5.5, 5.5, 8.25], "texture": "#0"},
				"up": {"uv": [0.5, 9.25, 0, 8.75], "texture": "#0"},
				"down": {"uv": [1, 8.75, 0.5, 9.25], "texture": "#0"}
			}
		},
		{
			"from": [2, 1, 7],
			"to": [4, 12, 9],
			"rotation": {"angle": 0, "axis": "z", "origin": [18, 3, 8]},
			"faces": {
				"north": {"uv": [5, 0, 5.5, 2.75], "texture": "#0"},
				"east": {"uv": [5, 2.75, 5.5, 5.5], "texture": "#0"},
				"south": {"uv": [5.5, 0, 6, 2.75], "texture": "#0"},
				"west": {"uv": [5.5, 2.75, 6, 5.5], "texture": "#0"},
				"up": {"uv": [9, 8.5, 8.5, 8], "texture": "#0"},
				"down": {"uv": [9, 8.5, 8.5, 9], "texture": "#0"}
			}
		},
		{
			"from": [-1, 0, 7],
			"to": [1, 12, 9],
			"rotation": {"angle": 0, "axis": "z", "origin": [18, 3, 8]},
			"faces": {
				"north": {"uv": [0.5, 3.25, 1, 6.25], "texture": "#0"},
				"east": {"uv": [1, 3.25, 1.5, 6.25], "texture": "#0"},
				"south": {"uv": [1.5, 3.25, 2, 6.25], "texture": "#0"},
				"west": {"uv": [2, 3.25, 2.5, 6.25], "texture": "#0"},
				"up": {"uv": [1.5, 9.25, 1, 8.75], "texture": "#0"},
				"down": {"uv": [9.25, 1, 8.75, 1.5], "texture": "#0"}
			}
		},
		{
			"from": [-4.4, 0, 7],
			"to": [-2.4, 13, 9],
			"rotation": {"angle": -22.5, "axis": "z", "origin": [-3.4, 7, 8]},
			"faces": {
				"north": {"uv": [0, 0, 0.5, 3.25], "texture": "#0"},
				"east": {"uv": [0.5, 0, 1, 3.25], "texture": "#0"},
				"south": {"uv": [1, 0, 1.5, 3.25], "texture": "#0"},
				"west": {"uv": [1.5, 0, 2, 3.25], "texture": "#0"},
				"up": {"uv": [9.25, 2, 8.75, 1.5], "texture": "#0"},
				"down": {"uv": [9.25, 2, 8.75, 2.5], "texture": "#0"}
			}
		},
		{
			"from": [3, 0, 7],
			"to": [10, 2, 9],
			"rotation": {"angle": 0, "axis": "y", "origin": [1, 0, 0]},
			"faces": {
				"north": {"uv": [7.25, 5.5, 9, 6], "texture": "#0"},
				"east": {"uv": [7.5, 8.5, 8, 9], "texture": "#0"},
				"south": {"uv": [7.25, 6, 9, 6.5], "texture": "#0"},
				"west": {"uv": [8, 8.5, 8.5, 9], "texture": "#0"},
				"up": {"uv": [9, 7, 7.25, 6.5], "texture": "#0"},
				"down": {"uv": [9, 7, 7.25, 7.5], "texture": "#0"}
			}
		},
		{
			"from": [3, 11, 7],
			"to": [10, 13, 9],
			"rotation": {"angle": 0, "axis": "y", "origin": [1, 0, 0]},
			"faces": {
				"north": {"uv": [1.75, 6.75, 3.5, 7.25], "texture": "#0"},
				"east": {"uv": [8.25, 5, 8.75, 5.5], "texture": "#0"},
				"south": {"uv": [5.5, 7, 7.25, 7.5], "texture": "#0"},
				"west": {"uv": [3, 8.5, 3.5, 9], "texture": "#0"},
				"up": {"uv": [1.75, 7.75, 0, 7.25], "texture": "#0"},
				"down": {"uv": [3.5, 7.25, 1.75, 7.75], "texture": "#0"}
			}
		},
		{
			"from": [-2.1, 11, 7],
			"to": [0, 13, 9],
			"rotation": {"angle": 0, "axis": "y", "origin": [-9, 0, 0]},
			"faces": {
				"north": {"uv": [8.75, 2.5, 9.25, 3], "texture": "#0"},
				"east": {"uv": [8.75, 3, 9.25, 3.5], "texture": "#0"},
				"south": {"uv": [3.5, 8.75, 4, 9.25], "texture": "#0"},
				"west": {"uv": [8.75, 3.5, 9.25, 4], "texture": "#0"},
				"up": {"uv": [4.5, 9.25, 4, 8.75], "texture": "#0"},
				"down": {"uv": [9.25, 4, 8.75, 4.5], "texture": "#0"}
			}
		},
		{
			"from": [-7, 0, 7],
			"to": [-5, 13, 9],
			"rotation": {"angle": 0, "axis": "z", "origin": [-24, 10, 8]},
			"faces": {
				"north": {"uv": [2, 0, 2.5, 3.25], "texture": "#0"},
				"east": {"uv": [2.5, 0, 3, 3.25], "texture": "#0"},
				"south": {"uv": [3, 0, 3.5, 3.25], "texture": "#0"},
				"west": {"uv": [0, 3.25, 0.5, 6.5], "texture": "#0"},
				"up": {"uv": [5, 9.25, 4.5, 8.75], "texture": "#0"},
				"down": {"uv": [9.25, 4.5, 8.75, 5], "texture": "#0"}
			}
		},
		{
			"from": [-9.125, 10.875, 7],
			"to": [-8.375, 13.875, 9],
			"rotation": {"angle": 0, "axis": "z", "origin": [-22.25, 15, 8]},
			"faces": {
				"north": {"uv": [9, 6, 9.25, 6.75], "texture": "#0"},
				"east": {"uv": [2.5, 6, 3, 6.75], "texture": "#0"},
				"south": {"uv": [6.5, 9, 6.75, 9.75], "texture": "#0"},
				"west": {"uv": [3, 6, 3.5, 6.75], "texture": "#0"},
				"up": {"uv": [2.5, 6.75, 2.25, 6.25], "texture": "#0"},
				"down": {"uv": [7.75, 9, 7.5, 9.5], "texture": "#0"}
			}
		},
		{
			"from": [-11, 10.875, 7],
			"to": [-10.25, 13.875, 9],
			"rotation": {"angle": 0, "axis": "z", "origin": [-24.125, 15, 8]},
			"faces": {
				"north": {"uv": [6.75, 9, 7, 9.75], "texture": "#0"},
				"east": {"uv": [7.75, 2.5, 8.25, 3.25], "texture": "#0"},
				"south": {"uv": [9, 6.75, 9.25, 7.5], "texture": "#0"},
				"west": {"uv": [3, 7.75, 3.5, 8.5], "texture": "#0"},
				"up": {"uv": [9.25, 8.25, 9, 7.75], "texture": "#0"},
				"down": {"uv": [8.5, 9, 8.25, 9.5], "texture": "#0"}
			}
		},
		{
			"from": [-13.25, 10.875, 7],
			"to": [-12.5, 13.875, 9],
			"rotation": {"angle": 0, "axis": "z", "origin": [-26.375, 15, 8]},
			"faces": {
				"north": {"uv": [7, 9, 7.25, 9.75], "texture": "#0"},
				"east": {"uv": [7.75, 3.25, 8.25, 4], "texture": "#0"},
				"south": {"uv": [7.25, 9, 7.5, 9.75], "texture": "#0"},
				"west": {"uv": [7.75, 4, 8.25, 4.75], "texture": "#0"},
				"up": {"uv": [9.25, 8.75, 9, 8.25], "texture": "#0"},
				"down": {"uv": [8.75, 9, 8.5, 9.5], "texture": "#0"}
			}
		},
		{
			"from": [-12.125, 11.625, 7],
			"to": [-11.375, 13.875, 9],
			"rotation": {"angle": 0, "axis": "z", "origin": [-25.25, 15, 8]},
			"faces": {
				"north": {"uv": [9.25, 0.25, 9.5, 0.75], "texture": "#0"},
				"east": {"uv": [9, 5.5, 9.5, 6], "texture": "#0"},
				"south": {"uv": [0.5, 9.25, 0.75, 9.75], "texture": "#0"},
				"west": {"uv": [6, 9, 6.5, 9.5], "texture": "#0"},
				"up": {"uv": [1, 9.75, 0.75, 9.25], "texture": "#0"},
				"down": {"uv": [9.5, 0.75, 9.25, 1.25], "texture": "#0"}
			}
		},
		{
			"from": [-9.875, 13.125, 7],
			"to": [-7.625, 13.875, 9],
			"rotation": {"angle": 0, "axis": "z", "origin": [-8.75, 13.5, 8]},
			"faces": {
				"north": {"uv": [0, 6.5, 0.5, 6.75], "texture": "#0"},
				"east": {"uv": [7.75, 5.25, 8.25, 5.5], "texture": "#0"},
				"south": {"uv": [9, 7.5, 9.5, 7.75], "texture": "#0"},
				"west": {"uv": [7.75, 9, 8.25, 9.25], "texture": "#0"},
				"up": {"uv": [5.5, 9.25, 5, 8.75], "texture": "#0"},
				"down": {"uv": [9.25, 5, 8.75, 5.5], "texture": "#0"}
			}
		},
		{
			"from": [-12.875, 13.125, 7],
			"to": [-10.625, 13.875, 9],
			"rotation": {"angle": 0, "axis": "z", "origin": [-11.75, 13.5, 8]},
			"faces": {
				"north": {"uv": [8.75, 9, 9.25, 9.25], "texture": "#0"},
				"east": {"uv": [9, 8.75, 9.5, 9], "texture": "#0"},
				"south": {"uv": [0, 9.25, 0.5, 9.5], "texture": "#0"},
				"west": {"uv": [9.25, 0, 9.75, 0.25], "texture": "#0"},
				"up": {"uv": [3.5, 9.5, 3, 9], "texture": "#0"},
				"down": {"uv": [6, 9, 5.5, 9.5], "texture": "#0"}
			}
		},
		{
			"from": [28, 6, 7],
			"to": [30, 12, 9],
			"rotation": {"angle": 0, "axis": "z", "origin": [18, 3, 8]},
			"faces": {
				"north": {"uv": [7.75, 1, 8.25, 2.5], "texture": "#0"},
				"east": {"uv": [1.5, 7.75, 2, 9.25], "texture": "#0"},
				"south": {"uv": [2, 7.75, 2.5, 9.25], "texture": "#0"},
				"west": {"uv": [2.5, 7.75, 3, 9.25], "texture": "#0"},
				"up": {"uv": [8.75, 1.5, 8.25, 1], "texture": "#0"},
				"down": {"uv": [8.75, 1.5, 8.25, 2], "texture": "#0"}
			}
		}
	],
	"display": {
		"thirdperson_righthand": {
			"scale": [0, 0, 0]
		},
		"thirdperson_lefthand": {
			"scale": [0, 0, 0]
		},
		"firstperson_righthand": {
			"scale": [0, 0, 0]
		},
		"firstperson_lefthand": {
			"scale": [0, 0, 0]
		},
		"gui": {
			"rotation": [0, -180, 0],
			"translation": [0.25, 0, 0],
			"scale": [0.4, 0.4, 0.4]
		}
	}
}