{
	"credit": "Made by Skyblock Squad",
	"texture_size": [64, 64],
	"textures": {
		"0": "item/shopsign",
		"particle": "item/shopsign"
	},
	"elements": [
		{
			"from": [2.26, 1.394, -14.86],
			"to": [7.18, 3.854, -9.12],
			"rotation": {"angle": 0, "axis": "y", "origin": [1.44, 0, 1.44]},
			"faces": {
				"north": {"uv": [9.75, 2.25, 11.25, 3], "texture": "#0"},
				"east": {"uv": [9, 8.5, 10.75, 9.25], "texture": "#0"},
				"south": {"uv": [9.75, 7, 11.25, 7.75], "texture": "#0"},
				"west": {"uv": [0.75, 9.25, 2.5, 10], "texture": "#0"},
				"up": {"uv": [2.25, 9.25, 0.75, 7.5], "texture": "#0"},
				"down": {"uv": [3.75, 7.5, 2.25, 9.25], "texture": "#0"}
			}
		},
		{
			"from": [2.26, 6.314, -14.86],
			"to": [7.18, 8.774, -9.12],
			"rotation": {"angle": 0, "axis": "y", "origin": [1.44, 0, 1.44]},
			"faces": {
				"north": {"uv": [6, 10.25, 7.5, 11], "texture": "#0"},
				"east": {"uv": [9, 9.25, 10.75, 10], "texture": "#0"},
				"south": {"uv": [10.5, 3, 12, 3.75], "texture": "#0"},
				"west": {"uv": [9.75, 0, 11.5, 0.75], "texture": "#0"},
				"up": {"uv": [9, 5.5, 7.5, 3.75], "texture": "#0"},
				"down": {"uv": [9, 5.5, 7.5, 7.25], "texture": "#0"}
			}
		},
		{
			"from": [2.26, 11.234, -14.86],
			"to": [7.18, 13.694, -9.12],
			"rotation": {"angle": 0, "axis": "y", "origin": [1.44, 0, 1.44]},
			"faces": {
				"north": {"uv": [10.5, 10, 12, 10.75], "texture": "#0"},
				"east": {"uv": [9.75, 0.75, 11.5, 1.5], "texture": "#0"},
				"south": {"uv": [0.75, 10.75, 2.25, 11.5], "texture": "#0"},
				"west": {"uv": [9.75, 1.5, 11.5, 2.25], "texture": "#0"},
				"up": {"uv": [9, 9, 7.5, 7.25], "texture": "#0"},
				"down": {"uv": [9.75, 0, 8.25, 1.75], "texture": "#0"}
			}
		},
		{
			"from": [2.26, 3.854, -10.76],
			"to": [7.18, 6.314, -8.3],
			"rotation": {"angle": 0, "axis": "y", "origin": [1.44, 0, 1.44]},
			"faces": {
				"north": {"uv": [9.75, 7.75, 11.25, 8.5], "texture": "#0"},
				"east": {"uv": [6.75, 11, 7.5, 11.75], "texture": "#0"},
				"south": {"uv": [0.75, 10, 2.25, 10.75], "texture": "#0"},
				"west": {"uv": [9, 13, 9.75, 13.75], "texture": "#0"},
				"up": {"uv": [10.5, 10.75, 9, 10], "texture": "#0"},
				"down": {"uv": [6, 10.25, 4.5, 11], "texture": "#0"}
			}
		},
		{
			"from": [2.26, 11.234, 4.82],
			"to": [7.18, 13.694, 7.28],
			"rotation": {"angle": 0, "axis": "y", "origin": [1.44, 0, 1.44]},
			"faces": {
				"north": {"uv": [0, 11.5, 1.5, 12.25], "texture": "#0"},
				"east": {"uv": [12.75, 13.25, 13.5, 14], "texture": "#0"},
				"south": {"uv": [11.5, 0, 13, 0.75], "texture": "#0"},
				"west": {"uv": [0, 13.5, 0.75, 14.25], "texture": "#0"},
				"up": {"uv": [13, 1.5, 11.5, 0.75], "texture": "#0"},
				"down": {"uv": [13, 1.5, 11.5, 2.25], "texture": "#0"}
			}
		},
		{
			"from": [2.26, 2.214, 13.84],
			"to": [7.18, 3.854, 15.48],
			"rotation": {"angle": 0, "axis": "y", "origin": [1.44, 0, 1.44]},
			"faces": {
				"north": {"uv": [0, 11.5, 1.5, 12.25], "texture": "#0"},
				"east": {"uv": [12.75, 13.25, 13.5, 14], "texture": "#0"},
				"south": {"uv": [11.5, 0, 13, 0.75], "texture": "#0"},
				"west": {"uv": [0, 13.5, 0.75, 14.25], "texture": "#0"},
				"up": {"uv": [13, 1.5, 11.5, 0.75], "texture": "#0"},
				"down": {"uv": [13, 1.5, 11.5, 2.25], "texture": "#0"}
			}
		},
		{
			"from": [2.26, 2.214, 17.94],
			"to": [7.18, 3.854, 19.58],
			"rotation": {"angle": 0, "axis": "y", "origin": [1.44, 0, 1.44]},
			"faces": {
				"north": {"uv": [0, 11.5, 1.5, 12.25], "texture": "#0"},
				"east": {"uv": [12.75, 13.25, 13.5, 14], "texture": "#0"},
				"south": {"uv": [11.5, 0, 13, 0.75], "texture": "#0"},
				"west": {"uv": [0, 13.5, 0.75, 14.25], "texture": "#0"},
				"up": {"uv": [13, 1.5, 11.5, 0.75], "texture": "#0"},
				"down": {"uv": [13, 1.5, 11.5, 2.25], "texture": "#0"}
			}
		},
		{
			"from": [2.26, 6.314, 4.82],
			"to": [7.18, 8.774, 7.28],
			"rotation": {"angle": 0, "axis": "y", "origin": [1.44, 0, 1.44]},
			"faces": {
				"north": {"uv": [0, 11.5, 1.5, 12.25], "texture": "#0"},
				"east": {"uv": [12.75, 13.25, 13.5, 14], "texture": "#0"},
				"south": {"uv": [11.5, 0, 13, 0.75], "texture": "#0"},
				"west": {"uv": [0, 13.5, 0.75, 14.25], "texture": "#0"},
				"up": {"uv": [13, 1.5, 11.5, 0.75], "texture": "#0"},
				"down": {"uv": [13, 1.5, 11.5, 2.25], "texture": "#0"}
			}
		},
		{
			"from": [2.26, 1.394, 12.2],
			"to": [7.18, 2.214, 16.3],
			"rotation": {"angle": 0, "axis": "y", "origin": [1.44, 0, 1.44]},
			"faces": {
				"north": {"uv": [0, 11.5, 1.5, 12.25], "texture": "#0"},
				"east": {"uv": [12.75, 13.25, 13.5, 14], "texture": "#0"},
				"south": {"uv": [11.5, 0, 13, 0.75], "texture": "#0"},
				"west": {"uv": [0, 13.5, 0.75, 14.25], "texture": "#0"},
				"up": {"uv": [13, 1.5, 11.5, 0.75], "texture": "#0"},
				"down": {"uv": [13, 1.5, 11.5, 2.25], "texture": "#0"}
			}
		},
		{
			"from": [2.26, 1.394, 17.12],
			"to": [7.18, 2.214, 21.22],
			"rotation": {"angle": 0, "axis": "y", "origin": [1.44, 0, 1.44]},
			"faces": {
				"north": {"uv": [0, 11.5, 1.5, 12.25], "texture": "#0"},
				"east": {"uv": [12.75, 13.25, 13.5, 14], "texture": "#0"},
				"south": {"uv": [11.5, 0, 13, 0.75], "texture": "#0"},
				"west": {"uv": [0, 13.5, 0.75, 14.25], "texture": "#0"},
				"up": {"uv": [13, 1.5, 11.5, 0.75], "texture": "#0"},
				"down": {"uv": [13, 1.5, 11.5, 2.25], "texture": "#0"}
			}
		},
		{
			"from": [2.26, 11.234, -4.2],
			"to": [7.18, 13.694, -1.74],
			"rotation": {"angle": 0, "axis": "y", "origin": [1.44, 0, 1.44]},
			"faces": {
				"north": {"uv": [12, 4.5, 13.5, 5.25], "texture": "#0"},
				"east": {"uv": [2.25, 13.5, 3, 14.25], "texture": "#0"},
				"south": {"uv": [12, 5.25, 13.5, 6], "texture": "#0"},
				"west": {"uv": [13.5, 2.75, 14.25, 3.5], "texture": "#0"},
				"up": {"uv": [13.5, 6.75, 12, 6], "texture": "#0"},
				"down": {"uv": [13.5, 10, 12, 10.75], "texture": "#0"}
			}
		},
		{
			"from": [2.26, 7.134, -1.74],
			"to": [7.18, 12.874, 0.72],
			"rotation": {"angle": 0, "axis": "y", "origin": [1.44, 0, 1.44]},
			"faces": {
				"north": {"uv": [8.25, 1.75, 9.75, 3.5], "texture": "#0"},
				"east": {"uv": [2.5, 9.25, 3.25, 11], "texture": "#0"},
				"south": {"uv": [9, 3.5, 10.5, 5.25], "texture": "#0"},
				"west": {"uv": [9.75, 5.25, 10.5, 7], "texture": "#0"},
				"up": {"uv": [13.75, 9, 12.25, 8.25], "texture": "#0"},
				"down": {"uv": [10.5, 12.25, 9, 13], "texture": "#0"}
			}
		},
		{
			"from": [2.26, 6.314, -4.2],
			"to": [7.18, 8.774, -1.74],
			"rotation": {"angle": 0, "axis": "y", "origin": [1.44, 0, 1.44]},
			"faces": {
				"north": {"uv": [12, 10.75, 13.5, 11.5], "texture": "#0"},
				"east": {"uv": [3, 13.5, 3.75, 14.25], "texture": "#0"},
				"south": {"uv": [12, 11.5, 13.5, 12.25], "texture": "#0"},
				"west": {"uv": [13.5, 3.5, 14.25, 4.25], "texture": "#0"},
				"up": {"uv": [1.5, 13, 0, 12.25], "texture": "#0"},
				"down": {"uv": [9, 12.25, 7.5, 13], "texture": "#0"}
			}
		},
		{
			"from": [2.26, 1.394, 2.36],
			"to": [7.18, 12.874, 4.82],
			"rotation": {"angle": 0, "axis": "y", "origin": [1.44, 0, 1.44]},
			"faces": {
				"north": {"uv": [4.5, 0, 6, 3.25], "texture": "#0"},
				"east": {"uv": [3.75, 7.5, 4.5, 10.75], "texture": "#0"},
				"south": {"uv": [4.5, 3.25, 6, 6.5], "texture": "#0"},
				"west": {"uv": [9, 5.25, 9.75, 8.5], "texture": "#0"},
				"up": {"uv": [12.75, 7.5, 11.25, 6.75], "texture": "#0"},
				"down": {"uv": [12.75, 7.5, 11.25, 8.25], "texture": "#0"}
			}
		},
		{
			"from": [2.26, 1.394, 23.61],
			"to": [7.18, 13.624, 26.07],
			"rotation": {"angle": 0, "axis": "y", "origin": [1.44, 0, 1.44]},
			"faces": {
				"north": {"uv": [4.5, 0, 6, 3.25], "texture": "#0"},
				"east": {"uv": [3.75, 7.5, 4.5, 10.75], "texture": "#0"},
				"south": {"uv": [4.5, 3.25, 6, 6.5], "texture": "#0"},
				"west": {"uv": [9, 5.25, 9.75, 8.5], "texture": "#0"},
				"up": {"uv": [12.75, 7.5, 11.25, 6.75], "texture": "#0"},
				"down": {"uv": [12.75, 7.5, 11.25, 8.25], "texture": "#0"}
			}
		},
		{
			"from": [2.26, 7.144, 26.11],
			"to": [7.18, 10.874, 27.57],
			"rotation": {"angle": 0, "axis": "y", "origin": [1.44, 0, 1.44]},
			"faces": {
				"north": {"uv": [4.5, 0, 6, 3.25], "texture": "#0"},
				"east": {"uv": [3.75, 7.5, 4.5, 10.75], "texture": "#0"},
				"south": {"uv": [4.5, 3.25, 6, 6.5], "texture": "#0"},
				"west": {"uv": [9, 5.25, 9.75, 8.5], "texture": "#0"},
				"up": {"uv": [12.75, 7.5, 11.25, 6.75], "texture": "#0"},
				"down": {"uv": [12.75, 7.5, 11.25, 8.25], "texture": "#0"}
			}
		},
		{
			"from": [2.26, 4.644, 27.61],
			"to": [7.18, 8.374, 29.345],
			"rotation": {"angle": 0, "axis": "y", "origin": [1.44, 0, 1.44]},
			"faces": {
				"north": {"uv": [4.5, 0, 6, 3.25], "texture": "#0"},
				"east": {"uv": [3.75, 7.5, 4.5, 10.75], "texture": "#0"},
				"south": {"uv": [4.5, 3.25, 6, 6.5], "texture": "#0"},
				"west": {"uv": [9, 5.25, 9.75, 8.5], "texture": "#0"},
				"up": {"uv": [12.75, 7.5, 11.25, 6.75], "texture": "#0"},
				"down": {"uv": [12.75, 7.5, 11.25, 8.25], "texture": "#0"}
			}
		},
		{
			"from": [2.26, 1.394, 29.36],
			"to": [7.18, 13.624, 31.82],
			"rotation": {"angle": 0, "axis": "y", "origin": [1.44, 0, 1.44]},
			"faces": {
				"north": {"uv": [4.5, 0, 6, 3.25], "texture": "#0"},
				"east": {"uv": [3.75, 7.5, 4.5, 10.75], "texture": "#0"},
				"south": {"uv": [4.5, 3.25, 6, 6.5], "texture": "#0"},
				"west": {"uv": [9, 5.25, 9.75, 8.5], "texture": "#0"},
				"up": {"uv": [12.75, 7.5, 11.25, 6.75], "texture": "#0"},
				"down": {"uv": [12.75, 7.5, 11.25, 8.25], "texture": "#0"}
			}
		},
		{
			"from": [2.26, 1.394, 7.28],
			"to": [7.18, 12.874, 9.74],
			"rotation": {"angle": 0, "axis": "y", "origin": [1.44, 0, 1.44]},
			"faces": {
				"north": {"uv": [6, 0, 7.5, 3.25], "texture": "#0"},
				"east": {"uv": [7.5, 9, 8.25, 12.25], "texture": "#0"},
				"south": {"uv": [6, 3.25, 7.5, 6.5], "texture": "#0"},
				"west": {"uv": [8.25, 9, 9, 12.25], "texture": "#0"},
				"up": {"uv": [6, 12.5, 4.5, 11.75], "texture": "#0"},
				"down": {"uv": [7.5, 11.75, 6, 12.5], "texture": "#0"}
			}
		},
		{
			"from": [2.26, 2.214, 11.38],
			"to": [7.18, 13.694, 13.84],
			"rotation": {"angle": 0, "axis": "y", "origin": [1.44, 0, 1.44]},
			"faces": {
				"north": {"uv": [6, 0, 7.5, 3.25], "texture": "#0"},
				"east": {"uv": [7.5, 9, 8.25, 12.25], "texture": "#0"},
				"south": {"uv": [6, 3.25, 7.5, 6.5], "texture": "#0"},
				"west": {"uv": [8.25, 9, 9, 12.25], "texture": "#0"},
				"up": {"uv": [6, 12.5, 4.5, 11.75], "texture": "#0"},
				"down": {"uv": [7.5, 11.75, 6, 12.5], "texture": "#0"}
			}
		},
		{
			"from": [2.26, 2.214, 19.58],
			"to": [7.18, 13.694, 22.04],
			"rotation": {"angle": 0, "axis": "y", "origin": [1.44, 0, 1.44]},
			"faces": {
				"north": {"uv": [6, 0, 7.5, 3.25], "texture": "#0"},
				"east": {"uv": [7.5, 9, 8.25, 12.25], "texture": "#0"},
				"south": {"uv": [6, 3.25, 7.5, 6.5], "texture": "#0"},
				"west": {"uv": [8.25, 9, 9, 12.25], "texture": "#0"},
				"up": {"uv": [6, 12.5, 4.5, 11.75], "texture": "#0"},
				"down": {"uv": [7.5, 11.75, 6, 12.5], "texture": "#0"}
			}
		},
		{
			"from": [2.26, 2.214, 15.48],
			"to": [7.18, 10.414, 17.94],
			"rotation": {"angle": 0, "axis": "y", "origin": [1.44, 0, 1.44]},
			"faces": {
				"north": {"uv": [6, 0, 7.5, 3.25], "texture": "#0"},
				"east": {"uv": [7.5, 9, 8.25, 12.25], "texture": "#0"},
				"south": {"uv": [6, 3.25, 7.5, 6.5], "texture": "#0"},
				"west": {"uv": [8.25, 9, 9, 12.25], "texture": "#0"},
				"up": {"uv": [6, 12.5, 4.5, 11.75], "texture": "#0"},
				"down": {"uv": [7.5, 11.75, 6, 12.5], "texture": "#0"}
			}
		},
		{
			"from": [2.26, 1.394, -6.66],
			"to": [7.18, 13.694, -4.2],
			"rotation": {"angle": 0, "axis": "y", "origin": [1.44, 0, 1.44]},
			"faces": {
				"north": {"uv": [1.5, 3.75, 3, 7.5], "texture": "#0"},
				"east": {"uv": [0, 7.5, 0.75, 11.25], "texture": "#0"},
				"south": {"uv": [3, 3.75, 4.5, 7.5], "texture": "#0"},
				"west": {"uv": [7.5, 0, 8.25, 3.75], "texture": "#0"},
				"up": {"uv": [13.5, 3.75, 12, 3], "texture": "#0"},
				"down": {"uv": [13.5, 3.75, 12, 4.5], "texture": "#0"}
			}
		},
		{
			"from": [2.26, 8.774, -15.68],
			"to": [7.18, 11.234, -13.22],
			"rotation": {"angle": 0, "axis": "y", "origin": [1.44, 0, 1.44]},
			"faces": {
				"north": {"uv": [10.5, 3.75, 12, 4.5], "texture": "#0"},
				"east": {"uv": [9.75, 13, 10.5, 13.75], "texture": "#0"},
				"south": {"uv": [10.5, 4.5, 12, 5.25], "texture": "#0"},
				"west": {"uv": [10.5, 13.25, 11.25, 14], "texture": "#0"},
				"up": {"uv": [12, 6, 10.5, 5.25], "texture": "#0"},
				"down": {"uv": [12, 6, 10.5, 6.75], "texture": "#0"}
			}
		},
		{
			"from": [2.26, 2.214, -15.68],
			"to": [7.18, 3.854, -14.86],
			"rotation": {"angle": 0, "axis": "y", "origin": [1.44, 0, 1.44]},
			"faces": {
				"north": {"uv": [12.25, 9, 13.75, 9.5], "texture": "#0"},
				"east": {"uv": [3.25, 9.25, 3.5, 9.75], "texture": "#0"},
				"south": {"uv": [12.25, 9.5, 13.75, 10], "texture": "#0"},
				"west": {"uv": [3.5, 9.25, 3.75, 9.75], "texture": "#0"},
				"up": {"uv": [14.5, 2.25, 13, 2], "texture": "#0"},
				"down": {"uv": [5.25, 13.5, 3.75, 13.75], "texture": "#0"}
			}
		},
		{
			"from": [2.26, 2.214, -9.12],
			"to": [7.18, 3.854, -8.3],
			"rotation": {"angle": 0, "axis": "y", "origin": [1.44, 0, 1.44]},
			"faces": {
				"north": {"uv": [10.5, 12.25, 12, 12.75], "texture": "#0"},
				"east": {"uv": [9.75, 3, 10, 3.5], "texture": "#0"},
				"south": {"uv": [12, 12.25, 13.5, 12.75], "texture": "#0"},
				"west": {"uv": [3.25, 9.75, 3.5, 10.25], "texture": "#0"},
				"up": {"uv": [15, 4.5, 13.5, 4.25], "texture": "#0"},
				"down": {"uv": [15, 4.5, 13.5, 4.75], "texture": "#0"}
			}
		},
		{
			"from": [2.26, 6.314, -9.12],
			"to": [7.18, 7.954, -8.3],
			"rotation": {"angle": 0, "axis": "y", "origin": [1.44, 0, 1.44]},
			"faces": {
				"north": {"uv": [1.5, 12.5, 3, 13], "texture": "#0"},
				"east": {"uv": [3.5, 9.75, 3.75, 10.25], "texture": "#0"},
				"south": {"uv": [3, 12.5, 4.5, 13], "texture": "#0"},
				"west": {"uv": [2.25, 10, 2.5, 10.5], "texture": "#0"},
				"up": {"uv": [15, 5, 13.5, 4.75], "texture": "#0"},
				"down": {"uv": [15, 5, 13.5, 5.25], "texture": "#0"}
			}
		},
		{
			"from": [2.26, 11.234, -9.12],
			"to": [7.18, 12.874, -8.3],
			"rotation": {"angle": 0, "axis": "y", "origin": [1.44, 0, 1.44]},
			"faces": {
				"north": {"uv": [12.75, 7.25, 14.25, 7.75], "texture": "#0"},
				"east": {"uv": [2.25, 10.5, 2.5, 11], "texture": "#0"},
				"south": {"uv": [12.75, 7.75, 14.25, 8.25], "texture": "#0"},
				"west": {"uv": [8.25, 13.5, 8.5, 14], "texture": "#0"},
				"up": {"uv": [15, 6.25, 13.5, 6], "texture": "#0"},
				"down": {"uv": [15, 6.25, 13.5, 6.5], "texture": "#0"}
			}
		},
		{
			"from": [2.26, 12.874, 3.18],
			"to": [7.18, 13.694, 4.82],
			"rotation": {"angle": 0, "axis": "y", "origin": [1.44, 0, 1.44]},
			"faces": {
				"north": {"uv": [13.5, 6.5, 15, 6.75], "texture": "#0"},
				"east": {"uv": [8.25, 3.5, 8.75, 3.75], "texture": "#0"},
				"south": {"uv": [6.75, 13.5, 8.25, 13.75], "texture": "#0"},
				"west": {"uv": [10.5, 6.75, 11, 7], "texture": "#0"},
				"up": {"uv": [12, 13.25, 10.5, 12.75], "texture": "#0"},
				"down": {"uv": [13.5, 12.75, 12, 13.25], "texture": "#0"}
			}
		},
		{
			"from": [2.26, 12.874, -1.74],
			"to": [7.18, 13.694, -0.1],
			"rotation": {"angle": 0, "axis": "y", "origin": [1.44, 0, 1.44]},
			"faces": {
				"north": {"uv": [13.5, 11.5, 15, 11.75], "texture": "#0"},
				"east": {"uv": [12.75, 2.75, 13.25, 3], "texture": "#0"},
				"south": {"uv": [13.5, 11.75, 15, 12], "texture": "#0"},
				"west": {"uv": [8.5, 13.5, 9, 13.75], "texture": "#0"},
				"up": {"uv": [4.5, 13.5, 3, 13], "texture": "#0"},
				"down": {"uv": [6, 13, 4.5, 13.5], "texture": "#0"}
			}
		},
		{
			"from": [2.26, 6.314, -1.74],
			"to": [7.18, 7.134, -0.1],
			"rotation": {"angle": 0, "axis": "y", "origin": [1.44, 0, 1.44]},
			"faces": {
				"north": {"uv": [13.5, 12, 15, 12.25], "texture": "#0"},
				"east": {"uv": [13.5, 12.5, 14, 12.75], "texture": "#0"},
				"south": {"uv": [13.5, 12.25, 15, 12.5], "texture": "#0"},
				"west": {"uv": [13.5, 12.75, 14, 13], "texture": "#0"},
				"up": {"uv": [7.5, 13.5, 6, 13], "texture": "#0"},
				"down": {"uv": [9, 13, 7.5, 13.5], "texture": "#0"}
			}
		},
		{
			"from": [2.26, 12.874, 7.28],
			"to": [7.18, 13.694, 8.92],
			"rotation": {"angle": 0, "axis": "y", "origin": [1.44, 0, 1.44]},
			"faces": {
				"north": {"uv": [13.5, 11, 15, 11.25], "texture": "#0"},
				"east": {"uv": [1.5, 11.5, 2, 11.75], "texture": "#0"},
				"south": {"uv": [13.5, 11.25, 15, 11.5], "texture": "#0"},
				"west": {"uv": [11.75, 8.25, 12.25, 8.5], "texture": "#0"},
				"up": {"uv": [3, 13.5, 1.5, 13], "texture": "#0"},
				"down": {"uv": [14.5, 1.5, 13, 2], "texture": "#0"}
			}
		},
		{
			"from": [2.26, 7.134, -15.68],
			"to": [7.18, 8.774, -14.86],
			"rotation": {"angle": 0, "axis": "y", "origin": [1.44, 0, 1.44]},
			"faces": {
				"north": {"uv": [4.5, 12.5, 6, 13], "texture": "#0"},
				"east": {"uv": [10, 3, 10.25, 3.5], "texture": "#0"},
				"south": {"uv": [6, 12.5, 7.5, 13], "texture": "#0"},
				"west": {"uv": [10.25, 3, 10.5, 3.5], "texture": "#0"},
				"up": {"uv": [6.75, 13.75, 5.25, 13.5], "texture": "#0"},
				"down": {"uv": [15, 5.25, 13.5, 5.5], "texture": "#0"}
			}
		},
		{
			"from": [2.26, 11.234, -15.68],
			"to": [7.18, 12.874, -14.86],
			"rotation": {"angle": 0, "axis": "y", "origin": [1.44, 0, 1.44]},
			"faces": {
				"north": {"uv": [12.75, 2.25, 14.25, 2.75], "texture": "#0"},
				"east": {"uv": [3.25, 10.25, 3.5, 10.75], "texture": "#0"},
				"south": {"uv": [12.75, 6.75, 14.25, 7.25], "texture": "#0"},
				"west": {"uv": [3.5, 10.25, 3.75, 10.75], "texture": "#0"},
				"up": {"uv": [15, 5.75, 13.5, 5.5], "texture": "#0"},
				"down": {"uv": [15, 5.75, 13.5, 6], "texture": "#0"}
			}
		}
	]
}