{
	"credit": "Made by Skyblock Squad",
	"texture_size": [64, 64],
	"textures": {
		"0": "item/tchobi",
		"particle": "item/tchobi"
	},
	"elements": [
		{
			"from": [4.5, 2.6, 5.5],
			"to": [7.5, 4.1, 6.5],
			"rotation": {"angle": 0, "axis": "y", "origin": [9, 0, 8]},
			"faces": {
				"north": {"uv": [5.75, 2.5, 6.5, 2.875], "texture": "#0"},
				"east": {"uv": [3, 2, 3.25, 2.375], "texture": "#0"},
				"south": {"uv": [5.75, 3, 6.5, 3.375], "texture": "#0"},
				"west": {"uv": [5.25, 3.5, 5.5, 3.875], "texture": "#0"},
				"up": {"uv": [7.75, 5.5, 7, 5.25], "texture": "#0"},
				"down": {"uv": [8, 1, 7.25, 1.25], "texture": "#0"}
			}
		},
		{
			"from": [4.5, 6.85, -4.75],
			"to": [7.5, 8.35, 0.25],
			"rotation": {"angle": 0, "axis": "y", "origin": [9, 0, 8]},
			"faces": {
				"north": {"uv": [5.5, 4.5, 6.25, 4.875], "texture": "#0"},
				"east": {"uv": [5, 0, 6.25, 0.375], "texture": "#0"},
				"south": {"uv": [5.5, 5, 6.25, 5.375], "texture": "#0"},
				"west": {"uv": [5, 0.5, 6.25, 0.875], "texture": "#0"},
				"up": {"uv": [3, 1.25, 2.25, 0], "texture": "#0"},
				"down": {"uv": [3, 1.25, 2.25, 2.5], "texture": "#0"}
			}
		},
		{
			"from": [4.5, 0.35, -3],
			"to": [7.5, 6.85, -1.5],
			"rotation": {"angle": 0, "axis": "y", "origin": [9, 0, 8]},
			"faces": {
				"north": {"uv": [0.75, 2, 1.5, 3.625], "texture": "#0"},
				"east": {"uv": [0.75, 3.75, 1.125, 5.375], "texture": "#0"},
				"south": {"uv": [1.5, 2, 2.25, 3.625], "texture": "#0"},
				"west": {"uv": [1.25, 3.75, 1.625, 5.375], "texture": "#0"},
				"up": {"uv": [4.5, 5.875, 3.75, 5.5], "texture": "#0"},
				"down": {"uv": [5.25, 5.5, 4.5, 5.875], "texture": "#0"}
			}
		},
		{
			"from": [4.5, 0.35, 6.5],
			"to": [7.5, 3.6, 8],
			"rotation": {"angle": 0, "axis": "y", "origin": [9, 0, 8]},
			"faces": {
				"north": {"uv": [3.75, 2, 4.5, 2.8125], "texture": "#0"},
				"east": {"uv": [5.25, 2.5, 5.625, 3.3125], "texture": "#0"},
				"south": {"uv": [3.75, 3, 4.5, 3.8125], "texture": "#0"},
				"west": {"uv": [0, 5.5, 0.375, 6.3125], "texture": "#0"},
				"up": {"uv": [2.25, 6.125, 1.5, 5.75], "texture": "#0"},
				"down": {"uv": [3, 5.75, 2.25, 6.125], "texture": "#0"}
			}
		},
		{
			"from": [4.5, 0.35, 17.75],
			"to": [7.5, 3.6, 19.25],
			"rotation": {"angle": 0, "axis": "y", "origin": [9, 0, 8]},
			"faces": {
				"north": {"uv": [0, 4, 0.75, 4.8125], "texture": "#0"},
				"east": {"uv": [0.5, 5.5, 0.875, 6.3125], "texture": "#0"},
				"south": {"uv": [3.25, 4, 4, 4.8125], "texture": "#0"},
				"west": {"uv": [1, 5.5, 1.375, 6.3125], "texture": "#0"},
				"up": {"uv": [5.25, 6.875, 4.5, 6.5], "texture": "#0"},
				"down": {"uv": [6, 6.5, 5.25, 6.875], "texture": "#0"}
			}
		},
		{
			"from": [4.5, 0.35, 4],
			"to": [7.5, 7.85, 5.5],
			"rotation": {"angle": 0, "axis": "y", "origin": [9, 0, 8]},
			"faces": {
				"north": {"uv": [0, 0, 0.75, 1.875], "texture": "#0"},
				"east": {"uv": [2.25, 2.5, 2.625, 4.375], "texture": "#0"},
				"south": {"uv": [0.75, 0, 1.5, 1.875], "texture": "#0"},
				"west": {"uv": [2.75, 2.5, 3.125, 4.375], "texture": "#0"},
				"up": {"uv": [6, 5.875, 5.25, 5.5], "texture": "#0"},
				"down": {"uv": [6.5, 1, 5.75, 1.375], "texture": "#0"}
			}
		},
		{
			"from": [4.5, 0.85, -0.25],
			"to": [7.5, 3.6, 1.25],
			"rotation": {"angle": 0, "axis": "y", "origin": [9, 0, 8]},
			"faces": {
				"north": {"uv": [4.25, 1, 5, 1.6875], "texture": "#0"},
				"east": {"uv": [1.75, 3.75, 2.125, 4.4375], "texture": "#0"},
				"south": {"uv": [1.75, 4.5, 2.5, 5.1875], "texture": "#0"},
				"west": {"uv": [0.75, 7, 1.125, 7.6875], "texture": "#0"},
				"up": {"uv": [6.75, 4.375, 6, 4], "texture": "#0"},
				"down": {"uv": [5.25, 6, 4.5, 6.375], "texture": "#0"}
			}
		},
		{
			"from": [4.5, 0.35, 0.25],
			"to": [7.5, 0.85, 1.25],
			"rotation": {"angle": 0, "axis": "y", "origin": [9, 0, 8]},
			"faces": {
				"north": {"uv": [6.75, 8, 7.5, 8.125], "texture": "#0"},
				"east": {"uv": [1.5, 5.5, 1.75, 5.625], "texture": "#0"},
				"south": {"uv": [7.5, 8, 8.25, 8.125], "texture": "#0"},
				"west": {"uv": [3, 6.25, 3.25, 6.375], "texture": "#0"},
				"up": {"uv": [2.75, 7.5, 2, 7.25], "texture": "#0"},
				"down": {"uv": [8, 2.5, 7.25, 2.75], "texture": "#0"}
			}
		},
		{
			"from": [4.5, 0.35, 1.25],
			"to": [7.5, 1.85, 3],
			"rotation": {"angle": 0, "axis": "y", "origin": [9, 0, 8]},
			"faces": {
				"north": {"uv": [6, 3.5, 6.75, 3.875], "texture": "#0"},
				"east": {"uv": [0.5, 7.75, 0.9375, 8.125], "texture": "#0"},
				"south": {"uv": [3.75, 6, 4.5, 6.375], "texture": "#0"},
				"west": {"uv": [7.75, 0.5, 8.1875, 0.875], "texture": "#0"},
				"up": {"uv": [4, 5.4375, 3.25, 5], "texture": "#0"},
				"down": {"uv": [4.75, 5, 4, 5.4375], "texture": "#0"}
			}
		},
		{
			"from": [4.5, 3.6, 0.25],
			"to": [7.5, 4.1, 1.25],
			"rotation": {"angle": 0, "axis": "y", "origin": [9, 0, 8]},
			"faces": {
				"north": {"uv": [5.25, 8, 6, 8.125], "texture": "#0"},
				"east": {"uv": [4.25, 1.75, 4.5, 1.875], "texture": "#0"},
				"south": {"uv": [6, 8, 6.75, 8.125], "texture": "#0"},
				"west": {"uv": [5, 1.5, 5.25, 1.625], "texture": "#0"},
				"up": {"uv": [2, 7.5, 1.25, 7.25], "texture": "#0"},
				"down": {"uv": [8, 1.25, 7.25, 1.5], "texture": "#0"}
			}
		},
		{
			"from": [4.5, 4.1, 17.75],
			"to": [7.5, 5.35, 19.25],
			"rotation": {"angle": 0, "axis": "y", "origin": [9, 0, 8]},
			"faces": {
				"north": {"uv": [7, 0.5, 7.75, 0.8125], "texture": "#0"},
				"east": {"uv": [2.75, 8, 3.125, 8.3125], "texture": "#0"},
				"south": {"uv": [5.5, 7, 6.25, 7.3125], "texture": "#0"},
				"west": {"uv": [8, 2.75, 8.375, 3.0625], "texture": "#0"},
				"up": {"uv": [6.75, 6.875, 6, 6.5], "texture": "#0"},
				"down": {"uv": [2.25, 6.75, 1.5, 7.125], "texture": "#0"}
			}
		},
		{
			"from": [4.5, 3.6, 6.5],
			"to": [7.5, 4.1, 7.5],
			"rotation": {"angle": 0, "axis": "y", "origin": [9, 0, 8]},
			"faces": {
				"north": {"uv": [8, 7.75, 8.75, 7.875], "texture": "#0"},
				"east": {"uv": [1.25, 7, 1.5, 7.125], "texture": "#0"},
				"south": {"uv": [0, 8.25, 0.75, 8.375], "texture": "#0"},
				"west": {"uv": [8.75, 2.5, 9, 2.625], "texture": "#0"},
				"up": {"uv": [8, 3, 7.25, 2.75], "texture": "#0"},
				"down": {"uv": [8, 3, 7.25, 3.25], "texture": "#0"}
			}
		},
		{
			"from": [4.5, 0.35, 13.25],
			"to": [7.5, 7.85, 14.75],
			"rotation": {"angle": 0, "axis": "y", "origin": [9, 0, 8]},
			"faces": {
				"north": {"uv": [1.5, 0, 2.25, 1.875], "texture": "#0"},
				"east": {"uv": [3, 0, 3.375, 1.875], "texture": "#0"},
				"south": {"uv": [0, 2, 0.75, 3.875], "texture": "#0"},
				"west": {"uv": [3.25, 2, 3.625, 3.875], "texture": "#0"},
				"up": {"uv": [7.25, 2.875, 6.5, 2.5], "texture": "#0"},
				"down": {"uv": [3.75, 6.5, 3, 6.875], "texture": "#0"}
			}
		},
		{
			"from": [4.5, 2.6, 14.75],
			"to": [7.5, 4.1, 15.5],
			"rotation": {"angle": 0, "axis": "y", "origin": [9, 0, 8]},
			"faces": {
				"north": {"uv": [0.75, 6.5, 1.5, 6.875], "texture": "#0"},
				"east": {"uv": [0.5, 8.75, 0.6875, 9.125], "texture": "#0"},
				"south": {"uv": [6.5, 1, 7.25, 1.375], "texture": "#0"},
				"west": {"uv": [0.75, 8.75, 0.9375, 9.125], "texture": "#0"},
				"up": {"uv": [5.75, 7.9375, 5, 7.75], "texture": "#0"},
				"down": {"uv": [8.5, 5.25, 7.75, 5.4375], "texture": "#0"}
			}
		},
		{
			"from": [4.5, 0.35, 14.75],
			"to": [7.5, 1.85, 15.5],
			"rotation": {"angle": 0, "axis": "y", "origin": [9, 0, 8]},
			"faces": {
				"north": {"uv": [6.5, 3, 7.25, 3.375], "texture": "#0"},
				"east": {"uv": [1, 8.75, 1.1875, 9.125], "texture": "#0"},
				"south": {"uv": [3.75, 6.5, 4.5, 6.875], "texture": "#0"},
				"west": {"uv": [8.75, 1, 8.9375, 1.375], "texture": "#0"},
				"up": {"uv": [6.5, 7.9375, 5.75, 7.75], "texture": "#0"},
				"down": {"uv": [7.25, 7.75, 6.5, 7.9375], "texture": "#0"}
			}
		},
		{
			"from": [4.5, 3.6, 15.5],
			"to": [7.5, 4.1, 16.5],
			"rotation": {"angle": 0, "axis": "y", "origin": [9, 0, 8]},
			"faces": {
				"north": {"uv": [8.25, 2, 9, 2.125], "texture": "#0"},
				"east": {"uv": [4.75, 8.75, 5, 8.875], "texture": "#0"},
				"south": {"uv": [8.25, 2.25, 9, 2.375], "texture": "#0"},
				"west": {"uv": [5, 8.75, 5.25, 8.875], "texture": "#0"},
				"up": {"uv": [8.25, 3.75, 7.5, 3.5], "texture": "#0"},
				"down": {"uv": [8.25, 3.75, 7.5, 4], "texture": "#0"}
			}
		},
		{
			"from": [4.5, 0.35, 15.5],
			"to": [7.5, 0.85, 16.5],
			"rotation": {"angle": 0, "axis": "y", "origin": [9, 0, 8]},
			"faces": {
				"north": {"uv": [8.25, 3.5, 9, 3.625], "texture": "#0"},
				"east": {"uv": [5.25, 8.75, 5.5, 8.875], "texture": "#0"},
				"south": {"uv": [8.25, 3.75, 9, 3.875], "texture": "#0"},
				"west": {"uv": [5.5, 8.75, 5.75, 8.875], "texture": "#0"},
				"up": {"uv": [8.25, 4.25, 7.5, 4], "texture": "#0"},
				"down": {"uv": [8.25, 4.25, 7.5, 4.5], "texture": "#0"}
			}
		},
		{
			"from": [4.5, 0.85, 15.5],
			"to": [7.5, 3.6, 17],
			"rotation": {"angle": 0, "axis": "y", "origin": [9, 0, 8]},
			"faces": {
				"north": {"uv": [4.75, 4, 5.5, 4.6875], "texture": "#0"},
				"east": {"uv": [7, 4.5, 7.375, 5.1875], "texture": "#0"},
				"south": {"uv": [4.75, 4.75, 5.5, 5.4375], "texture": "#0"},
				"west": {"uv": [5, 7, 5.375, 7.6875], "texture": "#0"},
				"up": {"uv": [7, 5.375, 6.25, 5], "texture": "#0"},
				"down": {"uv": [0.75, 6.5, 0, 6.875], "texture": "#0"}
			}
		},
		{
			"from": [4.5, 2.6, 1.25],
			"to": [7.5, 4.1, 3],
			"rotation": {"angle": 0, "axis": "y", "origin": [9, 0, 8]},
			"faces": {
				"north": {"uv": [6, 1.5, 6.75, 1.875], "texture": "#0"},
				"east": {"uv": [0, 7.75, 0.4375, 8.125], "texture": "#0"},
				"south": {"uv": [6, 2, 6.75, 2.375], "texture": "#0"},
				"west": {"uv": [7.75, 0, 8.1875, 0.375], "texture": "#0"},
				"up": {"uv": [0.75, 5.4375, 0, 5], "texture": "#0"},
				"down": {"uv": [5.75, 1, 5, 1.4375], "texture": "#0"}
			}
		},
		{
			"from": [4.5, 0.85, 8.75],
			"to": [7.5, 3.6, 10.25],
			"rotation": {"angle": 0, "axis": "y", "origin": [9, 0, 8]},
			"faces": {
				"north": {"uv": [4.5, 1.75, 5.25, 2.4375], "texture": "#0"},
				"east": {"uv": [3, 7, 3.375, 7.6875], "texture": "#0"},
				"south": {"uv": [2.5, 4.5, 3.25, 5.1875], "texture": "#0"},
				"west": {"uv": [3.5, 7, 3.875, 7.6875], "texture": "#0"},
				"up": {"uv": [7, 0.875, 6.25, 0.5], "texture": "#0"},
				"down": {"uv": [2.25, 6.25, 1.5, 6.625], "texture": "#0"}
			}
		},
		{
			"from": [4.5, 0.85, 11],
			"to": [7.5, 3.6, 12.5],
			"rotation": {"angle": 0, "axis": "y", "origin": [9, 0, 8]},
			"faces": {
				"north": {"uv": [4.5, 2.5, 5.25, 3.1875], "texture": "#0"},
				"east": {"uv": [4, 7, 4.375, 7.6875], "texture": "#0"},
				"south": {"uv": [4.5, 3.25, 5.25, 3.9375], "texture": "#0"},
				"west": {"uv": [4.5, 7, 4.875, 7.6875], "texture": "#0"},
				"up": {"uv": [3, 6.625, 2.25, 6.25], "texture": "#0"},
				"down": {"uv": [7, 4.5, 6.25, 4.875], "texture": "#0"}
			}
		},
		{
			"from": [4.5, 0.35, 9.25],
			"to": [7.5, 0.85, 10.25],
			"rotation": {"angle": 0, "axis": "y", "origin": [9, 0, 8]},
			"faces": {
				"north": {"uv": [8.25, 0.5, 9, 0.625], "texture": "#0"},
				"east": {"uv": [3.25, 8.75, 3.5, 8.875], "texture": "#0"},
				"south": {"uv": [0.75, 8.25, 1.5, 8.375], "texture": "#0"},
				"west": {"uv": [3.5, 8.75, 3.75, 8.875], "texture": "#0"},
				"up": {"uv": [2, 7.75, 1.25, 7.5], "texture": "#0"},
				"down": {"uv": [8.25, 1.5, 7.5, 1.75], "texture": "#0"}
			}
		},
		{
			"from": [4.5, 0.35, 10.25],
			"to": [7.5, 1.85, 11],
			"rotation": {"angle": 0, "axis": "y", "origin": [9, 0, 8]},
			"faces": {
				"north": {"uv": [6, 6, 6.75, 6.375], "texture": "#0"},
				"east": {"uv": [0, 8.75, 0.1875, 9.125], "texture": "#0"},
				"south": {"uv": [6.25, 0, 7, 0.375], "texture": "#0"},
				"west": {"uv": [0.25, 8.75, 0.4375, 9.125], "texture": "#0"},
				"up": {"uv": [4.25, 7.9375, 3.5, 7.75], "texture": "#0"},
				"down": {"uv": [5, 7.75, 4.25, 7.9375], "texture": "#0"}
			}
		},
		{
			"from": [4.5, 2.6, 10.25],
			"to": [7.5, 4.1, 11],
			"rotation": {"angle": 0, "axis": "y", "origin": [9, 0, 8]},
			"faces": {
				"north": {"uv": [5.25, 6, 6, 6.375], "texture": "#0"},
				"east": {"uv": [3, 5.75, 3.1875, 6.125], "texture": "#0"},
				"south": {"uv": [6, 5.5, 6.75, 5.875], "texture": "#0"},
				"west": {"uv": [2.75, 7.25, 2.9375, 7.625], "texture": "#0"},
				"up": {"uv": [2.75, 7.9375, 2, 7.75], "texture": "#0"},
				"down": {"uv": [3.5, 7.75, 2.75, 7.9375], "texture": "#0"}
			}
		},
		{
			"from": [4.5, 3.6, 9.25],
			"to": [7.5, 4.1, 10.25],
			"rotation": {"angle": 0, "axis": "y", "origin": [9, 0, 8]},
			"faces": {
				"north": {"uv": [8.25, 0, 9, 0.125], "texture": "#0"},
				"east": {"uv": [2.75, 8.75, 3, 8.875], "texture": "#0"},
				"south": {"uv": [8.25, 0.25, 9, 0.375], "texture": "#0"},
				"west": {"uv": [3, 8.75, 3.25, 8.875], "texture": "#0"},
				"up": {"uv": [8, 3.5, 7.25, 3.25], "texture": "#0"},
				"down": {"uv": [0.75, 7.5, 0, 7.75], "texture": "#0"}
			}
		},
		{
			"from": [4.5, 3.6, 11],
			"to": [7.5, 4.1, 12],
			"rotation": {"angle": 0, "axis": "y", "origin": [9, 0, 8]},
			"faces": {
				"north": {"uv": [8.25, 1.5, 9, 1.625], "texture": "#0"},
				"east": {"uv": [4.25, 8.75, 4.5, 8.875], "texture": "#0"},
				"south": {"uv": [8.25, 1.75, 9, 1.875], "texture": "#0"},
				"west": {"uv": [4.5, 8.75, 4.75, 8.875], "texture": "#0"},
				"up": {"uv": [8.25, 2.25, 7.5, 2], "texture": "#0"},
				"down": {"uv": [8.25, 2.25, 7.5, 2.5], "texture": "#0"}
			}
		},
		{
			"from": [4.5, 0.35, 11],
			"to": [7.5, 0.85, 12],
			"rotation": {"angle": 0, "axis": "y", "origin": [9, 0, 8]},
			"faces": {
				"north": {"uv": [8.25, 0.75, 9, 0.875], "texture": "#0"},
				"east": {"uv": [3.75, 8.75, 4, 8.875], "texture": "#0"},
				"south": {"uv": [1.5, 8.25, 2.25, 8.375], "texture": "#0"},
				"west": {"uv": [4, 8.75, 4.25, 8.875], "texture": "#0"},
				"up": {"uv": [8.25, 2, 7.5, 1.75], "texture": "#0"},
				"down": {"uv": [2.75, 7.5, 2, 7.75], "texture": "#0"}
			}
		},
		{
			"from": [4.5, 14.6, 9.25],
			"to": [7.5, 15.1, 9.75],
			"rotation": {"angle": 0, "axis": "y", "origin": [9, 0, 8]},
			"faces": {
				"north": {"uv": [8.5, 7.25, 9.25, 7.375], "texture": "#0"},
				"east": {"uv": [9, 1.75, 9.125, 1.875], "texture": "#0"},
				"south": {"uv": [7.5, 8.5, 8.25, 8.625], "texture": "#0"},
				"west": {"uv": [9, 2, 9.125, 2.125], "texture": "#0"},
				"up": {"uv": [9.25, 7.625, 8.5, 7.5], "texture": "#0"},
				"down": {"uv": [9, 8.5, 8.25, 8.625], "texture": "#0"}
			}
		},
		{
			"from": [4.5, 14.1, 7.75],
			"to": [7.5, 14.6, 9.5],
			"rotation": {"angle": 0, "axis": "y", "origin": [9, 0, 8]},
			"faces": {
				"north": {"uv": [6.75, 8.5, 7.5, 8.625], "texture": "#0"},
				"east": {"uv": [2.25, 8.25, 2.6875, 8.375], "texture": "#0"},
				"south": {"uv": [8.5, 7, 9.25, 7.125], "texture": "#0"},
				"west": {"uv": [2.25, 8.75, 2.6875, 8.875], "texture": "#0"},
				"up": {"uv": [6, 2.4375, 5.25, 2], "texture": "#0"},
				"down": {"uv": [3.25, 5.25, 2.5, 5.6875], "texture": "#0"}
			}
		},
		{
			"from": [4.5, 13.85, 7.25],
			"to": [7.5, 14.35, 7.75],
			"rotation": {"angle": 0, "axis": "y", "origin": [9, 0, 8]},
			"faces": {
				"north": {"uv": [4.5, 8.5, 5.25, 8.625], "texture": "#0"},
				"east": {"uv": [9, 1.25, 9.125, 1.375], "texture": "#0"},
				"south": {"uv": [5.25, 8.5, 6, 8.625], "texture": "#0"},
				"west": {"uv": [9, 1.5, 9.125, 1.625], "texture": "#0"},
				"up": {"uv": [9.25, 5.375, 8.5, 5.25], "texture": "#0"},
				"down": {"uv": [6.75, 8.5, 6, 8.625], "texture": "#0"}
			}
		},
		{
			"from": [4.5, 13.35, 6.75],
			"to": [7.5, 13.85, 7.25],
			"rotation": {"angle": 0, "axis": "y", "origin": [9, 0, 8]},
			"faces": {
				"north": {"uv": [8.5, 2.75, 9.25, 2.875], "texture": "#0"},
				"east": {"uv": [9, 0.75, 9.125, 0.875], "texture": "#0"},
				"south": {"uv": [3, 8.5, 3.75, 8.625], "texture": "#0"},
				"west": {"uv": [9, 1, 9.125, 1.125], "texture": "#0"},
				"up": {"uv": [9.25, 3.125, 8.5, 3], "texture": "#0"},
				"down": {"uv": [4.5, 8.5, 3.75, 8.625], "texture": "#0"}
			}
		},
		{
			"from": [4.5, 13.1, 7.25],
			"to": [7.5, 13.6, 11],
			"rotation": {"angle": 0, "axis": "y", "origin": [9, 0, 8]},
			"faces": {
				"north": {"uv": [1.5, 8.5, 2.25, 8.625], "texture": "#0"},
				"east": {"uv": [8, 3.25, 8.9375, 3.375], "texture": "#0"},
				"south": {"uv": [2.25, 8.5, 3, 8.625], "texture": "#0"},
				"west": {"uv": [4.25, 8, 5.1875, 8.125], "texture": "#0"},
				"up": {"uv": [4.25, 0.9375, 3.5, 0], "texture": "#0"},
				"down": {"uv": [4.25, 1, 3.5, 1.9375], "texture": "#0"}
			}
		},
		{
			"from": [4.5, 13.35, 11],
			"to": [7.5, 13.85, 11.5],
			"rotation": {"angle": 0, "axis": "y", "origin": [9, 0, 8]},
			"faces": {
				"north": {"uv": [8, 8.25, 8.75, 8.375], "texture": "#0"},
				"east": {"uv": [9, 0.25, 9.125, 0.375], "texture": "#0"},
				"south": {"uv": [8.25, 8, 9, 8.125], "texture": "#0"},
				"west": {"uv": [9, 0.5, 9.125, 0.625], "texture": "#0"},
				"up": {"uv": [0.75, 8.625, 0, 8.5], "texture": "#0"},
				"down": {"uv": [1.5, 8.5, 0.75, 8.625], "texture": "#0"}
			}
		},
		{
			"from": [4.5, 12.6, 11.5],
			"to": [7.5, 13.35, 12],
			"rotation": {"angle": 0, "axis": "y", "origin": [9, 0, 8]},
			"faces": {
				"north": {"uv": [2, 8, 2.75, 8.1875], "texture": "#0"},
				"east": {"uv": [8.75, 8.75, 8.875, 8.9375], "texture": "#0"},
				"south": {"uv": [8, 2.5, 8.75, 2.6875], "texture": "#0"},
				"west": {"uv": [9, 0, 9.125, 0.1875], "texture": "#0"},
				"up": {"uv": [9, 6.875, 8.25, 6.75], "texture": "#0"},
				"down": {"uv": [8, 8.25, 7.25, 8.375], "texture": "#0"}
			}
		},
		{
			"from": [4.5, 11.85, 12],
			"to": [7.5, 12.6, 12.5],
			"rotation": {"angle": 0, "axis": "y", "origin": [9, 0, 8]},
			"faces": {
				"north": {"uv": [8, 1, 8.75, 1.1875], "texture": "#0"},
				"east": {"uv": [8.75, 8.25, 8.875, 8.4375], "texture": "#0"},
				"south": {"uv": [8, 1.25, 8.75, 1.4375], "texture": "#0"},
				"west": {"uv": [8.5, 8.75, 8.625, 8.9375], "texture": "#0"},
				"up": {"uv": [7.25, 8.375, 6.5, 8.25], "texture": "#0"},
				"down": {"uv": [9, 6.5, 8.25, 6.625], "texture": "#0"}
			}
		},
		{
			"from": [4.5, 11.35, 11],
			"to": [7.5, 11.85, 12],
			"rotation": {"angle": 0, "axis": "y", "origin": [9, 0, 8]},
			"faces": {
				"north": {"uv": [8.25, 6, 9, 6.125], "texture": "#0"},
				"east": {"uv": [8, 8.75, 8.25, 8.875], "texture": "#0"},
				"south": {"uv": [8.25, 6.25, 9, 6.375], "texture": "#0"},
				"west": {"uv": [8.25, 8.75, 8.5, 8.875], "texture": "#0"},
				"up": {"uv": [8.25, 7, 7.5, 6.75], "texture": "#0"},
				"down": {"uv": [7.75, 7.5, 7, 7.75], "texture": "#0"}
			}
		},
		{
			"from": [4.5, 10.85, 10.5],
			"to": [7.5, 11.35, 11.5],
			"rotation": {"angle": 0, "axis": "y", "origin": [9, 0, 8]},
			"faces": {
				"north": {"uv": [5.75, 8.25, 6.5, 8.375], "texture": "#0"},
				"east": {"uv": [7.75, 8.75, 8, 8.875], "texture": "#0"},
				"south": {"uv": [8.25, 5.75, 9, 5.875], "texture": "#0"},
				"west": {"uv": [8.75, 7.75, 9, 7.875], "texture": "#0"},
				"up": {"uv": [8.25, 6.5, 7.5, 6.25], "texture": "#0"},
				"down": {"uv": [8.25, 6.5, 7.5, 6.75], "texture": "#0"}
			}
		},
		{
			"from": [4.5, 10.85, 9],
			"to": [7.5, 12.1, 10.5],
			"rotation": {"angle": 0, "axis": "y", "origin": [9, 0, 8]},
			"faces": {
				"north": {"uv": [6.25, 7, 7, 7.3125], "texture": "#0"},
				"east": {"uv": [3.25, 8, 3.625, 8.3125], "texture": "#0"},
				"south": {"uv": [7, 7, 7.75, 7.3125], "texture": "#0"},
				"west": {"uv": [3.75, 8, 4.125, 8.3125], "texture": "#0"},
				"up": {"uv": [0.75, 7.375, 0, 7], "texture": "#0"},
				"down": {"uv": [7.75, 0, 7, 0.375], "texture": "#0"}
			}
		},
		{
			"from": [4.5, 12.1, 9],
			"to": [7.5, 12.6, 10],
			"rotation": {"angle": 0, "axis": "y", "origin": [9, 0, 8]},
			"faces": {
				"north": {"uv": [8.25, 4.25, 9, 4.375], "texture": "#0"},
				"east": {"uv": [6.25, 8.75, 6.5, 8.875], "texture": "#0"},
				"south": {"uv": [8.25, 4.5, 9, 4.625], "texture": "#0"},
				"west": {"uv": [6.5, 8.75, 6.75, 8.875], "texture": "#0"},
				"up": {"uv": [8.25, 5.25, 7.5, 5], "texture": "#0"},
				"down": {"uv": [6.25, 7.5, 5.5, 7.75], "texture": "#0"}
			}
		},
		{
			"from": [4.5, 11.1, 8.25],
			"to": [7.5, 12.6, 9],
			"rotation": {"angle": 0, "axis": "y", "origin": [9, 0, 8]},
			"faces": {
				"north": {"uv": [6.75, 1.5, 7.5, 1.875], "texture": "#0"},
				"east": {"uv": [1.25, 8.75, 1.4375, 9.125], "texture": "#0"},
				"south": {"uv": [6.75, 2, 7.5, 2.375], "texture": "#0"},
				"west": {"uv": [1.5, 8.75, 1.6875, 9.125], "texture": "#0"},
				"up": {"uv": [8.5, 7.1875, 7.75, 7], "texture": "#0"},
				"down": {"uv": [8, 7.75, 7.25, 7.9375], "texture": "#0"}
			}
		},
		{
			"from": [4.5, 12.1, 7.25],
			"to": [7.5, 12.6, 8.25],
			"rotation": {"angle": 0, "axis": "y", "origin": [9, 0, 8]},
			"faces": {
				"north": {"uv": [8.25, 4, 9, 4.125], "texture": "#0"},
				"east": {"uv": [5.75, 8.75, 6, 8.875], "texture": "#0"},
				"south": {"uv": [4.25, 8.25, 5, 8.375], "texture": "#0"},
				"west": {"uv": [6, 8.75, 6.25, 8.875], "texture": "#0"},
				"up": {"uv": [8.25, 4.75, 7.5, 4.5], "texture": "#0"},
				"down": {"uv": [8.25, 4.75, 7.5, 5], "texture": "#0"}
			}
		},
		{
			"from": [4.5, 8.85, 6.75],
			"to": [7.5, 12.1, 8.25],
			"rotation": {"angle": 0, "axis": "y", "origin": [9, 0, 8]},
			"faces": {
				"north": {"uv": [4, 4, 4.75, 4.8125], "texture": "#0"},
				"east": {"uv": [3.25, 5.5, 3.625, 6.3125], "texture": "#0"},
				"south": {"uv": [4.25, 0, 5, 0.8125], "texture": "#0"},
				"west": {"uv": [5.5, 3.5, 5.875, 4.3125], "texture": "#0"},
				"up": {"uv": [7.5, 6.375, 6.75, 6], "texture": "#0"},
				"down": {"uv": [7.5, 6.5, 6.75, 6.875], "texture": "#0"}
			}
		},
		{
			"from": [4.5, 8.35, 7.25],
			"to": [7.5, 8.85, 8.25],
			"rotation": {"angle": 0, "axis": "y", "origin": [9, 0, 8]},
			"faces": {
				"north": {"uv": [8.25, 5, 9, 5.125], "texture": "#0"},
				"east": {"uv": [7.25, 8.75, 7.5, 8.875], "texture": "#0"},
				"south": {"uv": [8.25, 5.5, 9, 5.625], "texture": "#0"},
				"west": {"uv": [7.5, 8.75, 7.75, 8.875], "texture": "#0"},
				"up": {"uv": [8.25, 6.25, 7.5, 6], "texture": "#0"},
				"down": {"uv": [7, 7.5, 6.25, 7.75], "texture": "#0"}
			}
		},
		{
			"from": [4.5, 8.35, 8.25],
			"to": [7.5, 9.85, 9],
			"rotation": {"angle": 0, "axis": "y", "origin": [9, 0, 8]},
			"faces": {
				"north": {"uv": [6.75, 4, 7.5, 4.375], "texture": "#0"},
				"east": {"uv": [1.75, 8.75, 1.9375, 9.125], "texture": "#0"},
				"south": {"uv": [6.75, 5.5, 7.5, 5.875], "texture": "#0"},
				"west": {"uv": [2, 8.75, 2.1875, 9.125], "texture": "#0"},
				"up": {"uv": [8.5, 7.4375, 7.75, 7.25], "texture": "#0"},
				"down": {"uv": [8.5, 7.5, 7.75, 7.6875], "texture": "#0"}
			}
		},
		{
			"from": [4.5, 8.35, 9],
			"to": [7.5, 8.85, 10],
			"rotation": {"angle": 0, "axis": "y", "origin": [9, 0, 8]},
			"faces": {
				"north": {"uv": [8.25, 4.75, 9, 4.875], "texture": "#0"},
				"east": {"uv": [6.75, 8.75, 7, 8.875], "texture": "#0"},
				"south": {"uv": [5, 8.25, 5.75, 8.375], "texture": "#0"},
				"west": {"uv": [7, 8.75, 7.25, 8.875], "texture": "#0"},
				"up": {"uv": [8.25, 5.75, 7.5, 5.5], "texture": "#0"},
				"down": {"uv": [8.25, 5.75, 7.5, 6], "texture": "#0"}
			}
		},
		{
			"from": [4.5, 8.85, 9],
			"to": [7.5, 10.6, 10.5],
			"rotation": {"angle": 0, "axis": "y", "origin": [9, 0, 8]},
			"faces": {
				"north": {"uv": [5.25, 1.5, 6, 1.9375], "texture": "#0"},
				"east": {"uv": [1, 7.75, 1.375, 8.1875], "texture": "#0"},
				"south": {"uv": [1.75, 5.25, 2.5, 5.6875], "texture": "#0"},
				"west": {"uv": [1.5, 7.75, 1.875, 8.1875], "texture": "#0"},
				"up": {"uv": [3, 7.125, 2.25, 6.75], "texture": "#0"},
				"down": {"uv": [7.5, 3.5, 6.75, 3.875], "texture": "#0"}
			}
		}
	],
	"display": {},
	"groups": [
		0,
		1,
		2,
		3,
		4,
		5,
		6,
		7,
		8,
		9,
		10,
		11,
		12,
		13,
		14,
		15,
		16,
		17,
		18,
		19,
		20,
		21,
		22,
		23,
		24,
		25,
		26,
		{
			"name": "group",
			"origin": [4, 0, 4],
			"color": 0,
			"nbt": "{}",
			"children": [27, 28, 29, 30, 31, 32, 33, 34, 35, 36, 37, 38, 39, 40, 41, 42, 43, 44, 45]
		}
	]
}