{
	"credit": "Made by Skyblock Squad",
	"textures": {
		"0": "item/theskyblocksquad",
		"particle": "item/theskyblocksquad"
	},
	"elements": [
		{
			"from": [6, -8, -16],
			"to": [6, 24, 32],
			"rotation": {"angle": 0, "axis": "y", "origin": [5, 0, 0]},
			"faces": {
				"north": {"uv": [0, 0, 0, 16], "texture": "#missing"},
				"east": {"uv": [0, 3.25, 16, 13.6875], "texture": "#0"},
				"south": {"uv": [0, 0, 0, 16], "texture": "#missing"},
				"west": {"uv": [0, 3.25, 16, 13.6875], "texture": "#0"},
				"up": {"uv": [0, 0, 0, 16], "texture": "#missing"},
				"down": {"uv": [0, 0, 0, 16], "texture": "#missing"}
			}
		}
	]
}