{
	"credit": "Made with Blockbench",
	"texture_size": [64, 64],
	"textures": {
		"0": "item/crown",
		"particle": "item/crown"
	},
	"elements": [
		{
			"from": [1, 0, 5],
			"to": [2, 2, 11],
			"faces": {
				"north": {"uv": [10.75, 11.25, 11, 11.75], "texture": "#0"},
				"east": {"uv": [8.25, 2.5, 9.75, 3], "texture": "#0"},
				"south": {"uv": [11, 11.25, 11.25, 11.75], "texture": "#0"},
				"west": {"uv": [8.5, 0, 10, 0.5], "texture": "#0"},
				"up": {"uv": [8.25, 10.75, 8, 9.25], "texture": "#0"},
				"down": {"uv": [8.5, 9.25, 8.25, 10.75], "texture": "#0"}
			}
		},
		{
			"from": [17.44365, 0, 13.65685],
			"to": [18.44365, 2, 19.31371],
			"rotation": {"angle": 45, "axis": "y", "origin": [-0.55635, 0, 16.31371]},
			"faces": {
				"north": {"uv": [4.25, 11.5, 4.5, 12], "texture": "#0"},
				"east": {"uv": [8.75, 4, 10.125, 4.5], "texture": "#0"},
				"south": {"uv": [4.5, 11.5, 4.75, 12], "texture": "#0"},
				"west": {"uv": [8.75, 4.5, 10.125, 5], "texture": "#0"},
				"up": {"uv": [9.75, 10.375, 9.5, 9], "texture": "#0"},
				"down": {"uv": [0.25, 9.75, 0, 11.125], "texture": "#0"}
			}
		},
		{
			"from": [-2.44365, 0, 13.65685],
			"to": [-1.44365, 2, 19.31371],
			"rotation": {"angle": -45, "axis": "y", "origin": [16.55635, 0, 16.31371]},
			"faces": {
				"north": {"uv": [3.75, 11.5, 4, 12], "texture": "#0"},
				"east": {"uv": [8.75, 3, 10.125, 3.5], "texture": "#0"},
				"south": {"uv": [4, 11.5, 4.25, 12], "texture": "#0"},
				"west": {"uv": [8.75, 3.5, 10.125, 4], "texture": "#0"},
				"up": {"uv": [9.75, 6.625, 9.5, 5.25], "texture": "#0"},
				"down": {"uv": [9.75, 6.75, 9.5, 8.125], "texture": "#0"}
			}
		},
		{
			"from": [-2.44365, 0, -3.31371],
			"to": [-1.44365, 2, 2.34315],
			"rotation": {"angle": 45, "axis": "y", "origin": [16.55635, 0, -0.31371]},
			"faces": {
				"north": {"uv": [11.5, 2.25, 11.75, 2.75], "texture": "#0"},
				"east": {"uv": [6, 8.5, 7.375, 9], "texture": "#0"},
				"south": {"uv": [3.5, 11.5, 3.75, 12], "texture": "#0"},
				"west": {"uv": [7.5, 8.5, 8.875, 9], "texture": "#0"},
				"up": {"uv": [9.25, 10.625, 9, 9.25], "texture": "#0"},
				"down": {"uv": [9.5, 9.25, 9.25, 10.625], "texture": "#0"}
			}
		},
		{
			"from": [17.44365, 0, -3.31371],
			"to": [18.44365, 2, 2.34315],
			"rotation": {"angle": -45, "axis": "y", "origin": [-0.55635, 0, -0.31371]},
			"faces": {
				"north": {"uv": [11.25, 11.25, 11.5, 11.75], "texture": "#0"},
				"east": {"uv": [8.5, 0.5, 9.875, 1], "texture": "#0"},
				"south": {"uv": [11.5, 0, 11.75, 0.5], "texture": "#0"},
				"west": {"uv": [8.5, 1, 9.875, 1.5], "texture": "#0"},
				"up": {"uv": [8.75, 10.625, 8.5, 9.25], "texture": "#0"},
				"down": {"uv": [9, 9.25, 8.75, 10.625], "texture": "#0"}
			}
		},
		{
			"from": [14, 0, 5],
			"to": [15, 2, 11],
			"faces": {
				"north": {"uv": [7.25, 5.5, 7.5, 6], "texture": "#0"},
				"east": {"uv": [8.25, 1.5, 9.75, 2], "texture": "#0"},
				"south": {"uv": [10.5, 11.25, 10.75, 11.75], "texture": "#0"},
				"west": {"uv": [8.25, 2, 9.75, 2.5], "texture": "#0"},
				"up": {"uv": [9.5, 6.75, 9.25, 5.25], "texture": "#0"},
				"down": {"uv": [9.5, 6.75, 9.25, 8.25], "texture": "#0"}
			}
		},
		{
			"from": [5, 0, 14],
			"to": [11, 2, 15],
			"faces": {
				"north": {"uv": [7, 1, 8.5, 1.5], "texture": "#0"},
				"east": {"uv": [4, 5.5, 4.25, 6], "texture": "#0"},
				"south": {"uv": [6, 8, 7.5, 8.5], "texture": "#0"},
				"west": {"uv": [7.25, 5, 7.5, 5.5], "texture": "#0"},
				"up": {"uv": [10.5, 9, 9, 8.75], "texture": "#0"},
				"down": {"uv": [10.75, 5, 9.25, 5.25], "texture": "#0"}
			}
		},
		{
			"from": [5, 0, 1],
			"to": [11, 2, 2],
			"faces": {
				"north": {"uv": [7, 0, 8.5, 0.5], "texture": "#0"},
				"east": {"uv": [2.5, 4.5, 2.75, 5], "texture": "#0"},
				"south": {"uv": [7, 0.5, 8.5, 1], "texture": "#0"},
				"west": {"uv": [2.5, 5, 2.75, 5.5], "texture": "#0"},
				"up": {"uv": [9.5, 9.25, 8, 9], "texture": "#0"},
				"down": {"uv": [10.5, 8.5, 9, 8.75], "texture": "#0"}
			}
		},
		{
			"from": [14, 0.35, 7.5],
			"to": [15.25, 1.6, 8.5],
			"rotation": {"angle": -45, "axis": "y", "origin": [8, -0.15, 8]},
			"faces": {
				"north": {"uv": [6, 12, 6.375, 12.25], "texture": "#0"},
				"east": {"uv": [4, 6, 4.25, 6.25], "texture": "#0"},
				"south": {"uv": [6.5, 12, 6.875, 12.25], "texture": "#0"},
				"west": {"uv": [7.25, 6, 7.5, 6.25], "texture": "#0"},
				"up": {"uv": [7.375, 12.25, 7, 12], "texture": "#0"},
				"down": {"uv": [12.375, 7.5, 12, 7.75], "texture": "#0"}
			}
		},
		{
			"from": [14, 0.35, 9.5],
			"to": [15.25, 1.6, 10.5],
			"rotation": {"angle": -45, "axis": "y", "origin": [8, -0.15, 8]},
			"faces": {
				"north": {"uv": [4, 11, 4.375, 11.375], "texture": "#0"},
				"east": {"uv": [7.5, 12, 7.75, 12.375], "texture": "#0"},
				"south": {"uv": [4.5, 11, 4.875, 11.375], "texture": "#0"},
				"west": {"uv": [12, 9, 12.25, 9.375], "texture": "#0"},
				"up": {"uv": [12.375, 8, 12, 7.75], "texture": "#0"},
				"down": {"uv": [9.625, 12, 9.25, 12.25], "texture": "#0"}
			}
		},
		{
			"from": [14, 0.35, 5.5],
			"to": [15.25, 1.6, 6.5],
			"rotation": {"angle": -45, "axis": "y", "origin": [8, -0.15, 8]},
			"faces": {
				"north": {"uv": [11, 8.5, 11.375, 8.875], "texture": "#0"},
				"east": {"uv": [12, 9.5, 12.25, 9.875], "texture": "#0"},
				"south": {"uv": [11, 10.75, 11.375, 11.125], "texture": "#0"},
				"west": {"uv": [10, 12, 10.25, 12.375], "texture": "#0"},
				"up": {"uv": [10.625, 12.25, 10.25, 12], "texture": "#0"},
				"down": {"uv": [11.125, 12, 10.75, 12.25], "texture": "#0"}
			}
		},
		{
			"from": [0.75, 0.35, 7.5],
			"to": [2, 1.6, 8.5],
			"rotation": {"angle": -45, "axis": "y", "origin": [8, -0.15, 8]},
			"faces": {
				"north": {"uv": [1.5, 12.25, 1.875, 12.5], "texture": "#0"},
				"east": {"uv": [9.5, 10.5, 9.75, 10.75], "texture": "#0"},
				"south": {"uv": [2.5, 12.25, 2.875, 12.5], "texture": "#0"},
				"west": {"uv": [4.75, 11.5, 5, 11.75], "texture": "#0"},
				"up": {"uv": [3.375, 12.5, 3, 12.25], "texture": "#0"},
				"down": {"uv": [3.875, 12.25, 3.5, 12.5], "texture": "#0"}
			}
		},
		{
			"from": [0.75, 0.35, 9.5],
			"to": [2, 1.6, 10.5],
			"rotation": {"angle": -45, "axis": "y", "origin": [8, -0.15, 8]},
			"faces": {
				"north": {"uv": [1, 11.25, 1.375, 11.625], "texture": "#0"},
				"east": {"uv": [0, 12.25, 0.25, 12.625], "texture": "#0"},
				"south": {"uv": [1.5, 11.25, 1.875, 11.625], "texture": "#0"},
				"west": {"uv": [0.25, 12.25, 0.5, 12.625], "texture": "#0"},
				"up": {"uv": [0.875, 12.5, 0.5, 12.25], "texture": "#0"},
				"down": {"uv": [1.375, 12.25, 1, 12.5], "texture": "#0"}
			}
		},
		{
			"from": [0.75, 0.35, 5.5],
			"to": [2, 1.6, 6.5],
			"rotation": {"angle": -45, "axis": "y", "origin": [8, -0.15, 8]},
			"faces": {
				"north": {"uv": [0, 11.25, 0.375, 11.625], "texture": "#0"},
				"east": {"uv": [11.25, 12, 11.5, 12.375], "texture": "#0"},
				"south": {"uv": [0.5, 11.25, 0.875, 11.625], "texture": "#0"},
				"west": {"uv": [11.5, 12, 11.75, 12.375], "texture": "#0"},
				"up": {"uv": [12.125, 12.25, 11.75, 12], "texture": "#0"},
				"down": {"uv": [12.375, 11.75, 12, 12], "texture": "#0"}
			}
		},
		{
			"from": [7.5, 0.35, 14],
			"to": [8.5, 1.6, 15.25],
			"rotation": {"angle": -45, "axis": "y", "origin": [8, -0.15, 8]},
			"faces": {
				"north": {"uv": [6, 12.25, 6.25, 12.625], "texture": "#0"},
				"east": {"uv": [3, 11.25, 3.375, 11.625], "texture": "#0"},
				"south": {"uv": [12.25, 6, 12.5, 6.375], "texture": "#0"},
				"west": {"uv": [11.25, 4.75, 11.625, 5.125], "texture": "#0"},
				"up": {"uv": [6.5, 12.625, 6.25, 12.25], "texture": "#0"},
				"down": {"uv": [6.75, 12.25, 6.5, 12.625], "texture": "#0"}
			}
		},
		{
			"from": [5.5, 0.35, 14],
			"to": [6.5, 1.6, 15.25],
			"rotation": {"angle": -45, "axis": "y", "origin": [8, -0.15, 8]},
			"faces": {
				"north": {"uv": [5.25, 12.25, 5.5, 12.625], "texture": "#0"},
				"east": {"uv": [2, 11.25, 2.375, 11.625], "texture": "#0"},
				"south": {"uv": [5.5, 12.25, 5.75, 12.625], "texture": "#0"},
				"west": {"uv": [2.5, 11.25, 2.875, 11.625], "texture": "#0"},
				"up": {"uv": [12.5, 5.875, 12.25, 5.5], "texture": "#0"},
				"down": {"uv": [6, 12.25, 5.75, 12.625], "texture": "#0"}
			}
		},
		{
			"from": [9.5, 0.35, 14],
			"to": [10.5, 1.6, 15.25],
			"rotation": {"angle": -45, "axis": "y", "origin": [8, -0.15, 8]},
			"faces": {
				"north": {"uv": [3.25, 12.75, 3.5, 13], "texture": "#0"},
				"east": {"uv": [4, 12.25, 4.375, 12.5], "texture": "#0"},
				"south": {"uv": [12.75, 5.5, 13, 5.75], "texture": "#0"},
				"west": {"uv": [4.5, 12.25, 4.875, 12.5], "texture": "#0"},
				"up": {"uv": [5.25, 12.625, 5, 12.25], "texture": "#0"},
				"down": {"uv": [12.5, 5, 12.25, 5.375], "texture": "#0"}
			}
		},
		{
			"from": [9.5, 0.35, 0.75],
			"to": [10.5, 1.6, 2],
			"rotation": {"angle": -45, "axis": "y", "origin": [8, -0.15, 8]},
			"faces": {
				"north": {"uv": [12.75, 5.75, 13, 6], "texture": "#0"},
				"east": {"uv": [8.25, 12.25, 8.625, 12.5], "texture": "#0"},
				"south": {"uv": [6, 12.75, 6.25, 13], "texture": "#0"},
				"west": {"uv": [8.75, 12.25, 9.125, 12.5], "texture": "#0"},
				"up": {"uv": [12.5, 9.375, 12.25, 9], "texture": "#0"},
				"down": {"uv": [9.5, 12.25, 9.25, 12.625], "texture": "#0"}
			}
		},
		{
			"from": [7.5, 0.35, 0.75],
			"to": [8.5, 1.6, 2],
			"rotation": {"angle": -45, "axis": "y", "origin": [8, -0.15, 8]},
			"faces": {
				"north": {"uv": [7.25, 12.25, 7.5, 12.625], "texture": "#0"},
				"east": {"uv": [5.5, 11.25, 5.875, 11.625], "texture": "#0"},
				"south": {"uv": [7.75, 12.25, 8, 12.625], "texture": "#0"},
				"west": {"uv": [11.25, 5.75, 11.625, 6.125], "texture": "#0"},
				"up": {"uv": [8.25, 12.625, 8, 12.25], "texture": "#0"},
				"down": {"uv": [12.5, 8, 12.25, 8.375], "texture": "#0"}
			}
		},
		{
			"from": [5.5, 0.35, 0.75],
			"to": [6.5, 1.6, 2],
			"rotation": {"angle": -45, "axis": "y", "origin": [8, -0.15, 8]},
			"faces": {
				"north": {"uv": [12.25, 6.5, 12.5, 6.875], "texture": "#0"},
				"east": {"uv": [5, 11.25, 5.375, 11.625], "texture": "#0"},
				"south": {"uv": [6.75, 12.25, 7, 12.625], "texture": "#0"},
				"west": {"uv": [11.25, 5.25, 11.625, 5.625], "texture": "#0"},
				"up": {"uv": [7.25, 12.625, 7, 12.25], "texture": "#0"},
				"down": {"uv": [12.5, 7, 12.25, 7.375], "texture": "#0"}
			}
		},
		{
			"from": [0.75, 0.35, 9.5],
			"to": [2, 1.6, 10.5],
			"rotation": {"angle": 0, "axis": "y", "origin": [8, -0.15, 8]},
			"faces": {
				"north": {"uv": [10, 11.25, 10.375, 11.625], "texture": "#0"},
				"east": {"uv": [8.75, 12.5, 9, 12.875], "texture": "#0"},
				"south": {"uv": [11.25, 10.25, 11.625, 10.625], "texture": "#0"},
				"west": {"uv": [12.5, 8.75, 12.75, 9.125], "texture": "#0"},
				"up": {"uv": [12.875, 9.5, 12.5, 9.25], "texture": "#0"},
				"down": {"uv": [12.875, 9.5, 12.5, 9.75], "texture": "#0"}
			}
		},
		{
			"from": [0.75, 0.35, 7.5],
			"to": [2, 1.6, 8.5],
			"rotation": {"angle": 0, "axis": "y", "origin": [8, -0.15, 8]},
			"faces": {
				"north": {"uv": [12.5, 8, 12.875, 8.25], "texture": "#0"},
				"east": {"uv": [12.75, 6.75, 13, 7], "texture": "#0"},
				"south": {"uv": [8.25, 12.5, 8.625, 12.75], "texture": "#0"},
				"west": {"uv": [7, 12.75, 7.25, 13], "texture": "#0"},
				"up": {"uv": [12.875, 8.5, 12.5, 8.25], "texture": "#0"},
				"down": {"uv": [12.875, 8.5, 12.5, 8.75], "texture": "#0"}
			}
		},
		{
			"from": [0.75, 0.35, 5.5],
			"to": [2, 1.6, 6.5],
			"rotation": {"angle": 0, "axis": "y", "origin": [8, -0.15, 8]},
			"faces": {
				"north": {"uv": [9.5, 11.25, 9.875, 11.625], "texture": "#0"},
				"east": {"uv": [12.5, 7, 12.75, 7.375], "texture": "#0"},
				"south": {"uv": [11.25, 9.5, 11.625, 9.875], "texture": "#0"},
				"west": {"uv": [7.5, 12.5, 7.75, 12.875], "texture": "#0"},
				"up": {"uv": [12.875, 7.75, 12.5, 7.5], "texture": "#0"},
				"down": {"uv": [12.875, 7.75, 12.5, 8], "texture": "#0"}
			}
		},
		{
			"from": [5.5, 0.35, 0.75],
			"to": [6.5, 1.6, 2],
			"rotation": {"angle": 0, "axis": "y", "origin": [8, -0.15, 8]},
			"faces": {
				"north": {"uv": [12.5, 5, 12.75, 5.375], "texture": "#0"},
				"east": {"uv": [9, 11.25, 9.375, 11.625], "texture": "#0"},
				"south": {"uv": [12.5, 5.5, 12.75, 5.875], "texture": "#0"},
				"west": {"uv": [11.25, 9, 11.625, 9.375], "texture": "#0"},
				"up": {"uv": [12.75, 6.375, 12.5, 6], "texture": "#0"},
				"down": {"uv": [12.75, 6.5, 12.5, 6.875], "texture": "#0"}
			}
		},
		{
			"from": [7.5, 0.35, 0.75],
			"to": [8.5, 1.6, 2],
			"rotation": {"angle": 0, "axis": "y", "origin": [8, -0.15, 8]},
			"faces": {
				"north": {"uv": [4, 12.5, 4.25, 12.875], "texture": "#0"},
				"east": {"uv": [8, 11.25, 8.375, 11.625], "texture": "#0"},
				"south": {"uv": [4.25, 12.5, 4.5, 12.875], "texture": "#0"},
				"west": {"uv": [8.5, 11.25, 8.875, 11.625], "texture": "#0"},
				"up": {"uv": [4.75, 12.875, 4.5, 12.5], "texture": "#0"},
				"down": {"uv": [5, 12.5, 4.75, 12.875], "texture": "#0"}
			}
		},
		{
			"from": [9.5, 0.35, 0.75],
			"to": [10.5, 1.6, 2],
			"rotation": {"angle": 0, "axis": "y", "origin": [8, -0.15, 8]},
			"faces": {
				"north": {"uv": [12.75, 6.5, 13, 6.75], "texture": "#0"},
				"east": {"uv": [12.5, 2.75, 12.875, 3], "texture": "#0"},
				"south": {"uv": [6.75, 12.75, 7, 13], "texture": "#0"},
				"west": {"uv": [3, 12.5, 3.375, 12.75], "texture": "#0"},
				"up": {"uv": [3.75, 12.875, 3.5, 12.5], "texture": "#0"},
				"down": {"uv": [4, 12.5, 3.75, 12.875], "texture": "#0"}
			}
		},
		{
			"from": [14, 0.35, 5.5],
			"to": [15.25, 1.6, 6.5],
			"rotation": {"angle": 0, "axis": "y", "origin": [8, -0.15, 8]},
			"faces": {
				"north": {"uv": [7.5, 11.25, 7.875, 11.625], "texture": "#0"},
				"east": {"uv": [2, 12.5, 2.25, 12.875], "texture": "#0"},
				"south": {"uv": [11.25, 7.75, 11.625, 8.125], "texture": "#0"},
				"west": {"uv": [2.25, 12.5, 2.5, 12.875], "texture": "#0"},
				"up": {"uv": [12.875, 2.25, 12.5, 2], "texture": "#0"},
				"down": {"uv": [2.875, 12.5, 2.5, 12.75], "texture": "#0"}
			}
		},
		{
			"from": [14, 0.35, 7.5],
			"to": [15.25, 1.6, 8.5],
			"rotation": {"angle": 0, "axis": "y", "origin": [8, -0.15, 8]},
			"faces": {
				"north": {"uv": [12.5, 1.25, 12.875, 1.5], "texture": "#0"},
				"east": {"uv": [12.75, 6.25, 13, 6.5], "texture": "#0"},
				"south": {"uv": [1.5, 12.5, 1.875, 12.75], "texture": "#0"},
				"west": {"uv": [6.5, 12.75, 6.75, 13], "texture": "#0"},
				"up": {"uv": [12.875, 1.75, 12.5, 1.5], "texture": "#0"},
				"down": {"uv": [12.875, 1.75, 12.5, 2], "texture": "#0"}
			}
		},
		{
			"from": [14, 0.35, 9.5],
			"to": [15.25, 1.6, 10.5],
			"rotation": {"angle": 0, "axis": "y", "origin": [8, -0.15, 8]},
			"faces": {
				"north": {"uv": [7, 11.25, 7.375, 11.625], "texture": "#0"},
				"east": {"uv": [12.5, 0.5, 12.75, 0.875], "texture": "#0"},
				"south": {"uv": [11.25, 7.25, 11.625, 7.625], "texture": "#0"},
				"west": {"uv": [0.75, 12.5, 1, 12.875], "texture": "#0"},
				"up": {"uv": [1.375, 12.75, 1, 12.5], "texture": "#0"},
				"down": {"uv": [12.875, 1, 12.5, 1.25], "texture": "#0"}
			}
		},
		{
			"from": [9.5, 0.35, 14],
			"to": [10.5, 1.6, 15.25],
			"rotation": {"angle": 0, "axis": "y", "origin": [8, -0.15, 8]},
			"faces": {
				"north": {"uv": [12.75, 6, 13, 6.25], "texture": "#0"},
				"east": {"uv": [11.75, 12.25, 12.125, 12.5], "texture": "#0"},
				"south": {"uv": [6.25, 12.75, 6.5, 13], "texture": "#0"},
				"west": {"uv": [12.25, 12, 12.625, 12.25], "texture": "#0"},
				"up": {"uv": [12.5, 12.625, 12.25, 12.25], "texture": "#0"},
				"down": {"uv": [0.75, 12.5, 0.5, 12.875], "texture": "#0"}
			}
		},
		{
			"from": [7.5, 0.35, 14],
			"to": [8.5, 1.6, 15.25],
			"rotation": {"angle": 0, "axis": "y", "origin": [8, -0.15, 8]},
			"faces": {
				"north": {"uv": [12.25, 10.25, 12.5, 10.625], "texture": "#0"},
				"east": {"uv": [6.5, 11.25, 6.875, 11.625], "texture": "#0"},
				"south": {"uv": [10.5, 12.25, 10.75, 12.625], "texture": "#0"},
				"west": {"uv": [11.25, 6.75, 11.625, 7.125], "texture": "#0"},
				"up": {"uv": [11, 12.625, 10.75, 12.25], "texture": "#0"},
				"down": {"uv": [11.25, 12.25, 11, 12.625], "texture": "#0"}
			}
		},
		{
			"from": [5.5, 0.35, 14],
			"to": [6.5, 1.6, 15.25],
			"rotation": {"angle": 0, "axis": "y", "origin": [8, -0.15, 8]},
			"faces": {
				"north": {"uv": [9.5, 12.25, 9.75, 12.625], "texture": "#0"},
				"east": {"uv": [6, 11.25, 6.375, 11.625], "texture": "#0"},
				"south": {"uv": [12.25, 9.5, 12.5, 9.875], "texture": "#0"},
				"west": {"uv": [11.25, 6.25, 11.625, 6.625], "texture": "#0"},
				"up": {"uv": [10, 12.625, 9.75, 12.25], "texture": "#0"},
				"down": {"uv": [10.5, 12.25, 10.25, 12.625], "texture": "#0"}
			}
		},
		{
			"from": [1.16738, 2, 7.17205],
			"to": [1.66738, 4, 8.8289],
			"rotation": {"angle": 45, "axis": "y", "origin": [7.99365, 0, 7.98629]},
			"faces": {
				"north": {"uv": [9, 12.5, 9.125, 13], "texture": "#0"},
				"east": {"uv": [9.75, 10.25, 10.125, 10.75], "texture": "#0"},
				"south": {"uv": [12.5, 9.75, 12.625, 10.25], "texture": "#0"},
				"west": {"uv": [10.25, 10.25, 10.625, 10.75], "texture": "#0"},
				"up": {"uv": [12.875, 7.375, 12.75, 7], "texture": "#0"},
				"down": {"uv": [7.375, 12.75, 7.25, 13.125], "texture": "#0"}
			}
		},
		{
			"from": [14.3289, 2, 7.16307],
			"to": [14.8289, 4, 8.81992],
			"rotation": {"angle": -45, "axis": "y", "origin": [7.99365, 0, 7.98629]},
			"faces": {
				"north": {"uv": [10, 12.5, 10.125, 13], "texture": "#0"},
				"east": {"uv": [10.5, 0, 10.875, 0.5], "texture": "#0"},
				"south": {"uv": [12.5, 10.25, 12.625, 10.75], "texture": "#0"},
				"west": {"uv": [10.5, 0.5, 10.875, 1], "texture": "#0"},
				"up": {"uv": [7.875, 13.125, 7.75, 12.75], "texture": "#0"},
				"down": {"uv": [8.125, 12.75, 8, 13.125], "texture": "#0"}
			}
		},
		{
			"from": [14.31738, 2, 7.17205],
			"to": [14.81738, 4, 8.8289],
			"rotation": {"angle": 45, "axis": "y", "origin": [7.99365, 0, 7.98629]},
			"faces": {
				"north": {"uv": [12.5, 10.75, 12.625, 11.25], "texture": "#0"},
				"east": {"uv": [10.5, 2, 10.875, 2.5], "texture": "#0"},
				"south": {"uv": [11.25, 12.5, 11.375, 13], "texture": "#0"},
				"west": {"uv": [10.5, 2.5, 10.875, 3], "texture": "#0"},
				"up": {"uv": [8.375, 13.125, 8.25, 12.75], "texture": "#0"},
				"down": {"uv": [8.625, 12.75, 8.5, 13.125], "texture": "#0"}
			}
		},
		{
			"from": [1.1789, 2, 7.16307],
			"to": [1.6789, 4, 8.81992],
			"rotation": {"angle": -45, "axis": "y", "origin": [7.99365, 0, 7.98629]},
			"faces": {
				"north": {"uv": [12.5, 11.25, 12.625, 11.75], "texture": "#0"},
				"east": {"uv": [4, 10.5, 4.375, 11], "texture": "#0"},
				"south": {"uv": [11.5, 12.5, 11.625, 13], "texture": "#0"},
				"west": {"uv": [4.5, 10.5, 4.875, 11], "texture": "#0"},
				"up": {"uv": [12.875, 9.125, 12.75, 8.75], "texture": "#0"},
				"down": {"uv": [9.375, 12.75, 9.25, 13.125], "texture": "#0"}
			}
		},
		{
			"from": [1.1789, 2, 7.16307],
			"to": [1.6789, 4, 8.81992],
			"rotation": {"angle": 0, "axis": "y", "origin": [7.99365, 0, 7.98629]},
			"faces": {
				"north": {"uv": [2.75, 12.75, 2.875, 13.25], "texture": "#0"},
				"east": {"uv": [8, 10.75, 8.375, 11.25], "texture": "#0"},
				"south": {"uv": [3, 12.75, 3.125, 13.25], "texture": "#0"},
				"west": {"uv": [8.5, 10.75, 8.875, 11.25], "texture": "#0"},
				"up": {"uv": [5.875, 13.625, 5.75, 13.25], "texture": "#0"},
				"down": {"uv": [6.375, 13.25, 6.25, 13.625], "texture": "#0"}
			}
		},
		{
			"from": [7.17941, 2, 14.31256],
			"to": [8.83626, 4, 14.81256],
			"rotation": {"angle": 0, "axis": "y", "origin": [7.99365, 0, 7.98629]},
			"faces": {
				"north": {"uv": [7.5, 10.75, 7.875, 11.25], "texture": "#0"},
				"east": {"uv": [12.75, 2.25, 12.875, 2.75], "texture": "#0"},
				"south": {"uv": [10.75, 7.75, 11.125, 8.25], "texture": "#0"},
				"west": {"uv": [2.5, 12.75, 2.625, 13.25], "texture": "#0"},
				"up": {"uv": [13.625, 5.625, 13.25, 5.5], "texture": "#0"},
				"down": {"uv": [13.625, 5.75, 13.25, 5.875], "texture": "#0"}
			}
		},
		{
			"from": [7.17941, 2, 1.16256],
			"to": [8.83626, 4, 1.66256],
			"rotation": {"angle": 0, "axis": "y", "origin": [7.99365, 0, 7.98629]},
			"faces": {
				"north": {"uv": [7, 10.75, 7.375, 11.25], "texture": "#0"},
				"east": {"uv": [1.5, 12.75, 1.625, 13.25], "texture": "#0"},
				"south": {"uv": [10.75, 7.25, 11.125, 7.75], "texture": "#0"},
				"west": {"uv": [1.75, 12.75, 1.875, 13.25], "texture": "#0"},
				"up": {"uv": [5.625, 13.375, 5.25, 13.25], "texture": "#0"},
				"down": {"uv": [13.625, 5.25, 13.25, 5.375], "texture": "#0"}
			}
		},
		{
			"from": [14.3289, 2, 7.16307],
			"to": [14.8289, 4, 8.81992],
			"rotation": {"angle": 0, "axis": "y", "origin": [7.99365, 0, 7.98629]},
			"faces": {
				"north": {"uv": [1, 12.75, 1.125, 13.25], "texture": "#0"},
				"east": {"uv": [6.5, 10.75, 6.875, 11.25], "texture": "#0"},
				"south": {"uv": [1.25, 12.75, 1.375, 13.25], "texture": "#0"},
				"west": {"uv": [10.75, 6.75, 11.125, 7.25], "texture": "#0"},
				"up": {"uv": [13.375, 5.125, 13.25, 4.75], "texture": "#0"},
				"down": {"uv": [5.125, 13.25, 5, 13.625], "texture": "#0"}
			}
		},
		{
			"from": [0.91738, 4, 7.17205],
			"to": [1.41738, 5, 8.8289],
			"rotation": {"angle": 45, "axis": "y", "origin": [7.99365, 2, 7.98629]},
			"faces": {
				"north": {"uv": [13.75, 3, 13.875, 3.25], "texture": "#0"},
				"east": {"uv": [10.25, 4.75, 10.625, 5], "texture": "#0"},
				"south": {"uv": [4, 13.75, 4.125, 14], "texture": "#0"},
				"west": {"uv": [3, 11.75, 3.375, 12], "texture": "#0"},
				"up": {"uv": [9.625, 13.125, 9.5, 12.75], "texture": "#0"},
				"down": {"uv": [9.875, 12.75, 9.75, 13.125], "texture": "#0"}
			}
		},
		{
			"from": [0.66738, 5, 7.17205],
			"to": [1.16738, 5.5, 8.8289],
			"rotation": {"angle": 45, "axis": "y", "origin": [7.99365, 2, 7.98629]},
			"faces": {
				"north": {"uv": [13.25, 13.75, 13.375, 13.875], "texture": "#0"},
				"east": {"uv": [12.75, 11.25, 13.125, 11.375], "texture": "#0"},
				"south": {"uv": [13.5, 13.75, 13.625, 13.875], "texture": "#0"},
				"west": {"uv": [12.75, 11.5, 13.125, 11.625], "texture": "#0"},
				"up": {"uv": [11.125, 13.125, 11, 12.75], "texture": "#0"},
				"down": {"uv": [11.875, 12.75, 11.75, 13.125], "texture": "#0"}
			}
		},
		{
			"from": [0.66738, 7.5, 7.17205],
			"to": [1.66738, 8, 8.8289],
			"rotation": {"angle": 45, "axis": "y", "origin": [7.99365, 2, 7.98629]},
			"faces": {
				"north": {"uv": [13.75, 7.25, 14, 7.375], "texture": "#0"},
				"east": {"uv": [0.75, 13.25, 1.125, 13.375], "texture": "#0"},
				"south": {"uv": [7.5, 13.75, 7.75, 13.875], "texture": "#0"},
				"west": {"uv": [13.25, 0.75, 13.625, 0.875], "texture": "#0"},
				"up": {"uv": [8.75, 12.125, 8.5, 11.75], "texture": "#0"},
				"down": {"uv": [9, 11.75, 8.75, 12.125], "texture": "#0"}
			}
		},
		{
			"from": [1.66738, 7.75, 7.17205],
			"to": [5.16738, 8.25, 8.8289],
			"rotation": {"angle": 45, "axis": "y", "origin": [7.99365, 2, 7.98629]},
			"faces": {
				"north": {"uv": [11.5, 8.75, 12.375, 8.875], "texture": "#0"},
				"east": {"uv": [1.75, 13.25, 2.125, 13.375], "texture": "#0"},
				"south": {"uv": [11.5, 10.75, 12.375, 10.875], "texture": "#0"},
				"west": {"uv": [13.25, 1.75, 13.625, 1.875], "texture": "#0"},
				"up": {"uv": [3.875, 5.875, 3, 5.5], "texture": "#0"},
				"down": {"uv": [10.625, 5.75, 9.75, 6.125], "texture": "#0"}
			}
		},
		{
			"from": [0.16738, 5.5, 7.17205],
			"to": [0.66738, 6, 8.8289],
			"rotation": {"angle": 45, "axis": "y", "origin": [7.99365, 2, 7.98629]},
			"faces": {
				"north": {"uv": [14, 2.5, 14.125, 2.625], "texture": "#0"},
				"east": {"uv": [5, 13, 5.375, 13.125], "texture": "#0"},
				"south": {"uv": [14, 2.75, 14.125, 2.875], "texture": "#0"},
				"west": {"uv": [5.5, 13, 5.875, 13.125], "texture": "#0"},
				"up": {"uv": [13.125, 5.875, 13, 5.5], "texture": "#0"},
				"down": {"uv": [6.125, 13, 6, 13.375], "texture": "#0"}
			}
		},
		{
			"from": [0.16738, 7, 7.17205],
			"to": [0.66738, 7.5, 8.8289],
			"rotation": {"angle": 45, "axis": "y", "origin": [7.99365, 2, 7.98629]},
			"faces": {
				"north": {"uv": [14, 3.5, 14.125, 3.625], "texture": "#0"},
				"east": {"uv": [13, 9.25, 13.375, 9.375], "texture": "#0"},
				"south": {"uv": [14, 3.75, 14.125, 3.875], "texture": "#0"},
				"west": {"uv": [13, 9.5, 13.375, 9.625], "texture": "#0"},
				"up": {"uv": [9.125, 13.375, 9, 13], "texture": "#0"},
				"down": {"uv": [13.125, 9.75, 13, 10.125], "texture": "#0"}
			}
		},
		{
			"from": [-0.08262, 6, 7.17205],
			"to": [0.41738, 7, 8.8289],
			"rotation": {"angle": 45, "axis": "y", "origin": [7.99365, 2, 7.98629]},
			"faces": {
				"north": {"uv": [6.5, 13.75, 6.625, 14], "texture": "#0"},
				"east": {"uv": [7.25, 11.75, 7.625, 12], "texture": "#0"},
				"south": {"uv": [6.75, 13.75, 6.875, 14], "texture": "#0"},
				"west": {"uv": [11.75, 7.25, 12.125, 7.5], "texture": "#0"},
				"up": {"uv": [8.875, 13.375, 8.75, 13], "texture": "#0"},
				"down": {"uv": [13.125, 8.75, 13, 9.125], "texture": "#0"}
			}
		},
		{
			"from": [14.5789, 4, 7.16307],
			"to": [15.0789, 5, 8.81992],
			"rotation": {"angle": -45, "axis": "y", "origin": [7.99365, 2, 7.98629]},
			"faces": {
				"north": {"uv": [4.25, 13.75, 4.375, 14], "texture": "#0"},
				"east": {"uv": [11.75, 5, 12.125, 5.25], "texture": "#0"},
				"south": {"uv": [13.75, 4.25, 13.875, 4.5], "texture": "#0"},
				"west": {"uv": [11.75, 5.25, 12.125, 5.5], "texture": "#0"},
				"up": {"uv": [12.875, 10.125, 12.75, 9.75], "texture": "#0"},
				"down": {"uv": [10.375, 12.75, 10.25, 13.125], "texture": "#0"}
			}
		},
		{
			"from": [14.8289, 5, 7.16307],
			"to": [15.3289, 5.5, 8.81992],
			"rotation": {"angle": -45, "axis": "y", "origin": [7.99365, 2, 7.98629]},
			"faces": {
				"north": {"uv": [0.25, 14, 0.375, 14.125], "texture": "#0"},
				"east": {"uv": [0, 13, 0.375, 13.125], "texture": "#0"},
				"south": {"uv": [0.5, 14, 0.625, 14.125], "texture": "#0"},
				"west": {"uv": [0.5, 13, 0.875, 13.125], "texture": "#0"},
				"up": {"uv": [13.125, 1.375, 13, 1], "texture": "#0"},
				"down": {"uv": [13.125, 1.5, 13, 1.875], "texture": "#0"}
			}
		},
		{
			"from": [10.8289, 7.75, 7.16307],
			"to": [14.3289, 8.25, 8.81992],
			"rotation": {"angle": -45, "axis": "y", "origin": [7.99365, 2, 7.98629]},
			"faces": {
				"north": {"uv": [11.5, 11, 12.375, 11.125], "texture": "#0"},
				"east": {"uv": [2.25, 13.25, 2.625, 13.375], "texture": "#0"},
				"south": {"uv": [11.5, 11.25, 12.375, 11.375], "texture": "#0"},
				"west": {"uv": [13.25, 2.25, 13.625, 2.375], "texture": "#0"},
				"up": {"uv": [10.625, 6.625, 9.75, 6.25], "texture": "#0"},
				"down": {"uv": [10.625, 6.75, 9.75, 7.125], "texture": "#0"}
			}
		},
		{
			"from": [14.3289, 7.5, 7.16307],
			"to": [15.3289, 8, 8.81992],
			"rotation": {"angle": -45, "axis": "y", "origin": [7.99365, 2, 7.98629]},
			"faces": {
				"north": {"uv": [13.75, 6.75, 14, 6.875], "texture": "#0"},
				"east": {"uv": [13.25, 0, 13.625, 0.125], "texture": "#0"},
				"south": {"uv": [7, 13.75, 7.25, 13.875], "texture": "#0"},
				"west": {"uv": [0.25, 13.25, 0.625, 13.375], "texture": "#0"},
				"up": {"uv": [12, 7.875, 11.75, 7.5], "texture": "#0"},
				"down": {"uv": [8, 11.75, 7.75, 12.125], "texture": "#0"}
			}
		},
		{
			"from": [15.3289, 7, 7.16307],
			"to": [15.8289, 7.5, 8.81992],
			"rotation": {"angle": -45, "axis": "y", "origin": [7.99365, 2, 7.98629]},
			"faces": {
				"north": {"uv": [14, 3, 14.125, 3.125], "texture": "#0"},
				"east": {"uv": [13, 6, 13.375, 6.125], "texture": "#0"},
				"south": {"uv": [14, 3.25, 14.125, 3.375], "texture": "#0"},
				"west": {"uv": [6.25, 13, 6.625, 13.125], "texture": "#0"},
				"up": {"uv": [13.125, 6.625, 13, 6.25], "texture": "#0"},
				"down": {"uv": [6.875, 13, 6.75, 13.375], "texture": "#0"}
			}
		},
		{
			"from": [15.3289, 5.5, 7.16307],
			"to": [15.8289, 6, 8.81992],
			"rotation": {"angle": -45, "axis": "y", "origin": [7.99365, 2, 7.98629]},
			"faces": {
				"north": {"uv": [4.5, 14, 4.625, 14.125], "texture": "#0"},
				"east": {"uv": [13, 12.25, 13.375, 12.375], "texture": "#0"},
				"south": {"uv": [14, 4.5, 14.125, 4.625], "texture": "#0"},
				"west": {"uv": [13, 12.5, 13.375, 12.625], "texture": "#0"},
				"up": {"uv": [13.125, 13.125, 13, 12.75], "texture": "#0"},
				"down": {"uv": [0.125, 13.25, 0, 13.625], "texture": "#0"}
			}
		},
		{
			"from": [15.5789, 6, 7.16307],
			"to": [16.0789, 7, 8.81992],
			"rotation": {"angle": -45, "axis": "y", "origin": [7.99365, 2, 7.98629]},
			"faces": {
				"north": {"uv": [13.75, 5.25, 13.875, 5.5], "texture": "#0"},
				"east": {"uv": [6.25, 11.75, 6.625, 12], "texture": "#0"},
				"south": {"uv": [5.5, 13.75, 5.625, 14], "texture": "#0"},
				"west": {"uv": [11.75, 6.25, 12.125, 6.5], "texture": "#0"},
				"up": {"uv": [13.125, 7.125, 13, 6.75], "texture": "#0"},
				"down": {"uv": [7.125, 13, 7, 13.375], "texture": "#0"}
			}
		},
		{
			"from": [14.56738, 4, 7.17205],
			"to": [15.06738, 5, 8.8289],
			"rotation": {"angle": 45, "axis": "y", "origin": [7.99365, 2, 7.98629]},
			"faces": {
				"north": {"uv": [4.5, 13.75, 4.625, 14], "texture": "#0"},
				"east": {"uv": [11.75, 5.5, 12.125, 5.75], "texture": "#0"},
				"south": {"uv": [13.75, 4.5, 13.875, 4.75], "texture": "#0"},
				"west": {"uv": [5.75, 11.75, 6.125, 12], "texture": "#0"},
				"up": {"uv": [12.875, 10.625, 12.75, 10.25], "texture": "#0"},
				"down": {"uv": [10.625, 12.75, 10.5, 13.125], "texture": "#0"}
			}
		},
		{
			"from": [14.81738, 5, 7.17205],
			"to": [15.31738, 5.5, 8.8289],
			"rotation": {"angle": 45, "axis": "y", "origin": [7.99365, 2, 7.98629]},
			"faces": {
				"north": {"uv": [13.75, 13.75, 13.875, 13.875], "texture": "#0"},
				"east": {"uv": [12, 12.75, 12.375, 12.875], "texture": "#0"},
				"south": {"uv": [0, 14, 0.125, 14.125], "texture": "#0"},
				"west": {"uv": [12.75, 12, 13.125, 12.125], "texture": "#0"},
				"up": {"uv": [12.625, 13.125, 12.5, 12.75], "texture": "#0"},
				"down": {"uv": [12.875, 12.75, 12.75, 13.125], "texture": "#0"}
			}
		},
		{
			"from": [14.31738, 7.5, 7.17205],
			"to": [15.31738, 8, 8.8289],
			"rotation": {"angle": 45, "axis": "y", "origin": [7.99365, 2, 7.98629]},
			"faces": {
				"north": {"uv": [13.75, 7, 14, 7.125], "texture": "#0"},
				"east": {"uv": [13.25, 0.25, 13.625, 0.375], "texture": "#0"},
				"south": {"uv": [7.25, 13.75, 7.5, 13.875], "texture": "#0"},
				"west": {"uv": [13.25, 0.5, 13.625, 0.625], "texture": "#0"},
				"up": {"uv": [8.25, 12.125, 8, 11.75], "texture": "#0"},
				"down": {"uv": [8.5, 11.75, 8.25, 12.125], "texture": "#0"}
			}
		},
		{
			"from": [10.81738, 7.75, 7.17205],
			"to": [14.31738, 8.25, 8.8289],
			"rotation": {"angle": 45, "axis": "y", "origin": [7.99365, 2, 7.98629]},
			"faces": {
				"north": {"uv": [11.5, 11.5, 12.375, 11.625], "texture": "#0"},
				"east": {"uv": [13.25, 2.5, 13.625, 2.625], "texture": "#0"},
				"south": {"uv": [0, 11.75, 0.875, 11.875], "texture": "#0"},
				"west": {"uv": [2.75, 13.25, 3.125, 13.375], "texture": "#0"},
				"up": {"uv": [10.625, 7.625, 9.75, 7.25], "texture": "#0"},
				"down": {"uv": [10.625, 7.75, 9.75, 8.125], "texture": "#0"}
			}
		},
		{
			"from": [7.17205, 7.5, 5.18262],
			"to": [8.8289, 8, 7.18262],
			"rotation": {"angle": 45, "axis": "y", "origin": [7.98629, 1.75, 8.00635]},
			"faces": {
				"north": {"uv": [13.25, 2.75, 13.625, 2.875], "texture": "#0"},
				"east": {"uv": [11.75, 12.5, 12.25, 12.625], "texture": "#0"},
				"south": {"uv": [13.25, 3, 13.625, 3.125], "texture": "#0"},
				"west": {"uv": [12.5, 11.75, 13, 11.875], "texture": "#0"},
				"up": {"uv": [10.875, 9, 10.5, 8.5], "texture": "#0"},
				"down": {"uv": [1.875, 10.75, 1.5, 11.25], "texture": "#0"}
			}
		},
		{
			"from": [7.17205, 7.5, 8.83262],
			"to": [8.8289, 8, 10.83262],
			"rotation": {"angle": 45, "axis": "y", "origin": [7.98629, 2, 8.00635]},
			"faces": {
				"north": {"uv": [3.25, 13.25, 3.625, 13.375], "texture": "#0"},
				"east": {"uv": [12.5, 12.25, 13, 12.375], "texture": "#0"},
				"south": {"uv": [13.25, 3.5, 13.625, 3.625], "texture": "#0"},
				"west": {"uv": [12.5, 12.5, 13, 12.625], "texture": "#0"},
				"up": {"uv": [2.375, 11.25, 2, 10.75], "texture": "#0"},
				"down": {"uv": [2.875, 10.75, 2.5, 11.25], "texture": "#0"}
			}
		},
		{
			"from": [8.81256, 7.5, 7.16374],
			"to": [10.81256, 8, 8.82059],
			"rotation": {"angle": 45, "axis": "y", "origin": [7.98629, 2, 8.00635]},
			"faces": {
				"north": {"uv": [12.75, 0.25, 13.25, 0.375], "texture": "#0"},
				"east": {"uv": [13.25, 4.25, 13.625, 4.375], "texture": "#0"},
				"south": {"uv": [12.75, 0.5, 13.25, 0.625], "texture": "#0"},
				"west": {"uv": [13.25, 4.5, 13.625, 4.625], "texture": "#0"},
				"up": {"uv": [6.5, 11.125, 6, 10.75], "texture": "#0"},
				"down": {"uv": [11.25, 6.25, 10.75, 6.625], "texture": "#0"}
			}
		},
		{
			"from": [5.16256, 7.5, 7.16374],
			"to": [7.16256, 8, 8.82059],
			"rotation": {"angle": 45, "axis": "y", "origin": [7.98629, 1.75, 8.00635]},
			"faces": {
				"north": {"uv": [0, 12.75, 0.5, 12.875], "texture": "#0"},
				"east": {"uv": [13.25, 3.75, 13.625, 3.875], "texture": "#0"},
				"south": {"uv": [12.75, 0, 13.25, 0.125], "texture": "#0"},
				"west": {"uv": [4, 13.25, 4.375, 13.375], "texture": "#0"},
				"up": {"uv": [11.25, 5.125, 10.75, 4.75], "texture": "#0"},
				"down": {"uv": [11.25, 5.75, 10.75, 6.125], "texture": "#0"}
			}
		},
		{
			"from": [15.31738, 5.5, 7.17205],
			"to": [15.81738, 6, 8.8289],
			"rotation": {"angle": 45, "axis": "y", "origin": [7.99365, 2, 7.98629]},
			"faces": {
				"north": {"uv": [1.25, 14, 1.375, 14.125], "texture": "#0"},
				"east": {"uv": [3.25, 13, 3.625, 13.125], "texture": "#0"},
				"south": {"uv": [1.5, 14, 1.625, 14.125], "texture": "#0"},
				"west": {"uv": [13, 3.25, 13.375, 3.375], "texture": "#0"},
				"up": {"uv": [13.125, 3.875, 13, 3.5], "texture": "#0"},
				"down": {"uv": [3.875, 13, 3.75, 13.375], "texture": "#0"}
			}
		},
		{
			"from": [15.31738, 7, 7.17205],
			"to": [15.81738, 7.5, 8.8289],
			"rotation": {"angle": 45, "axis": "y", "origin": [7.99365, 2, 7.98629]},
			"faces": {
				"north": {"uv": [4.25, 14, 4.375, 14.125], "texture": "#0"},
				"east": {"uv": [11.25, 13, 11.625, 13.125], "texture": "#0"},
				"south": {"uv": [14, 4.25, 14.125, 4.375], "texture": "#0"},
				"west": {"uv": [13, 11.75, 13.375, 11.875], "texture": "#0"},
				"up": {"uv": [12.125, 13.375, 12, 13], "texture": "#0"},
				"down": {"uv": [12.375, 13, 12.25, 13.375], "texture": "#0"}
			}
		},
		{
			"from": [15.56738, 6, 7.17205],
			"to": [16.06738, 7, 8.8289],
			"rotation": {"angle": 45, "axis": "y", "origin": [7.99365, 2, 7.98629]},
			"faces": {
				"north": {"uv": [13.75, 5.5, 13.875, 5.75], "texture": "#0"},
				"east": {"uv": [11.75, 6.5, 12.125, 6.75], "texture": "#0"},
				"south": {"uv": [5.75, 13.75, 5.875, 14], "texture": "#0"},
				"west": {"uv": [6.75, 11.75, 7.125, 12], "texture": "#0"},
				"up": {"uv": [13.125, 7.625, 13, 7.25], "texture": "#0"},
				"down": {"uv": [7.625, 13, 7.5, 13.375], "texture": "#0"}
			}
		},
		{
			"from": [0.9289, 4, 7.16307],
			"to": [1.4289, 5, 8.81992],
			"rotation": {"angle": -45, "axis": "y", "origin": [7.99365, 2, 7.98629]},
			"faces": {
				"north": {"uv": [5, 13.75, 5.125, 14], "texture": "#0"},
				"east": {"uv": [11.75, 5.75, 12.125, 6], "texture": "#0"},
				"south": {"uv": [5.25, 13.75, 5.375, 14], "texture": "#0"},
				"west": {"uv": [11.75, 6, 12.125, 6.25], "texture": "#0"},
				"up": {"uv": [10.875, 13.125, 10.75, 12.75], "texture": "#0"},
				"down": {"uv": [12.875, 10.75, 12.75, 11.125], "texture": "#0"}
			}
		},
		{
			"from": [0.6789, 5, 7.16307],
			"to": [1.1789, 5.5, 8.81992],
			"rotation": {"angle": -45, "axis": "y", "origin": [7.99365, 2, 7.98629]},
			"faces": {
				"north": {"uv": [0.75, 14, 0.875, 14.125], "texture": "#0"},
				"east": {"uv": [2, 13, 2.375, 13.125], "texture": "#0"},
				"south": {"uv": [1, 14, 1.125, 14.125], "texture": "#0"},
				"west": {"uv": [13, 2, 13.375, 2.125], "texture": "#0"},
				"up": {"uv": [13.125, 2.625, 13, 2.25], "texture": "#0"},
				"down": {"uv": [13.125, 2.75, 13, 3.125], "texture": "#0"}
			}
		},
		{
			"from": [0.6789, 7.5, 7.16307],
			"to": [1.6789, 8, 8.81992],
			"rotation": {"angle": -45, "axis": "y", "origin": [7.99365, 2, 7.98629]},
			"faces": {
				"north": {"uv": [13.75, 7.5, 14, 7.625], "texture": "#0"},
				"east": {"uv": [13.25, 1, 13.625, 1.125], "texture": "#0"},
				"south": {"uv": [7.75, 13.75, 8, 13.875], "texture": "#0"},
				"west": {"uv": [1.25, 13.25, 1.625, 13.375], "texture": "#0"},
				"up": {"uv": [9.25, 12.125, 9, 11.75], "texture": "#0"},
				"down": {"uv": [12, 9, 11.75, 9.375], "texture": "#0"}
			}
		},
		{
			"from": [1.6789, 7.75, 7.16307],
			"to": [5.1789, 8.25, 8.81992],
			"rotation": {"angle": -45, "axis": "y", "origin": [7.99365, 2, 7.98629]},
			"faces": {
				"north": {"uv": [11, 2.75, 11.875, 2.875], "texture": "#0"},
				"east": {"uv": [13.25, 1.25, 13.625, 1.375], "texture": "#0"},
				"south": {"uv": [11.5, 8.5, 12.375, 8.625], "texture": "#0"},
				"west": {"uv": [13.25, 1.5, 13.625, 1.625], "texture": "#0"},
				"up": {"uv": [2.375, 4.875, 1.5, 4.5], "texture": "#0"},
				"down": {"uv": [2.375, 5, 1.5, 5.375], "texture": "#0"}
			}
		},
		{
			"from": [0.1789, 5.5, 7.16307],
			"to": [0.6789, 6, 8.81992],
			"rotation": {"angle": -45, "axis": "y", "origin": [7.99365, 2, 7.98629]},
			"faces": {
				"north": {"uv": [1.75, 14, 1.875, 14.125], "texture": "#0"},
				"east": {"uv": [4, 13, 4.375, 13.125], "texture": "#0"},
				"south": {"uv": [14, 2, 14.125, 2.125], "texture": "#0"},
				"west": {"uv": [13, 4, 13.375, 4.125], "texture": "#0"},
				"up": {"uv": [4.625, 13.375, 4.5, 13], "texture": "#0"},
				"down": {"uv": [4.875, 13, 4.75, 13.375], "texture": "#0"}
			}
		},
		{
			"from": [0.1789, 7, 7.16307],
			"to": [0.6789, 7.5, 8.81992],
			"rotation": {"angle": -45, "axis": "y", "origin": [7.99365, 2, 7.98629]},
			"faces": {
				"north": {"uv": [4, 14, 4.125, 14.125], "texture": "#0"},
				"east": {"uv": [13, 10.25, 13.375, 10.375], "texture": "#0"},
				"south": {"uv": [14, 4, 14.125, 4.125], "texture": "#0"},
				"west": {"uv": [13, 10.5, 13.375, 10.625], "texture": "#0"},
				"up": {"uv": [10.125, 13.375, 10, 13], "texture": "#0"},
				"down": {"uv": [13.125, 10.75, 13, 11.125], "texture": "#0"}
			}
		},
		{
			"from": [-0.0711, 6, 7.16307],
			"to": [0.4289, 7, 8.81992],
			"rotation": {"angle": -45, "axis": "y", "origin": [7.99365, 2, 7.98629]},
			"faces": {
				"north": {"uv": [13.75, 5.75, 13.875, 6], "texture": "#0"},
				"east": {"uv": [11.75, 6.75, 12.125, 7], "texture": "#0"},
				"south": {"uv": [6.25, 13.75, 6.375, 14], "texture": "#0"},
				"west": {"uv": [11.75, 7, 12.125, 7.25], "texture": "#0"},
				"up": {"uv": [13.125, 8.125, 13, 7.75], "texture": "#0"},
				"down": {"uv": [13.125, 8.25, 13, 8.625], "texture": "#0"}
			}
		},
		{
			"from": [7.17941, 4, 14.56256],
			"to": [8.83626, 5, 15.06256],
			"rotation": {"angle": 0, "axis": "y", "origin": [7.99365, 2, 7.98629]},
			"faces": {
				"north": {"uv": [5, 12, 5.375, 12.25], "texture": "#0"},
				"east": {"uv": [12.25, 13.75, 12.375, 14], "texture": "#0"},
				"south": {"uv": [5.5, 12, 5.875, 12.25], "texture": "#0"},
				"west": {"uv": [12.5, 13.75, 12.625, 14], "texture": "#0"},
				"up": {"uv": [1.875, 13.875, 1.5, 13.75], "texture": "#0"},
				"down": {"uv": [14.125, 1.5, 13.75, 1.625], "texture": "#0"}
			}
		},
		{
			"from": [7.17941, 5, 14.81256],
			"to": [8.83626, 5.5, 15.31256],
			"rotation": {"angle": 0, "axis": "y", "origin": [7.99365, 2, 7.98629]},
			"faces": {
				"north": {"uv": [13.75, 0.75, 14.125, 0.875], "texture": "#0"},
				"east": {"uv": [7.5, 14, 7.625, 14.125], "texture": "#0"},
				"south": {"uv": [1, 13.75, 1.375, 13.875], "texture": "#0"},
				"west": {"uv": [14, 7.5, 14.125, 7.625], "texture": "#0"},
				"up": {"uv": [14.125, 1.125, 13.75, 1], "texture": "#0"},
				"down": {"uv": [14.125, 1.25, 13.75, 1.375], "texture": "#0"}
			}
		},
		{
			"from": [7.17941, 7.5, 14.31256],
			"to": [8.83626, 8, 15.31256],
			"rotation": {"angle": 0, "axis": "y", "origin": [7.99365, 2, 7.98629]},
			"faces": {
				"north": {"uv": [0.5, 13.75, 0.875, 13.875], "texture": "#0"},
				"east": {"uv": [12, 13.75, 12.25, 13.875], "texture": "#0"},
				"south": {"uv": [13.75, 0.5, 14.125, 0.625], "texture": "#0"},
				"west": {"uv": [13.75, 12, 14, 12.125], "texture": "#0"},
				"up": {"uv": [4.375, 12.25, 4, 12], "texture": "#0"},
				"down": {"uv": [4.875, 12, 4.5, 12.25], "texture": "#0"}
			}
		},
		{
			"from": [7.17941, 7.75, 10.81256],
			"to": [8.83626, 8.25, 14.31256],
			"rotation": {"angle": 0, "axis": "y", "origin": [7.99365, 2, 7.98629]},
			"faces": {
				"north": {"uv": [13.75, 0, 14.125, 0.125], "texture": "#0"},
				"east": {"uv": [4.75, 11.75, 5.625, 11.875], "texture": "#0"},
				"south": {"uv": [13.75, 0.25, 14.125, 0.375], "texture": "#0"},
				"west": {"uv": [11.75, 4.75, 12.625, 4.875], "texture": "#0"},
				"up": {"uv": [10.375, 2.875, 10, 2], "texture": "#0"},
				"down": {"uv": [3.875, 10, 3.5, 10.875], "texture": "#0"}
			}
		},
		{
			"from": [7.17941, 5.5, 15.31256],
			"to": [8.83626, 6, 15.81256],
			"rotation": {"angle": 0, "axis": "y", "origin": [7.99365, 2, 7.98629]},
			"faces": {
				"north": {"uv": [13, 13.5, 13.375, 13.625], "texture": "#0"},
				"east": {"uv": [7.25, 14, 7.375, 14.125], "texture": "#0"},
				"south": {"uv": [13.5, 13.25, 13.875, 13.375], "texture": "#0"},
				"west": {"uv": [14, 7.25, 14.125, 7.375], "texture": "#0"},
				"up": {"uv": [13.875, 13.625, 13.5, 13.5], "texture": "#0"},
				"down": {"uv": [0.375, 13.75, 0, 13.875], "texture": "#0"}
			}
		},
		{
			"from": [7.17941, 7, 15.31256],
			"to": [8.83626, 7.5, 15.81256],
			"rotation": {"angle": 0, "axis": "y", "origin": [7.99365, 2, 7.98629]},
			"faces": {
				"north": {"uv": [12, 13.5, 12.375, 13.625], "texture": "#0"},
				"east": {"uv": [7, 14, 7.125, 14.125], "texture": "#0"},
				"south": {"uv": [13.5, 12.25, 13.875, 12.375], "texture": "#0"},
				"west": {"uv": [14, 7, 14.125, 7.125], "texture": "#0"},
				"up": {"uv": [12.875, 13.625, 12.5, 13.5], "texture": "#0"},
				"down": {"uv": [13.875, 12.5, 13.5, 12.625], "texture": "#0"}
			}
		},
		{
			"from": [7.17941, 6, 15.56256],
			"to": [8.83626, 7, 16.06256],
			"rotation": {"angle": 0, "axis": "y", "origin": [7.99365, 2, 7.98629]},
			"faces": {
				"north": {"uv": [3, 12, 3.375, 12.25], "texture": "#0"},
				"east": {"uv": [13.75, 11.5, 13.875, 11.75], "texture": "#0"},
				"south": {"uv": [3.5, 12, 3.875, 12.25], "texture": "#0"},
				"west": {"uv": [11.75, 13.75, 11.875, 14], "texture": "#0"},
				"up": {"uv": [11.625, 13.625, 11.25, 13.5], "texture": "#0"},
				"down": {"uv": [13.875, 11.75, 13.5, 11.875], "texture": "#0"}
			}
		},
		{
			"from": [14.5789, 4, 7.16307],
			"to": [15.0789, 5, 8.81992],
			"rotation": {"angle": 0, "axis": "y", "origin": [7.99365, 2, 7.98629]},
			"faces": {
				"north": {"uv": [13.75, 11.25, 13.875, 11.5], "texture": "#0"},
				"east": {"uv": [2.5, 12, 2.875, 12.25], "texture": "#0"},
				"south": {"uv": [11.5, 13.75, 11.625, 14], "texture": "#0"},
				"west": {"uv": [12, 2.75, 12.375, 3], "texture": "#0"},
				"up": {"uv": [10.875, 13.875, 10.75, 13.5], "texture": "#0"},
				"down": {"uv": [11.125, 13.5, 11, 13.875], "texture": "#0"}
			}
		},
		{
			"from": [14.8289, 5, 7.16307],
			"to": [15.3289, 5.5, 8.81992],
			"rotation": {"angle": 0, "axis": "y", "origin": [7.99365, 2, 7.98629]},
			"faces": {
				"north": {"uv": [6.75, 14, 6.875, 14.125], "texture": "#0"},
				"east": {"uv": [13.5, 10.25, 13.875, 10.375], "texture": "#0"},
				"south": {"uv": [14, 6.75, 14.125, 6.875], "texture": "#0"},
				"west": {"uv": [13.5, 10.5, 13.875, 10.625], "texture": "#0"},
				"up": {"uv": [9.625, 13.875, 9.5, 13.5], "texture": "#0"},
				"down": {"uv": [10.125, 13.5, 10, 13.875], "texture": "#0"}
			}
		},
		{
			"from": [10.8289, 7.75, 7.16307],
			"to": [14.3289, 8.25, 8.81992],
			"rotation": {"angle": 0, "axis": "y", "origin": [7.99365, 2, 7.98629]},
			"faces": {
				"north": {"uv": [11.75, 2.25, 12.625, 2.375], "texture": "#0"},
				"east": {"uv": [13.5, 9.25, 13.875, 9.375], "texture": "#0"},
				"south": {"uv": [11.75, 2.5, 12.625, 2.625], "texture": "#0"},
				"west": {"uv": [13.5, 9.5, 13.875, 9.625], "texture": "#0"},
				"up": {"uv": [10.875, 1.375, 10, 1], "texture": "#0"},
				"down": {"uv": [10.875, 1.5, 10, 1.875], "texture": "#0"}
			}
		},
		{
			"from": [14.3289, 7.5, 7.16307],
			"to": [15.3289, 8, 8.81992],
			"rotation": {"angle": 0, "axis": "y", "origin": [7.99365, 2, 7.98629]},
			"faces": {
				"north": {"uv": [13.75, 11, 14, 11.125], "texture": "#0"},
				"east": {"uv": [13.5, 8.25, 13.875, 8.375], "texture": "#0"},
				"south": {"uv": [11.25, 13.75, 11.5, 13.875], "texture": "#0"},
				"west": {"uv": [9, 13.5, 9.375, 13.625], "texture": "#0"},
				"up": {"uv": [2.25, 12.375, 2, 12], "texture": "#0"},
				"down": {"uv": [2.5, 12, 2.25, 12.375], "texture": "#0"}
			}
		},
		{
			"from": [15.3289, 7, 7.16307],
			"to": [15.8289, 7.5, 8.81992],
			"rotation": {"angle": 0, "axis": "y", "origin": [7.99365, 2, 7.98629]},
			"faces": {
				"north": {"uv": [6.5, 14, 6.625, 14.125], "texture": "#0"},
				"east": {"uv": [7.5, 13.5, 7.875, 13.625], "texture": "#0"},
				"south": {"uv": [14, 6.5, 14.125, 6.625], "texture": "#0"},
				"west": {"uv": [13.5, 8, 13.875, 8.125], "texture": "#0"},
				"up": {"uv": [8.125, 13.875, 8, 13.5], "texture": "#0"},
				"down": {"uv": [8.875, 13.5, 8.75, 13.875], "texture": "#0"}
			}
		},
		{
			"from": [15.3289, 5.5, 7.16307],
			"to": [15.8289, 6, 8.81992],
			"rotation": {"angle": 0, "axis": "y", "origin": [7.99365, 2, 7.98629]},
			"faces": {
				"north": {"uv": [6.25, 14, 6.375, 14.125], "texture": "#0"},
				"east": {"uv": [13.5, 6.5, 13.875, 6.625], "texture": "#0"},
				"south": {"uv": [14, 6.25, 14.125, 6.375], "texture": "#0"},
				"west": {"uv": [6.75, 13.5, 7.125, 13.625], "texture": "#0"},
				"up": {"uv": [6.125, 13.875, 6, 13.5], "texture": "#0"},
				"down": {"uv": [13.625, 7.25, 13.5, 7.625], "texture": "#0"}
			}
		},
		{
			"from": [15.5789, 6, 7.16307],
			"to": [16.0789, 7, 8.81992],
			"rotation": {"angle": 0, "axis": "y", "origin": [7.99365, 2, 7.98629]},
			"faces": {
				"north": {"uv": [10.5, 13.75, 10.625, 14], "texture": "#0"},
				"east": {"uv": [1, 12, 1.375, 12.25], "texture": "#0"},
				"south": {"uv": [13.75, 10.75, 13.875, 11], "texture": "#0"},
				"west": {"uv": [1.5, 12, 1.875, 12.25], "texture": "#0"},
				"up": {"uv": [11.875, 13.625, 11.75, 13.25], "texture": "#0"},
				"down": {"uv": [4.875, 13.5, 4.75, 13.875], "texture": "#0"}
			}
		},
		{
			"from": [7.17941, 4, 0.91256],
			"to": [8.83626, 5, 1.41256],
			"rotation": {"angle": 0, "axis": "y", "origin": [7.99365, 2, 7.98629]},
			"faces": {
				"north": {"uv": [0, 12, 0.375, 12.25], "texture": "#0"},
				"east": {"uv": [13.75, 10, 13.875, 10.25], "texture": "#0"},
				"south": {"uv": [0.5, 12, 0.875, 12.25], "texture": "#0"},
				"west": {"uv": [10.25, 13.75, 10.375, 14], "texture": "#0"},
				"up": {"uv": [13.875, 6.125, 13.5, 6], "texture": "#0"},
				"down": {"uv": [13.875, 6.25, 13.5, 6.375], "texture": "#0"}
			}
		},
		{
			"from": [7.17941, 5, 0.66256],
			"to": [8.83626, 5.5, 1.16256],
			"rotation": {"angle": 0, "axis": "y", "origin": [7.99365, 2, 7.98629]},
			"faces": {
				"north": {"uv": [4.25, 13.5, 4.625, 13.625], "texture": "#0"},
				"east": {"uv": [6, 14, 6.125, 14.125], "texture": "#0"},
				"south": {"uv": [13.5, 4.75, 13.875, 4.875], "texture": "#0"},
				"west": {"uv": [14, 6, 14.125, 6.125], "texture": "#0"},
				"up": {"uv": [13.875, 5.125, 13.5, 5], "texture": "#0"},
				"down": {"uv": [5.625, 13.5, 5.25, 13.625], "texture": "#0"}
			}
		},
		{
			"from": [7.17941, 7.5, 0.66256],
			"to": [8.83626, 8, 1.66256],
			"rotation": {"angle": 0, "axis": "y", "origin": [7.99365, 2, 7.98629]},
			"faces": {
				"north": {"uv": [3.75, 13.5, 4.125, 13.625], "texture": "#0"},
				"east": {"uv": [9.75, 13.75, 10, 13.875], "texture": "#0"},
				"south": {"uv": [13.5, 4, 13.875, 4.125], "texture": "#0"},
				"west": {"uv": [13.75, 9.75, 14, 9.875], "texture": "#0"},
				"up": {"uv": [11.375, 12, 11, 11.75], "texture": "#0"},
				"down": {"uv": [11.875, 11.75, 11.5, 12], "texture": "#0"}
			}
		},
		{
			"from": [7.17941, 7.75, 1.66256],
			"to": [8.83626, 8.25, 5.16256],
			"rotation": {"angle": 0, "axis": "y", "origin": [7.99365, 2, 7.98629]},
			"faces": {
				"north": {"uv": [3.25, 13.5, 3.625, 13.625], "texture": "#0"},
				"east": {"uv": [1, 11.75, 1.875, 11.875], "texture": "#0"},
				"south": {"uv": [13.5, 3.25, 13.875, 3.375], "texture": "#0"},
				"west": {"uv": [2, 11.75, 2.875, 11.875], "texture": "#0"},
				"up": {"uv": [7.125, 4.125, 6.75, 3.25], "texture": "#0"},
				"down": {"uv": [10.375, 0, 10, 0.875], "texture": "#0"}
			}
		},
		{
			"from": [5.16256, 7.5, 7.16374],
			"to": [7.16256, 8.1, 8.82059],
			"rotation": {"angle": 0, "axis": "y", "origin": [7.98629, 1.75, 8.00635]},
			"faces": {
				"north": {"uv": [12.75, 5.25, 13.25, 5.375], "texture": "#0"},
				"east": {"uv": [2.25, 13.5, 2.625, 13.625], "texture": "#0"},
				"south": {"uv": [5.5, 12.75, 6, 12.875], "texture": "#0"},
				"west": {"uv": [2.75, 13.5, 3.125, 13.625], "texture": "#0"},
				"up": {"uv": [11, 11.125, 10.5, 10.75], "texture": "#0"},
				"down": {"uv": [11.5, 0, 11, 0.375], "texture": "#0"}
			}
		},
		{
			"from": [8.81256, 7.5, 7.16374],
			"to": [10.81256, 8.1, 8.82059],
			"rotation": {"angle": 0, "axis": "y", "origin": [7.98629, 2, 8.00635]},
			"faces": {
				"north": {"uv": [5, 12.75, 5.5, 12.875], "texture": "#0"},
				"east": {"uv": [1.75, 13.5, 2.125, 13.625], "texture": "#0"},
				"south": {"uv": [12.75, 5, 13.25, 5.125], "texture": "#0"},
				"west": {"uv": [13.5, 2, 13.875, 2.125], "texture": "#0"},
				"up": {"uv": [10.5, 11.125, 10, 10.75], "texture": "#0"},
				"down": {"uv": [11.25, 10.25, 10.75, 10.625], "texture": "#0"}
			}
		},
		{
			"from": [7.14368, 7.5, 5.18008],
			"to": [8.80054, 8.1, 7.18008],
			"rotation": {"angle": 0, "axis": "y", "origin": [7.98629, 2, 8.00635]},
			"faces": {
				"north": {"uv": [0.75, 13.5, 1.125, 13.625], "texture": "#0"},
				"east": {"uv": [12.75, 4.5, 13.25, 4.625], "texture": "#0"},
				"south": {"uv": [1.25, 13.5, 1.625, 13.625], "texture": "#0"},
				"west": {"uv": [12.75, 4.75, 13.25, 4.875], "texture": "#0"},
				"up": {"uv": [9.875, 11.25, 9.5, 10.75], "texture": "#0"},
				"down": {"uv": [11.125, 9.5, 10.75, 10], "texture": "#0"}
			}
		},
		{
			"from": [7.14368, 7.5, 8.83008],
			"to": [8.80054, 8.1, 10.83008],
			"rotation": {"angle": 0, "axis": "y", "origin": [7.98629, 1.75, 8.00635]},
			"faces": {
				"north": {"uv": [13.25, 13, 13.625, 13.125], "texture": "#0"},
				"east": {"uv": [12.75, 0.75, 13.25, 0.875], "texture": "#0"},
				"south": {"uv": [0.25, 13.5, 0.625, 13.625], "texture": "#0"},
				"west": {"uv": [12.75, 4.25, 13.25, 4.375], "texture": "#0"},
				"up": {"uv": [9.375, 11.25, 9, 10.75], "texture": "#0"},
				"down": {"uv": [11.125, 9, 10.75, 9.5], "texture": "#0"}
			}
		},
		{
			"from": [7.17941, 5.5, 0.16256],
			"to": [8.83626, 6, 0.66256],
			"rotation": {"angle": 0, "axis": "y", "origin": [7.99365, 2, 7.98629]},
			"faces": {
				"north": {"uv": [13.25, 12, 13.625, 12.125], "texture": "#0"},
				"east": {"uv": [5.75, 14, 5.875, 14.125], "texture": "#0"},
				"south": {"uv": [12.5, 13.25, 12.875, 13.375], "texture": "#0"},
				"west": {"uv": [14, 5.75, 14.125, 5.875], "texture": "#0"},
				"up": {"uv": [13.625, 12.875, 13.25, 12.75], "texture": "#0"},
				"down": {"uv": [13.375, 13.25, 13, 13.375], "texture": "#0"}
			}
		},
		{
			"from": [7.17941, 7, 0.16256],
			"to": [8.83626, 7.5, 0.66256],
			"rotation": {"angle": 0, "axis": "y", "origin": [7.99365, 2, 7.98629]},
			"faces": {
				"north": {"uv": [13.25, 11, 13.625, 11.125], "texture": "#0"},
				"east": {"uv": [5.5, 14, 5.625, 14.125], "texture": "#0"},
				"south": {"uv": [11.25, 13.25, 11.625, 13.375], "texture": "#0"},
				"west": {"uv": [14, 5.5, 14.125, 5.625], "texture": "#0"},
				"up": {"uv": [13.625, 11.375, 13.25, 11.25], "texture": "#0"},
				"down": {"uv": [13.625, 11.5, 13.25, 11.625], "texture": "#0"}
			}
		},
		{
			"from": [7.17941, 6, -0.08744],
			"to": [8.83626, 7, 0.41256],
			"rotation": {"angle": 0, "axis": "y", "origin": [7.99365, 2, 7.98629]},
			"faces": {
				"north": {"uv": [10.5, 11.75, 10.875, 12], "texture": "#0"},
				"east": {"uv": [13.75, 9, 13.875, 9.25], "texture": "#0"},
				"south": {"uv": [11.75, 10.5, 12.125, 10.75], "texture": "#0"},
				"west": {"uv": [9.25, 13.75, 9.375, 14], "texture": "#0"},
				"up": {"uv": [11.125, 13.375, 10.75, 13.25], "texture": "#0"},
				"down": {"uv": [13.625, 10.75, 13.25, 10.875], "texture": "#0"}
			}
		},
		{
			"from": [0.9289, 4, 7.16307],
			"to": [1.4289, 5, 8.81992],
			"rotation": {"angle": 0, "axis": "y", "origin": [7.99365, 2, 7.98629]},
			"faces": {
				"north": {"uv": [13.75, 8.75, 13.875, 9], "texture": "#0"},
				"east": {"uv": [10, 11.75, 10.375, 12], "texture": "#0"},
				"south": {"uv": [9, 13.75, 9.125, 14], "texture": "#0"},
				"west": {"uv": [11.75, 10.25, 12.125, 10.5], "texture": "#0"},
				"up": {"uv": [10.375, 13.625, 10.25, 13.25], "texture": "#0"},
				"down": {"uv": [10.625, 13.25, 10.5, 13.625], "texture": "#0"}
			}
		},
		{
			"from": [0.6789, 5, 7.16307],
			"to": [1.1789, 5.5, 8.81992],
			"rotation": {"angle": 0, "axis": "y", "origin": [7.99365, 2, 7.98629]},
			"faces": {
				"north": {"uv": [5.25, 14, 5.375, 14.125], "texture": "#0"},
				"east": {"uv": [13.25, 9.75, 13.625, 9.875], "texture": "#0"},
				"south": {"uv": [14, 5.25, 14.125, 5.375], "texture": "#0"},
				"west": {"uv": [13.25, 10, 13.625, 10.125], "texture": "#0"},
				"up": {"uv": [8.625, 13.625, 8.5, 13.25], "texture": "#0"},
				"down": {"uv": [9.875, 13.25, 9.75, 13.625], "texture": "#0"}
			}
		},
		{
			"from": [0.6789, 7.5, 7.16307],
			"to": [1.6789, 8, 8.81992],
			"rotation": {"angle": 0, "axis": "y", "origin": [7.99365, 2, 7.98629]},
			"faces": {
				"north": {"uv": [8.5, 13.75, 8.75, 13.875], "texture": "#0"},
				"east": {"uv": [13.25, 9, 13.625, 9.125], "texture": "#0"},
				"south": {"uv": [13.75, 8.5, 14, 8.625], "texture": "#0"},
				"west": {"uv": [9.25, 13.25, 9.625, 13.375], "texture": "#0"},
				"up": {"uv": [12, 9.875, 11.75, 9.5], "texture": "#0"},
				"down": {"uv": [10, 11.75, 9.75, 12.125], "texture": "#0"}
			}
		},
		{
			"from": [1.6789, 7.75, 7.16307],
			"to": [5.1789, 8.25, 8.81992],
			"rotation": {"angle": 0, "axis": "y", "origin": [7.99365, 2, 7.98629]},
			"faces": {
				"north": {"uv": [11.75, 0, 12.625, 0.125], "texture": "#0"},
				"east": {"uv": [13.25, 8.5, 13.625, 8.625], "texture": "#0"},
				"south": {"uv": [11.75, 0.25, 12.625, 0.375], "texture": "#0"},
				"west": {"uv": [13.25, 8.75, 13.625, 8.875], "texture": "#0"},
				"up": {"uv": [10.625, 9.375, 9.75, 9], "texture": "#0"},
				"down": {"uv": [10.625, 9.5, 9.75, 9.875], "texture": "#0"}
			}
		},
		{
			"from": [0.1789, 5.5, 7.16307],
			"to": [0.6789, 6, 8.81992],
			"rotation": {"angle": 0, "axis": "y", "origin": [7.99365, 2, 7.98629]},
			"faces": {
				"north": {"uv": [5, 14, 5.125, 14.125], "texture": "#0"},
				"east": {"uv": [7.75, 13.25, 8.125, 13.375], "texture": "#0"},
				"south": {"uv": [14, 5, 14.125, 5.125], "texture": "#0"},
				"west": {"uv": [13.25, 7.75, 13.625, 7.875], "texture": "#0"},
				"up": {"uv": [13.375, 8.375, 13.25, 8], "texture": "#0"},
				"down": {"uv": [8.375, 13.25, 8.25, 13.625], "texture": "#0"}
			}
		},
		{
			"from": [0.1789, 7, 7.16307],
			"to": [0.6789, 7.5, 8.81992],
			"rotation": {"angle": 0, "axis": "y", "origin": [7.99365, 2, 7.98629]},
			"faces": {
				"north": {"uv": [4.75, 14, 4.875, 14.125], "texture": "#0"},
				"east": {"uv": [13.25, 6.75, 13.625, 6.875], "texture": "#0"},
				"south": {"uv": [14, 4.75, 14.125, 4.875], "texture": "#0"},
				"west": {"uv": [13.25, 7, 13.625, 7.125], "texture": "#0"},
				"up": {"uv": [7.375, 13.625, 7.25, 13.25], "texture": "#0"},
				"down": {"uv": [13.375, 7.25, 13.25, 7.625], "texture": "#0"}
			}
		},
		{
			"from": [-0.0711, 6, 7.16307],
			"to": [0.4289, 7, 8.81992],
			"rotation": {"angle": 0, "axis": "y", "origin": [7.99365, 2, 7.98629]},
			"faces": {
				"north": {"uv": [13.75, 7.75, 13.875, 8], "texture": "#0"},
				"east": {"uv": [11.75, 8, 12.125, 8.25], "texture": "#0"},
				"south": {"uv": [8.25, 13.75, 8.375, 14], "texture": "#0"},
				"west": {"uv": [9.25, 11.75, 9.625, 12], "texture": "#0"},
				"up": {"uv": [13.375, 6.625, 13.25, 6.25], "texture": "#0"},
				"down": {"uv": [6.625, 13.25, 6.5, 13.625], "texture": "#0"}
			}
		},
		{
			"from": [7, 8, 7],
			"to": [9, 8.75, 9],
			"faces": {
				"north": {"uv": [3, 6, 3.5, 6.25], "texture": "#0"},
				"east": {"uv": [3.5, 6, 4, 6.25], "texture": "#0"},
				"south": {"uv": [6.75, 4.25, 7.25, 4.5], "texture": "#0"},
				"west": {"uv": [8.25, 3, 8.75, 3.25], "texture": "#0"},
				"up": {"uv": [4.5, 10.5, 4, 10], "texture": "#0"},
				"down": {"uv": [5, 10, 4.5, 10.5], "texture": "#0"}
			}
		},
		{
			"from": [7.75, 8.75, 7.775],
			"to": [8.25, 9.75, 8.225],
			"faces": {
				"north": {"uv": [12.75, 13.75, 12.875, 14], "texture": "#0"},
				"east": {"uv": [13.75, 12.75, 13.875, 13], "texture": "#0"},
				"south": {"uv": [13, 13.75, 13.125, 14], "texture": "#0"},
				"west": {"uv": [13.75, 13, 13.875, 13.25], "texture": "#0"},
				"up": {"uv": [7.875, 14.125, 7.75, 14], "texture": "#0"},
				"down": {"uv": [14.125, 7.75, 14, 7.875], "texture": "#0"}
			}
		},
		{
			"from": [11.375, 2.025, 7.9],
			"to": [11.925, 2.275, 8.1],
			"rotation": {"angle": 45, "axis": "z", "origin": [0, 0, 0]},
			"faces": {
				"north": {"uv": [8, 14, 8.125, 14.125], "texture": "#0"},
				"east": {"uv": [14, 8, 14.125, 8.125], "texture": "#0"},
				"south": {"uv": [8.25, 14, 8.375, 14.125], "texture": "#0"},
				"west": {"uv": [14, 8.25, 14.125, 8.375], "texture": "#0"},
				"up": {"uv": [8.625, 14.125, 8.5, 14], "texture": "#0"},
				"down": {"uv": [14.125, 8.5, 14, 8.625], "texture": "#0"}
			}
		},
		{
			"from": [11.3, 1.6, 7.925],
			"to": [11.5, 2.025, 8.075],
			"rotation": {"angle": 45, "axis": "z", "origin": [0, 0, 0]},
			"faces": {
				"north": {"uv": [9, 14, 9.125, 14.125], "texture": "#0"},
				"east": {"uv": [14, 9, 14.125, 9.125], "texture": "#0"},
				"south": {"uv": [9.25, 14, 9.375, 14.125], "texture": "#0"},
				"west": {"uv": [14, 9.25, 14.125, 9.375], "texture": "#0"},
				"up": {"uv": [9.625, 14.125, 9.5, 14], "texture": "#0"},
				"down": {"uv": [14.125, 9.5, 14, 9.625], "texture": "#0"}
			}
		},
		{
			"from": [11.225, 1.475, 7.95],
			"to": [11.425, 1.6, 8.05],
			"rotation": {"angle": 45, "axis": "z", "origin": [0, 0, 0]},
			"faces": {
				"north": {"uv": [9.75, 14, 9.875, 14.125], "texture": "#0"},
				"east": {"uv": [14, 9.75, 14.125, 9.875], "texture": "#0"},
				"south": {"uv": [10, 14, 10.125, 14.125], "texture": "#0"},
				"west": {"uv": [14, 10, 14.125, 10.125], "texture": "#0"},
				"up": {"uv": [10.375, 14.125, 10.25, 14], "texture": "#0"},
				"down": {"uv": [14.125, 10.25, 14, 10.375], "texture": "#0"}
			}
		},
		{
			"from": [11.75, 0.65, 7.8],
			"to": [12.05, 2.15, 8.2],
			"rotation": {"angle": 45, "axis": "z", "origin": [0, 0, 0]},
			"faces": {
				"north": {"uv": [2.5, 13.75, 2.625, 14.125], "texture": "#0"},
				"east": {"uv": [13.75, 2.5, 13.875, 2.875], "texture": "#0"},
				"south": {"uv": [2.75, 13.75, 2.875, 14.125], "texture": "#0"},
				"west": {"uv": [3, 13.75, 3.125, 14.125], "texture": "#0"},
				"up": {"uv": [8.875, 14.125, 8.75, 14], "texture": "#0"},
				"down": {"uv": [14.125, 8.75, 14, 8.875], "texture": "#0"}
			}
		},
		{
			"from": [4.575, 1.475, 7.95],
			"to": [4.775, 1.6, 8.05],
			"rotation": {"angle": -45, "axis": "z", "origin": [16, 0, 0]},
			"faces": {
				"north": {"uv": [12.25, 14, 12.375, 14.125], "texture": "#0"},
				"east": {"uv": [14, 12.25, 14.125, 12.375], "texture": "#0"},
				"south": {"uv": [12.5, 14, 12.625, 14.125], "texture": "#0"},
				"west": {"uv": [14, 12.5, 14.125, 12.625], "texture": "#0"},
				"up": {"uv": [12.875, 14.125, 12.75, 14], "texture": "#0"},
				"down": {"uv": [14.125, 12.75, 14, 12.875], "texture": "#0"}
			}
		},
		{
			"from": [4.5, 1.6, 7.925],
			"to": [4.7, 2.025, 8.075],
			"rotation": {"angle": -45, "axis": "z", "origin": [16, 0, 0]},
			"faces": {
				"north": {"uv": [11.5, 14, 11.625, 14.125], "texture": "#0"},
				"east": {"uv": [14, 11.5, 14.125, 11.625], "texture": "#0"},
				"south": {"uv": [11.75, 14, 11.875, 14.125], "texture": "#0"},
				"west": {"uv": [14, 11.75, 14.125, 11.875], "texture": "#0"},
				"up": {"uv": [12.125, 14.125, 12, 14], "texture": "#0"},
				"down": {"uv": [14.125, 12, 14, 12.125], "texture": "#0"}
			}
		},
		{
			"from": [4.075, 2.025, 7.9],
			"to": [4.625, 2.275, 8.1],
			"rotation": {"angle": -45, "axis": "z", "origin": [16, 0, 0]},
			"faces": {
				"north": {"uv": [10.75, 14, 10.875, 14.125], "texture": "#0"},
				"east": {"uv": [14, 10.75, 14.125, 10.875], "texture": "#0"},
				"south": {"uv": [11, 14, 11.125, 14.125], "texture": "#0"},
				"west": {"uv": [14, 11, 14.125, 11.125], "texture": "#0"},
				"up": {"uv": [11.375, 14.125, 11.25, 14], "texture": "#0"},
				"down": {"uv": [14.125, 11.25, 14, 11.375], "texture": "#0"}
			}
		},
		{
			"from": [3.95, 0.65, 7.8],
			"to": [4.25, 2.15, 8.2],
			"rotation": {"angle": -45, "axis": "z", "origin": [16, 0, 0]},
			"faces": {
				"north": {"uv": [3.25, 13.75, 3.375, 14.125], "texture": "#0"},
				"east": {"uv": [3.5, 13.75, 3.625, 14.125], "texture": "#0"},
				"south": {"uv": [13.75, 3.5, 13.875, 3.875], "texture": "#0"},
				"west": {"uv": [3.75, 13.75, 3.875, 14.125], "texture": "#0"},
				"up": {"uv": [10.625, 14.125, 10.5, 14], "texture": "#0"},
				"down": {"uv": [14.125, 10.5, 14, 10.625], "texture": "#0"}
			}
		},
		{
			"from": [-2.25, 12.3, 7.75],
			"to": [-1, 13.55, 8.25],
			"rotation": {"angle": -45, "axis": "z", "origin": [0, 0, 0]},
			"faces": {
				"north": {"uv": [11, 2.25, 11.375, 2.625], "texture": "#0"},
				"east": {"uv": [2, 13.75, 2.125, 14.125], "texture": "#0"},
				"south": {"uv": [3.5, 11, 3.875, 11.375], "texture": "#0"},
				"west": {"uv": [2.25, 13.75, 2.375, 14.125], "texture": "#0"},
				"up": {"uv": [14.125, 1.875, 13.75, 1.75], "texture": "#0"},
				"down": {"uv": [14.125, 2.25, 13.75, 2.375], "texture": "#0"}
			}
		},
		{
			"from": [13.07389, 0, 5.14013],
			"to": [14.07389, 6.5, 10.79698],
			"rotation": {"angle": 0, "axis": "y", "origin": [6.55635, 0, 7.96371]},
			"faces": {
				"north": {"uv": [6.75, 9, 7, 10.625], "texture": "#0"},
				"east": {"uv": [7.25, 3.25, 8.625, 4.875], "texture": "#0"},
				"south": {"uv": [9, 6.75, 9.25, 8.375], "texture": "#0"},
				"west": {"uv": [7.5, 5, 8.875, 6.625], "texture": "#0"},
				"up": {"uv": [5.25, 11.125, 5, 9.75], "texture": "#0"},
				"down": {"uv": [5.5, 9.75, 5.25, 11.125], "texture": "#0"}
			}
		},
		{
			"from": [12.67389, 0, 4.14013],
			"to": [13.67389, 6.525, 9.79698],
			"rotation": {"angle": -45, "axis": "y", "origin": [6.55635, 0, 7.96371]},
			"faces": {
				"north": {"uv": [2.5, 9, 2.75, 10.625], "texture": "#0"},
				"east": {"uv": [0, 6.25, 1.375, 7.875], "texture": "#0"},
				"south": {"uv": [2.75, 9, 3, 10.625], "texture": "#0"},
				"west": {"uv": [3, 6.25, 4.375, 7.875], "texture": "#0"},
				"up": {"uv": [1.5, 11.125, 1.25, 9.75], "texture": "#0"},
				"down": {"uv": [10, 1.5, 9.75, 2.875], "texture": "#0"}
			}
		},
		{
			"from": [12.62257, 0, 6.18176],
			"to": [13.62257, 6.525, 11.83861],
			"rotation": {"angle": 45, "axis": "y", "origin": [6.55635, 0, 7.96371]},
			"faces": {
				"north": {"uv": [1.5, 9, 1.75, 10.625], "texture": "#0"},
				"east": {"uv": [0, 4.5, 1.375, 6.125], "texture": "#0"},
				"south": {"uv": [1.75, 9, 2, 10.625], "texture": "#0"},
				"west": {"uv": [4.25, 4.5, 5.625, 6.125], "texture": "#0"},
				"up": {"uv": [0.5, 11.125, 0.25, 9.75], "texture": "#0"},
				"down": {"uv": [0.75, 9.75, 0.5, 11.125], "texture": "#0"}
			}
		},
		{
			"from": [5.1744, 0, 1.89749],
			"to": [10.83125, 6.5, 2.89749],
			"rotation": {"angle": 0, "axis": "y", "origin": [6.55635, 0, 7.96371]},
			"faces": {
				"north": {"uv": [6.75, 1.5, 8.125, 3.125], "texture": "#0"},
				"east": {"uv": [6.25, 9, 6.5, 10.625], "texture": "#0"},
				"south": {"uv": [1.5, 7.25, 2.875, 8.875], "texture": "#0"},
				"west": {"uv": [6.5, 9, 6.75, 10.625], "texture": "#0"},
				"up": {"uv": [10.625, 8.5, 9.25, 8.25], "texture": "#0"},
				"down": {"uv": [4.875, 9.75, 3.5, 10], "texture": "#0"}
			}
		},
		{
			"from": [1.53176, 0, 4.14013],
			"to": [2.53176, 6.525, 9.79698],
			"rotation": {"angle": -45, "axis": "y", "origin": [6.55635, 0, 7.96371]},
			"faces": {
				"north": {"uv": [9, 5, 9.25, 6.625], "texture": "#0"},
				"east": {"uv": [4.5, 6.25, 5.875, 7.875], "texture": "#0"},
				"south": {"uv": [6, 9, 6.25, 10.625], "texture": "#0"},
				"west": {"uv": [6, 6.25, 7.375, 7.875], "texture": "#0"},
				"up": {"uv": [3.25, 11.125, 3, 9.75], "texture": "#0"},
				"down": {"uv": [3.5, 9.75, 3.25, 11.125], "texture": "#0"}
			}
		},
		{
			"from": [1.93176, 0, 5.14013],
			"to": [2.93176, 6.5, 10.79698],
			"rotation": {"angle": 0, "axis": "y", "origin": [6.55635, 0, 7.96371]},
			"faces": {
				"north": {"uv": [7.5, 9, 7.75, 10.625], "texture": "#0"},
				"east": {"uv": [3, 8, 4.375, 9.625], "texture": "#0"},
				"south": {"uv": [7.75, 9, 8, 10.625], "texture": "#0"},
				"west": {"uv": [4.5, 8, 5.875, 9.625], "texture": "#0"},
				"up": {"uv": [5.75, 11.125, 5.5, 9.75], "texture": "#0"},
				"down": {"uv": [6, 9.75, 5.75, 11.125], "texture": "#0"}
			}
		},
		{
			"from": [5.1744, 6.5, 2.84749],
			"to": [10.83125, 7, 13.14749],
			"rotation": {"angle": 0, "axis": "y", "origin": [6.95635, 0, 8.96371]},
			"faces": {
				"north": {"uv": [11, 1.25, 12.375, 1.375], "texture": "#0"},
				"east": {"uv": [10.25, 3.25, 12.875, 3.375], "texture": "#0"},
				"south": {"uv": [11, 1.5, 12.375, 1.625], "texture": "#0"},
				"west": {"uv": [10.25, 3.5, 12.875, 3.625], "texture": "#0"},
				"up": {"uv": [4.125, 2.625, 2.75, 0], "texture": "#0"},
				"down": {"uv": [4.125, 2.75, 2.75, 5.375], "texture": "#0"}
			}
		},
		{
			"from": [2.42389, 6.5, 4.14013],
			"to": [12.67389, 7.1, 9.79698],
			"rotation": {"angle": -45, "axis": "y", "origin": [6.55635, 0, 7.96371]},
			"faces": {
				"north": {"uv": [10.25, 4.25, 12.75, 4.375], "texture": "#0"},
				"east": {"uv": [10.75, 8.25, 12.125, 8.375], "texture": "#0"},
				"south": {"uv": [10.25, 4.5, 12.75, 4.625], "texture": "#0"},
				"west": {"uv": [11, 0.5, 12.375, 0.625], "texture": "#0"},
				"up": {"uv": [6.75, 2.875, 4.25, 1.5], "texture": "#0"},
				"down": {"uv": [6.75, 3, 4.25, 4.375], "texture": "#0"}
			}
		},
		{
			"from": [2.37257, 6.5, 6.18176],
			"to": [12.62257, 7.2, 11.83861],
			"rotation": {"angle": 45, "axis": "y", "origin": [6.55635, 0, 7.96371]},
			"faces": {
				"north": {"uv": [10.25, 3.75, 12.875, 3.875], "texture": "#0"},
				"east": {"uv": [11, 1.75, 12.375, 1.875], "texture": "#0"},
				"south": {"uv": [10.25, 4, 12.875, 4.125], "texture": "#0"},
				"west": {"uv": [11, 2, 12.375, 2.125], "texture": "#0"},
				"up": {"uv": [2.625, 4.375, 0, 3], "texture": "#0"},
				"down": {"uv": [6.875, 0, 4.25, 1.375], "texture": "#0"}
			}
		},
		{
			"from": [2.82389, 6.5, 5.14013],
			"to": [13.07389, 7, 10.79698],
			"rotation": {"angle": 0, "axis": "y", "origin": [6.55635, 0, 7.96371]},
			"faces": {
				"north": {"uv": [9.75, 10, 12.375, 10.125], "texture": "#0"},
				"east": {"uv": [11, 0.75, 12.375, 0.875], "texture": "#0"},
				"south": {"uv": [10.25, 3, 12.875, 3.125], "texture": "#0"},
				"west": {"uv": [11, 1, 12.375, 1.125], "texture": "#0"},
				"up": {"uv": [2.625, 1.375, 0, 0], "texture": "#0"},
				"down": {"uv": [2.625, 1.5, 0, 2.875], "texture": "#0"}
			}
		},
		{
			"from": [5.1744, 0, 13.03962],
			"to": [10.83125, 6.5, 14.03962],
			"rotation": {"angle": 0, "axis": "y", "origin": [6.55635, 0, 7.96371]},
			"faces": {
				"north": {"uv": [7.5, 6.75, 8.875, 8.375], "texture": "#0"},
				"east": {"uv": [7, 9, 7.25, 10.625], "texture": "#0"},
				"south": {"uv": [0, 8, 1.375, 9.625], "texture": "#0"},
				"west": {"uv": [7.25, 9, 7.5, 10.625], "texture": "#0"},
				"up": {"uv": [11.125, 5.5, 9.75, 5.25], "texture": "#0"},
				"down": {"uv": [11.125, 5.5, 9.75, 5.75], "texture": "#0"}
			}
		},
		{
			"from": [1.48043, 0, 6.18176],
			"to": [2.48043, 6.525, 11.83861],
			"rotation": {"angle": 45, "axis": "y", "origin": [6.55635, 0, 7.96371]},
			"faces": {
				"north": {"uv": [2, 9, 2.25, 10.625], "texture": "#0"},
				"east": {"uv": [1.5, 5.5, 2.875, 7.125], "texture": "#0"},
				"south": {"uv": [2.25, 9, 2.5, 10.625], "texture": "#0"},
				"west": {"uv": [5.75, 4.5, 7.125, 6.125], "texture": "#0"},
				"up": {"uv": [1, 11.125, 0.75, 9.75], "texture": "#0"},
				"down": {"uv": [1.25, 9.75, 1, 11.125], "texture": "#0"}
			}
		}
	],
	"display": {
		"gui": {
			"rotation": [32, 4, 0],
			"translation": [0.5, 3.25, 0],
			"scale": [0.89, 0.89, 0.89]
		},
		"head": {
			"rotation": [10, 2, 15],
			"translation": [-2.75, 14.5, 2],
			"scale": [1.15, 1.15, 1.15]
		}
	},
	"groups": [
		{
			"name": "ring",
			"origin": [0, 0, 0],
			"color": 0,
			"nbt": "{}",
			"children": [0, 1, 2, 3, 4, 5, 6, 7, 8, 9, 10, 11, 12, 13, 14, 15, 16, 17, 18, 19, 20, 21, 22, 23, 24, 25, 26, 27, 28, 29, 30, 31]
		},
		{
			"name": "group",
			"origin": [7.99365, 0, 7.98629],
			"color": 0,
			"nbt": "{}",
			"children": [32, 33, 34, 35, 36, 37, 38, 39]
		},
		{
			"name": "group",
			"origin": [7.99365, 0, 7.98629],
			"color": 0,
			"nbt": "{}",
			"children": [
				40,
				41,
				42,
				43,
				44,
				45,
				46,
				47,
				48,
				49,
				50,
				51,
				52,
				53,
				54,
				55,
				56,
				57,
				58,
				59,
				60,
				61,
				62,
				63,
				64,
				65,
				66,
				67,
				68,
				69,
				70,
				71,
				72,
				73,
				74,
				75,
				76,
				77,
				78,
				79,
				80,
				81,
				82,
				83,
				84,
				85,
				86,
				87,
				88,
				89,
				90,
				91,
				92,
				93,
				94,
				95,
				96,
				97,
				98,
				99,
				100,
				101,
				102,
				103,
				104,
				105,
				106,
				107,
				108,
				109,
				110,
				111,
				112,
				113,
				114
			]
		},
		{
			"name": "RED MIDDLE",
			"origin": [8, 8, 8],
			"color": 0,
			"nbt": "{}",
			"children": [115, 116, 117, 118, 119, 120, 121, 122, 123, 124, 125, 126]
		}
	]
}