{
	"credit": "Made with Blockbench",
	"texture_size": [128, 128],
	"textures": {
		"0": "item/hats/fish_cop",
		"particle": "item/hats/fish_cop"
	},
	"elements": [
		{
			"from": [1, -1, -3],
			"to": [15, 16, 12],
			"faces": {
				"north": {"uv": [2, 3.75, 3.75, 5.875], "texture": "#0"},
				"east": {"uv": [0, 0, 1.875, 2.125], "texture": "#0"},
				"south": {"uv": [3.75, 3.75, 5.5, 5.875], "texture": "#0"},
				"west": {"uv": [1.875, 0, 3.75, 2.125], "texture": "#0"},
				"up": {"uv": [7.25, 6.75, 5.5, 4.875], "texture": "#0"},
				"down": {"uv": [1.75, 5.625, 0, 7.5], "texture": "#0"}
			}
		},
		{
			"from": [4, 17, -2],
			"to": [10, 20, 3],
			"rotation": {"angle": 0, "axis": "y", "origin": [-1, 0, -3]},
			"faces": {
				"north": {"uv": [4.75, 3.375, 5.5, 3.75], "texture": "#0"},
				"east": {"uv": [6.5, 10, 7.125, 10.375], "texture": "#0"},
				"south": {"uv": [1.25, 10, 2, 10.375], "texture": "#0"},
				"west": {"uv": [7.125, 10, 7.75, 10.375], "texture": "#0"},
				"up": {"uv": [7.875, 3.25, 7.125, 2.625], "texture": "#0"},
				"down": {"uv": [8, 6, 7.25, 6.625], "texture": "#0"}
			}
		},
		{
			"from": [5.75, 17, -2.7],
			"to": [8.25, 20, 2],
			"rotation": {"angle": 0, "axis": "y", "origin": [-1, 0, -3]},
			"faces": {
				"north": {"uv": [2.375, 10.25, 2.75, 10.625], "texture": "#0"},
				"east": {"uv": [10, 7.375, 10.625, 7.75], "texture": "#0"},
				"south": {"uv": [2.75, 10.25, 3.125, 10.625], "texture": "#0"},
				"west": {"uv": [10, 7.75, 10.625, 8.125], "texture": "#0"},
				"up": {"uv": [2.375, 10.625, 2, 10], "texture": "#0"},
				"down": {"uv": [10.375, 8.125, 10, 8.75], "texture": "#0"}
			}
		},
		{
			"from": [2.25, 16, -4],
			"to": [11.75, 17, 6],
			"rotation": {"angle": 0, "axis": "y", "origin": [-1, 0, -3]},
			"faces": {
				"north": {"uv": [2, 7.5, 3.25, 7.625], "texture": "#0"},
				"east": {"uv": [2, 7.625, 3.25, 7.75], "texture": "#0"},
				"south": {"uv": [10.125, 6.625, 11.375, 6.75], "texture": "#0"},
				"west": {"uv": [10.125, 6.75, 11.375, 6.875], "texture": "#0"},
				"up": {"uv": [1.25, 9.875, 0, 8.625], "texture": "#0"},
				"down": {"uv": [2.5, 8.75, 1.25, 10], "texture": "#0"}
			}
		},
		{
			"from": [3.25, 16, -5],
			"to": [10.75, 17, -4],
			"rotation": {"angle": 0, "axis": "y", "origin": [-1, 0, -3]},
			"faces": {
				"north": {"uv": [10.375, 1.5, 11.375, 1.625], "texture": "#0"},
				"east": {"uv": [5.375, 6.625, 5.5, 6.75], "texture": "#0"},
				"south": {"uv": [10.375, 1.625, 11.375, 1.75], "texture": "#0"},
				"west": {"uv": [8, 7.625, 8.125, 7.75], "texture": "#0"},
				"up": {"uv": [11.375, 1.875, 10.375, 1.75], "texture": "#0"},
				"down": {"uv": [11.375, 1.875, 10.375, 2], "texture": "#0"}
			}
		},
		{
			"from": [2.7, 18.1, -1.85],
			"to": [11.3, 21, 6.15],
			"rotation": {"angle": 22.5, "axis": "x", "origin": [7, 20.55, 1.15]},
			"faces": {
				"north": {"uv": [9.75, 4, 10.875, 4.375], "texture": "#0"},
				"east": {"uv": [9.75, 9.625, 10.75, 10], "texture": "#0"},
				"south": {"uv": [4.25, 9.75, 5.375, 10.125], "texture": "#0"},
				"west": {"uv": [0, 9.875, 1, 10.25], "texture": "#0"},
				"up": {"uv": [5.875, 9.75, 4.75, 8.75], "texture": "#0"},
				"down": {"uv": [7, 8.875, 5.875, 9.875], "texture": "#0"}
			}
		},
		{
			"from": [3.75, 0, 8],
			"to": [22.25, 8, 9],
			"rotation": {"angle": -22.5, "axis": "x", "origin": [13, 4, 8.5]},
			"faces": {
				"north": {"uv": [3.25, 6.75, 5.625, 7.75], "texture": "#0"},
				"east": {"uv": [5.25, 10.125, 5.375, 11.125], "texture": "#0"},
				"south": {"uv": [5.625, 6.75, 8, 7.75], "texture": "#0"},
				"west": {"uv": [0.75, 10.25, 0.875, 11.25], "texture": "#0"},
				"up": {"uv": [12.125, 4.75, 9.75, 4.625], "texture": "#0"},
				"down": {"uv": [12.125, 4.75, 9.75, 4.875], "texture": "#0"}
			}
		},
		{
			"from": [17.75, -1, 8.125],
			"to": [24.25, 3, 9.125],
			"rotation": {"angle": -22.5, "axis": "x", "origin": [13, 4, 8.5]},
			"faces": {
				"north": {"uv": [2.5, 9.75, 3.375, 10.25], "texture": "#0"},
				"east": {"uv": [8, 7.125, 8.125, 7.625], "texture": "#0"},
				"south": {"uv": [9.75, 3, 10.625, 3.5], "texture": "#0"},
				"west": {"uv": [5.375, 10.375, 5.5, 10.875], "texture": "#0"},
				"up": {"uv": [11.25, 2.125, 10.375, 2], "texture": "#0"},
				"down": {"uv": [11.25, 2.125, 10.375, 2.25], "texture": "#0"}
			}
		},
		{
			"from": [-8.25, -1, 8.125],
			"to": [-1.75, 3, 9.125],
			"rotation": {"angle": -22.5, "axis": "x", "origin": [3, 4, 8.5]},
			"faces": {
				"north": {"uv": [3.375, 9.75, 4.25, 10.25], "texture": "#0"},
				"east": {"uv": [5.5, 10.375, 5.625, 10.875], "texture": "#0"},
				"south": {"uv": [9.75, 3.5, 10.625, 4], "texture": "#0"},
				"west": {"uv": [5.625, 10.375, 5.75, 10.875], "texture": "#0"},
				"up": {"uv": [11.25, 5, 10.375, 4.875], "texture": "#0"},
				"down": {"uv": [11.25, 5, 10.375, 5.125], "texture": "#0"}
			}
		},
		{
			"from": [-6.25, 0, 8],
			"to": [12.25, 8, 9],
			"rotation": {"angle": -22.5, "axis": "x", "origin": [3, 4, 8.5]},
			"faces": {
				"north": {"uv": [7.125, 1.625, 9.5, 2.625], "texture": "#0"},
				"east": {"uv": [0.875, 10.25, 1, 11.25], "texture": "#0"},
				"south": {"uv": [7.25, 0, 9.625, 1], "texture": "#0"},
				"west": {"uv": [4.125, 10.25, 4.25, 11.25], "texture": "#0"},
				"up": {"uv": [12.375, 7.25, 10, 7.125], "texture": "#0"},
				"down": {"uv": [12.375, 7.25, 10, 7.375], "texture": "#0"}
			}
		},
		{
			"from": [0, 0, 1],
			"to": [16, 9, 16],
			"faces": {
				"north": {"uv": [7.25, 4.875, 9.25, 6], "texture": "#0"},
				"east": {"uv": [7.875, 3.75, 9.75, 4.875], "texture": "#0"},
				"south": {"uv": [0, 7.5, 2, 8.625], "texture": "#0"},
				"west": {"uv": [8, 6, 9.875, 7.125], "texture": "#0"},
				"up": {"uv": [2, 5.625, 0, 3.75], "texture": "#0"},
				"down": {"uv": [5.75, 0, 3.75, 1.875], "texture": "#0"}
			}
		},
		{
			"from": [7, 0.6, 14],
			"to": [9, 11, 19],
			"faces": {
				"north": {"uv": [1, 9.875, 1.25, 11.125], "texture": "#0"},
				"east": {"uv": [8.5, 9.625, 9.125, 10.875], "texture": "#0"},
				"south": {"uv": [9.875, 5.875, 10.125, 7.125], "texture": "#0"},
				"west": {"uv": [9.125, 9.625, 9.75, 10.875], "texture": "#0"},
				"up": {"uv": [10.375, 9.625, 10.125, 9], "texture": "#0"},
				"down": {"uv": [0.75, 10.25, 0.5, 10.875], "texture": "#0"}
			}
		},
		{
			"from": [7.125, 9, 14],
			"to": [8.875, 18, 19.9],
			"rotation": {"angle": -22.5, "axis": "x", "origin": [8, 5.5, 16.5]},
			"faces": {
				"north": {"uv": [6, 9.875, 6.25, 11], "texture": "#0"},
				"east": {"uv": [7, 8.875, 7.75, 10], "texture": "#0"},
				"south": {"uv": [6.25, 9.875, 6.5, 11], "texture": "#0"},
				"west": {"uv": [7.75, 9.125, 8.5, 10.25], "texture": "#0"},
				"up": {"uv": [0.25, 11, 0, 10.25], "texture": "#0"},
				"down": {"uv": [0.5, 10.25, 0.25, 11], "texture": "#0"}
			}
		},
		{
			"from": [-1.25, -0.45, 1],
			"to": [17.25, 13, 13],
			"faces": {
				"north": {"uv": [0, 2.125, 2.375, 3.75], "texture": "#0"},
				"east": {"uv": [5.75, 0, 7.25, 1.625], "texture": "#0"},
				"south": {"uv": [2.375, 2.125, 4.75, 3.75], "texture": "#0"},
				"west": {"uv": [1.75, 5.875, 3.25, 7.5], "texture": "#0"},
				"up": {"uv": [7.125, 3.375, 4.75, 1.875], "texture": "#0"},
				"down": {"uv": [7.875, 3.375, 5.5, 4.875], "texture": "#0"}
			}
		},
		{
			"from": [0.325, 0, -7],
			"to": [15.675, 8, 2],
			"faces": {
				"north": {"uv": [8.125, 7.125, 10, 8.125], "texture": "#0"},
				"east": {"uv": [2.5, 8.75, 3.625, 9.75], "texture": "#0"},
				"south": {"uv": [8.125, 8.125, 10, 9.125], "texture": "#0"},
				"west": {"uv": [3.625, 8.75, 4.75, 9.75], "texture": "#0"},
				"up": {"uv": [8.125, 8.875, 6.25, 7.75], "texture": "#0"},
				"down": {"uv": [9.75, 2.625, 7.875, 3.75], "texture": "#0"}
			}
		},
		{
			"from": [1.325, 3.5, -8],
			"to": [14.675, 5.2, -7],
			"faces": {
				"north": {"uv": [9.625, 0.75, 11.25, 1], "texture": "#0"},
				"east": {"uv": [5.375, 6.375, 5.5, 6.625], "texture": "#0"},
				"south": {"uv": [9.75, 4.375, 11.375, 4.625], "texture": "#0"},
				"west": {"uv": [7, 1.625, 7.125, 1.875], "texture": "#0"},
				"up": {"uv": [11.625, 8.875, 10, 8.75], "texture": "#0"},
				"down": {"uv": [11.625, 8.875, 10, 9], "texture": "#0"}
			}
		},
		{
			"from": [1.325, -0.5, -7.55],
			"to": [14.675, 3.5, -2.45],
			"faces": {
				"north": {"uv": [8.875, 1, 10.5, 1.5], "texture": "#0"},
				"east": {"uv": [4.875, 5.875, 5.5, 6.375], "texture": "#0"},
				"south": {"uv": [8.5, 9.125, 10.125, 9.625], "texture": "#0"},
				"west": {"uv": [5.375, 9.875, 6, 10.375], "texture": "#0"},
				"up": {"uv": [4.875, 6.5, 3.25, 5.875], "texture": "#0"},
				"down": {"uv": [8.875, 1, 7.25, 1.625], "texture": "#0"}
			}
		},
		{
			"from": [-0.675, -0.3, -4.55],
			"to": [16.675, 1.5, 3.55],
			"faces": {
				"north": {"uv": [3.25, 6.5, 5.375, 6.75], "texture": "#0"},
				"east": {"uv": [3.75, 1.875, 4.75, 2.125], "texture": "#0"},
				"south": {"uv": [9.25, 5.625, 11.375, 5.875], "texture": "#0"},
				"west": {"uv": [5.75, 1.625, 6.75, 1.875], "texture": "#0"},
				"up": {"uv": [4.125, 8.75, 2, 7.75], "texture": "#0"},
				"down": {"uv": [6.25, 7.75, 4.125, 8.75], "texture": "#0"}
			}
		},
		{
			"from": [0.025, 2.5, -7.9],
			"to": [1.675, 4.2, -7],
			"faces": {
				"north": {"uv": [1.75, 5.625, 2, 5.875], "texture": "#0"},
				"east": {"uv": [8, 8.875, 8.125, 9.125], "texture": "#0"},
				"south": {"uv": [6.75, 1.625, 7, 1.875], "texture": "#0"},
				"west": {"uv": [2.375, 10, 2.5, 10.25], "texture": "#0"},
				"up": {"uv": [5.125, 6.5, 4.875, 6.375], "texture": "#0"},
				"down": {"uv": [5.375, 6.375, 5.125, 6.5], "texture": "#0"}
			}
		},
		{
			"from": [-0.375, 1.5, -7.8],
			"to": [1.675, 3.2, -4.1],
			"faces": {
				"north": {"uv": [7.75, 8.875, 8, 9.125], "texture": "#0"},
				"east": {"uv": [10.125, 6.875, 10.625, 7.125], "texture": "#0"},
				"south": {"uv": [9.5, 2.25, 9.75, 2.5], "texture": "#0"},
				"west": {"uv": [3.125, 10.25, 3.625, 10.5], "texture": "#0"},
				"up": {"uv": [3.875, 10.75, 3.625, 10.25], "texture": "#0"},
				"down": {"uv": [4.125, 10.25, 3.875, 10.75], "texture": "#0"}
			}
		},
		{
			"from": [14.325, 7.5, -3.375],
			"to": [16.375, 13.2, 3.125],
			"rotation": {"angle": 0, "axis": "y", "origin": [16, 0, 0]},
			"faces": {
				"north": {"uv": [4.75, 10.125, 5, 10.875], "texture": "#0"},
				"east": {"uv": [9.25, 4.875, 10.125, 5.625], "texture": "#0"},
				"south": {"uv": [10.125, 4.875, 10.375, 5.625], "texture": "#0"},
				"west": {"uv": [9.5, 1.5, 10.375, 2.25], "texture": "#0"},
				"up": {"uv": [10, 10.875, 9.75, 10], "texture": "#0"},
				"down": {"uv": [10.25, 10, 10, 10.875], "texture": "#0"}
			}
		},
		{
			"from": [-0.375, 7.5, -3.375],
			"to": [1.675, 13.2, 3.125],
			"faces": {
				"north": {"uv": [5, 10.125, 5.25, 10.875], "texture": "#0"},
				"east": {"uv": [9.625, 0, 10.5, 0.75], "texture": "#0"},
				"south": {"uv": [10.125, 5.875, 10.375, 6.625], "texture": "#0"},
				"west": {"uv": [9.75, 2.25, 10.625, 3], "texture": "#0"},
				"up": {"uv": [4.5, 11, 4.25, 10.125], "texture": "#0"},
				"down": {"uv": [4.75, 10.125, 4.5, 11], "texture": "#0"}
			}
		},
		{
			"from": [-0.65, 9.25, -1.075],
			"to": [1.4, 11.25, 0.225],
			"faces": {
				"north": {"uv": [10.375, 5.375, 10.625, 5.625], "texture": "#0"},
				"east": {"uv": [6.625, 10.375, 6.75, 10.625], "texture": "#0"},
				"south": {"uv": [5.75, 10.375, 6, 10.625], "texture": "#0"},
				"west": {"uv": [6.75, 10.375, 6.875, 10.625], "texture": "#0"},
				"up": {"uv": [7.625, 3.375, 7.375, 3.25], "texture": "#0"},
				"down": {"uv": [7.75, 6.625, 7.5, 6.75], "texture": "#0"}
			}
		},
		{
			"from": [14.6, 9.25, -1.075],
			"to": [16.65, 11.25, 0.225],
			"rotation": {"angle": 0, "axis": "y", "origin": [16, 0, 0]},
			"faces": {
				"north": {"uv": [10.375, 5.875, 10.625, 6.125], "texture": "#0"},
				"east": {"uv": [6.875, 10.375, 7, 10.625], "texture": "#0"},
				"south": {"uv": [10.375, 6.125, 10.625, 6.375], "texture": "#0"},
				"west": {"uv": [7, 10.375, 7.125, 10.625], "texture": "#0"},
				"up": {"uv": [7.875, 3.375, 7.625, 3.25], "texture": "#0"},
				"down": {"uv": [8, 6.625, 7.75, 6.75], "texture": "#0"}
			}
		},
		{
			"from": [14.325, 2.5, -7.9],
			"to": [15.975, 4.2, -7],
			"rotation": {"angle": 0, "axis": "y", "origin": [16, 0, 0]},
			"faces": {
				"north": {"uv": [1.75, 10.375, 2, 10.625], "texture": "#0"},
				"east": {"uv": [10.375, 6.375, 10.5, 6.625], "texture": "#0"},
				"south": {"uv": [10.375, 5.125, 10.625, 5.375], "texture": "#0"},
				"west": {"uv": [6.5, 10.375, 6.625, 10.625], "texture": "#0"},
				"up": {"uv": [7.375, 3.375, 7.125, 3.25], "texture": "#0"},
				"down": {"uv": [7.5, 6.625, 7.25, 6.75], "texture": "#0"}
			}
		},
		{
			"from": [14.325, 1.5, -7.8],
			"to": [16.375, 3.2, -4.1],
			"rotation": {"angle": 0, "axis": "y", "origin": [16, 0, 0]},
			"faces": {
				"north": {"uv": [1.25, 10.375, 1.5, 10.625], "texture": "#0"},
				"east": {"uv": [7.75, 10.25, 8.25, 10.5], "texture": "#0"},
				"south": {"uv": [1.5, 10.375, 1.75, 10.625], "texture": "#0"},
				"west": {"uv": [10.25, 10, 10.75, 10.25], "texture": "#0"},
				"up": {"uv": [8.5, 10.75, 8.25, 10.25], "texture": "#0"},
				"down": {"uv": [10.5, 10.25, 10.25, 10.75], "texture": "#0"}
			}
		}
	],
	"display": {
		"thirdperson_righthand": {
			"scale": [0, 0, 0]
		},
		"thirdperson_lefthand": {
			"scale": [0, 0, 0]
		},
		"firstperson_righthand": {
			"scale": [0, 0, 0]
		},
		"firstperson_lefthand": {
			"scale": [0, 0, 0]
		},
		"ground": {
			"scale": [0, 0, 0]
		},
		"gui": {
			"rotation": [24, -150, 0],
			"translation": [-0.25, 0.5, 0],
			"scale": [0.56, 0.56, 0.56]
		},
		"head": {
			"translation": [0, 2.75, 1.75],
			"scale": [1.26, 1.26, 1.26]
		},
		"fixed": {
			"scale": [0, 0, 0]
		}
	}
}