{
	"credit": "Made with Blockbench",
	"texture_size": [32, 32],
	"textures": {
		"0": "item/popellerhat",
		"1": "item/propellerhat",
		"particle": "item/popellerhat"
	},
	"elements": [
		{
			"from": [3, 0, 5],
			"to": [13, 5, 15],
			"rotation": {"angle": 0, "axis": "y", "origin": [8, 0, 6]},
			"faces": {
				"north": {"uv": [9, 2.5, 14, 5], "texture": "#1"},
				"east": {"uv": [9, 5, 14, 7.5], "texture": "#1"},
				"south": {"uv": [5, 8, 10, 10.5], "texture": "#1"},
				"west": {"uv": [9, 0, 14, 2.5], "texture": "#1"},
				"up": {"uv": [5, 5, 0, 0], "rotation": 180, "texture": "#1"},
				"down": {"uv": [5, 5, 0, 10], "rotation": 180, "texture": "#1"}
			}
		},
		{
			"from": [4, 5, 6],
			"to": [12, 6, 14],
			"rotation": {"angle": 0, "axis": "y", "origin": [8, 0, 6]},
			"faces": {
				"north": {"uv": [5, 11, 9, 11.5], "texture": "#1"},
				"east": {"uv": [9, 11, 13, 11.5], "texture": "#1"},
				"south": {"uv": [5, 10.5, 9, 11], "texture": "#1"},
				"west": {"uv": [9, 10.5, 13, 11], "texture": "#1"},
				"up": {"uv": [9, 4, 5, 0], "rotation": 180, "texture": "#1"},
				"down": {"uv": [9, 4, 5, 8], "rotation": 180, "texture": "#1"}
			}
		},
		{
			"from": [3, 0, 1],
			"to": [13, 1, 5],
			"rotation": {"angle": 0, "axis": "y", "origin": [8, 0, 6]},
			"faces": {
				"north": {"uv": [10, 10, 15, 10.5], "texture": "#1"},
				"east": {"uv": [11, 11.5, 13, 12], "texture": "#1"},
				"south": {"uv": [10, 9.5, 15, 10], "texture": "#1"},
				"west": {"uv": [9, 11.5, 11, 12], "texture": "#1"},
				"up": {"uv": [5, 12, 0, 10], "rotation": 180, "texture": "#1"},
				"down": {"uv": [15, 7.5, 10, 9.5], "rotation": 180, "texture": "#1"}
			}
		},
		{
			"from": [7, 6, 9],
			"to": [9, 9, 11],
			"rotation": {"angle": 0, "axis": "y", "origin": [8, 0, 6]},
			"faces": {
				"north": {"uv": [7, 11.5, 8, 13], "texture": "#1"},
				"east": {"uv": [8, 11.5, 9, 13], "texture": "#1"},
				"south": {"uv": [5, 11.5, 6, 13], "texture": "#1"},
				"west": {"uv": [6, 11.5, 7, 13], "texture": "#1"},
				"up": {"uv": [1, 13, 0, 12], "rotation": 180, "texture": "#1"},
				"down": {"uv": [2, 12, 1, 13], "rotation": 180, "texture": "#1"}
			}
		},
		{
			"from": [0, 8, 2],
			"to": [16, 8, 18],
			"rotation": {"angle": 0, "axis": "y", "origin": [8, 0, 6]},
			"faces": {
				"north": {"uv": [0, 0, 8, 0], "texture": "#missing"},
				"east": {"uv": [0, 0, 8, 0], "texture": "#missing"},
				"south": {"uv": [0, 0, 8, 0], "texture": "#missing"},
				"west": {"uv": [0, 0, 8, 0], "texture": "#missing"},
				"up": {"uv": [0, 0, 16, 16], "rotation": 180, "texture": "#0"},
				"down": {"uv": [16, 0, 0, 16], "rotation": 180, "texture": "#0"}
			}
		}
	],
	"display": {
		"gui": {
			"rotation": [24, 146, 0],
			"translation": [0, 3.5, 0],
			"scale": [0.93, 0.93, 0.93]
		},
		"head": {
			"translation": [0, 12.5, -3],
			"scale": [1.53, 1.53, 1.53]
		}
	}
}