{
	"credit": "Made with Blockbench",
	"textures": {
		"0": "item/menu/icons/level_challenge",
		"particle": "item/menu/icons/level_challenge"
	},
	"elements": [
		{
			"from": [0, 0, 0],
			"to": [16, 0, 16],
			"faces": {
				"north": {"uv": [0, 0, 16, 0], "texture": "#missing"},
				"east": {"uv": [0, 0, 16, 0], "texture": "#missing"},
				"south": {"uv": [0, 0, 16, 0], "texture": "#missing"},
				"west": {"uv": [0, 0, 16, 0], "texture": "#missing"},
				"up": {"uv": [0, 0, 16, 16], "texture": "#0"},
				"down": {"uv": [0, 0, 16, 16], "texture": "#missing"}
			}
		}
	],
	"gui_light": "front",
	"display": {
		"thirdperson_righthand": {
			"scale": [0, 0, 0]
		},
		"gui": {
			"rotation": [90, 0, 0],
			"translation": [0, -8.75, 0],
			"scale": [1.91, 1.91, 1.91]
		}
	}
}