{
	"credit": "Made with Blockbench",
	"texture_size": [32, 32],
	"textures": {
		"0": "item/items/item14",
		"particle": "item/items/item14"
	},
	"elements": [
		{
			"from": [6.87965, 5.38772, 14.69619],
			"to": [9.12035, 6.53048, 16.56344],
			"rotation": {"angle": -22.5, "axis": "x", "origin": [7.62655, 5.9591, 21.8851]},
			"faces": {
				"north": {"uv": [5.5, 6.5, 4.5, 7.5], "rotation": 180, "texture": "#0"},
				"east": {"uv": [7.5, 2.5, 8.5, 3], "rotation": 270, "texture": "#0"},
				"south": {"uv": [7.5, 3.5, 6.5, 2.5], "texture": "#0"},
				"west": {"uv": [7.5, 3, 8.5, 3.5], "rotation": 90, "texture": "#0"},
				"up": {"uv": [2, 7.5, 3, 8], "rotation": 180, "texture": "#0"},
				"down": {"uv": [3, 7.5, 4, 8], "texture": "#0"}
			}
		},
		{
			"from": [6.69292, 5.57818, 16.18999],
			"to": [8.56017, 6.34002, 17.68379],
			"rotation": {"angle": -22.5, "axis": "x", "origin": [7.62655, 5.9591, 21.8851]},
			"faces": {
				"north": {"uv": [5, 8, 4.5, 8.5], "rotation": 180, "texture": "#0"},
				"east": {"uv": [3, 8, 3.5, 8.5], "rotation": 270, "texture": "#0"},
				"south": {"uv": [8.5, 4.5, 8, 4], "texture": "#0"},
				"west": {"uv": [4, 8, 4.5, 8.5], "rotation": 90, "texture": "#0"},
				"up": {"uv": [4, 7, 4.5, 7.5], "rotation": 180, "texture": "#0"},
				"down": {"uv": [3.5, 8, 4, 8.5], "texture": "#0"}
			}
		},
		{
			"from": [4.07877, 5.29249, 17.68379],
			"to": [11.17433, 6.62571, 19.92449],
			"rotation": {"angle": -22.5, "axis": "x", "origin": [7.62655, 5.9591, 21.8851]},
			"faces": {
				"north": {"uv": [2.5, 6, 0, 7], "rotation": 180, "texture": "#0"},
				"east": {"uv": [5.5, 6.5, 6.5, 7.5], "rotation": 270, "texture": "#0"},
				"south": {"uv": [7.5, 6, 5, 5], "texture": "#0"},
				"west": {"uv": [6.5, 6.5, 7.5, 7.5], "rotation": 90, "texture": "#0"},
				"up": {"uv": [0, 5, 2.5, 6], "rotation": 180, "texture": "#0"},
				"down": {"uv": [2.5, 5, 5, 6], "texture": "#0"}
			}
		},
		{
			"from": [2.58497, 5.19726, 19.92449],
			"to": [12.66813, 6.72094, 22.16519],
			"rotation": {"angle": -22.5, "axis": "x", "origin": [7.62655, 5.9591, 21.8851]},
			"faces": {
				"north": {"uv": [3.5, 3, 0, 4], "rotation": 180, "texture": "#0"},
				"east": {"uv": [0, 7, 1, 8], "rotation": 270, "texture": "#0"},
				"south": {"uv": [3.5, 3, 0, 2], "texture": "#0"},
				"west": {"uv": [7, 0, 8, 1], "rotation": 90, "texture": "#0"},
				"up": {"uv": [0, 0, 3.5, 1], "rotation": 180, "texture": "#0"},
				"down": {"uv": [0, 1, 3.5, 2], "texture": "#0"}
			}
		},
		{
			"from": [2.58497, 5.10203, 22.16519],
			"to": [12.66813, 6.81617, 23.65899],
			"rotation": {"angle": -22.5, "axis": "x", "origin": [7.62655, 5.9591, 21.8851]},
			"faces": {
				"north": {"uv": [7, 1, 3.5, 2], "rotation": 180, "texture": "#0"},
				"east": {"uv": [4, 7.5, 5, 8], "rotation": 270, "texture": "#0"},
				"south": {"uv": [7, 1, 3.5, 0], "texture": "#0"},
				"west": {"uv": [5, 7.5, 6, 8], "rotation": 90, "texture": "#0"},
				"up": {"uv": [4.5, 6, 8, 6.5], "rotation": 180, "texture": "#0"},
				"down": {"uv": [6.5, 2, 10, 2.5], "texture": "#0"}
			}
		},
		{
			"from": [8.56017, 6.34002, 21.41829],
			"to": [9.68053, 6.9114, 24.03244],
			"rotation": {"angle": -22.5, "axis": "x", "origin": [7.62655, 5.9591, 21.8851]},
			"faces": {
				"north": {"uv": [6.5, 8, 6, 8.5], "rotation": 180, "texture": "#0"},
				"east": {"uv": [8, 0, 8.5, 1], "rotation": 270, "texture": "#0"},
				"south": {"uv": [6, 8.5, 5.5, 8], "texture": "#0"},
				"west": {"uv": [1, 8, 1.5, 9], "rotation": 90, "texture": "#0"},
				"up": {"uv": [0, 8, 0.5, 9], "rotation": 180, "texture": "#0"},
				"down": {"uv": [0.5, 8, 1, 9], "texture": "#0"}
			}
		},
		{
			"from": [5.57257, 6.34002, 21.41829],
			"to": [6.69292, 6.9114, 24.03244],
			"rotation": {"angle": -22.5, "axis": "x", "origin": [7.62655, 5.9591, 21.8851]},
			"faces": {
				"north": {"uv": [7, 8, 6.5, 8.5], "rotation": 180, "texture": "#0"},
				"east": {"uv": [1.5, 8, 2, 9], "rotation": 270, "texture": "#0"},
				"south": {"uv": [8.5, 6.5, 8, 6], "texture": "#0"},
				"west": {"uv": [2.5, 8, 3, 9], "rotation": 90, "texture": "#0"},
				"up": {"uv": [8, 1, 8.5, 2], "rotation": 180, "texture": "#0"},
				"down": {"uv": [2, 8, 2.5, 9], "texture": "#0"}
			}
		},
		{
			"from": [3.33187, 5.29249, 23.28554],
			"to": [11.92123, 6.62571, 25.52624],
			"rotation": {"angle": -22.5, "axis": "x", "origin": [7.62655, 5.9591, 21.8851]},
			"faces": {
				"north": {"uv": [6, 4, 3, 5], "rotation": 180, "texture": "#0"},
				"east": {"uv": [1, 7, 2, 8], "rotation": 270, "texture": "#0"},
				"south": {"uv": [3, 5, 0, 4], "texture": "#0"},
				"west": {"uv": [7, 1, 8, 2], "rotation": 90, "texture": "#0"},
				"up": {"uv": [3.5, 2, 6.5, 3], "rotation": 180, "texture": "#0"},
				"down": {"uv": [3.5, 3, 6.5, 4], "texture": "#0"}
			}
		},
		{
			"from": [4.82567, 5.38772, 25.52624],
			"to": [8.93363, 6.53048, 27.39349],
			"rotation": {"angle": -22.5, "axis": "x", "origin": [7.62655, 5.9591, 21.8851]},
			"faces": {
				"north": {"uv": [8, 4, 6, 5], "rotation": 180, "texture": "#0"},
				"east": {"uv": [7.5, 5, 8.5, 5.5], "rotation": 270, "texture": "#0"},
				"south": {"uv": [4.5, 7, 2.5, 6], "texture": "#0"},
				"west": {"uv": [7.5, 5.5, 8.5, 6], "rotation": 90, "texture": "#0"},
				"up": {"uv": [6.5, 3.5, 8.5, 4], "rotation": 180, "texture": "#0"},
				"down": {"uv": [2, 7, 4, 7.5], "texture": "#0"}
			}
		},
		{
			"from": [7.81327, 5.38772, 27.39349],
			"to": [9.68053, 6.53048, 28.88729],
			"rotation": {"angle": -22.5, "axis": "x", "origin": [7.62655, 5.9591, 21.8851]},
			"faces": {
				"north": {"uv": [8, 7, 7.5, 8], "rotation": 180, "texture": "#0"},
				"east": {"uv": [6, 7.5, 7, 8], "rotation": 270, "texture": "#0"},
				"south": {"uv": [7.5, 8.5, 7, 7.5], "texture": "#0"},
				"west": {"uv": [7.5, 6.5, 8.5, 7], "rotation": 90, "texture": "#0"},
				"up": {"uv": [8, 4.5, 8.5, 5], "rotation": 180, "texture": "#0"},
				"down": {"uv": [5, 8, 5.5, 8.5], "texture": "#0"}
			}
		}
	],
	"display": {
		"thirdperson_righthand": {
			"rotation": [0, 112, 0],
			"translation": [0, 4.75, 0],
			"scale": [0.8, 0.8, 0.8]
		},
		"thirdperson_lefthand": {
			"rotation": [0, 112, 0],
			"translation": [0, 4.75, 0],
			"scale": [0.8, 0.8, 0.8]
		},
		"firstperson_righthand": {
			"rotation": [0, 152, 0],
			"translation": [-0.25, 6.25, 1.25],
			"scale": [0.85, 0.85, 0.85]
		},
		"firstperson_lefthand": {
			"rotation": [0, 152, 0],
			"translation": [-0.25, 5.25, 1.25],
			"scale": [0.37, 0.37, 0.37]
		},
		"ground": {
			"translation": [0, 6, 0],
			"scale": [1.23, 1.23, 1.23]
		},
		"gui": {
			"rotation": [7, 168, 0],
			"translation": [-0.5, 6.25, 0],
			"scale": [2, 2, 2]
		},
		"fixed": {
			"translation": [0, 4.75, 0],
			"scale": [1.48, 1.48, 1.48]
		}
	}
}