{
	"credit": "Made with Blockbench",
	"texture_size": [64, 64],
	"textures": {
		"0": "item/items/item01",
		"particle": "item/items/item01"
	},
	"elements": [
		{
			"from": [6.375, 0, 21.875],
			"to": [9.625, 0.5, 25.125],
			"rotation": {"angle": 0, "axis": "y", "origin": [4, 0, 4]},
			"faces": {
				"north": {"uv": [10, 1.75, 11.75, 2], "texture": "#0"},
				"east": {"uv": [10.5, 7.25, 12.25, 7.5], "texture": "#0"},
				"south": {"uv": [4.75, 10.75, 6.5, 11], "texture": "#0"},
				"west": {"uv": [8.5, 10.75, 10.25, 11], "texture": "#0"},
				"up": {"uv": [7.75, 7.75, 6, 6], "texture": "#0"},
				"down": {"uv": [1.75, 7.5, 0, 9.25], "texture": "#0"}
			}
		},
		{
			"from": [8.5, 0.875, 21.25],
			"to": [9, 1.875, 21.375],
			"rotation": {"angle": 0, "axis": "y", "origin": [4, 0, 4]},
			"faces": {
				"north": {"uv": [2.5, 5, 2.75, 5.5], "texture": "#0"},
				"east": {"uv": [4, 7.75, 4.25, 8.25], "texture": "#0"},
				"south": {"uv": [5.75, 8.25, 6, 8.75], "texture": "#0"},
				"west": {"uv": [8.75, 2, 9, 2.5], "texture": "#0"},
				"up": {"uv": [2, 7.75, 1.75, 7.5], "texture": "#0"},
				"down": {"uv": [2.25, 7.5, 2, 7.75], "texture": "#0"}
			}
		},
		{
			"from": [6.875, 0.875, 21.25],
			"to": [7.375, 1.875, 21.375],
			"rotation": {"angle": 0, "axis": "y", "origin": [4, 0, 4]},
			"faces": {
				"north": {"uv": [9, 2, 9.25, 2.5], "texture": "#0"},
				"east": {"uv": [10.25, 10.75, 10.5, 11.25], "texture": "#0"},
				"south": {"uv": [1.5, 11, 1.75, 11.5], "texture": "#0"},
				"west": {"uv": [7.75, 11, 8, 11.5], "texture": "#0"},
				"up": {"uv": [2.5, 7.75, 2.25, 7.5], "texture": "#0"},
				"down": {"uv": [8, 7.5, 7.75, 7.75], "texture": "#0"}
			}
		},
		{
			"from": [5.5, 3.25, 21],
			"to": [10.5, 4.25, 26],
			"rotation": {"angle": 0, "axis": "y", "origin": [4, 0, 4]},
			"faces": {
				"north": {"uv": [9.25, 9, 11.75, 9.5], "texture": "#0"},
				"east": {"uv": [1.75, 9.5, 4.25, 10], "texture": "#0"},
				"south": {"uv": [4.25, 9.5, 6.75, 10], "texture": "#0"},
				"west": {"uv": [9.25, 9.5, 11.75, 10], "texture": "#0"},
				"up": {"uv": [2.5, 7.5, 0, 5], "texture": "#0"},
				"down": {"uv": [7.75, 0, 5.25, 2.5], "texture": "#0"}
			}
		},
		{
			"from": [6.25, 3.75, 21.75],
			"to": [9.75, 4.875, 25.25],
			"rotation": {"angle": 0, "axis": "y", "origin": [4, 0, 4]},
			"faces": {
				"north": {"uv": [4, 8.25, 5.75, 8.75], "texture": "#0"},
				"east": {"uv": [6.75, 9.75, 8.5, 10.25], "texture": "#0"},
				"south": {"uv": [10, 0, 11.75, 0.5], "texture": "#0"},
				"west": {"uv": [10, 0.5, 11.75, 1], "texture": "#0"},
				"up": {"uv": [9.25, 4.25, 7.5, 2.5], "texture": "#0"},
				"down": {"uv": [9.25, 4.25, 7.5, 6], "texture": "#0"}
			}
		},
		{
			"from": [7.8125, 4, 21.6875],
			"to": [9.8125, 4.9375, 23.1875],
			"rotation": {"angle": 0, "axis": "y", "origin": [4, 0, 4]},
			"faces": {
				"north": {"uv": [4.25, 5.5, 5.25, 6], "texture": "#0"},
				"east": {"uv": [0, 11, 0.75, 11.5], "texture": "#0"},
				"south": {"uv": [7.75, 2, 8.75, 2.5], "texture": "#0"},
				"west": {"uv": [0.75, 11, 1.5, 11.5], "texture": "#0"},
				"up": {"uv": [11, 1.75, 10, 1], "texture": "#0"},
				"down": {"uv": [2.75, 10, 1.75, 10.75], "texture": "#0"}
			}
		},
		{
			"from": [6.1875, 4, 24.0625],
			"to": [7.5625, 4.9375, 25.3125],
			"rotation": {"angle": 0, "axis": "y", "origin": [4, 0, 4]},
			"faces": {
				"north": {"uv": [5.5, 11, 6.25, 11.5], "texture": "#0"},
				"east": {"uv": [6.25, 11, 7, 11.5], "texture": "#0"},
				"south": {"uv": [7, 11, 7.75, 11.5], "texture": "#0"},
				"west": {"uv": [11, 7.5, 11.75, 8], "texture": "#0"},
				"up": {"uv": [1.75, 11, 1, 10.25], "texture": "#0"},
				"down": {"uv": [8.5, 10.25, 7.75, 11], "texture": "#0"}
			}
		},
		{
			"from": [5.4375, 2.875, 20.6875],
			"to": [7.4375, 3.8125, 22.1875],
			"rotation": {"angle": 0, "axis": "y", "origin": [4, 0, 4]},
			"faces": {
				"north": {"uv": [10.5, 5.75, 11.5, 6.25], "texture": "#0"},
				"east": {"uv": [11, 1, 11.75, 1.5], "texture": "#0"},
				"south": {"uv": [10.5, 6.25, 11.5, 6.75], "texture": "#0"},
				"west": {"uv": [11, 2.75, 11.75, 3.25], "texture": "#0"},
				"up": {"uv": [3.75, 10.75, 2.75, 10], "texture": "#0"},
				"down": {"uv": [4.75, 10, 3.75, 10.75], "texture": "#0"}
			}
		},
		{
			"from": [8.8125, 2.875, 21.0625],
			"to": [10.8125, 3.8125, 22.5625],
			"rotation": {"angle": 0, "axis": "y", "origin": [4, 0, 4]},
			"faces": {
				"north": {"uv": [10.5, 6.75, 11.5, 7.25], "texture": "#0"},
				"east": {"uv": [11, 3.25, 11.75, 3.75], "texture": "#0"},
				"south": {"uv": [10.5, 10, 11.5, 10.5], "texture": "#0"},
				"west": {"uv": [11, 3.75, 11.75, 4.25], "texture": "#0"},
				"up": {"uv": [5.75, 10.75, 4.75, 10], "texture": "#0"},
				"down": {"uv": [6.75, 10, 5.75, 10.75], "texture": "#0"}
			}
		},
		{
			"from": [8.25, 3.375, 24.5625],
			"to": [10.25, 4.3125, 26.0625],
			"rotation": {"angle": 0, "axis": "y", "origin": [4, 0, 4]},
			"faces": {
				"north": {"uv": [10.5, 10.5, 11.5, 11], "texture": "#0"},
				"east": {"uv": [11, 4.25, 11.75, 4.75], "texture": "#0"},
				"south": {"uv": [1.75, 10.75, 2.75, 11.25], "texture": "#0"},
				"west": {"uv": [4.75, 11, 5.5, 11.5], "texture": "#0"},
				"up": {"uv": [9.5, 10.75, 8.5, 10], "texture": "#0"},
				"down": {"uv": [10.5, 10, 9.5, 10.75], "texture": "#0"}
			}
		},
		{
			"from": [5.1875, 2.875, 24.5625],
			"to": [7.1875, 3.8125, 26.0625],
			"rotation": {"angle": 0, "axis": "y", "origin": [4, 0, 4]},
			"faces": {
				"north": {"uv": [2.75, 10.75, 3.75, 11.25], "texture": "#0"},
				"east": {"uv": [11, 4.75, 11.75, 5.25], "texture": "#0"},
				"south": {"uv": [3.75, 10.75, 4.75, 11.25], "texture": "#0"},
				"west": {"uv": [11, 5.25, 11.75, 5.75], "texture": "#0"},
				"up": {"uv": [1, 11, 0, 10.25], "texture": "#0"},
				"down": {"uv": [7.75, 10.25, 6.75, 11], "texture": "#0"}
			}
		},
		{
			"from": [5.25, 2.25, 21],
			"to": [10.75, 3.75, 26],
			"rotation": {"angle": 0, "axis": "y", "origin": [4, 0, 4]},
			"faces": {
				"north": {"uv": [7.75, 6, 10.5, 6.75], "texture": "#0"},
				"east": {"uv": [1.75, 8.75, 4.25, 9.5], "texture": "#0"},
				"south": {"uv": [7.75, 6.75, 10.5, 7.5], "texture": "#0"},
				"west": {"uv": [4.25, 8.75, 6.75, 9.5], "texture": "#0"},
				"up": {"uv": [2.75, 2.5, 0, 0], "texture": "#0"},
				"down": {"uv": [2.75, 2.5, 0, 5], "texture": "#0"}
			}
		},
		{
			"from": [5.5, 2.25, 20.75],
			"to": [10.5, 3.75, 26.25],
			"rotation": {"angle": 0, "axis": "y", "origin": [8, 2.5, 8]},
			"faces": {
				"north": {"uv": [6.75, 9, 9.25, 9.75], "texture": "#0"},
				"east": {"uv": [8.25, 7.5, 11, 8.25], "texture": "#0"},
				"south": {"uv": [9.25, 2, 11.75, 2.75], "texture": "#0"},
				"west": {"uv": [8.25, 8.25, 11, 9], "texture": "#0"},
				"up": {"uv": [5.25, 2.75, 2.75, 0], "texture": "#0"},
				"down": {"uv": [5.25, 2.75, 2.75, 5.5], "texture": "#0"}
			}
		},
		{
			"from": [5.875, 0.5, 21.875],
			"to": [10.125, 2.25, 25.125],
			"rotation": {"angle": 0, "axis": "y", "origin": [4, 0, 4]},
			"faces": {
				"north": {"uv": [7.75, 0, 10, 1], "texture": "#0"},
				"east": {"uv": [0, 9.25, 1.75, 10.25], "texture": "#0"},
				"south": {"uv": [7.75, 1, 10, 2], "texture": "#0"},
				"west": {"uv": [9.25, 2.75, 11, 3.75], "texture": "#0"},
				"up": {"uv": [7.5, 4.25, 5.25, 2.5], "texture": "#0"},
				"down": {"uv": [7.5, 4.25, 5.25, 6], "texture": "#0"}
			}
		},
		{
			"from": [6.375, 0.5, 21.375],
			"to": [9.625, 2.25, 25.625],
			"rotation": {"angle": 0, "axis": "y", "origin": [8, 0.75, 8]},
			"faces": {
				"north": {"uv": [9.25, 3.75, 11, 4.75], "texture": "#0"},
				"east": {"uv": [1.75, 7.75, 4, 8.75], "texture": "#0"},
				"south": {"uv": [9.25, 4.75, 11, 5.75], "texture": "#0"},
				"west": {"uv": [6, 7.75, 8.25, 8.75], "texture": "#0"},
				"up": {"uv": [4.25, 7.75, 2.5, 5.5], "texture": "#0"},
				"down": {"uv": [6, 6, 4.25, 8.25], "texture": "#0"}
			}
		},
		{
			"from": [6.375, 0, -8.625],
			"to": [9.625, 0.5, -5.375],
			"rotation": {"angle": 0, "axis": "y", "origin": [12, 0, 4]},
			"faces": {
				"north": {"uv": [11.75, 1.75, 10, 2], "texture": "#0"},
				"east": {"uv": [10.25, 10.75, 8.5, 11], "texture": "#0"},
				"south": {"uv": [6.5, 10.75, 4.75, 11], "texture": "#0"},
				"west": {"uv": [12.25, 7.25, 10.5, 7.5], "texture": "#0"},
				"up": {"uv": [6, 7.75, 7.75, 6], "texture": "#0"},
				"down": {"uv": [0, 7.5, 1.75, 9.25], "texture": "#0"}
			}
		},
		{
			"from": [7, 0.875, -9.25],
			"to": [7.5, 1.875, -9.125],
			"rotation": {"angle": 0, "axis": "y", "origin": [12, 0, 4]},
			"faces": {
				"north": {"uv": [2.75, 5, 2.5, 5.5], "texture": "#0"},
				"east": {"uv": [9, 2, 8.75, 2.5], "texture": "#0"},
				"south": {"uv": [6, 8.25, 5.75, 8.75], "texture": "#0"},
				"west": {"uv": [4.25, 7.75, 4, 8.25], "texture": "#0"},
				"up": {"uv": [1.75, 7.75, 2, 7.5], "texture": "#0"},
				"down": {"uv": [2, 7.5, 2.25, 7.75], "texture": "#0"}
			}
		},
		{
			"from": [8.625, 0.875, -9.25],
			"to": [9.125, 1.875, -9.125],
			"rotation": {"angle": 0, "axis": "y", "origin": [12, 0, 4]},
			"faces": {
				"north": {"uv": [9.25, 2, 9, 2.5], "texture": "#0"},
				"east": {"uv": [8, 11, 7.75, 11.5], "texture": "#0"},
				"south": {"uv": [1.75, 11, 1.5, 11.5], "texture": "#0"},
				"west": {"uv": [10.5, 10.75, 10.25, 11.25], "texture": "#0"},
				"up": {"uv": [2.25, 7.75, 2.5, 7.5], "texture": "#0"},
				"down": {"uv": [7.75, 7.5, 8, 7.75], "texture": "#0"}
			}
		},
		{
			"from": [5.5, 3.25, -9.5],
			"to": [10.5, 4.25, -4.5],
			"rotation": {"angle": 0, "axis": "y", "origin": [12, 0, 4]},
			"faces": {
				"north": {"uv": [11.75, 9, 9.25, 9.5], "texture": "#0"},
				"east": {"uv": [11.75, 9.5, 9.25, 10], "texture": "#0"},
				"south": {"uv": [6.75, 9.5, 4.25, 10], "texture": "#0"},
				"west": {"uv": [4.25, 9.5, 1.75, 10], "texture": "#0"},
				"up": {"uv": [0, 7.5, 2.5, 5], "texture": "#0"},
				"down": {"uv": [5.25, 0, 7.75, 2.5], "texture": "#0"}
			}
		},
		{
			"from": [6.25, 3.75, -8.75],
			"to": [9.75, 4.875, -5.25],
			"rotation": {"angle": 0, "axis": "y", "origin": [12, 0, 4]},
			"faces": {
				"north": {"uv": [5.75, 8.25, 4, 8.75], "texture": "#0"},
				"east": {"uv": [11.75, 0.5, 10, 1], "texture": "#0"},
				"south": {"uv": [11.75, 0, 10, 0.5], "texture": "#0"},
				"west": {"uv": [8.5, 9.75, 6.75, 10.25], "texture": "#0"},
				"up": {"uv": [7.5, 4.25, 9.25, 2.5], "texture": "#0"},
				"down": {"uv": [7.5, 4.25, 9.25, 6], "texture": "#0"}
			}
		},
		{
			"from": [6.1875, 4, -8.8125],
			"to": [8.1875, 4.9375, -7.3125],
			"rotation": {"angle": 0, "axis": "y", "origin": [12, 0, 4]},
			"faces": {
				"north": {"uv": [5.25, 5.5, 4.25, 6], "texture": "#0"},
				"east": {"uv": [1.5, 11, 0.75, 11.5], "texture": "#0"},
				"south": {"uv": [8.75, 2, 7.75, 2.5], "texture": "#0"},
				"west": {"uv": [0.75, 11, 0, 11.5], "texture": "#0"},
				"up": {"uv": [10, 1.75, 11, 1], "texture": "#0"},
				"down": {"uv": [1.75, 10, 2.75, 10.75], "texture": "#0"}
			}
		},
		{
			"from": [8.4375, 4, -6.4375],
			"to": [9.8125, 4.9375, -5.1875],
			"rotation": {"angle": 0, "axis": "y", "origin": [12, 0, 4]},
			"faces": {
				"north": {"uv": [6.25, 11, 5.5, 11.5], "texture": "#0"},
				"east": {"uv": [11.75, 7.5, 11, 8], "texture": "#0"},
				"south": {"uv": [7.75, 11, 7, 11.5], "texture": "#0"},
				"west": {"uv": [7, 11, 6.25, 11.5], "texture": "#0"},
				"up": {"uv": [1, 11, 1.75, 10.25], "texture": "#0"},
				"down": {"uv": [7.75, 10.25, 8.5, 11], "texture": "#0"}
			}
		},
		{
			"from": [8.5625, 2.875, -9.8125],
			"to": [10.5625, 3.8125, -8.3125],
			"rotation": {"angle": 0, "axis": "y", "origin": [12, 0, 4]},
			"faces": {
				"north": {"uv": [11.5, 5.75, 10.5, 6.25], "texture": "#0"},
				"east": {"uv": [11.75, 2.75, 11, 3.25], "texture": "#0"},
				"south": {"uv": [11.5, 6.25, 10.5, 6.75], "texture": "#0"},
				"west": {"uv": [11.75, 1, 11, 1.5], "texture": "#0"},
				"up": {"uv": [2.75, 10.75, 3.75, 10], "texture": "#0"},
				"down": {"uv": [3.75, 10, 4.75, 10.75], "texture": "#0"}
			}
		},
		{
			"from": [5.1875, 2.875, -9.4375],
			"to": [7.1875, 3.8125, -7.9375],
			"rotation": {"angle": 0, "axis": "y", "origin": [12, 0, 4]},
			"faces": {
				"north": {"uv": [11.5, 6.75, 10.5, 7.25], "texture": "#0"},
				"east": {"uv": [11.75, 3.75, 11, 4.25], "texture": "#0"},
				"south": {"uv": [11.5, 10, 10.5, 10.5], "texture": "#0"},
				"west": {"uv": [11.75, 3.25, 11, 3.75], "texture": "#0"},
				"up": {"uv": [4.75, 10.75, 5.75, 10], "texture": "#0"},
				"down": {"uv": [5.75, 10, 6.75, 10.75], "texture": "#0"}
			}
		},
		{
			"from": [5.75, 3.375, -5.9375],
			"to": [7.75, 4.3125, -4.4375],
			"rotation": {"angle": 0, "axis": "y", "origin": [12, 0, 4]},
			"faces": {
				"north": {"uv": [11.5, 10.5, 10.5, 11], "texture": "#0"},
				"east": {"uv": [5.5, 11, 4.75, 11.5], "texture": "#0"},
				"south": {"uv": [2.75, 10.75, 1.75, 11.25], "texture": "#0"},
				"west": {"uv": [11.75, 4.25, 11, 4.75], "texture": "#0"},
				"up": {"uv": [8.5, 10.75, 9.5, 10], "texture": "#0"},
				"down": {"uv": [9.5, 10, 10.5, 10.75], "texture": "#0"}
			}
		},
		{
			"from": [8.8125, 2.875, -5.9375],
			"to": [10.8125, 3.8125, -4.4375],
			"rotation": {"angle": 0, "axis": "y", "origin": [12, 0, 4]},
			"faces": {
				"north": {"uv": [3.75, 10.75, 2.75, 11.25], "texture": "#0"},
				"east": {"uv": [11.75, 5.25, 11, 5.75], "texture": "#0"},
				"south": {"uv": [4.75, 10.75, 3.75, 11.25], "texture": "#0"},
				"west": {"uv": [11.75, 4.75, 11, 5.25], "texture": "#0"},
				"up": {"uv": [0, 11, 1, 10.25], "texture": "#0"},
				"down": {"uv": [6.75, 10.25, 7.75, 11], "texture": "#0"}
			}
		},
		{
			"from": [5.25, 2.25, -9.5],
			"to": [10.75, 3.75, -4.5],
			"rotation": {"angle": 0, "axis": "y", "origin": [12, 0, 4]},
			"faces": {
				"north": {"uv": [10.5, 6, 7.75, 6.75], "texture": "#0"},
				"east": {"uv": [6.75, 8.75, 4.25, 9.5], "texture": "#0"},
				"south": {"uv": [10.5, 6.75, 7.75, 7.5], "texture": "#0"},
				"west": {"uv": [4.25, 8.75, 1.75, 9.5], "texture": "#0"},
				"up": {"uv": [0, 2.5, 2.75, 0], "texture": "#0"},
				"down": {"uv": [0, 2.5, 2.75, 5], "texture": "#0"}
			}
		},
		{
			"from": [5.5, 2.25, -9.75],
			"to": [10.5, 3.75, -4.25],
			"rotation": {"angle": 0, "axis": "y", "origin": [8, 2.5, 8]},
			"faces": {
				"north": {"uv": [9.25, 9, 6.75, 9.75], "texture": "#0"},
				"east": {"uv": [11, 8.25, 8.25, 9], "texture": "#0"},
				"south": {"uv": [11.75, 2, 9.25, 2.75], "texture": "#0"},
				"west": {"uv": [11, 7.5, 8.25, 8.25], "texture": "#0"},
				"up": {"uv": [2.75, 2.75, 5.25, 0], "texture": "#0"},
				"down": {"uv": [2.75, 2.75, 5.25, 5.5], "texture": "#0"}
			}
		},
		{
			"from": [5.875, 0.5, -8.625],
			"to": [10.125, 2.25, -5.375],
			"rotation": {"angle": 0, "axis": "y", "origin": [12, 0, 4]},
			"faces": {
				"north": {"uv": [10, 0, 7.75, 1], "texture": "#0"},
				"east": {"uv": [11, 2.75, 9.25, 3.75], "texture": "#0"},
				"south": {"uv": [10, 1, 7.75, 2], "texture": "#0"},
				"west": {"uv": [1.75, 9.25, 0, 10.25], "texture": "#0"},
				"up": {"uv": [5.25, 4.25, 7.5, 2.5], "texture": "#0"},
				"down": {"uv": [5.25, 4.25, 7.5, 6], "texture": "#0"}
			}
		},
		{
			"from": [6.375, 0.5, -9.125],
			"to": [9.625, 2.25, -4.875],
			"rotation": {"angle": 0, "axis": "y", "origin": [8, 0.75, 8]},
			"faces": {
				"north": {"uv": [11, 3.75, 9.25, 4.75], "texture": "#0"},
				"east": {"uv": [8.25, 7.75, 6, 8.75], "texture": "#0"},
				"south": {"uv": [11, 4.75, 9.25, 5.75], "texture": "#0"},
				"west": {"uv": [4, 7.75, 1.75, 8.75], "texture": "#0"},
				"up": {"uv": [2.5, 7.75, 4.25, 5.5], "texture": "#0"},
				"down": {"uv": [4.25, 6, 6, 8.25], "texture": "#0"}
			}
		}
	],
	"display": {
		"thirdperson_righthand": {
			"rotation": [0, 112, 0],
			"translation": [0, 3, 0],
			"scale": [0.6, 0.6, 0.6]
		},
		"thirdperson_lefthand": {
			"rotation": [0, 112, 0],
			"translation": [0, 3, 0],
			"scale": [0.6, 0.6, 0.6]
		},
		"firstperson_righthand": {
			"rotation": [0, 152, 0],
			"translation": [0, 5.25, 1],
			"scale": [0.46, 0.46, 0.46]
		},
		"firstperson_lefthand": {
			"rotation": [0, 152, 0],
			"translation": [0, 5, 1],
			"scale": [0.25, 0.25, 0.25]
		},
		"ground": {
			"translation": [0, 3.25, 0],
			"scale": [0.75, 0.75, 0.75]
		},
		"gui": {
			"rotation": [7, 168, 0],
			"translation": [0, 3.5, 0],
			"scale": [1.12, 1.12, 1.12]
		},
		"fixed": {
			"translation": [0, 2.75, 0]
		}
	}
}