{
	"credit": "Made with Blockbench",
	"texture_size": [64, 64],
	"textures": {
		"0": "item/items/item07",
		"particle": "item/items/item07"
	},
	"elements": [
		{
			"from": [6.6828, 0, 23.1574],
			"to": [9.3172, 2.3051, 26.8426],
			"rotation": {"angle": 0, "axis": "y", "origin": [2.7312, 0, 19.7312]},
			"faces": {
				"north": {"uv": [3, 6.75, 4, 7.5], "texture": "#0"},
				"east": {"uv": [5.25, 5.5, 6.5, 6.25], "texture": "#0"},
				"south": {"uv": [0, 7, 1, 7.75], "texture": "#0"},
				"west": {"uv": [6.25, 2.5, 7.5, 3.25], "texture": "#0"},
				"up": {"uv": [5.5, 5.5, 4.5, 4.25], "texture": "#0"},
				"down": {"uv": [3.5, 5.25, 2.5, 6.5], "texture": "#0"}
			}
		},
		{
			"from": [6.10653, 0.24698, 22.58113],
			"to": [9.89348, 1.81115, 27.41888],
			"rotation": {"angle": 0, "axis": "y", "origin": [2.7312, 0, 19.7312]},
			"faces": {
				"north": {"uv": [5.5, 8, 6.75, 8.5], "texture": "#0"},
				"east": {"uv": [7, 1.5, 8.75, 2], "texture": "#0"},
				"south": {"uv": [6.75, 8, 8, 8.5], "texture": "#0"},
				"west": {"uv": [7, 2, 8.75, 2.5], "texture": "#0"},
				"up": {"uv": [4.25, 4.25, 3, 2.5], "texture": "#0"},
				"down": {"uv": [5.5, 2.5, 4.25, 4.25], "texture": "#0"}
			}
		},
		{
			"from": [4.855, 1.295, 21.2075],
			"to": [11.145, 2.4975, 28.7925],
			"rotation": {"angle": 0, "axis": "y", "origin": [2.08, 0, 19.08]},
			"faces": {
				"north": {"uv": [5.5, 0, 7.75, 0.5], "texture": "#0"},
				"east": {"uv": [4.5, 1.5, 7, 2], "texture": "#0"},
				"south": {"uv": [5.5, 0.5, 7.75, 1], "texture": "#0"},
				"west": {"uv": [4.5, 2, 7, 2.5], "texture": "#0"},
				"up": {"uv": [2.25, 2.5, 0, 0], "texture": "#0"},
				"down": {"uv": [4.5, 0, 2.25, 2.5], "texture": "#0"}
			}
		},
		{
			"from": [6.6828, 0.08233, 22.1695],
			"to": [9.3172, 2.05813, 24.06298],
			"rotation": {"angle": 45, "axis": "x", "origin": [8, 1.15255, 23.4867]},
			"faces": {
				"north": {"uv": [5, 7, 6, 7.75], "texture": "#0"},
				"east": {"uv": [1, 8, 1.75, 8.75], "texture": "#0"},
				"south": {"uv": [1, 7.25, 2, 8], "texture": "#0"},
				"west": {"uv": [8, 8, 8.75, 8.75], "texture": "#0"},
				"up": {"uv": [7, 8, 6, 7.25], "texture": "#0"},
				"down": {"uv": [8.25, 6, 7.25, 6.75], "texture": "#0"}
			}
		},
		{
			"from": [6.6828, 0.08233, 25.93703],
			"to": [9.3172, 2.05813, 27.8305],
			"rotation": {"angle": -45, "axis": "x", "origin": [8, 1.15255, 26.5133]},
			"faces": {
				"north": {"uv": [7.25, 6.75, 8.25, 7.5], "texture": "#0"},
				"east": {"uv": [3, 8.25, 3.75, 9], "texture": "#0"},
				"south": {"uv": [7.5, 2.5, 8.5, 3.25], "texture": "#0"},
				"west": {"uv": [3.75, 8.25, 4.5, 9], "texture": "#0"},
				"up": {"uv": [4, 8.25, 3, 7.5], "texture": "#0"},
				"down": {"uv": [8.5, 3.25, 7.5, 4], "texture": "#0"}
			}
		},
		{
			"from": [5.61258, 0.3293, 23.1574],
			"to": [7.50605, 2.3051, 26.8426],
			"rotation": {"angle": -45, "axis": "z", "origin": [6.6828, 1.15255, 25]},
			"faces": {
				"north": {"uv": [4.5, 8.25, 5.25, 9], "texture": "#0"},
				"east": {"uv": [6.25, 3.25, 7.5, 4], "texture": "#0"},
				"south": {"uv": [8.25, 6, 9, 6.75], "texture": "#0"},
				"west": {"uv": [5.25, 6.25, 6.5, 7], "texture": "#0"},
				"up": {"uv": [2.25, 7.25, 1.5, 6], "texture": "#0"},
				"down": {"uv": [3, 6.5, 2.25, 7.75], "texture": "#0"}
			}
		},
		{
			"from": [8.49395, 0.3293, 23.1574],
			"to": [10.38743, 2.3051, 26.8426],
			"rotation": {"angle": 45, "axis": "z", "origin": [9.3172, 1.15255, 25]},
			"faces": {
				"north": {"uv": [8.25, 6.75, 9, 7.5], "texture": "#0"},
				"east": {"uv": [6.5, 4.5, 7.75, 5.25], "texture": "#0"},
				"south": {"uv": [0, 8.5, 0.75, 9.25], "texture": "#0"},
				"west": {"uv": [6.5, 5.25, 7.75, 6], "texture": "#0"},
				"up": {"uv": [5, 7.75, 4.25, 6.5], "texture": "#0"},
				"down": {"uv": [7.25, 6, 6.5, 7.25], "texture": "#0"}
			}
		},
		{
			"from": [5.8725, 1.665, 22.225],
			"to": [10.1275, 3.4225, 27.775],
			"rotation": {"angle": 0, "axis": "y", "origin": [2.08, 3.7, 19.08]},
			"faces": {
				"north": {"uv": [7.5, 1, 9, 1.5], "texture": "#0"},
				"east": {"uv": [5.5, 1, 7.5, 1.5], "texture": "#0"},
				"south": {"uv": [7.5, 4, 9, 4.5], "texture": "#0"},
				"west": {"uv": [5.5, 4, 7.5, 4.5], "texture": "#0"},
				"up": {"uv": [1.5, 4.5, 0, 2.5], "texture": "#0"},
				"down": {"uv": [3, 2.5, 1.5, 4.5], "texture": "#0"}
			}
		},
		{
			"from": [8.555, 2.22, 22.8725],
			"to": [10.6825, 3.33, 27.1275],
			"rotation": {"angle": -45, "axis": "z", "origin": [9.48, 2.405, 25]},
			"faces": {
				"north": {"uv": [8.75, 1.5, 9.5, 2], "texture": "#0"},
				"east": {"uv": [7, 7.5, 8.5, 8], "texture": "#0"},
				"south": {"uv": [8.75, 2, 9.5, 2.5], "texture": "#0"},
				"west": {"uv": [7.75, 0, 9.25, 0.5], "texture": "#0"},
				"up": {"uv": [4.25, 6.75, 3.5, 5.25], "texture": "#0"},
				"down": {"uv": [0.75, 5.5, 0, 7], "texture": "#0"}
			}
		},
		{
			"from": [8.555, 2.22, 24.7225],
			"to": [10.6825, 3.4225, 26.7575],
			"rotation": {"angle": -45, "axis": "z", "origin": [9.48, 2.405, 25]},
			"faces": {
				"north": {"uv": [8.75, 4.5, 9.5, 5], "texture": "#0"},
				"east": {"uv": [8.75, 5, 9.5, 5.5], "texture": "#0"},
				"south": {"uv": [8.75, 5.5, 9.5, 6], "texture": "#0"},
				"west": {"uv": [8, 8.75, 8.75, 9.25], "texture": "#0"},
				"up": {"uv": [2.5, 9.25, 1.75, 8.5], "texture": "#0"},
				"down": {"uv": [9.25, 2.5, 8.5, 3.25], "texture": "#0"}
			}
		},
		{
			"from": [8.6475, 2.22, 23.0575],
			"to": [10.22, 3.4225, 24.5375],
			"rotation": {"angle": -45, "axis": "z", "origin": [9.48, 2.405, 25]},
			"faces": {
				"north": {"uv": [3, 9.5, 3.5, 10], "texture": "#0"},
				"east": {"uv": [3.5, 9.5, 4, 10], "texture": "#0"},
				"south": {"uv": [4, 9.5, 4.5, 10], "texture": "#0"},
				"west": {"uv": [4.5, 9.5, 5, 10], "texture": "#0"},
				"up": {"uv": [10, 5, 9.5, 4.5], "texture": "#0"},
				"down": {"uv": [10, 5, 9.5, 5.5], "texture": "#0"}
			}
		},
		{
			"from": [5.3175, 2.22, 23.6125],
			"to": [7.445, 3.4225, 25.6475],
			"rotation": {"angle": 45, "axis": "z", "origin": [6.52, 2.405, 25]},
			"faces": {
				"north": {"uv": [8.75, 8, 9.5, 8.5], "texture": "#0"},
				"east": {"uv": [8.75, 8.5, 9.5, 9], "texture": "#0"},
				"south": {"uv": [9, 1, 9.75, 1.5], "texture": "#0"},
				"west": {"uv": [2.5, 9, 3.25, 9.5], "texture": "#0"},
				"up": {"uv": [9.25, 4, 8.5, 3.25], "texture": "#0"},
				"down": {"uv": [6, 8.5, 5.25, 9.25], "texture": "#0"}
			}
		},
		{
			"from": [7.05119, 2.55498, 23.15],
			"to": [8.43869, 3.75748, 24.445],
			"rotation": {"angle": 0, "axis": "z", "origin": [9.87244, 2.60123, 23.89]},
			"faces": {
				"north": {"uv": [2.5, 4.5, 3, 5], "texture": "#0"},
				"east": {"uv": [2.5, 8.5, 3, 9], "texture": "#0"},
				"south": {"uv": [4.75, 9, 5.25, 9.5], "texture": "#0"},
				"west": {"uv": [6.75, 9, 7.25, 9.5], "texture": "#0"},
				"up": {"uv": [9.5, 7.5, 9, 7], "texture": "#0"},
				"down": {"uv": [7.75, 9, 7.25, 9.5], "texture": "#0"}
			}
		},
		{
			"from": [6.68119, 2.55498, 25.6475],
			"to": [7.88369, 3.75748, 26.7575],
			"rotation": {"angle": 0, "axis": "z", "origin": [9.87244, 2.60123, 23.89]},
			"faces": {
				"north": {"uv": [8.75, 9, 9.25, 9.5], "texture": "#0"},
				"east": {"uv": [0, 9.25, 0.5, 9.75], "texture": "#0"},
				"south": {"uv": [9.25, 0, 9.75, 0.5], "texture": "#0"},
				"west": {"uv": [0.5, 9.25, 1, 9.75], "texture": "#0"},
				"up": {"uv": [9.75, 1, 9.25, 0.5], "texture": "#0"},
				"down": {"uv": [1.5, 9.25, 1, 9.75], "texture": "#0"}
			}
		},
		{
			"from": [7.88369, 2.55498, 24.63],
			"to": [9.27119, 3.75748, 25.925],
			"rotation": {"angle": 0, "axis": "z", "origin": [9.87244, 2.60123, 23.89]},
			"faces": {
				"north": {"uv": [9.5, 5.5, 10, 6], "texture": "#0"},
				"east": {"uv": [5.75, 9.5, 6.25, 10], "texture": "#0"},
				"south": {"uv": [6.25, 9.5, 6.75, 10], "texture": "#0"},
				"west": {"uv": [6.75, 9.5, 7.25, 10], "texture": "#0"},
				"up": {"uv": [10, 7.5, 9.5, 7], "texture": "#0"},
				"down": {"uv": [7.75, 9.5, 7.25, 10], "texture": "#0"}
			}
		},
		{
			"from": [6.52, 2.4975, 21.7625],
			"to": [9.48, 3.6075, 23.89],
			"rotation": {"angle": -45, "axis": "x", "origin": [8, 2.405, 23.2425]},
			"faces": {
				"north": {"uv": [6, 8.5, 7, 9], "texture": "#0"},
				"east": {"uv": [3.25, 9, 4, 9.5], "texture": "#0"},
				"south": {"uv": [7, 8.5, 8, 9], "texture": "#0"},
				"west": {"uv": [4, 9, 4.75, 9.5], "texture": "#0"},
				"up": {"uv": [1, 8.5, 0, 7.75], "texture": "#0"},
				"down": {"uv": [3, 7.75, 2, 8.5], "texture": "#0"}
			}
		},
		{
			"from": [7.5375, 2.4975, 22.225],
			"to": [9.2025, 3.7, 23.7975],
			"rotation": {"angle": -45, "axis": "x", "origin": [8, 2.405, 23.2425]},
			"faces": {
				"north": {"uv": [1.5, 9.25, 2, 9.75], "texture": "#0"},
				"east": {"uv": [2, 9.25, 2.5, 9.75], "texture": "#0"},
				"south": {"uv": [9.25, 2.5, 9.75, 3], "texture": "#0"},
				"west": {"uv": [9.25, 3, 9.75, 3.5], "texture": "#0"},
				"up": {"uv": [9.75, 4, 9.25, 3.5], "texture": "#0"},
				"down": {"uv": [5.75, 9.25, 5.25, 9.75], "texture": "#0"}
			}
		},
		{
			"from": [7.1675, 2.4975, 26.2025],
			"to": [8.8325, 3.7, 27.775],
			"rotation": {"angle": 45, "axis": "x", "origin": [8, 2.405, 26.7575]},
			"faces": {
				"north": {"uv": [7.75, 9.25, 8.25, 9.75], "texture": "#0"},
				"east": {"uv": [8.25, 9.25, 8.75, 9.75], "texture": "#0"},
				"south": {"uv": [9.25, 9, 9.75, 9.5], "texture": "#0"},
				"west": {"uv": [9.5, 1.5, 10, 2], "texture": "#0"},
				"up": {"uv": [10, 2.5, 9.5, 2], "texture": "#0"},
				"down": {"uv": [3, 9.5, 2.5, 10], "texture": "#0"}
			}
		},
		{
			"from": [6.52, 1.11, 22.8725],
			"to": [9.48, 3.7, 27.1275],
			"rotation": {"angle": 0, "axis": "y", "origin": [2.08, 3.7, 19.08]},
			"faces": {
				"north": {"uv": [4.25, 5.5, 5.25, 6.5], "texture": "#0"},
				"east": {"uv": [3, 4.25, 4.5, 5.25], "texture": "#0"},
				"south": {"uv": [5.5, 4.5, 6.5, 5.5], "texture": "#0"},
				"west": {"uv": [0, 4.5, 1.5, 5.5], "texture": "#0"},
				"up": {"uv": [5.5, 1.5, 4.5, 0], "texture": "#0"},
				"down": {"uv": [2.5, 4.5, 1.5, 6], "texture": "#0"}
			}
		},
		{
			"from": [5.3175, 2.22, 22.8725],
			"to": [7.445, 3.33, 27.1275],
			"rotation": {"angle": 45, "axis": "z", "origin": [6.52, 2.405, 25]},
			"faces": {
				"north": {"uv": [9, 4, 9.75, 4.5], "texture": "#0"},
				"east": {"uv": [7.75, 0.5, 9.25, 1], "texture": "#0"},
				"south": {"uv": [6, 9, 6.75, 9.5], "texture": "#0"},
				"west": {"uv": [4, 7.75, 5.5, 8.25], "texture": "#0"},
				"up": {"uv": [1.5, 7, 0.75, 5.5], "texture": "#0"},
				"down": {"uv": [6.25, 2.5, 5.5, 4], "texture": "#0"}
			}
		},
		{
			"from": [6.52, 2.4975, 26.11],
			"to": [9.48, 3.6075, 28.2375],
			"rotation": {"angle": 45, "axis": "x", "origin": [8, 2.405, 26.7575]},
			"faces": {
				"north": {"uv": [8.5, 7.5, 9.5, 8], "texture": "#0"},
				"east": {"uv": [9, 6, 9.75, 6.5], "texture": "#0"},
				"south": {"uv": [0.75, 8.75, 1.75, 9.25], "texture": "#0"},
				"west": {"uv": [9, 6.5, 9.75, 7], "texture": "#0"},
				"up": {"uv": [8.75, 5.25, 7.75, 4.5], "texture": "#0"},
				"down": {"uv": [8.75, 5.25, 7.75, 6], "texture": "#0"}
			}
		},
		{
			"from": [6.6828, 0, -10.3426],
			"to": [9.3172, 2.3051, -6.6574],
			"rotation": {"angle": 0, "axis": "y", "origin": [2.7312, 0, -13.7688]},
			"faces": {
				"north": {"uv": [3, 6.75, 4, 7.5], "texture": "#0"},
				"east": {"uv": [5.25, 5.5, 6.5, 6.25], "texture": "#0"},
				"south": {"uv": [0, 7, 1, 7.75], "texture": "#0"},
				"west": {"uv": [6.25, 2.5, 7.5, 3.25], "texture": "#0"},
				"up": {"uv": [5.5, 5.5, 4.5, 4.25], "texture": "#0"},
				"down": {"uv": [3.5, 5.25, 2.5, 6.5], "texture": "#0"}
			}
		},
		{
			"from": [6.10653, 0.24698, -10.91887],
			"to": [9.89348, 1.81115, -6.08113],
			"rotation": {"angle": 0, "axis": "y", "origin": [2.7312, 0, -13.7688]},
			"faces": {
				"north": {"uv": [5.5, 8, 6.75, 8.5], "texture": "#0"},
				"east": {"uv": [7, 1.5, 8.75, 2], "texture": "#0"},
				"south": {"uv": [6.75, 8, 8, 8.5], "texture": "#0"},
				"west": {"uv": [7, 2, 8.75, 2.5], "texture": "#0"},
				"up": {"uv": [4.25, 4.25, 3, 2.5], "texture": "#0"},
				"down": {"uv": [5.5, 2.5, 4.25, 4.25], "texture": "#0"}
			}
		},
		{
			"from": [4.855, 1.295, -12.2925],
			"to": [11.145, 2.4975, -4.7075],
			"rotation": {"angle": 0, "axis": "y", "origin": [2.08, 0, -14.42]},
			"faces": {
				"north": {"uv": [5.5, 0, 7.75, 0.5], "texture": "#0"},
				"east": {"uv": [4.5, 1.5, 7, 2], "texture": "#0"},
				"south": {"uv": [5.5, 0.5, 7.75, 1], "texture": "#0"},
				"west": {"uv": [4.5, 2, 7, 2.5], "texture": "#0"},
				"up": {"uv": [2.25, 2.5, 0, 0], "texture": "#0"},
				"down": {"uv": [4.5, 0, 2.25, 2.5], "texture": "#0"}
			}
		},
		{
			"from": [6.6828, 0.08233, -11.3305],
			"to": [9.3172, 2.05813, -9.43702],
			"rotation": {"angle": 45, "axis": "x", "origin": [8, 1.15255, -10.0133]},
			"faces": {
				"north": {"uv": [5, 7, 6, 7.75], "texture": "#0"},
				"east": {"uv": [1, 8, 1.75, 8.75], "texture": "#0"},
				"south": {"uv": [1, 7.25, 2, 8], "texture": "#0"},
				"west": {"uv": [8, 8, 8.75, 8.75], "texture": "#0"},
				"up": {"uv": [7, 8, 6, 7.25], "texture": "#0"},
				"down": {"uv": [8.25, 6, 7.25, 6.75], "texture": "#0"}
			}
		},
		{
			"from": [6.6828, 0.08233, -7.56298],
			"to": [9.3172, 2.05813, -5.6695],
			"rotation": {"angle": -45, "axis": "x", "origin": [8, 1.15255, -6.9867]},
			"faces": {
				"north": {"uv": [7.25, 6.75, 8.25, 7.5], "texture": "#0"},
				"east": {"uv": [3, 8.25, 3.75, 9], "texture": "#0"},
				"south": {"uv": [7.5, 2.5, 8.5, 3.25], "texture": "#0"},
				"west": {"uv": [3.75, 8.25, 4.5, 9], "texture": "#0"},
				"up": {"uv": [4, 8.25, 3, 7.5], "texture": "#0"},
				"down": {"uv": [8.5, 3.25, 7.5, 4], "texture": "#0"}
			}
		},
		{
			"from": [5.61258, 0.3293, -10.3426],
			"to": [7.50605, 2.3051, -6.6574],
			"rotation": {"angle": -45, "axis": "z", "origin": [6.6828, 1.15255, -8.5]},
			"faces": {
				"north": {"uv": [4.5, 8.25, 5.25, 9], "texture": "#0"},
				"east": {"uv": [6.25, 3.25, 7.5, 4], "texture": "#0"},
				"south": {"uv": [8.25, 6, 9, 6.75], "texture": "#0"},
				"west": {"uv": [5.25, 6.25, 6.5, 7], "texture": "#0"},
				"up": {"uv": [2.25, 7.25, 1.5, 6], "texture": "#0"},
				"down": {"uv": [3, 6.5, 2.25, 7.75], "texture": "#0"}
			}
		},
		{
			"from": [8.49395, 0.3293, -10.3426],
			"to": [10.38743, 2.3051, -6.6574],
			"rotation": {"angle": 45, "axis": "z", "origin": [9.3172, 1.15255, -8.5]},
			"faces": {
				"north": {"uv": [8.25, 6.75, 9, 7.5], "texture": "#0"},
				"east": {"uv": [6.5, 4.5, 7.75, 5.25], "texture": "#0"},
				"south": {"uv": [0, 8.5, 0.75, 9.25], "texture": "#0"},
				"west": {"uv": [6.5, 5.25, 7.75, 6], "texture": "#0"},
				"up": {"uv": [5, 7.75, 4.25, 6.5], "texture": "#0"},
				"down": {"uv": [7.25, 6, 6.5, 7.25], "texture": "#0"}
			}
		},
		{
			"from": [5.8725, 1.665, -11.275],
			"to": [10.1275, 3.4225, -5.725],
			"rotation": {"angle": 0, "axis": "y", "origin": [2.08, 3.7, -14.42]},
			"faces": {
				"north": {"uv": [7.5, 1, 9, 1.5], "texture": "#0"},
				"east": {"uv": [5.5, 1, 7.5, 1.5], "texture": "#0"},
				"south": {"uv": [7.5, 4, 9, 4.5], "texture": "#0"},
				"west": {"uv": [5.5, 4, 7.5, 4.5], "texture": "#0"},
				"up": {"uv": [1.5, 4.5, 0, 2.5], "texture": "#0"},
				"down": {"uv": [3, 2.5, 1.5, 4.5], "texture": "#0"}
			}
		},
		{
			"from": [8.555, 2.22, -10.6275],
			"to": [10.6825, 3.33, -6.3725],
			"rotation": {"angle": -45, "axis": "z", "origin": [9.48, 2.405, -8.5]},
			"faces": {
				"north": {"uv": [8.75, 1.5, 9.5, 2], "texture": "#0"},
				"east": {"uv": [7, 7.5, 8.5, 8], "texture": "#0"},
				"south": {"uv": [8.75, 2, 9.5, 2.5], "texture": "#0"},
				"west": {"uv": [7.75, 0, 9.25, 0.5], "texture": "#0"},
				"up": {"uv": [4.25, 6.75, 3.5, 5.25], "texture": "#0"},
				"down": {"uv": [0.75, 5.5, 0, 7], "texture": "#0"}
			}
		},
		{
			"from": [8.555, 2.22, -8.7775],
			"to": [10.6825, 3.4225, -6.7425],
			"rotation": {"angle": -45, "axis": "z", "origin": [9.48, 2.405, -8.5]},
			"faces": {
				"north": {"uv": [8.75, 4.5, 9.5, 5], "texture": "#0"},
				"east": {"uv": [8.75, 5, 9.5, 5.5], "texture": "#0"},
				"south": {"uv": [8.75, 5.5, 9.5, 6], "texture": "#0"},
				"west": {"uv": [8, 8.75, 8.75, 9.25], "texture": "#0"},
				"up": {"uv": [2.5, 9.25, 1.75, 8.5], "texture": "#0"},
				"down": {"uv": [9.25, 2.5, 8.5, 3.25], "texture": "#0"}
			}
		},
		{
			"from": [8.6475, 2.22, -10.4425],
			"to": [10.22, 3.4225, -8.9625],
			"rotation": {"angle": -45, "axis": "z", "origin": [9.48, 2.405, -8.5]},
			"faces": {
				"north": {"uv": [3, 9.5, 3.5, 10], "texture": "#0"},
				"east": {"uv": [3.5, 9.5, 4, 10], "texture": "#0"},
				"south": {"uv": [4, 9.5, 4.5, 10], "texture": "#0"},
				"west": {"uv": [4.5, 9.5, 5, 10], "texture": "#0"},
				"up": {"uv": [10, 5, 9.5, 4.5], "texture": "#0"},
				"down": {"uv": [10, 5, 9.5, 5.5], "texture": "#0"}
			}
		},
		{
			"from": [5.3175, 2.22, -9.8875],
			"to": [7.445, 3.4225, -7.8525],
			"rotation": {"angle": 45, "axis": "z", "origin": [6.52, 2.405, -8.5]},
			"faces": {
				"north": {"uv": [8.75, 8, 9.5, 8.5], "texture": "#0"},
				"east": {"uv": [8.75, 8.5, 9.5, 9], "texture": "#0"},
				"south": {"uv": [9, 1, 9.75, 1.5], "texture": "#0"},
				"west": {"uv": [2.5, 9, 3.25, 9.5], "texture": "#0"},
				"up": {"uv": [9.25, 4, 8.5, 3.25], "texture": "#0"},
				"down": {"uv": [6, 8.5, 5.25, 9.25], "texture": "#0"}
			}
		},
		{
			"from": [7.05119, 2.55498, -10.35],
			"to": [8.43869, 3.75748, -9.055],
			"rotation": {"angle": 0, "axis": "z", "origin": [9.87244, 2.60123, -9.61]},
			"faces": {
				"north": {"uv": [2.5, 4.5, 3, 5], "texture": "#0"},
				"east": {"uv": [2.5, 8.5, 3, 9], "texture": "#0"},
				"south": {"uv": [4.75, 9, 5.25, 9.5], "texture": "#0"},
				"west": {"uv": [6.75, 9, 7.25, 9.5], "texture": "#0"},
				"up": {"uv": [9.5, 7.5, 9, 7], "texture": "#0"},
				"down": {"uv": [7.75, 9, 7.25, 9.5], "texture": "#0"}
			}
		},
		{
			"from": [6.68119, 2.55498, -7.8525],
			"to": [7.88369, 3.75748, -6.7425],
			"rotation": {"angle": 0, "axis": "z", "origin": [9.87244, 2.60123, -9.61]},
			"faces": {
				"north": {"uv": [8.75, 9, 9.25, 9.5], "texture": "#0"},
				"east": {"uv": [0, 9.25, 0.5, 9.75], "texture": "#0"},
				"south": {"uv": [9.25, 0, 9.75, 0.5], "texture": "#0"},
				"west": {"uv": [0.5, 9.25, 1, 9.75], "texture": "#0"},
				"up": {"uv": [9.75, 1, 9.25, 0.5], "texture": "#0"},
				"down": {"uv": [1.5, 9.25, 1, 9.75], "texture": "#0"}
			}
		},
		{
			"from": [7.88369, 2.55498, -8.87],
			"to": [9.27119, 3.75748, -7.575],
			"rotation": {"angle": 0, "axis": "z", "origin": [9.87244, 2.60123, -9.61]},
			"faces": {
				"north": {"uv": [9.5, 5.5, 10, 6], "texture": "#0"},
				"east": {"uv": [5.75, 9.5, 6.25, 10], "texture": "#0"},
				"south": {"uv": [6.25, 9.5, 6.75, 10], "texture": "#0"},
				"west": {"uv": [6.75, 9.5, 7.25, 10], "texture": "#0"},
				"up": {"uv": [10, 7.5, 9.5, 7], "texture": "#0"},
				"down": {"uv": [7.75, 9.5, 7.25, 10], "texture": "#0"}
			}
		},
		{
			"from": [6.52, 2.4975, -11.7375],
			"to": [9.48, 3.6075, -9.61],
			"rotation": {"angle": -45, "axis": "x", "origin": [8, 2.405, -10.2575]},
			"faces": {
				"north": {"uv": [6, 8.5, 7, 9], "texture": "#0"},
				"east": {"uv": [3.25, 9, 4, 9.5], "texture": "#0"},
				"south": {"uv": [7, 8.5, 8, 9], "texture": "#0"},
				"west": {"uv": [4, 9, 4.75, 9.5], "texture": "#0"},
				"up": {"uv": [1, 8.5, 0, 7.75], "texture": "#0"},
				"down": {"uv": [3, 7.75, 2, 8.5], "texture": "#0"}
			}
		},
		{
			"from": [7.5375, 2.4975, -11.275],
			"to": [9.2025, 3.7, -9.7025],
			"rotation": {"angle": -45, "axis": "x", "origin": [8, 2.405, -10.2575]},
			"faces": {
				"north": {"uv": [1.5, 9.25, 2, 9.75], "texture": "#0"},
				"east": {"uv": [2, 9.25, 2.5, 9.75], "texture": "#0"},
				"south": {"uv": [9.25, 2.5, 9.75, 3], "texture": "#0"},
				"west": {"uv": [9.25, 3, 9.75, 3.5], "texture": "#0"},
				"up": {"uv": [9.75, 4, 9.25, 3.5], "texture": "#0"},
				"down": {"uv": [5.75, 9.25, 5.25, 9.75], "texture": "#0"}
			}
		},
		{
			"from": [7.1675, 2.4975, -7.2975],
			"to": [8.8325, 3.7, -5.725],
			"rotation": {"angle": 45, "axis": "x", "origin": [8, 2.405, -6.7425]},
			"faces": {
				"north": {"uv": [7.75, 9.25, 8.25, 9.75], "texture": "#0"},
				"east": {"uv": [8.25, 9.25, 8.75, 9.75], "texture": "#0"},
				"south": {"uv": [9.25, 9, 9.75, 9.5], "texture": "#0"},
				"west": {"uv": [9.5, 1.5, 10, 2], "texture": "#0"},
				"up": {"uv": [10, 2.5, 9.5, 2], "texture": "#0"},
				"down": {"uv": [3, 9.5, 2.5, 10], "texture": "#0"}
			}
		},
		{
			"from": [6.52, 1.11, -10.6275],
			"to": [9.48, 3.7, -6.3725],
			"rotation": {"angle": 0, "axis": "y", "origin": [2.08, 3.7, -14.42]},
			"faces": {
				"north": {"uv": [4.25, 5.5, 5.25, 6.5], "texture": "#0"},
				"east": {"uv": [3, 4.25, 4.5, 5.25], "texture": "#0"},
				"south": {"uv": [5.5, 4.5, 6.5, 5.5], "texture": "#0"},
				"west": {"uv": [0, 4.5, 1.5, 5.5], "texture": "#0"},
				"up": {"uv": [5.5, 1.5, 4.5, 0], "texture": "#0"},
				"down": {"uv": [2.5, 4.5, 1.5, 6], "texture": "#0"}
			}
		},
		{
			"from": [5.3175, 2.22, -10.6275],
			"to": [7.445, 3.33, -6.3725],
			"rotation": {"angle": 45, "axis": "z", "origin": [6.52, 2.405, -8.5]},
			"faces": {
				"north": {"uv": [9, 4, 9.75, 4.5], "texture": "#0"},
				"east": {"uv": [7.75, 0.5, 9.25, 1], "texture": "#0"},
				"south": {"uv": [6, 9, 6.75, 9.5], "texture": "#0"},
				"west": {"uv": [4, 7.75, 5.5, 8.25], "texture": "#0"},
				"up": {"uv": [1.5, 7, 0.75, 5.5], "texture": "#0"},
				"down": {"uv": [6.25, 2.5, 5.5, 4], "texture": "#0"}
			}
		},
		{
			"from": [6.52, 2.4975, -7.39],
			"to": [9.48, 3.6075, -5.2625],
			"rotation": {"angle": 45, "axis": "x", "origin": [8, 2.405, -6.7425]},
			"faces": {
				"north": {"uv": [8.5, 7.5, 9.5, 8], "texture": "#0"},
				"east": {"uv": [9, 6, 9.75, 6.5], "texture": "#0"},
				"south": {"uv": [0.75, 8.75, 1.75, 9.25], "texture": "#0"},
				"west": {"uv": [9, 6.5, 9.75, 7], "texture": "#0"},
				"up": {"uv": [8.75, 5.25, 7.75, 4.5], "texture": "#0"},
				"down": {"uv": [8.75, 5.25, 7.75, 6], "texture": "#0"}
			}
		}
	],
	"display": {
		"thirdperson_righthand": {
			"rotation": [0, 112, 0],
			"translation": [0, 3, 0],
			"scale": [0.6, 0.6, 0.6]
		},
		"thirdperson_lefthand": {
			"rotation": [0, 112, 0],
			"translation": [0, 3, 0],
			"scale": [0.6, 0.6, 0.6]
		},
		"firstperson_righthand": {
			"rotation": [0, 152, 0],
			"translation": [0, 7.25, 1],
			"scale": [0.77, 0.77, 0.77]
		},
		"firstperson_lefthand": {
			"rotation": [0, 152, 0],
			"translation": [-0.25, 6, 1],
			"scale": [0.36, 0.36, 0.36]
		},
		"ground": {
			"translation": [0, 5.75, 0],
			"scale": [1.17, 1.17, 1.17]
		},
		"gui": {
			"rotation": [7, 168, 0],
			"translation": [0, 7.5, 0],
			"scale": [1.59, 1.59, 1.59]
		},
		"fixed": {
			"translation": [0, 2.75, 0]
		}
	}
}