{
	"credit": "Made with Blockbench",
	"texture_size": [32, 32],
	"textures": {
		"0": "item/items/item11",
		"particle": "item/items/item11"
	},
	"elements": [
		{
			"from": [6.475, 0, 22.475],
			"to": [9.525, 4.88, 25.525],
			"rotation": {"angle": 0, "axis": "y", "origin": [7.39, 0, 23.39]},
			"faces": {
				"north": {"uv": [0, 0, 2.5, 4], "texture": "#0"},
				"east": {"uv": [2.5, 0, 5, 4], "texture": "#0"},
				"south": {"uv": [0, 4, 2.5, 8], "texture": "#0"},
				"west": {"uv": [2.5, 4, 5, 8], "texture": "#0"},
				"up": {"uv": [10.5, 11.5, 8, 9], "texture": "#0"},
				"down": {"uv": [12.5, 5, 10, 7.5], "texture": "#0"}
			}
		},
		{
			"from": [7.39, 4.88, 23.39],
			"to": [8.61, 5.185, 24.61],
			"rotation": {"angle": 0, "axis": "y", "origin": [7.39, 0, 23.39]},
			"faces": {
				"north": {"uv": [7, 15, 8, 15.5], "texture": "#0"},
				"east": {"uv": [15, 7.5, 16, 8], "texture": "#0"},
				"south": {"uv": [8, 15, 9, 15.5], "texture": "#0"},
				"west": {"uv": [15, 9.5, 16, 10], "texture": "#0"},
				"up": {"uv": [15.5, 13.5, 14.5, 12.5], "texture": "#0"},
				"down": {"uv": [15.5, 13.5, 14.5, 14.5], "texture": "#0"}
			}
		},
		{
			"from": [7.8475, 5.185, 23.8475],
			"to": [8.1525, 6.405, 24.1525],
			"rotation": {"angle": 0, "axis": "y", "origin": [7.39, 0, 23.39]},
			"faces": {
				"north": {"uv": [9, 15, 9.5, 16], "texture": "#0"},
				"east": {"uv": [10, 15, 10.5, 16], "texture": "#0"},
				"south": {"uv": [15, 10, 15.5, 11], "texture": "#0"},
				"west": {"uv": [10.5, 15, 11, 16], "texture": "#0"},
				"up": {"uv": [16, 0.5, 15.5, 0], "texture": "#0"},
				"down": {"uv": [1, 15.5, 0.5, 16], "texture": "#0"}
			}
		},
		{
			"from": [7.695, 0.4575, 19.425],
			"to": [8.305, 1.0675, 22.78],
			"rotation": {"angle": -45, "axis": "y", "origin": [8, 2.745, 24]},
			"faces": {
				"north": {"uv": [13, 12, 13.5, 12.5], "texture": "#0"},
				"east": {"uv": [13, 3, 16, 3.5], "texture": "#0"},
				"south": {"uv": [14, 11.5, 14.5, 12], "texture": "#0"},
				"west": {"uv": [13, 3.5, 16, 4], "texture": "#0"},
				"up": {"uv": [2, 16, 1.5, 13], "texture": "#0"},
				"down": {"uv": [2.5, 13, 2, 16], "texture": "#0"}
			}
		},
		{
			"from": [7.39, 0, 18.9675],
			"to": [8.61, 2.8975, 19.8825],
			"rotation": {"angle": -45, "axis": "y", "origin": [8, 2.745, 24]},
			"faces": {
				"north": {"uv": [5, 11.5, 6, 14], "texture": "#0"},
				"east": {"uv": [6, 11.5, 7, 14], "texture": "#0"},
				"south": {"uv": [7, 11.5, 8, 14], "texture": "#0"},
				"west": {"uv": [8, 11.5, 9, 14], "texture": "#0"},
				"up": {"uv": [5, 9, 4, 8], "texture": "#0"},
				"down": {"uv": [15, 5, 14, 6], "texture": "#0"}
			}
		},
		{
			"from": [7.39, 0, 18.9675],
			"to": [8.61, 2.8975, 19.8825],
			"rotation": {"angle": 45, "axis": "y", "origin": [8, 2.745, 24]},
			"faces": {
				"north": {"uv": [9, 11.5, 10, 14], "texture": "#0"},
				"east": {"uv": [12.5, 5, 13.5, 7.5], "texture": "#0"},
				"south": {"uv": [10, 12.5, 11, 15], "texture": "#0"},
				"west": {"uv": [11, 12.5, 12, 15], "texture": "#0"},
				"up": {"uv": [6.5, 15, 5.5, 14], "texture": "#0"},
				"down": {"uv": [15, 6, 14, 7], "texture": "#0"}
			}
		},
		{
			"from": [7.695, 0.4575, 19.425],
			"to": [8.305, 1.0675, 22.78],
			"rotation": {"angle": 45, "axis": "y", "origin": [8, 2.745, 24]},
			"faces": {
				"north": {"uv": [11, 15, 11.5, 15.5], "texture": "#0"},
				"east": {"uv": [13, 4, 16, 4.5], "texture": "#0"},
				"south": {"uv": [15, 11, 15.5, 11.5], "texture": "#0"},
				"west": {"uv": [13, 4.5, 16, 5], "texture": "#0"},
				"up": {"uv": [13.5, 10.5, 13, 7.5], "texture": "#0"},
				"down": {"uv": [14, 5, 13.5, 8], "texture": "#0"}
			}
		},
		{
			"from": [6.475, 0.915, 21.56],
			"to": [9.525, 3.965, 26.44],
			"rotation": {"angle": 0, "axis": "y", "origin": [7.39, 0, 23.39]},
			"faces": {
				"north": {"uv": [0, 10.5, 2.5, 13], "texture": "#0"},
				"east": {"uv": [5, 0, 9, 2.5], "texture": "#0"},
				"south": {"uv": [10.5, 7.5, 13, 10], "texture": "#0"},
				"west": {"uv": [5, 2.5, 9, 5], "texture": "#0"},
				"up": {"uv": [7.5, 9, 5, 5], "texture": "#0"},
				"down": {"uv": [10, 5, 7.5, 9], "texture": "#0"}
			}
		},
		{
			"from": [6.6275, 1.83, 21.255],
			"to": [7.5425, 3.355, 22.475],
			"rotation": {"angle": 0, "axis": "y", "origin": [8.61, 0, 23.39]},
			"faces": {
				"north": {"uv": [13, 0, 14.5, 1.5], "texture": "#0"},
				"east": {"uv": [13.5, 12, 14.5, 13.5], "texture": "#0"},
				"south": {"uv": [13, 1.5, 14.5, 3], "texture": "#0"},
				"west": {"uv": [13.5, 13.5, 14.5, 15], "texture": "#0"},
				"up": {"uv": [4, 15, 2.5, 14], "texture": "#0"},
				"down": {"uv": [5.5, 14, 4, 15], "texture": "#0"}
			}
		},
		{
			"from": [6.78, 1.9825, 21.17875],
			"to": [7.39, 3.2025, 22.39875],
			"rotation": {"angle": 0, "axis": "y", "origin": [8.61, 0, 23.39]},
			"faces": {
				"north": {"uv": [6.5, 14, 7.5, 15], "texture": "#0"},
				"east": {"uv": [14, 7, 15, 8], "texture": "#0"},
				"south": {"uv": [7.5, 14, 8.5, 15], "texture": "#0"},
				"west": {"uv": [8.5, 14, 9.5, 15], "texture": "#0"},
				"up": {"uv": [15, 11.5, 14, 10.5], "texture": "#0"},
				"down": {"uv": [13, 14, 12, 15], "texture": "#0"}
			}
		},
		{
			"from": [6.85625, 2.82125, 21.1025],
			"to": [7.16125, 3.12625, 22.3225],
			"rotation": {"angle": 0, "axis": "y", "origin": [8.61, 0, 23.39]},
			"faces": {
				"north": {"uv": [15, 15, 15.5, 15.5], "texture": "#0"},
				"east": {"uv": [5.5, 15, 6.5, 15.5], "texture": "#0"},
				"south": {"uv": [0, 15.5, 0.5, 16], "texture": "#0"},
				"west": {"uv": [15, 6, 16, 6.5], "texture": "#0"},
				"up": {"uv": [7, 16, 6.5, 15], "texture": "#0"},
				"down": {"uv": [15.5, 6.5, 15, 7.5], "texture": "#0"}
			}
		},
		{
			"from": [8.61, 1.9825, 21.17875],
			"to": [9.22, 3.2025, 22.39875],
			"rotation": {"angle": 0, "axis": "y", "origin": [8.61, 0, 23.39]},
			"faces": {
				"north": {"uv": [6.5, 14, 7.5, 15], "texture": "#0"},
				"east": {"uv": [14, 7, 15, 8], "texture": "#0"},
				"south": {"uv": [7.5, 14, 8.5, 15], "texture": "#0"},
				"west": {"uv": [8.5, 14, 9.5, 15], "texture": "#0"},
				"up": {"uv": [15, 11.5, 14, 10.5], "texture": "#0"},
				"down": {"uv": [13, 14, 12, 15], "texture": "#0"}
			}
		},
		{
			"from": [8.4575, 1.83, 21.255],
			"to": [9.3725, 3.355, 22.475],
			"rotation": {"angle": 0, "axis": "y", "origin": [8.61, 0, 23.39]},
			"faces": {
				"north": {"uv": [13, 0, 14.5, 1.5], "texture": "#0"},
				"east": {"uv": [13.5, 12, 14.5, 13.5], "texture": "#0"},
				"south": {"uv": [13, 1.5, 14.5, 3], "texture": "#0"},
				"west": {"uv": [13.5, 13.5, 14.5, 15], "texture": "#0"},
				"up": {"uv": [4, 15, 2.5, 14], "texture": "#0"},
				"down": {"uv": [5.5, 14, 4, 15], "texture": "#0"}
			}
		},
		{
			"from": [8.68625, 2.82125, 21.1025],
			"to": [8.99125, 3.12625, 22.3225],
			"rotation": {"angle": 0, "axis": "y", "origin": [8.61, 0, 23.39]},
			"faces": {
				"north": {"uv": [15, 15, 15.5, 15.5], "texture": "#0"},
				"east": {"uv": [5.5, 15, 6.5, 15.5], "texture": "#0"},
				"south": {"uv": [0, 15.5, 0.5, 16], "texture": "#0"},
				"west": {"uv": [15, 6, 16, 6.5], "texture": "#0"},
				"up": {"uv": [7, 16, 6.5, 15], "texture": "#0"},
				"down": {"uv": [15.5, 6.5, 15, 7.5], "texture": "#0"}
			}
		},
		{
			"from": [7.8475, 2.2875, 25.83],
			"to": [8.1525, 2.5925, 27.05],
			"rotation": {"angle": 0, "axis": "y", "origin": [7.39, 0, 23.39]},
			"faces": {
				"north": {"uv": [11.5, 15, 12, 15.5], "texture": "#0"},
				"east": {"uv": [14.5, 9, 15.5, 9.5], "texture": "#0"},
				"south": {"uv": [12, 15, 12.5, 15.5], "texture": "#0"},
				"west": {"uv": [14.5, 14.5, 15.5, 15], "texture": "#0"},
				"up": {"uv": [10.5, 12.5, 10, 11.5], "texture": "#0"},
				"down": {"uv": [3, 15, 2.5, 16], "texture": "#0"}
			}
		},
		{
			"from": [7.8475, 1.6775, 27.05],
			"to": [8.1525, 3.2025, 27.66],
			"rotation": {"angle": 22.5, "axis": "z", "origin": [8, 2.44, 27.355]},
			"faces": {
				"north": {"uv": [10, 7.5, 10.5, 9], "texture": "#0"},
				"east": {"uv": [9.5, 14, 10, 15.5], "texture": "#0"},
				"south": {"uv": [13, 14, 13.5, 15.5], "texture": "#0"},
				"west": {"uv": [1, 14.5, 1.5, 16], "texture": "#0"},
				"up": {"uv": [13, 15.5, 12.5, 15], "texture": "#0"},
				"down": {"uv": [14, 15, 13.5, 15.5], "texture": "#0"}
			}
		},
		{
			"from": [5.56, 0.915, 22.475],
			"to": [10.44, 3.965, 25.525],
			"rotation": {"angle": 0, "axis": "y", "origin": [8, 2.44, 24]},
			"faces": {
				"north": {"uv": [0, 8, 4, 10.5], "texture": "#0"},
				"east": {"uv": [10.5, 10, 13, 12.5], "texture": "#0"},
				"south": {"uv": [9, 0, 13, 2.5], "texture": "#0"},
				"west": {"uv": [2.5, 11.5, 5, 14], "texture": "#0"},
				"up": {"uv": [13, 5, 9, 2.5], "texture": "#0"},
				"down": {"uv": [8, 9, 4, 11.5], "texture": "#0"}
			}
		},
		{
			"from": [20.975, 0, -3.525],
			"to": [24.025, 4.88, -0.475],
			"rotation": {"angle": 0, "axis": "y", "origin": [21.89, 0, -2.61]},
			"faces": {
				"north": {"uv": [0, 0, 2.5, 4], "texture": "#0"},
				"east": {"uv": [2.5, 0, 5, 4], "texture": "#0"},
				"south": {"uv": [0, 4, 2.5, 8], "texture": "#0"},
				"west": {"uv": [2.5, 4, 5, 8], "texture": "#0"},
				"up": {"uv": [10.5, 11.5, 8, 9], "texture": "#0"},
				"down": {"uv": [12.5, 5, 10, 7.5], "texture": "#0"}
			}
		},
		{
			"from": [21.89, 4.88, -2.61],
			"to": [23.11, 5.185, -1.39],
			"rotation": {"angle": 0, "axis": "y", "origin": [21.89, 0, -2.61]},
			"faces": {
				"north": {"uv": [7, 15, 8, 15.5], "texture": "#0"},
				"east": {"uv": [15, 7.5, 16, 8], "texture": "#0"},
				"south": {"uv": [8, 15, 9, 15.5], "texture": "#0"},
				"west": {"uv": [15, 9.5, 16, 10], "texture": "#0"},
				"up": {"uv": [15.5, 13.5, 14.5, 12.5], "texture": "#0"},
				"down": {"uv": [15.5, 13.5, 14.5, 14.5], "texture": "#0"}
			}
		},
		{
			"from": [22.3475, 5.185, -2.1525],
			"to": [22.6525, 6.405, -1.8475],
			"rotation": {"angle": 0, "axis": "y", "origin": [21.89, 0, -2.61]},
			"faces": {
				"north": {"uv": [9, 15, 9.5, 16], "texture": "#0"},
				"east": {"uv": [10, 15, 10.5, 16], "texture": "#0"},
				"south": {"uv": [15, 10, 15.5, 11], "texture": "#0"},
				"west": {"uv": [10.5, 15, 11, 16], "texture": "#0"},
				"up": {"uv": [16, 0.5, 15.5, 0], "texture": "#0"},
				"down": {"uv": [1, 15.5, 0.5, 16], "texture": "#0"}
			}
		},
		{
			"from": [22.195, 0.4575, -6.575],
			"to": [22.805, 1.0675, -3.22],
			"rotation": {"angle": -45, "axis": "y", "origin": [22.5, 2.745, -2]},
			"faces": {
				"north": {"uv": [13, 12, 13.5, 12.5], "texture": "#0"},
				"east": {"uv": [13, 3, 16, 3.5], "texture": "#0"},
				"south": {"uv": [14, 11.5, 14.5, 12], "texture": "#0"},
				"west": {"uv": [13, 3.5, 16, 4], "texture": "#0"},
				"up": {"uv": [2, 16, 1.5, 13], "texture": "#0"},
				"down": {"uv": [2.5, 13, 2, 16], "texture": "#0"}
			}
		},
		{
			"from": [21.89, 0, -7.0325],
			"to": [23.11, 2.8975, -6.1175],
			"rotation": {"angle": -45, "axis": "y", "origin": [22.5, 2.745, -2]},
			"faces": {
				"north": {"uv": [5, 11.5, 6, 14], "texture": "#0"},
				"east": {"uv": [6, 11.5, 7, 14], "texture": "#0"},
				"south": {"uv": [7, 11.5, 8, 14], "texture": "#0"},
				"west": {"uv": [8, 11.5, 9, 14], "texture": "#0"},
				"up": {"uv": [5, 9, 4, 8], "texture": "#0"},
				"down": {"uv": [15, 5, 14, 6], "texture": "#0"}
			}
		},
		{
			"from": [21.89, 0, -7.0325],
			"to": [23.11, 2.8975, -6.1175],
			"rotation": {"angle": 45, "axis": "y", "origin": [22.5, 2.745, -2]},
			"faces": {
				"north": {"uv": [9, 11.5, 10, 14], "texture": "#0"},
				"east": {"uv": [12.5, 5, 13.5, 7.5], "texture": "#0"},
				"south": {"uv": [10, 12.5, 11, 15], "texture": "#0"},
				"west": {"uv": [11, 12.5, 12, 15], "texture": "#0"},
				"up": {"uv": [6.5, 15, 5.5, 14], "texture": "#0"},
				"down": {"uv": [15, 6, 14, 7], "texture": "#0"}
			}
		},
		{
			"from": [22.195, 0.4575, -6.575],
			"to": [22.805, 1.0675, -3.22],
			"rotation": {"angle": 45, "axis": "y", "origin": [22.5, 2.745, -2]},
			"faces": {
				"north": {"uv": [11, 15, 11.5, 15.5], "texture": "#0"},
				"east": {"uv": [13, 4, 16, 4.5], "texture": "#0"},
				"south": {"uv": [15, 11, 15.5, 11.5], "texture": "#0"},
				"west": {"uv": [13, 4.5, 16, 5], "texture": "#0"},
				"up": {"uv": [13.5, 10.5, 13, 7.5], "texture": "#0"},
				"down": {"uv": [14, 5, 13.5, 8], "texture": "#0"}
			}
		},
		{
			"from": [20.975, 0.915, -4.44],
			"to": [24.025, 3.965, 0.44],
			"rotation": {"angle": 0, "axis": "y", "origin": [21.89, 0, -2.61]},
			"faces": {
				"north": {"uv": [0, 10.5, 2.5, 13], "texture": "#0"},
				"east": {"uv": [5, 0, 9, 2.5], "texture": "#0"},
				"south": {"uv": [10.5, 7.5, 13, 10], "texture": "#0"},
				"west": {"uv": [5, 2.5, 9, 5], "texture": "#0"},
				"up": {"uv": [7.5, 9, 5, 5], "texture": "#0"},
				"down": {"uv": [10, 5, 7.5, 9], "texture": "#0"}
			}
		},
		{
			"from": [21.1275, 1.83, -4.745],
			"to": [22.0425, 3.355, -3.525],
			"rotation": {"angle": 0, "axis": "y", "origin": [23.11, 0, -2.61]},
			"faces": {
				"north": {"uv": [13, 0, 14.5, 1.5], "texture": "#0"},
				"east": {"uv": [13.5, 12, 14.5, 13.5], "texture": "#0"},
				"south": {"uv": [13, 1.5, 14.5, 3], "texture": "#0"},
				"west": {"uv": [13.5, 13.5, 14.5, 15], "texture": "#0"},
				"up": {"uv": [4, 15, 2.5, 14], "texture": "#0"},
				"down": {"uv": [5.5, 14, 4, 15], "texture": "#0"}
			}
		},
		{
			"from": [21.28, 1.9825, -4.82125],
			"to": [21.89, 3.2025, -3.60125],
			"rotation": {"angle": 0, "axis": "y", "origin": [23.11, 0, -2.61]},
			"faces": {
				"north": {"uv": [6.5, 14, 7.5, 15], "texture": "#0"},
				"east": {"uv": [14, 7, 15, 8], "texture": "#0"},
				"south": {"uv": [7.5, 14, 8.5, 15], "texture": "#0"},
				"west": {"uv": [8.5, 14, 9.5, 15], "texture": "#0"},
				"up": {"uv": [15, 11.5, 14, 10.5], "texture": "#0"},
				"down": {"uv": [13, 14, 12, 15], "texture": "#0"}
			}
		},
		{
			"from": [21.35625, 2.82125, -4.8975],
			"to": [21.66125, 3.12625, -3.6775],
			"rotation": {"angle": 0, "axis": "y", "origin": [23.11, 0, -2.61]},
			"faces": {
				"north": {"uv": [15, 15, 15.5, 15.5], "texture": "#0"},
				"east": {"uv": [5.5, 15, 6.5, 15.5], "texture": "#0"},
				"south": {"uv": [0, 15.5, 0.5, 16], "texture": "#0"},
				"west": {"uv": [15, 6, 16, 6.5], "texture": "#0"},
				"up": {"uv": [7, 16, 6.5, 15], "texture": "#0"},
				"down": {"uv": [15.5, 6.5, 15, 7.5], "texture": "#0"}
			}
		},
		{
			"from": [23.11, 1.9825, -4.82125],
			"to": [23.72, 3.2025, -3.60125],
			"rotation": {"angle": 0, "axis": "y", "origin": [23.11, 0, -2.61]},
			"faces": {
				"north": {"uv": [6.5, 14, 7.5, 15], "texture": "#0"},
				"east": {"uv": [14, 7, 15, 8], "texture": "#0"},
				"south": {"uv": [7.5, 14, 8.5, 15], "texture": "#0"},
				"west": {"uv": [8.5, 14, 9.5, 15], "texture": "#0"},
				"up": {"uv": [15, 11.5, 14, 10.5], "texture": "#0"},
				"down": {"uv": [13, 14, 12, 15], "texture": "#0"}
			}
		},
		{
			"from": [22.9575, 1.83, -4.745],
			"to": [23.8725, 3.355, -3.525],
			"rotation": {"angle": 0, "axis": "y", "origin": [23.11, 0, -2.61]},
			"faces": {
				"north": {"uv": [13, 0, 14.5, 1.5], "texture": "#0"},
				"east": {"uv": [13.5, 12, 14.5, 13.5], "texture": "#0"},
				"south": {"uv": [13, 1.5, 14.5, 3], "texture": "#0"},
				"west": {"uv": [13.5, 13.5, 14.5, 15], "texture": "#0"},
				"up": {"uv": [4, 15, 2.5, 14], "texture": "#0"},
				"down": {"uv": [5.5, 14, 4, 15], "texture": "#0"}
			}
		},
		{
			"from": [23.18625, 2.82125, -4.8975],
			"to": [23.49125, 3.12625, -3.6775],
			"rotation": {"angle": 0, "axis": "y", "origin": [23.11, 0, -2.61]},
			"faces": {
				"north": {"uv": [15, 15, 15.5, 15.5], "texture": "#0"},
				"east": {"uv": [5.5, 15, 6.5, 15.5], "texture": "#0"},
				"south": {"uv": [0, 15.5, 0.5, 16], "texture": "#0"},
				"west": {"uv": [15, 6, 16, 6.5], "texture": "#0"},
				"up": {"uv": [7, 16, 6.5, 15], "texture": "#0"},
				"down": {"uv": [15.5, 6.5, 15, 7.5], "texture": "#0"}
			}
		},
		{
			"from": [22.3475, 2.2875, -0.17],
			"to": [22.6525, 2.5925, 1.05],
			"rotation": {"angle": 0, "axis": "y", "origin": [21.89, 0, -2.61]},
			"faces": {
				"north": {"uv": [11.5, 15, 12, 15.5], "texture": "#0"},
				"east": {"uv": [14.5, 9, 15.5, 9.5], "texture": "#0"},
				"south": {"uv": [12, 15, 12.5, 15.5], "texture": "#0"},
				"west": {"uv": [14.5, 14.5, 15.5, 15], "texture": "#0"},
				"up": {"uv": [10.5, 12.5, 10, 11.5], "texture": "#0"},
				"down": {"uv": [3, 15, 2.5, 16], "texture": "#0"}
			}
		},
		{
			"from": [22.3475, 1.6775, 1.05],
			"to": [22.6525, 3.2025, 1.66],
			"rotation": {"angle": 22.5, "axis": "z", "origin": [22.5, 2.44, 1.355]},
			"faces": {
				"north": {"uv": [10, 7.5, 10.5, 9], "texture": "#0"},
				"east": {"uv": [9.5, 14, 10, 15.5], "texture": "#0"},
				"south": {"uv": [13, 14, 13.5, 15.5], "texture": "#0"},
				"west": {"uv": [1, 14.5, 1.5, 16], "texture": "#0"},
				"up": {"uv": [13, 15.5, 12.5, 15], "texture": "#0"},
				"down": {"uv": [14, 15, 13.5, 15.5], "texture": "#0"}
			}
		},
		{
			"from": [20.06, 0.915, -3.525],
			"to": [24.94, 3.965, -0.475],
			"rotation": {"angle": 0, "axis": "y", "origin": [22.5, 2.44, -2]},
			"faces": {
				"north": {"uv": [0, 8, 4, 10.5], "texture": "#0"},
				"east": {"uv": [10.5, 10, 13, 12.5], "texture": "#0"},
				"south": {"uv": [9, 0, 13, 2.5], "texture": "#0"},
				"west": {"uv": [2.5, 11.5, 5, 14], "texture": "#0"},
				"up": {"uv": [13, 5, 9, 2.5], "texture": "#0"},
				"down": {"uv": [8, 9, 4, 11.5], "texture": "#0"}
			}
		},
		{
			"from": [-8.025, 0, -3.525],
			"to": [-4.975, 4.88, -0.475],
			"rotation": {"angle": 0, "axis": "y", "origin": [-5.89, 0, -2.61]},
			"faces": {
				"north": {"uv": [2.5, 0, 0, 4], "texture": "#0"},
				"east": {"uv": [5, 4, 2.5, 8], "texture": "#0"},
				"south": {"uv": [2.5, 4, 0, 8], "texture": "#0"},
				"west": {"uv": [5, 0, 2.5, 4], "texture": "#0"},
				"up": {"uv": [8, 11.5, 10.5, 9], "texture": "#0"},
				"down": {"uv": [10, 5, 12.5, 7.5], "texture": "#0"}
			}
		},
		{
			"from": [-7.11, 4.88, -2.61],
			"to": [-5.89, 5.185, -1.39],
			"rotation": {"angle": 0, "axis": "y", "origin": [-5.89, 0, -2.61]},
			"faces": {
				"north": {"uv": [8, 15, 7, 15.5], "texture": "#0"},
				"east": {"uv": [16, 9.5, 15, 10], "texture": "#0"},
				"south": {"uv": [9, 15, 8, 15.5], "texture": "#0"},
				"west": {"uv": [16, 7.5, 15, 8], "texture": "#0"},
				"up": {"uv": [14.5, 13.5, 15.5, 12.5], "texture": "#0"},
				"down": {"uv": [14.5, 13.5, 15.5, 14.5], "texture": "#0"}
			}
		},
		{
			"from": [-6.6525, 5.185, -2.1525],
			"to": [-6.3475, 6.405, -1.8475],
			"rotation": {"angle": 0, "axis": "y", "origin": [-5.89, 0, -2.61]},
			"faces": {
				"north": {"uv": [9.5, 15, 9, 16], "texture": "#0"},
				"east": {"uv": [11, 15, 10.5, 16], "texture": "#0"},
				"south": {"uv": [15.5, 10, 15, 11], "texture": "#0"},
				"west": {"uv": [10.5, 15, 10, 16], "texture": "#0"},
				"up": {"uv": [15.5, 0.5, 16, 0], "texture": "#0"},
				"down": {"uv": [0.5, 15.5, 1, 16], "texture": "#0"}
			}
		},
		{
			"from": [-6.805, 0.4575, -6.575],
			"to": [-6.195, 1.0675, -3.22],
			"rotation": {"angle": 45, "axis": "y", "origin": [-6.5, 2.745, -2]},
			"faces": {
				"north": {"uv": [13.5, 12, 13, 12.5], "texture": "#0"},
				"east": {"uv": [16, 3.5, 13, 4], "texture": "#0"},
				"south": {"uv": [14.5, 11.5, 14, 12], "texture": "#0"},
				"west": {"uv": [16, 3, 13, 3.5], "texture": "#0"},
				"up": {"uv": [1.5, 16, 2, 13], "texture": "#0"},
				"down": {"uv": [2, 13, 2.5, 16], "texture": "#0"}
			}
		},
		{
			"from": [-7.11, 0, -7.0325],
			"to": [-5.89, 2.8975, -6.1175],
			"rotation": {"angle": 45, "axis": "y", "origin": [-6.5, 2.745, -2]},
			"faces": {
				"north": {"uv": [6, 11.5, 5, 14], "texture": "#0"},
				"east": {"uv": [9, 11.5, 8, 14], "texture": "#0"},
				"south": {"uv": [8, 11.5, 7, 14], "texture": "#0"},
				"west": {"uv": [7, 11.5, 6, 14], "texture": "#0"},
				"up": {"uv": [4, 9, 5, 8], "texture": "#0"},
				"down": {"uv": [14, 5, 15, 6], "texture": "#0"}
			}
		},
		{
			"from": [-7.11, 0, -7.0325],
			"to": [-5.89, 2.8975, -6.1175],
			"rotation": {"angle": -45, "axis": "y", "origin": [-6.5, 2.745, -2]},
			"faces": {
				"north": {"uv": [10, 11.5, 9, 14], "texture": "#0"},
				"east": {"uv": [12, 12.5, 11, 15], "texture": "#0"},
				"south": {"uv": [11, 12.5, 10, 15], "texture": "#0"},
				"west": {"uv": [13.5, 5, 12.5, 7.5], "texture": "#0"},
				"up": {"uv": [5.5, 15, 6.5, 14], "texture": "#0"},
				"down": {"uv": [14, 6, 15, 7], "texture": "#0"}
			}
		},
		{
			"from": [-6.805, 0.4575, -6.575],
			"to": [-6.195, 1.0675, -3.22],
			"rotation": {"angle": -45, "axis": "y", "origin": [-6.5, 2.745, -2]},
			"faces": {
				"north": {"uv": [11.5, 15, 11, 15.5], "texture": "#0"},
				"east": {"uv": [16, 4.5, 13, 5], "texture": "#0"},
				"south": {"uv": [15.5, 11, 15, 11.5], "texture": "#0"},
				"west": {"uv": [16, 4, 13, 4.5], "texture": "#0"},
				"up": {"uv": [13, 10.5, 13.5, 7.5], "texture": "#0"},
				"down": {"uv": [13.5, 5, 14, 8], "texture": "#0"}
			}
		},
		{
			"from": [-8.025, 0.915, -4.44],
			"to": [-4.975, 3.965, 0.44],
			"rotation": {"angle": 0, "axis": "y", "origin": [-5.89, 0, -2.61]},
			"faces": {
				"north": {"uv": [2.5, 10.5, 0, 13], "texture": "#0"},
				"east": {"uv": [9, 2.5, 5, 5], "texture": "#0"},
				"south": {"uv": [13, 7.5, 10.5, 10], "texture": "#0"},
				"west": {"uv": [9, 0, 5, 2.5], "texture": "#0"},
				"up": {"uv": [5, 9, 7.5, 5], "texture": "#0"},
				"down": {"uv": [7.5, 5, 10, 9], "texture": "#0"}
			}
		},
		{
			"from": [-6.0425, 1.83, -4.745],
			"to": [-5.1275, 3.355, -3.525],
			"rotation": {"angle": 0, "axis": "y", "origin": [-7.11, 0, -2.61]},
			"faces": {
				"north": {"uv": [14.5, 0, 13, 1.5], "texture": "#0"},
				"east": {"uv": [14.5, 13.5, 13.5, 15], "texture": "#0"},
				"south": {"uv": [14.5, 1.5, 13, 3], "texture": "#0"},
				"west": {"uv": [14.5, 12, 13.5, 13.5], "texture": "#0"},
				"up": {"uv": [2.5, 15, 4, 14], "texture": "#0"},
				"down": {"uv": [4, 14, 5.5, 15], "texture": "#0"}
			}
		},
		{
			"from": [-5.89, 1.9825, -4.82125],
			"to": [-5.28, 3.2025, -3.60125],
			"rotation": {"angle": 0, "axis": "y", "origin": [-7.11, 0, -2.61]},
			"faces": {
				"north": {"uv": [7.5, 14, 6.5, 15], "texture": "#0"},
				"east": {"uv": [9.5, 14, 8.5, 15], "texture": "#0"},
				"south": {"uv": [8.5, 14, 7.5, 15], "texture": "#0"},
				"west": {"uv": [15, 7, 14, 8], "texture": "#0"},
				"up": {"uv": [14, 11.5, 15, 10.5], "texture": "#0"},
				"down": {"uv": [12, 14, 13, 15], "texture": "#0"}
			}
		},
		{
			"from": [-5.66125, 2.82125, -4.8975],
			"to": [-5.35625, 3.12625, -3.6775],
			"rotation": {"angle": 0, "axis": "y", "origin": [-7.11, 0, -2.61]},
			"faces": {
				"north": {"uv": [15.5, 15, 15, 15.5], "texture": "#0"},
				"east": {"uv": [16, 6, 15, 6.5], "texture": "#0"},
				"south": {"uv": [0.5, 15.5, 0, 16], "texture": "#0"},
				"west": {"uv": [6.5, 15, 5.5, 15.5], "texture": "#0"},
				"up": {"uv": [6.5, 16, 7, 15], "texture": "#0"},
				"down": {"uv": [15, 6.5, 15.5, 7.5], "texture": "#0"}
			}
		},
		{
			"from": [-7.72, 1.9825, -4.82125],
			"to": [-7.11, 3.2025, -3.60125],
			"rotation": {"angle": 0, "axis": "y", "origin": [-7.11, 0, -2.61]},
			"faces": {
				"north": {"uv": [7.5, 14, 6.5, 15], "texture": "#0"},
				"east": {"uv": [9.5, 14, 8.5, 15], "texture": "#0"},
				"south": {"uv": [8.5, 14, 7.5, 15], "texture": "#0"},
				"west": {"uv": [15, 7, 14, 8], "texture": "#0"},
				"up": {"uv": [14, 11.5, 15, 10.5], "texture": "#0"},
				"down": {"uv": [12, 14, 13, 15], "texture": "#0"}
			}
		},
		{
			"from": [-7.8725, 1.83, -4.745],
			"to": [-6.9575, 3.355, -3.525],
			"rotation": {"angle": 0, "axis": "y", "origin": [-7.11, 0, -2.61]},
			"faces": {
				"north": {"uv": [14.5, 0, 13, 1.5], "texture": "#0"},
				"east": {"uv": [14.5, 13.5, 13.5, 15], "texture": "#0"},
				"south": {"uv": [14.5, 1.5, 13, 3], "texture": "#0"},
				"west": {"uv": [14.5, 12, 13.5, 13.5], "texture": "#0"},
				"up": {"uv": [2.5, 15, 4, 14], "texture": "#0"},
				"down": {"uv": [4, 14, 5.5, 15], "texture": "#0"}
			}
		},
		{
			"from": [-7.49125, 2.82125, -4.8975],
			"to": [-7.18625, 3.12625, -3.6775],
			"rotation": {"angle": 0, "axis": "y", "origin": [-7.11, 0, -2.61]},
			"faces": {
				"north": {"uv": [15.5, 15, 15, 15.5], "texture": "#0"},
				"east": {"uv": [16, 6, 15, 6.5], "texture": "#0"},
				"south": {"uv": [0.5, 15.5, 0, 16], "texture": "#0"},
				"west": {"uv": [6.5, 15, 5.5, 15.5], "texture": "#0"},
				"up": {"uv": [6.5, 16, 7, 15], "texture": "#0"},
				"down": {"uv": [15, 6.5, 15.5, 7.5], "texture": "#0"}
			}
		},
		{
			"from": [-6.6525, 2.2875, -0.17],
			"to": [-6.3475, 2.5925, 1.05],
			"rotation": {"angle": 0, "axis": "y", "origin": [-5.89, 0, -2.61]},
			"faces": {
				"north": {"uv": [12, 15, 11.5, 15.5], "texture": "#0"},
				"east": {"uv": [15.5, 14.5, 14.5, 15], "texture": "#0"},
				"south": {"uv": [12.5, 15, 12, 15.5], "texture": "#0"},
				"west": {"uv": [15.5, 9, 14.5, 9.5], "texture": "#0"},
				"up": {"uv": [10, 12.5, 10.5, 11.5], "texture": "#0"},
				"down": {"uv": [2.5, 15, 3, 16], "texture": "#0"}
			}
		},
		{
			"from": [-6.6525, 1.6775, 1.05],
			"to": [-6.3475, 3.2025, 1.66],
			"rotation": {"angle": -22.5, "axis": "z", "origin": [-6.5, 2.44, 1.355]},
			"faces": {
				"north": {"uv": [10.5, 7.5, 10, 9], "texture": "#0"},
				"east": {"uv": [1.5, 14.5, 1, 16], "texture": "#0"},
				"south": {"uv": [13.5, 14, 13, 15.5], "texture": "#0"},
				"west": {"uv": [10, 14, 9.5, 15.5], "texture": "#0"},
				"up": {"uv": [12.5, 15.5, 13, 15], "texture": "#0"},
				"down": {"uv": [13.5, 15, 14, 15.5], "texture": "#0"}
			}
		},
		{
			"from": [-8.94, 0.915, -3.525],
			"to": [-4.06, 3.965, -0.475],
			"rotation": {"angle": 0, "axis": "y", "origin": [-6.5, 2.44, -2]},
			"faces": {
				"north": {"uv": [4, 8, 0, 10.5], "texture": "#0"},
				"east": {"uv": [5, 11.5, 2.5, 14], "texture": "#0"},
				"south": {"uv": [13, 0, 9, 2.5], "texture": "#0"},
				"west": {"uv": [13, 10, 10.5, 12.5], "texture": "#0"},
				"up": {"uv": [9, 5, 13, 2.5], "texture": "#0"},
				"down": {"uv": [4, 9, 8, 11.5], "texture": "#0"}
			}
		}
	],
	"display": {
		"thirdperson_righthand": {
			"rotation": [0, 112, 0],
			"translation": [0, 3.5, 0],
			"scale": [0.6, 0.6, 0.6]
		},
		"thirdperson_lefthand": {
			"rotation": [0, 112, 0],
			"translation": [0, 3.5, 0],
			"scale": [0.6, 0.6, 0.6]
		},
		"firstperson_righthand": {
			"rotation": [0, 152, 0],
			"translation": [0, 6.25, 1],
			"scale": [0.7, 0.7, 0.7]
		},
		"firstperson_lefthand": {
			"rotation": [0, 152, 0],
			"translation": [-0.75, 5, 1],
			"scale": [0.3, 0.3, 0.3]
		},
		"ground": {
			"translation": [0, 4.5, 0],
			"scale": [1.07, 1.07, 1.07]
		},
		"gui": {
			"rotation": [1, 158, 0],
			"translation": [1, 5.25, 0],
			"scale": [1.38, 1.38, 1.38]
		},
		"fixed": {
			"translation": [0, 3, 0]
		}
	}
}