{
	"credit": "Made with Blockbench",
	"texture_size": [32, 32],
	"textures": {
		"0": "item/items/item03",
		"particle": "item/items/item03"
	},
	"elements": [
		{
			"from": [7.20125, 1.42, 23.08875],
			"to": [8.79875, 4.615, 24.68625],
			"rotation": {"angle": 22.5, "axis": "x", "origin": [8, 3.0175, 23.8875]},
			"faces": {
				"north": {"uv": [0, 2, 1, 4.5], "texture": "#0"},
				"east": {"uv": [1, 2, 2, 4.5], "texture": "#0"},
				"south": {"uv": [2, 2, 3, 4.5], "texture": "#0"},
				"west": {"uv": [3, 0, 4, 2.5], "texture": "#0"},
				"up": {"uv": [4, 7, 3, 6], "texture": "#0"},
				"down": {"uv": [5, 6, 4, 7], "texture": "#0"}
			}
		},
		{
			"from": [8.1775, 3.0175, 23],
			"to": [8.62125, 4.0825, 23.62125],
			"rotation": {"angle": 22.5, "axis": "x", "origin": [8, 3.0175, 23.8875]},
			"faces": {
				"north": {"uv": [4.5, 8.5, 5, 9.5], "texture": "#0"},
				"east": {"uv": [9, 1, 9.5, 2], "texture": "#0"},
				"south": {"uv": [2, 9, 2.5, 10], "texture": "#0"},
				"west": {"uv": [9, 2, 9.5, 3], "texture": "#0"},
				"up": {"uv": [10, 6, 9.5, 5.5], "texture": "#0"},
				"down": {"uv": [6.5, 9.5, 6, 10], "texture": "#0"}
			}
		},
		{
			"from": [7.37875, 3.0175, 23],
			"to": [7.8225, 4.0825, 23.62125],
			"rotation": {"angle": 22.5, "axis": "x", "origin": [8, 3.0175, 23.8875]},
			"faces": {
				"north": {"uv": [2.5, 9, 3, 10], "texture": "#0"},
				"east": {"uv": [3, 9, 3.5, 10], "texture": "#0"},
				"south": {"uv": [9, 3, 9.5, 4], "texture": "#0"},
				"west": {"uv": [3.5, 9, 4, 10], "texture": "#0"},
				"up": {"uv": [10, 6.5, 9.5, 6], "texture": "#0"},
				"down": {"uv": [7, 9.5, 6.5, 10], "texture": "#0"}
			}
		},
		{
			"from": [7.29, -0.75239, 22.05449],
			"to": [8.71, 1.73261, 22.94199],
			"rotation": {"angle": 45, "axis": "x", "origin": [8, 0.84511, 23.20824]},
			"faces": {
				"north": {"uv": [4, 2, 5, 4], "texture": "#0"},
				"east": {"uv": [0, 7.5, 0.5, 9.5], "texture": "#0"},
				"south": {"uv": [4, 4, 5, 6], "texture": "#0"},
				"west": {"uv": [0.5, 7.5, 1, 9.5], "texture": "#0"},
				"up": {"uv": [7, 9, 6, 8.5], "texture": "#0"},
				"down": {"uv": [8, 8.5, 7, 9], "texture": "#0"}
			}
		},
		{
			"from": [7.37875, 0.47488, 20.50267],
			"to": [8.44375, 1.18488, 21.92267],
			"rotation": {"angle": 22.5, "axis": "x", "origin": [7.91125, 0.74113, 20.68017]},
			"faces": {
				"north": {"uv": [8, 8.5, 9, 9], "texture": "#0"},
				"east": {"uv": [9, 0, 10, 0.5], "texture": "#0"},
				"south": {"uv": [9, 0.5, 10, 1], "texture": "#0"},
				"west": {"uv": [1, 9, 2, 9.5], "texture": "#0"},
				"up": {"uv": [2, 8.5, 1, 7.5], "texture": "#0"},
				"down": {"uv": [3, 7.5, 2, 8.5], "texture": "#0"}
			}
		},
		{
			"from": [7.55625, 0.74113, 20.05892],
			"to": [8.26625, 1.71738, 20.59142],
			"rotation": {"angle": -22.5, "axis": "x", "origin": [7.91125, 1.98363, 20.32517]},
			"faces": {
				"north": {"uv": [9.5, 1.5, 10, 2], "texture": "#0"},
				"east": {"uv": [9.5, 2, 10, 2.5], "texture": "#0"},
				"south": {"uv": [9.5, 2.5, 10, 3], "texture": "#0"},
				"west": {"uv": [9.5, 3, 10, 3.5], "texture": "#0"},
				"up": {"uv": [10, 4, 9.5, 3.5], "texture": "#0"},
				"down": {"uv": [4.5, 9.5, 4, 10], "texture": "#0"}
			}
		},
		{
			"from": [7.37875, 3.93388, 24.01344],
			"to": [8.71, 6.06388, 25.43344],
			"rotation": {"angle": 45, "axis": "x", "origin": [8, 4.64388, 24.72344]},
			"faces": {
				"north": {"uv": [5, 5, 6, 6.5], "texture": "#0"},
				"east": {"uv": [0, 6, 1, 7.5], "texture": "#0"},
				"south": {"uv": [6, 0, 7, 1.5], "texture": "#0"},
				"west": {"uv": [1, 6, 2, 7.5], "texture": "#0"},
				"up": {"uv": [8, 2, 7, 1], "texture": "#0"},
				"down": {"uv": [8, 2, 7, 3], "texture": "#0"}
			}
		},
		{
			"from": [7.645, 5.79763, 24.10219],
			"to": [8.5325, 6.68513, 24.98969],
			"rotation": {"angle": 45, "axis": "x", "origin": [8, 4.37763, 24.72344]},
			"faces": {
				"north": {"uv": [6, 9, 6.5, 9.5], "texture": "#0"},
				"east": {"uv": [9, 6, 9.5, 6.5], "texture": "#0"},
				"south": {"uv": [6.5, 9, 7, 9.5], "texture": "#0"},
				"west": {"uv": [9, 6.5, 9.5, 7], "texture": "#0"},
				"up": {"uv": [7.5, 9.5, 7, 9], "texture": "#0"},
				"down": {"uv": [9.5, 7, 9, 7.5], "texture": "#0"}
			}
		},
		{
			"from": [7.91125, 6.08726, 26.18205],
			"to": [8.44375, 6.61976, 26.8033],
			"rotation": {"angle": -22.5, "axis": "x", "origin": [8.08875, 5.82101, 26.6258]},
			"faces": {
				"north": {"uv": [9.5, 4, 10, 4.5], "texture": "#0"},
				"east": {"uv": [4.5, 9.5, 5, 10], "texture": "#0"},
				"south": {"uv": [9.5, 4.5, 10, 5], "texture": "#0"},
				"west": {"uv": [5, 9.5, 5.5, 10], "texture": "#0"},
				"up": {"uv": [10, 5.5, 9.5, 5], "texture": "#0"},
				"down": {"uv": [6, 9.5, 5.5, 10], "texture": "#0"}
			}
		},
		{
			"from": [6.58, 0.355, 22.8225],
			"to": [7.645, 2.84, 24.5975],
			"rotation": {"angle": -22.5, "axis": "z", "origin": [7.645, 1.2425, 23.71]},
			"faces": {
				"north": {"uv": [3, 2.5, 4, 4.5], "texture": "#0"},
				"east": {"uv": [0, 0, 1.5, 2], "texture": "#0"},
				"south": {"uv": [4, 0, 5, 2], "texture": "#0"},
				"west": {"uv": [1.5, 0, 3, 2], "texture": "#0"},
				"up": {"uv": [6, 1.5, 5, 0], "texture": "#0"},
				"down": {"uv": [6, 1.5, 5, 3], "texture": "#0"}
			}
		},
		{
			"from": [5.6925, 0, 23],
			"to": [7.4675, 0.8875, 24.42],
			"rotation": {"angle": 22.5, "axis": "z", "origin": [6.225, -0.1775, 23.71]},
			"faces": {
				"north": {"uv": [7.5, 3, 9, 3.5], "texture": "#0"},
				"east": {"uv": [3, 8, 4, 8.5], "texture": "#0"},
				"south": {"uv": [7.5, 3.5, 9, 4], "texture": "#0"},
				"west": {"uv": [4, 8, 5, 8.5], "texture": "#0"},
				"up": {"uv": [6.5, 4, 5, 3], "texture": "#0"},
				"down": {"uv": [6.5, 4, 5, 5], "texture": "#0"}
			}
		},
		{
			"from": [4.36125, 0.26625, 23.08875],
			"to": [5.6925, 1.15375, 24.33125],
			"rotation": {"angle": -22.5, "axis": "z", "origin": [4.45, 0.08875, 23.71]},
			"faces": {
				"north": {"uv": [8, 5, 9, 5.5], "texture": "#0"},
				"east": {"uv": [8, 5.5, 9, 6], "texture": "#0"},
				"south": {"uv": [6, 8, 7, 8.5], "texture": "#0"},
				"west": {"uv": [8, 6, 9, 6.5], "texture": "#0"},
				"up": {"uv": [4, 8, 3, 7], "texture": "#0"},
				"down": {"uv": [5, 7, 4, 8], "texture": "#0"}
			}
		},
		{
			"from": [4.095, 0.26625, 23.355],
			"to": [4.805, 1.15375, 24.065],
			"rotation": {"angle": 22.5, "axis": "z", "origin": [3.74, 1.50875, 23.71]},
			"faces": {
				"north": {"uv": [7.5, 9, 8, 9.5], "texture": "#0"},
				"east": {"uv": [9, 7.5, 9.5, 8], "texture": "#0"},
				"south": {"uv": [8, 9, 8.5, 9.5], "texture": "#0"},
				"west": {"uv": [9, 8, 9.5, 8.5], "texture": "#0"},
				"up": {"uv": [9, 9.5, 8.5, 9], "texture": "#0"},
				"down": {"uv": [9.5, 8.5, 9, 9], "texture": "#0"}
			}
		},
		{
			"from": [8.4899, 0.3266, 22.8367],
			"to": [9.4697, 2.6128, 24.4697],
			"rotation": {"angle": 22.5, "axis": "z", "origin": [8.4899, 1.1431, 23.6532]},
			"faces": {
				"north": {"uv": [5, 7.5, 5.5, 9], "texture": "#0"},
				"east": {"uv": [6, 1.5, 7, 3], "texture": "#0"},
				"south": {"uv": [5.5, 7.5, 6, 9], "texture": "#0"},
				"west": {"uv": [2, 6, 3, 7.5], "texture": "#0"},
				"up": {"uv": [4.5, 9.5, 4, 8.5], "texture": "#0"},
				"down": {"uv": [9, 4, 8.5, 5], "texture": "#0"}
			}
		},
		{
			"from": [8.6532, 0, 23],
			"to": [10.2862, 0.8165, 24.3064],
			"rotation": {"angle": -22.5, "axis": "z", "origin": [9.7963, -0.1633, 23.6532]},
			"faces": {
				"north": {"uv": [8, 8, 9, 8.5], "texture": "#0"},
				"east": {"uv": [1, 8.5, 2, 9], "texture": "#0"},
				"south": {"uv": [2, 8.5, 3, 9], "texture": "#0"},
				"west": {"uv": [3, 8.5, 4, 9], "texture": "#0"},
				"up": {"uv": [8, 7, 7, 6], "texture": "#0"},
				"down": {"uv": [8, 7, 7, 8], "texture": "#0"}
			}
		},
		{
			"from": [10.2862, 0.24495, 23.08165],
			"to": [11.51095, 1.06145, 24.22475],
			"rotation": {"angle": 22.5, "axis": "z", "origin": [11.4293, 0.08165, 23.6532]},
			"faces": {
				"north": {"uv": [8, 6.5, 9, 7], "texture": "#0"},
				"east": {"uv": [6, 6, 7, 6.5], "texture": "#0"},
				"south": {"uv": [8, 7, 9, 7.5], "texture": "#0"},
				"west": {"uv": [8, 7.5, 9, 8], "texture": "#0"},
				"up": {"uv": [8, 6, 7, 5], "texture": "#0"},
				"down": {"uv": [7, 7, 6, 8], "texture": "#0"}
			}
		},
		{
			"from": [11.1027, 0.24495, 23.3266],
			"to": [11.7559, 1.06145, 23.9798],
			"rotation": {"angle": -22.5, "axis": "z", "origin": [12.0825, 1.38805, 23.6532]},
			"faces": {
				"north": {"uv": [9, 9, 9.5, 9.5], "texture": "#0"},
				"east": {"uv": [0, 9.5, 0.5, 10], "texture": "#0"},
				"south": {"uv": [0.5, 9.5, 1, 10], "texture": "#0"},
				"west": {"uv": [1, 9.5, 1.5, 10], "texture": "#0"},
				"up": {"uv": [10, 1.5, 9.5, 1], "texture": "#0"},
				"down": {"uv": [2, 9.5, 1.5, 10], "texture": "#0"}
			}
		},
		{
			"from": [7.20125, 0.355, 23.5325],
			"to": [8.79875, 2.485, 24.5975],
			"rotation": {"angle": -22.5, "axis": "x", "origin": [8, 1.9525, 23.5325]},
			"faces": {
				"north": {"uv": [0, 4.5, 1, 6], "texture": "#0"},
				"east": {"uv": [1, 4.5, 2, 6], "texture": "#0"},
				"south": {"uv": [2, 4.5, 3, 6], "texture": "#0"},
				"west": {"uv": [3, 4.5, 4, 6], "texture": "#0"},
				"up": {"uv": [7, 6, 6, 5], "texture": "#0"},
				"down": {"uv": [7, 6, 6, 7], "texture": "#0"}
			}
		},
		{
			"from": [7.29, 0, 24.15375],
			"to": [8.71, 0.79875, 25.6625],
			"rotation": {"angle": 22.5, "axis": "x", "origin": [8, 0.1775, 25.3075]},
			"faces": {
				"north": {"uv": [7.5, 4, 8.5, 4.5], "texture": "#0"},
				"east": {"uv": [7.5, 4.5, 8.5, 5], "texture": "#0"},
				"south": {"uv": [8, 0, 9, 0.5], "texture": "#0"},
				"west": {"uv": [8, 0.5, 9, 1], "texture": "#0"},
				"up": {"uv": [7.5, 4, 6.5, 3], "texture": "#0"},
				"down": {"uv": [7.5, 4, 6.5, 5], "texture": "#0"}
			}
		},
		{
			"from": [7.4675, 0.37592, 25.29353],
			"to": [8.5325, 1.17467, 26.44728],
			"rotation": {"angle": -22.5, "axis": "x", "origin": [8, 0.77529, 26.5804]},
			"faces": {
				"north": {"uv": [8, 1, 9, 1.5], "texture": "#0"},
				"east": {"uv": [8, 1.5, 9, 2], "texture": "#0"},
				"south": {"uv": [8, 2, 9, 2.5], "texture": "#0"},
				"west": {"uv": [8, 2.5, 9, 3], "texture": "#0"},
				"up": {"uv": [6, 7.5, 5, 6.5], "texture": "#0"},
				"down": {"uv": [8, 0, 7, 1], "texture": "#0"}
			}
		},
		{
			"from": [7.645, 1.08592, 26.00353],
			"to": [8.355, 1.88467, 26.80228],
			"rotation": {"angle": -22.5, "axis": "x", "origin": [8, 1.48529, 27.2904]},
			"faces": {
				"north": {"uv": [9, 4, 9.5, 4.5], "texture": "#0"},
				"east": {"uv": [9, 4.5, 9.5, 5], "texture": "#0"},
				"south": {"uv": [5, 9, 5.5, 9.5], "texture": "#0"},
				"west": {"uv": [9, 5, 9.5, 5.5], "texture": "#0"},
				"up": {"uv": [6, 9.5, 5.5, 9], "texture": "#0"},
				"down": {"uv": [9.5, 5.5, 9, 6], "texture": "#0"}
			}
		},
		{
			"from": [21.20125, 1.42, -2.41125],
			"to": [22.79875, 4.615, -0.81375],
			"rotation": {"angle": 22.5, "axis": "x", "origin": [22, 3.0175, -1.6125]},
			"faces": {
				"north": {"uv": [0, 2, 1, 4.5], "texture": "#0"},
				"east": {"uv": [1, 2, 2, 4.5], "texture": "#0"},
				"south": {"uv": [2, 2, 3, 4.5], "texture": "#0"},
				"west": {"uv": [3, 0, 4, 2.5], "texture": "#0"},
				"up": {"uv": [4, 7, 3, 6], "texture": "#0"},
				"down": {"uv": [5, 6, 4, 7], "texture": "#0"}
			}
		},
		{
			"from": [22.1775, 3.0175, -2.5],
			"to": [22.62125, 4.0825, -1.87875],
			"rotation": {"angle": 22.5, "axis": "x", "origin": [22, 3.0175, -1.6125]},
			"faces": {
				"north": {"uv": [4.5, 8.5, 5, 9.5], "texture": "#0"},
				"east": {"uv": [9, 1, 9.5, 2], "texture": "#0"},
				"south": {"uv": [2, 9, 2.5, 10], "texture": "#0"},
				"west": {"uv": [9, 2, 9.5, 3], "texture": "#0"},
				"up": {"uv": [10, 6, 9.5, 5.5], "texture": "#0"},
				"down": {"uv": [6.5, 9.5, 6, 10], "texture": "#0"}
			}
		},
		{
			"from": [21.37875, 3.0175, -2.5],
			"to": [21.8225, 4.0825, -1.87875],
			"rotation": {"angle": 22.5, "axis": "x", "origin": [22, 3.0175, -1.6125]},
			"faces": {
				"north": {"uv": [2.5, 9, 3, 10], "texture": "#0"},
				"east": {"uv": [3, 9, 3.5, 10], "texture": "#0"},
				"south": {"uv": [9, 3, 9.5, 4], "texture": "#0"},
				"west": {"uv": [3.5, 9, 4, 10], "texture": "#0"},
				"up": {"uv": [10, 6.5, 9.5, 6], "texture": "#0"},
				"down": {"uv": [7, 9.5, 6.5, 10], "texture": "#0"}
			}
		},
		{
			"from": [21.29, -0.75239, -3.44551],
			"to": [22.71, 1.73261, -2.55801],
			"rotation": {"angle": 45, "axis": "x", "origin": [22, 0.84511, -2.29176]},
			"faces": {
				"north": {"uv": [4, 2, 5, 4], "texture": "#0"},
				"east": {"uv": [0, 7.5, 0.5, 9.5], "texture": "#0"},
				"south": {"uv": [4, 4, 5, 6], "texture": "#0"},
				"west": {"uv": [0.5, 7.5, 1, 9.5], "texture": "#0"},
				"up": {"uv": [7, 9, 6, 8.5], "texture": "#0"},
				"down": {"uv": [8, 8.5, 7, 9], "texture": "#0"}
			}
		},
		{
			"from": [21.37875, 0.47488, -4.99733],
			"to": [22.44375, 1.18488, -3.57733],
			"rotation": {"angle": 22.5, "axis": "x", "origin": [21.91125, 0.74113, -4.81983]},
			"faces": {
				"north": {"uv": [8, 8.5, 9, 9], "texture": "#0"},
				"east": {"uv": [9, 0, 10, 0.5], "texture": "#0"},
				"south": {"uv": [9, 0.5, 10, 1], "texture": "#0"},
				"west": {"uv": [1, 9, 2, 9.5], "texture": "#0"},
				"up": {"uv": [2, 8.5, 1, 7.5], "texture": "#0"},
				"down": {"uv": [3, 7.5, 2, 8.5], "texture": "#0"}
			}
		},
		{
			"from": [21.55625, 0.74113, -5.44108],
			"to": [22.26625, 1.71738, -4.90858],
			"rotation": {"angle": -22.5, "axis": "x", "origin": [21.91125, 1.98363, -5.17483]},
			"faces": {
				"north": {"uv": [9.5, 1.5, 10, 2], "texture": "#0"},
				"east": {"uv": [9.5, 2, 10, 2.5], "texture": "#0"},
				"south": {"uv": [9.5, 2.5, 10, 3], "texture": "#0"},
				"west": {"uv": [9.5, 3, 10, 3.5], "texture": "#0"},
				"up": {"uv": [10, 4, 9.5, 3.5], "texture": "#0"},
				"down": {"uv": [4.5, 9.5, 4, 10], "texture": "#0"}
			}
		},
		{
			"from": [21.37875, 3.93388, -1.48656],
			"to": [22.71, 6.06388, -0.06656],
			"rotation": {"angle": 45, "axis": "x", "origin": [22, 4.64388, -0.77656]},
			"faces": {
				"north": {"uv": [5, 5, 6, 6.5], "texture": "#0"},
				"east": {"uv": [0, 6, 1, 7.5], "texture": "#0"},
				"south": {"uv": [6, 0, 7, 1.5], "texture": "#0"},
				"west": {"uv": [1, 6, 2, 7.5], "texture": "#0"},
				"up": {"uv": [8, 2, 7, 1], "texture": "#0"},
				"down": {"uv": [8, 2, 7, 3], "texture": "#0"}
			}
		},
		{
			"from": [21.645, 5.79763, -1.39781],
			"to": [22.5325, 6.68513, -0.51031],
			"rotation": {"angle": 45, "axis": "x", "origin": [22, 4.37763, -0.77656]},
			"faces": {
				"north": {"uv": [6, 9, 6.5, 9.5], "texture": "#0"},
				"east": {"uv": [9, 6, 9.5, 6.5], "texture": "#0"},
				"south": {"uv": [6.5, 9, 7, 9.5], "texture": "#0"},
				"west": {"uv": [9, 6.5, 9.5, 7], "texture": "#0"},
				"up": {"uv": [7.5, 9.5, 7, 9], "texture": "#0"},
				"down": {"uv": [9.5, 7, 9, 7.5], "texture": "#0"}
			}
		},
		{
			"from": [21.91125, 6.08726, 0.68205],
			"to": [22.44375, 6.61976, 1.3033],
			"rotation": {"angle": -22.5, "axis": "x", "origin": [22.08875, 5.82101, 1.1258]},
			"faces": {
				"north": {"uv": [9.5, 4, 10, 4.5], "texture": "#0"},
				"east": {"uv": [4.5, 9.5, 5, 10], "texture": "#0"},
				"south": {"uv": [9.5, 4.5, 10, 5], "texture": "#0"},
				"west": {"uv": [5, 9.5, 5.5, 10], "texture": "#0"},
				"up": {"uv": [10, 5.5, 9.5, 5], "texture": "#0"},
				"down": {"uv": [6, 9.5, 5.5, 10], "texture": "#0"}
			}
		},
		{
			"from": [20.58, 0.355, -2.6775],
			"to": [21.645, 2.84, -0.9025],
			"rotation": {"angle": -22.5, "axis": "z", "origin": [21.645, 1.2425, -1.79]},
			"faces": {
				"north": {"uv": [3, 2.5, 4, 4.5], "texture": "#0"},
				"east": {"uv": [0, 0, 1.5, 2], "texture": "#0"},
				"south": {"uv": [4, 0, 5, 2], "texture": "#0"},
				"west": {"uv": [1.5, 0, 3, 2], "texture": "#0"},
				"up": {"uv": [6, 1.5, 5, 0], "texture": "#0"},
				"down": {"uv": [6, 1.5, 5, 3], "texture": "#0"}
			}
		},
		{
			"from": [19.6925, 0, -2.5],
			"to": [21.4675, 0.8875, -1.08],
			"rotation": {"angle": 22.5, "axis": "z", "origin": [20.225, -0.1775, -1.79]},
			"faces": {
				"north": {"uv": [7.5, 3, 9, 3.5], "texture": "#0"},
				"east": {"uv": [3, 8, 4, 8.5], "texture": "#0"},
				"south": {"uv": [7.5, 3.5, 9, 4], "texture": "#0"},
				"west": {"uv": [4, 8, 5, 8.5], "texture": "#0"},
				"up": {"uv": [6.5, 4, 5, 3], "texture": "#0"},
				"down": {"uv": [6.5, 4, 5, 5], "texture": "#0"}
			}
		},
		{
			"from": [18.36125, 0.26625, -2.41125],
			"to": [19.6925, 1.15375, -1.16875],
			"rotation": {"angle": -22.5, "axis": "z", "origin": [18.45, 0.08875, -1.79]},
			"faces": {
				"north": {"uv": [8, 5, 9, 5.5], "texture": "#0"},
				"east": {"uv": [8, 5.5, 9, 6], "texture": "#0"},
				"south": {"uv": [6, 8, 7, 8.5], "texture": "#0"},
				"west": {"uv": [8, 6, 9, 6.5], "texture": "#0"},
				"up": {"uv": [4, 8, 3, 7], "texture": "#0"},
				"down": {"uv": [5, 7, 4, 8], "texture": "#0"}
			}
		},
		{
			"from": [18.095, 0.26625, -2.145],
			"to": [18.805, 1.15375, -1.435],
			"rotation": {"angle": 22.5, "axis": "z", "origin": [17.74, 1.50875, -1.79]},
			"faces": {
				"north": {"uv": [7.5, 9, 8, 9.5], "texture": "#0"},
				"east": {"uv": [9, 7.5, 9.5, 8], "texture": "#0"},
				"south": {"uv": [8, 9, 8.5, 9.5], "texture": "#0"},
				"west": {"uv": [9, 8, 9.5, 8.5], "texture": "#0"},
				"up": {"uv": [9, 9.5, 8.5, 9], "texture": "#0"},
				"down": {"uv": [9.5, 8.5, 9, 9], "texture": "#0"}
			}
		},
		{
			"from": [22.4899, 0.3266, -2.6633],
			"to": [23.4697, 2.6128, -1.0303],
			"rotation": {"angle": 22.5, "axis": "z", "origin": [22.4899, 1.1431, -1.8468]},
			"faces": {
				"north": {"uv": [5, 7.5, 5.5, 9], "texture": "#0"},
				"east": {"uv": [6, 1.5, 7, 3], "texture": "#0"},
				"south": {"uv": [5.5, 7.5, 6, 9], "texture": "#0"},
				"west": {"uv": [2, 6, 3, 7.5], "texture": "#0"},
				"up": {"uv": [4.5, 9.5, 4, 8.5], "texture": "#0"},
				"down": {"uv": [9, 4, 8.5, 5], "texture": "#0"}
			}
		},
		{
			"from": [22.6532, 0, -2.5],
			"to": [24.2862, 0.8165, -1.1936],
			"rotation": {"angle": -22.5, "axis": "z", "origin": [23.7963, -0.1633, -1.8468]},
			"faces": {
				"north": {"uv": [8, 8, 9, 8.5], "texture": "#0"},
				"east": {"uv": [1, 8.5, 2, 9], "texture": "#0"},
				"south": {"uv": [2, 8.5, 3, 9], "texture": "#0"},
				"west": {"uv": [3, 8.5, 4, 9], "texture": "#0"},
				"up": {"uv": [8, 7, 7, 6], "texture": "#0"},
				"down": {"uv": [8, 7, 7, 8], "texture": "#0"}
			}
		},
		{
			"from": [24.2862, 0.24495, -2.41835],
			"to": [25.51095, 1.06145, -1.27525],
			"rotation": {"angle": 22.5, "axis": "z", "origin": [25.4293, 0.08165, -1.8468]},
			"faces": {
				"north": {"uv": [8, 6.5, 9, 7], "texture": "#0"},
				"east": {"uv": [6, 6, 7, 6.5], "texture": "#0"},
				"south": {"uv": [8, 7, 9, 7.5], "texture": "#0"},
				"west": {"uv": [8, 7.5, 9, 8], "texture": "#0"},
				"up": {"uv": [8, 6, 7, 5], "texture": "#0"},
				"down": {"uv": [7, 7, 6, 8], "texture": "#0"}
			}
		},
		{
			"from": [25.1027, 0.24495, -2.1734],
			"to": [25.7559, 1.06145, -1.5202],
			"rotation": {"angle": -22.5, "axis": "z", "origin": [26.0825, 1.38805, -1.8468]},
			"faces": {
				"north": {"uv": [9, 9, 9.5, 9.5], "texture": "#0"},
				"east": {"uv": [0, 9.5, 0.5, 10], "texture": "#0"},
				"south": {"uv": [0.5, 9.5, 1, 10], "texture": "#0"},
				"west": {"uv": [1, 9.5, 1.5, 10], "texture": "#0"},
				"up": {"uv": [10, 1.5, 9.5, 1], "texture": "#0"},
				"down": {"uv": [2, 9.5, 1.5, 10], "texture": "#0"}
			}
		},
		{
			"from": [21.20125, 0.355, -1.9675],
			"to": [22.79875, 2.485, -0.9025],
			"rotation": {"angle": -22.5, "axis": "x", "origin": [22, 1.9525, -1.9675]},
			"faces": {
				"north": {"uv": [0, 4.5, 1, 6], "texture": "#0"},
				"east": {"uv": [1, 4.5, 2, 6], "texture": "#0"},
				"south": {"uv": [2, 4.5, 3, 6], "texture": "#0"},
				"west": {"uv": [3, 4.5, 4, 6], "texture": "#0"},
				"up": {"uv": [7, 6, 6, 5], "texture": "#0"},
				"down": {"uv": [7, 6, 6, 7], "texture": "#0"}
			}
		},
		{
			"from": [21.29, 0, -1.34625],
			"to": [22.71, 0.79875, 0.1625],
			"rotation": {"angle": 22.5, "axis": "x", "origin": [22, 0.1775, -0.1925]},
			"faces": {
				"north": {"uv": [7.5, 4, 8.5, 4.5], "texture": "#0"},
				"east": {"uv": [7.5, 4.5, 8.5, 5], "texture": "#0"},
				"south": {"uv": [8, 0, 9, 0.5], "texture": "#0"},
				"west": {"uv": [8, 0.5, 9, 1], "texture": "#0"},
				"up": {"uv": [7.5, 4, 6.5, 3], "texture": "#0"},
				"down": {"uv": [7.5, 4, 6.5, 5], "texture": "#0"}
			}
		},
		{
			"from": [21.4675, 0.37592, -0.20647],
			"to": [22.5325, 1.17467, 0.94728],
			"rotation": {"angle": -22.5, "axis": "x", "origin": [22, 0.77529, 1.0804]},
			"faces": {
				"north": {"uv": [8, 1, 9, 1.5], "texture": "#0"},
				"east": {"uv": [8, 1.5, 9, 2], "texture": "#0"},
				"south": {"uv": [8, 2, 9, 2.5], "texture": "#0"},
				"west": {"uv": [8, 2.5, 9, 3], "texture": "#0"},
				"up": {"uv": [6, 7.5, 5, 6.5], "texture": "#0"},
				"down": {"uv": [8, 0, 7, 1], "texture": "#0"}
			}
		},
		{
			"from": [21.645, 1.08592, 0.50353],
			"to": [22.355, 1.88467, 1.30228],
			"rotation": {"angle": -22.5, "axis": "x", "origin": [22, 1.48529, 1.7904]},
			"faces": {
				"north": {"uv": [9, 4, 9.5, 4.5], "texture": "#0"},
				"east": {"uv": [9, 4.5, 9.5, 5], "texture": "#0"},
				"south": {"uv": [5, 9, 5.5, 9.5], "texture": "#0"},
				"west": {"uv": [9, 5, 9.5, 5.5], "texture": "#0"},
				"up": {"uv": [6, 9.5, 5.5, 9], "texture": "#0"},
				"down": {"uv": [9.5, 5.5, 9, 6], "texture": "#0"}
			}
		},
		{
			"from": [-6.79875, 1.42, -2.41125],
			"to": [-5.20125, 4.615, -0.81375],
			"rotation": {"angle": 22.5, "axis": "x", "origin": [-6, 3.0175, -1.6125]},
			"faces": {
				"north": {"uv": [1, 2, 0, 4.5], "texture": "#0"},
				"east": {"uv": [4, 0, 3, 2.5], "texture": "#0"},
				"south": {"uv": [3, 2, 2, 4.5], "texture": "#0"},
				"west": {"uv": [2, 2, 1, 4.5], "texture": "#0"},
				"up": {"uv": [3, 7, 4, 6], "texture": "#0"},
				"down": {"uv": [4, 6, 5, 7], "texture": "#0"}
			}
		},
		{
			"from": [-6.62125, 3.0175, -2.5],
			"to": [-6.1775, 4.0825, -1.87875],
			"rotation": {"angle": 22.5, "axis": "x", "origin": [-6, 3.0175, -1.6125]},
			"faces": {
				"north": {"uv": [5, 8.5, 4.5, 9.5], "texture": "#0"},
				"east": {"uv": [9.5, 2, 9, 3], "texture": "#0"},
				"south": {"uv": [2.5, 9, 2, 10], "texture": "#0"},
				"west": {"uv": [9.5, 1, 9, 2], "texture": "#0"},
				"up": {"uv": [9.5, 6, 10, 5.5], "texture": "#0"},
				"down": {"uv": [6, 9.5, 6.5, 10], "texture": "#0"}
			}
		},
		{
			"from": [-5.8225, 3.0175, -2.5],
			"to": [-5.37875, 4.0825, -1.87875],
			"rotation": {"angle": 22.5, "axis": "x", "origin": [-6, 3.0175, -1.6125]},
			"faces": {
				"north": {"uv": [3, 9, 2.5, 10], "texture": "#0"},
				"east": {"uv": [4, 9, 3.5, 10], "texture": "#0"},
				"south": {"uv": [9.5, 3, 9, 4], "texture": "#0"},
				"west": {"uv": [3.5, 9, 3, 10], "texture": "#0"},
				"up": {"uv": [9.5, 6.5, 10, 6], "texture": "#0"},
				"down": {"uv": [6.5, 9.5, 7, 10], "texture": "#0"}
			}
		},
		{
			"from": [-6.71, -0.75239, -3.44551],
			"to": [-5.29, 1.73261, -2.55801],
			"rotation": {"angle": 45, "axis": "x", "origin": [-6, 0.84511, -2.29176]},
			"faces": {
				"north": {"uv": [5, 2, 4, 4], "texture": "#0"},
				"east": {"uv": [1, 7.5, 0.5, 9.5], "texture": "#0"},
				"south": {"uv": [5, 4, 4, 6], "texture": "#0"},
				"west": {"uv": [0.5, 7.5, 0, 9.5], "texture": "#0"},
				"up": {"uv": [6, 9, 7, 8.5], "texture": "#0"},
				"down": {"uv": [7, 8.5, 8, 9], "texture": "#0"}
			}
		},
		{
			"from": [-6.44375, 0.47488, -4.99733],
			"to": [-5.37875, 1.18488, -3.57733],
			"rotation": {"angle": 22.5, "axis": "x", "origin": [-5.91125, 0.74113, -4.81983]},
			"faces": {
				"north": {"uv": [9, 8.5, 8, 9], "texture": "#0"},
				"east": {"uv": [2, 9, 1, 9.5], "texture": "#0"},
				"south": {"uv": [10, 0.5, 9, 1], "texture": "#0"},
				"west": {"uv": [10, 0, 9, 0.5], "texture": "#0"},
				"up": {"uv": [1, 8.5, 2, 7.5], "texture": "#0"},
				"down": {"uv": [2, 7.5, 3, 8.5], "texture": "#0"}
			}
		},
		{
			"from": [-6.26625, 0.74113, -5.44108],
			"to": [-5.55625, 1.71738, -4.90858],
			"rotation": {"angle": -22.5, "axis": "x", "origin": [-5.91125, 1.98363, -5.17483]},
			"faces": {
				"north": {"uv": [10, 1.5, 9.5, 2], "texture": "#0"},
				"east": {"uv": [10, 3, 9.5, 3.5], "texture": "#0"},
				"south": {"uv": [10, 2.5, 9.5, 3], "texture": "#0"},
				"west": {"uv": [10, 2, 9.5, 2.5], "texture": "#0"},
				"up": {"uv": [9.5, 4, 10, 3.5], "texture": "#0"},
				"down": {"uv": [4, 9.5, 4.5, 10], "texture": "#0"}
			}
		},
		{
			"from": [-6.71, 3.93388, -1.48656],
			"to": [-5.37875, 6.06388, -0.06656],
			"rotation": {"angle": 45, "axis": "x", "origin": [-6, 4.64388, -0.77656]},
			"faces": {
				"north": {"uv": [6, 5, 5, 6.5], "texture": "#0"},
				"east": {"uv": [2, 6, 1, 7.5], "texture": "#0"},
				"south": {"uv": [7, 0, 6, 1.5], "texture": "#0"},
				"west": {"uv": [1, 6, 0, 7.5], "texture": "#0"},
				"up": {"uv": [7, 2, 8, 1], "texture": "#0"},
				"down": {"uv": [7, 2, 8, 3], "texture": "#0"}
			}
		},
		{
			"from": [-6.5325, 5.79763, -1.39781],
			"to": [-5.645, 6.68513, -0.51031],
			"rotation": {"angle": 45, "axis": "x", "origin": [-6, 4.37763, -0.77656]},
			"faces": {
				"north": {"uv": [6.5, 9, 6, 9.5], "texture": "#0"},
				"east": {"uv": [9.5, 6.5, 9, 7], "texture": "#0"},
				"south": {"uv": [7, 9, 6.5, 9.5], "texture": "#0"},
				"west": {"uv": [9.5, 6, 9, 6.5], "texture": "#0"},
				"up": {"uv": [7, 9.5, 7.5, 9], "texture": "#0"},
				"down": {"uv": [9, 7, 9.5, 7.5], "texture": "#0"}
			}
		},
		{
			"from": [-6.44375, 6.08726, 0.68205],
			"to": [-5.91125, 6.61976, 1.3033],
			"rotation": {"angle": -22.5, "axis": "x", "origin": [-6.08875, 5.82101, 1.1258]},
			"faces": {
				"north": {"uv": [10, 4, 9.5, 4.5], "texture": "#0"},
				"east": {"uv": [5.5, 9.5, 5, 10], "texture": "#0"},
				"south": {"uv": [10, 4.5, 9.5, 5], "texture": "#0"},
				"west": {"uv": [5, 9.5, 4.5, 10], "texture": "#0"},
				"up": {"uv": [9.5, 5.5, 10, 5], "texture": "#0"},
				"down": {"uv": [5.5, 9.5, 6, 10], "texture": "#0"}
			}
		},
		{
			"from": [-5.645, 0.355, -2.6775],
			"to": [-4.58, 2.84, -0.9025],
			"rotation": {"angle": 22.5, "axis": "z", "origin": [-5.645, 1.2425, -1.79]},
			"faces": {
				"north": {"uv": [4, 2.5, 3, 4.5], "texture": "#0"},
				"east": {"uv": [3, 0, 1.5, 2], "texture": "#0"},
				"south": {"uv": [5, 0, 4, 2], "texture": "#0"},
				"west": {"uv": [1.5, 0, 0, 2], "texture": "#0"},
				"up": {"uv": [5, 1.5, 6, 0], "texture": "#0"},
				"down": {"uv": [5, 1.5, 6, 3], "texture": "#0"}
			}
		},
		{
			"from": [-5.4675, 0, -2.5],
			"to": [-3.6925, 0.8875, -1.08],
			"rotation": {"angle": -22.5, "axis": "z", "origin": [-4.225, -0.1775, -1.79]},
			"faces": {
				"north": {"uv": [9, 3, 7.5, 3.5], "texture": "#0"},
				"east": {"uv": [5, 8, 4, 8.5], "texture": "#0"},
				"south": {"uv": [9, 3.5, 7.5, 4], "texture": "#0"},
				"west": {"uv": [4, 8, 3, 8.5], "texture": "#0"},
				"up": {"uv": [5, 4, 6.5, 3], "texture": "#0"},
				"down": {"uv": [5, 4, 6.5, 5], "texture": "#0"}
			}
		},
		{
			"from": [-3.6925, 0.26625, -2.41125],
			"to": [-2.36125, 1.15375, -1.16875],
			"rotation": {"angle": 22.5, "axis": "z", "origin": [-2.45, 0.08875, -1.79]},
			"faces": {
				"north": {"uv": [9, 5, 8, 5.5], "texture": "#0"},
				"east": {"uv": [9, 6, 8, 6.5], "texture": "#0"},
				"south": {"uv": [7, 8, 6, 8.5], "texture": "#0"},
				"west": {"uv": [9, 5.5, 8, 6], "texture": "#0"},
				"up": {"uv": [3, 8, 4, 7], "texture": "#0"},
				"down": {"uv": [4, 7, 5, 8], "texture": "#0"}
			}
		},
		{
			"from": [-2.805, 0.26625, -2.145],
			"to": [-2.095, 1.15375, -1.435],
			"rotation": {"angle": -22.5, "axis": "z", "origin": [-1.74, 1.50875, -1.79]},
			"faces": {
				"north": {"uv": [8, 9, 7.5, 9.5], "texture": "#0"},
				"east": {"uv": [9.5, 8, 9, 8.5], "texture": "#0"},
				"south": {"uv": [8.5, 9, 8, 9.5], "texture": "#0"},
				"west": {"uv": [9.5, 7.5, 9, 8], "texture": "#0"},
				"up": {"uv": [8.5, 9.5, 9, 9], "texture": "#0"},
				"down": {"uv": [9, 8.5, 9.5, 9], "texture": "#0"}
			}
		},
		{
			"from": [-7.4697, 0.3266, -2.6633],
			"to": [-6.4899, 2.6128, -1.0303],
			"rotation": {"angle": -22.5, "axis": "z", "origin": [-6.4899, 1.1431, -1.8468]},
			"faces": {
				"north": {"uv": [5.5, 7.5, 5, 9], "texture": "#0"},
				"east": {"uv": [3, 6, 2, 7.5], "texture": "#0"},
				"south": {"uv": [6, 7.5, 5.5, 9], "texture": "#0"},
				"west": {"uv": [7, 1.5, 6, 3], "texture": "#0"},
				"up": {"uv": [4, 9.5, 4.5, 8.5], "texture": "#0"},
				"down": {"uv": [8.5, 4, 9, 5], "texture": "#0"}
			}
		},
		{
			"from": [-8.2862, 0, -2.5],
			"to": [-6.6532, 0.8165, -1.1936],
			"rotation": {"angle": 22.5, "axis": "z", "origin": [-7.7963, -0.1633, -1.8468]},
			"faces": {
				"north": {"uv": [9, 8, 8, 8.5], "texture": "#0"},
				"east": {"uv": [4, 8.5, 3, 9], "texture": "#0"},
				"south": {"uv": [3, 8.5, 2, 9], "texture": "#0"},
				"west": {"uv": [2, 8.5, 1, 9], "texture": "#0"},
				"up": {"uv": [7, 7, 8, 6], "texture": "#0"},
				"down": {"uv": [7, 7, 8, 8], "texture": "#0"}
			}
		},
		{
			"from": [-9.51095, 0.24495, -2.41835],
			"to": [-8.2862, 1.06145, -1.27525],
			"rotation": {"angle": -22.5, "axis": "z", "origin": [-9.4293, 0.08165, -1.8468]},
			"faces": {
				"north": {"uv": [9, 6.5, 8, 7], "texture": "#0"},
				"east": {"uv": [9, 7.5, 8, 8], "texture": "#0"},
				"south": {"uv": [9, 7, 8, 7.5], "texture": "#0"},
				"west": {"uv": [7, 6, 6, 6.5], "texture": "#0"},
				"up": {"uv": [7, 6, 8, 5], "texture": "#0"},
				"down": {"uv": [6, 7, 7, 8], "texture": "#0"}
			}
		},
		{
			"from": [-9.7559, 0.24495, -2.1734],
			"to": [-9.1027, 1.06145, -1.5202],
			"rotation": {"angle": 22.5, "axis": "z", "origin": [-10.0825, 1.38805, -1.8468]},
			"faces": {
				"north": {"uv": [9.5, 9, 9, 9.5], "texture": "#0"},
				"east": {"uv": [1.5, 9.5, 1, 10], "texture": "#0"},
				"south": {"uv": [1, 9.5, 0.5, 10], "texture": "#0"},
				"west": {"uv": [0.5, 9.5, 0, 10], "texture": "#0"},
				"up": {"uv": [9.5, 1.5, 10, 1], "texture": "#0"},
				"down": {"uv": [1.5, 9.5, 2, 10], "texture": "#0"}
			}
		},
		{
			"from": [-6.79875, 0.355, -1.9675],
			"to": [-5.20125, 2.485, -0.9025],
			"rotation": {"angle": -22.5, "axis": "x", "origin": [-6, 1.9525, -1.9675]},
			"faces": {
				"north": {"uv": [1, 4.5, 0, 6], "texture": "#0"},
				"east": {"uv": [4, 4.5, 3, 6], "texture": "#0"},
				"south": {"uv": [3, 4.5, 2, 6], "texture": "#0"},
				"west": {"uv": [2, 4.5, 1, 6], "texture": "#0"},
				"up": {"uv": [6, 6, 7, 5], "texture": "#0"},
				"down": {"uv": [6, 6, 7, 7], "texture": "#0"}
			}
		},
		{
			"from": [-6.71, 0, -1.34625],
			"to": [-5.29, 0.79875, 0.1625],
			"rotation": {"angle": 22.5, "axis": "x", "origin": [-6, 0.1775, -0.1925]},
			"faces": {
				"north": {"uv": [8.5, 4, 7.5, 4.5], "texture": "#0"},
				"east": {"uv": [9, 0.5, 8, 1], "texture": "#0"},
				"south": {"uv": [9, 0, 8, 0.5], "texture": "#0"},
				"west": {"uv": [8.5, 4.5, 7.5, 5], "texture": "#0"},
				"up": {"uv": [6.5, 4, 7.5, 3], "texture": "#0"},
				"down": {"uv": [6.5, 4, 7.5, 5], "texture": "#0"}
			}
		},
		{
			"from": [-6.5325, 0.37592, -0.20647],
			"to": [-5.4675, 1.17467, 0.94728],
			"rotation": {"angle": -22.5, "axis": "x", "origin": [-6, 0.77529, 1.0804]},
			"faces": {
				"north": {"uv": [9, 1, 8, 1.5], "texture": "#0"},
				"east": {"uv": [9, 2.5, 8, 3], "texture": "#0"},
				"south": {"uv": [9, 2, 8, 2.5], "texture": "#0"},
				"west": {"uv": [9, 1.5, 8, 2], "texture": "#0"},
				"up": {"uv": [5, 7.5, 6, 6.5], "texture": "#0"},
				"down": {"uv": [7, 0, 8, 1], "texture": "#0"}
			}
		},
		{
			"from": [-6.355, 1.08592, 0.50353],
			"to": [-5.645, 1.88467, 1.30228],
			"rotation": {"angle": -22.5, "axis": "x", "origin": [-6, 1.48529, 1.7904]},
			"faces": {
				"north": {"uv": [9.5, 4, 9, 4.5], "texture": "#0"},
				"east": {"uv": [9.5, 5, 9, 5.5], "texture": "#0"},
				"south": {"uv": [5.5, 9, 5, 9.5], "texture": "#0"},
				"west": {"uv": [9.5, 4.5, 9, 5], "texture": "#0"},
				"up": {"uv": [5.5, 9.5, 6, 9], "texture": "#0"},
				"down": {"uv": [9, 5.5, 9.5, 6], "texture": "#0"}
			}
		}
	],
	"display": {
		"thirdperson_righthand": {
			"rotation": [-8, 112, 0],
			"translation": [0, 4, -0.25],
			"scale": [0.6, 0.6, 0.6]
		},
		"thirdperson_lefthand": {
			"rotation": [-8, 112, 0],
			"translation": [0, 4, -0.25],
			"scale": [0.6, 0.6, 0.6]
		},
		"firstperson_righthand": {
			"rotation": [0, 152, 0],
			"translation": [-1.5, 6.75, 2.75],
			"scale": [0.65, 0.65, 0.65]
		},
		"firstperson_lefthand": {
			"rotation": [0, 152, 0],
			"translation": [-1.5, 6, 2.75],
			"scale": [0.29, 0.29, 0.29]
		},
		"ground": {
			"translation": [0, 8.25, -1],
			"scale": [1.64, 1.64, 1.64]
		},
		"gui": {
			"rotation": [7, 168, 0],
			"translation": [0, 3.75, 0],
			"scale": [1.38, 1.38, 1.38]
		},
		"fixed": {
			"rotation": [-20, 0, 0],
			"translation": [0, 3, -3]
		}
	}
}