{
	"credit": "Made with Blockbench",
	"texture_size": [64, 64],
	"textures": {
		"0": "item/items/item07",
		"particle": "item/items/item07"
	},
	"elements": [
		{
			"from": [6.6828, 0, 23.1574],
			"to": [9.3172, 2.3051, 26.8426],
			"rotation": {"angle": 0, "axis": "y", "origin": [2.7312, 0, 19.7312]},
			"faces": {
				"north": {"uv": [3, 6.75, 4, 7.5], "texture": "#0"},
				"east": {"uv": [5.25, 5.5, 6.5, 6.25], "texture": "#0"},
				"south": {"uv": [0, 7, 1, 7.75], "texture": "#0"},
				"west": {"uv": [6.25, 2.5, 7.5, 3.25], "texture": "#0"},
				"up": {"uv": [5.5, 5.5, 4.5, 4.25], "texture": "#0"},
				"down": {"uv": [3.5, 5.25, 2.5, 6.5], "texture": "#0"}
			}
		},
		{
			"from": [6.10653, 0.24698, 22.58113],
			"to": [9.89348, 1.81115, 27.41888],
			"rotation": {"angle": 0, "axis": "y", "origin": [2.7312, 0, 19.7312]},
			"faces": {
				"north": {"uv": [5.5, 8, 6.75, 8.5], "texture": "#0"},
				"east": {"uv": [7, 1.5, 8.75, 2], "texture": "#0"},
				"south": {"uv": [6.75, 8, 8, 8.5], "texture": "#0"},
				"west": {"uv": [7, 2, 8.75, 2.5], "texture": "#0"},
				"up": {"uv": [4.25, 4.25, 3, 2.5], "texture": "#0"},
				"down": {"uv": [5.5, 2.5, 4.25, 4.25], "texture": "#0"}
			}
		},
		{
			"from": [4.855, 1.295, 21.2075],
			"to": [11.145, 2.4975, 28.7925],
			"rotation": {"angle": 0, "axis": "y", "origin": [2.08, 0, 19.08]},
			"faces": {
				"north": {"uv": [5.5, 0, 7.75, 0.5], "texture": "#0"},
				"east": {"uv": [4.5, 1.5, 7, 2], "texture": "#0"},
				"south": {"uv": [5.5, 0.5, 7.75, 1], "texture": "#0"},
				"west": {"uv": [4.5, 2, 7, 2.5], "texture": "#0"},
				"up": {"uv": [2.25, 2.5, 0, 0], "texture": "#0"},
				"down": {"uv": [4.5, 0, 2.25, 2.5], "texture": "#0"}
			}
		},
		{
			"from": [6.6828, 0.08233, 22.1695],
			"to": [9.3172, 2.05813, 24.06298],
			"rotation": {"angle": 45, "axis": "x", "origin": [8, 1.15255, 23.4867]},
			"faces": {
				"north": {"uv": [5, 7, 6, 7.75], "texture": "#0"},
				"east": {"uv": [1, 8, 1.75, 8.75], "texture": "#0"},
				"south": {"uv": [1, 7.25, 2, 8], "texture": "#0"},
				"west": {"uv": [8, 8, 8.75, 8.75], "texture": "#0"},
				"up": {"uv": [7, 8, 6, 7.25], "texture": "#0"},
				"down": {"uv": [8.25, 6, 7.25, 6.75], "texture": "#0"}
			}
		},
		{
			"from": [6.6828, 0.08233, 25.93703],
			"to": [9.3172, 2.05813, 27.8305],
			"rotation": {"angle": -45, "axis": "x", "origin": [8, 1.15255, 26.5133]},
			"faces": {
				"north": {"uv": [7.25, 6.75, 8.25, 7.5], "texture": "#0"},
				"east": {"uv": [3, 8.25, 3.75, 9], "texture": "#0"},
				"south": {"uv": [7.5, 2.5, 8.5, 3.25], "texture": "#0"},
				"west": {"uv": [3.75, 8.25, 4.5, 9], "texture": "#0"},
				"up": {"uv": [4, 8.25, 3, 7.5], "texture": "#0"},
				"down": {"uv": [8.5, 3.25, 7.5, 4], "texture": "#0"}
			}
		},
		{
			"from": [5.61258, 0.3293, 23.1574],
			"to": [7.50605, 2.3051, 26.8426],
			"rotation": {"angle": -45, "axis": "z", "origin": [6.6828, 1.15255, 25]},
			"faces": {
				"north": {"uv": [4.5, 8.25, 5.25, 9], "texture": "#0"},
				"east": {"uv": [6.25, 3.25, 7.5, 4], "texture": "#0"},
				"south": {"uv": [8.25, 6, 9, 6.75], "texture": "#0"},
				"west": {"uv": [5.25, 6.25, 6.5, 7], "texture": "#0"},
				"up": {"uv": [2.25, 7.25, 1.5, 6], "texture": "#0"},
				"down": {"uv": [3, 6.5, 2.25, 7.75], "texture": "#0"}
			}
		},
		{
			"from": [8.49395, 0.3293, 23.1574],
			"to": [10.38743, 2.3051, 26.8426],
			"rotation": {"angle": 45, "axis": "z", "origin": [9.3172, 1.15255, 25]},
			"faces": {
				"north": {"uv": [8.25, 6.75, 9, 7.5], "texture": "#0"},
				"east": {"uv": [6.5, 4.5, 7.75, 5.25], "texture": "#0"},
				"south": {"uv": [0, 8.5, 0.75, 9.25], "texture": "#0"},
				"west": {"uv": [6.5, 5.25, 7.75, 6], "texture": "#0"},
				"up": {"uv": [5, 7.75, 4.25, 6.5], "texture": "#0"},
				"down": {"uv": [7.25, 6, 6.5, 7.25], "texture": "#0"}
			}
		},
		{
			"from": [5.8725, 1.665, 22.225],
			"to": [10.1275, 3.4225, 27.775],
			"rotation": {"angle": 0, "axis": "y", "origin": [2.08, 3.7, 19.08]},
			"faces": {
				"north": {"uv": [7.5, 1, 9, 1.5], "texture": "#0"},
				"east": {"uv": [5.5, 1, 7.5, 1.5], "texture": "#0"},
				"south": {"uv": [7.5, 4, 9, 4.5], "texture": "#0"},
				"west": {"uv": [5.5, 4, 7.5, 4.5], "texture": "#0"},
				"up": {"uv": [1.5, 4.5, 0, 2.5], "texture": "#0"},
				"down": {"uv": [3, 2.5, 1.5, 4.5], "texture": "#0"}
			}
		},
		{
			"from": [8.555, 2.22, 22.8725],
			"to": [10.6825, 3.33, 27.1275],
			"rotation": {"angle": -45, "axis": "z", "origin": [9.48, 2.405, 25]},
			"faces": {
				"north": {"uv": [8.75, 1.5, 9.5, 2], "texture": "#0"},
				"east": {"uv": [7, 7.5, 8.5, 8], "texture": "#0"},
				"south": {"uv": [8.75, 2, 9.5, 2.5], "texture": "#0"},
				"west": {"uv": [7.75, 0, 9.25, 0.5], "texture": "#0"},
				"up": {"uv": [4.25, 6.75, 3.5, 5.25], "texture": "#0"},
				"down": {"uv": [0.75, 5.5, 0, 7], "texture": "#0"}
			}
		},
		{
			"from": [8.555, 2.22, 24.7225],
			"to": [10.6825, 3.4225, 26.7575],
			"rotation": {"angle": -45, "axis": "z", "origin": [9.48, 2.405, 25]},
			"faces": {
				"north": {"uv": [8.75, 4.5, 9.5, 5], "texture": "#0"},
				"east": {"uv": [8.75, 5, 9.5, 5.5], "texture": "#0"},
				"south": {"uv": [8.75, 5.5, 9.5, 6], "texture": "#0"},
				"west": {"uv": [8, 8.75, 8.75, 9.25], "texture": "#0"},
				"up": {"uv": [2.5, 9.25, 1.75, 8.5], "texture": "#0"},
				"down": {"uv": [9.25, 2.5, 8.5, 3.25], "texture": "#0"}
			}
		},
		{
			"from": [8.6475, 2.22, 23.0575],
			"to": [10.22, 3.4225, 24.5375],
			"rotation": {"angle": -45, "axis": "z", "origin": [9.48, 2.405, 25]},
			"faces": {
				"north": {"uv": [3, 9.5, 3.5, 10], "texture": "#0"},
				"east": {"uv": [3.5, 9.5, 4, 10], "texture": "#0"},
				"south": {"uv": [4, 9.5, 4.5, 10], "texture": "#0"},
				"west": {"uv": [4.5, 9.5, 5, 10], "texture": "#0"},
				"up": {"uv": [10, 5, 9.5, 4.5], "texture": "#0"},
				"down": {"uv": [10, 5, 9.5, 5.5], "texture": "#0"}
			}
		},
		{
			"from": [5.3175, 2.22, 23.6125],
			"to": [7.445, 3.4225, 25.6475],
			"rotation": {"angle": 45, "axis": "z", "origin": [6.52, 2.405, 25]},
			"faces": {
				"north": {"uv": [8.75, 8, 9.5, 8.5], "texture": "#0"},
				"east": {"uv": [8.75, 8.5, 9.5, 9], "texture": "#0"},
				"south": {"uv": [9, 1, 9.75, 1.5], "texture": "#0"},
				"west": {"uv": [2.5, 9, 3.25, 9.5], "texture": "#0"},
				"up": {"uv": [9.25, 4, 8.5, 3.25], "texture": "#0"},
				"down": {"uv": [6, 8.5, 5.25, 9.25], "texture": "#0"}
			}
		},
		{
			"from": [7.05119, 2.55498, 23.15],
			"to": [8.43869, 3.75748, 24.445],
			"rotation": {"angle": 0, "axis": "z", "origin": [9.87244, 2.60123, 23.89]},
			"faces": {
				"north": {"uv": [2.5, 4.5, 3, 5], "texture": "#0"},
				"east": {"uv": [2.5, 8.5, 3, 9], "texture": "#0"},
				"south": {"uv": [4.75, 9, 5.25, 9.5], "texture": "#0"},
				"west": {"uv": [6.75, 9, 7.25, 9.5], "texture": "#0"},
				"up": {"uv": [9.5, 7.5, 9, 7], "texture": "#0"},
				"down": {"uv": [7.75, 9, 7.25, 9.5], "texture": "#0"}
			}
		},
		{
			"from": [6.68119, 2.55498, 25.6475],
			"to": [7.88369, 3.75748, 26.7575],
			"rotation": {"angle": 0, "axis": "z", "origin": [9.87244, 2.60123, 23.89]},
			"faces": {
				"north": {"uv": [8.75, 9, 9.25, 9.5], "texture": "#0"},
				"east": {"uv": [0, 9.25, 0.5, 9.75], "texture": "#0"},
				"south": {"uv": [9.25, 0, 9.75, 0.5], "texture": "#0"},
				"west": {"uv": [0.5, 9.25, 1, 9.75], "texture": "#0"},
				"up": {"uv": [9.75, 1, 9.25, 0.5], "texture": "#0"},
				"down": {"uv": [1.5, 9.25, 1, 9.75], "texture": "#0"}
			}
		},
		{
			"from": [7.88369, 2.55498, 24.63],
			"to": [9.27119, 3.75748, 25.925],
			"rotation": {"angle": 0, "axis": "z", "origin": [9.87244, 2.60123, 23.89]},
			"faces": {
				"north": {"uv": [9.5, 5.5, 10, 6], "texture": "#0"},
				"east": {"uv": [5.75, 9.5, 6.25, 10], "texture": "#0"},
				"south": {"uv": [6.25, 9.5, 6.75, 10], "texture": "#0"},
				"west": {"uv": [6.75, 9.5, 7.25, 10], "texture": "#0"},
				"up": {"uv": [10, 7.5, 9.5, 7], "texture": "#0"},
				"down": {"uv": [7.75, 9.5, 7.25, 10], "texture": "#0"}
			}
		},
		{
			"from": [6.52, 2.4975, 21.7625],
			"to": [9.48, 3.6075, 23.89],
			"rotation": {"angle": -45, "axis": "x", "origin": [8, 2.405, 23.2425]},
			"faces": {
				"north": {"uv": [6, 8.5, 7, 9], "texture": "#0"},
				"east": {"uv": [3.25, 9, 4, 9.5], "texture": "#0"},
				"south": {"uv": [7, 8.5, 8, 9], "texture": "#0"},
				"west": {"uv": [4, 9, 4.75, 9.5], "texture": "#0"},
				"up": {"uv": [1, 8.5, 0, 7.75], "texture": "#0"},
				"down": {"uv": [3, 7.75, 2, 8.5], "texture": "#0"}
			}
		},
		{
			"from": [7.5375, 2.4975, 22.225],
			"to": [9.2025, 3.7, 23.7975],
			"rotation": {"angle": -45, "axis": "x", "origin": [8, 2.405, 23.2425]},
			"faces": {
				"north": {"uv": [1.5, 9.25, 2, 9.75], "texture": "#0"},
				"east": {"uv": [2, 9.25, 2.5, 9.75], "texture": "#0"},
				"south": {"uv": [9.25, 2.5, 9.75, 3], "texture": "#0"},
				"west": {"uv": [9.25, 3, 9.75, 3.5], "texture": "#0"},
				"up": {"uv": [9.75, 4, 9.25, 3.5], "texture": "#0"},
				"down": {"uv": [5.75, 9.25, 5.25, 9.75], "texture": "#0"}
			}
		},
		{
			"from": [7.1675, 2.4975, 26.2025],
			"to": [8.8325, 3.7, 27.775],
			"rotation": {"angle": 45, "axis": "x", "origin": [8, 2.405, 26.7575]},
			"faces": {
				"north": {"uv": [7.75, 9.25, 8.25, 9.75], "texture": "#0"},
				"east": {"uv": [8.25, 9.25, 8.75, 9.75], "texture": "#0"},
				"south": {"uv": [9.25, 9, 9.75, 9.5], "texture": "#0"},
				"west": {"uv": [9.5, 1.5, 10, 2], "texture": "#0"},
				"up": {"uv": [10, 2.5, 9.5, 2], "texture": "#0"},
				"down": {"uv": [3, 9.5, 2.5, 10], "texture": "#0"}
			}
		},
		{
			"from": [6.52, 1.11, 22.8725],
			"to": [9.48, 3.7, 27.1275],
			"rotation": {"angle": 0, "axis": "y", "origin": [2.08, 3.7, 19.08]},
			"faces": {
				"north": {"uv": [4.25, 5.5, 5.25, 6.5], "texture": "#0"},
				"east": {"uv": [3, 4.25, 4.5, 5.25], "texture": "#0"},
				"south": {"uv": [5.5, 4.5, 6.5, 5.5], "texture": "#0"},
				"west": {"uv": [0, 4.5, 1.5, 5.5], "texture": "#0"},
				"up": {"uv": [5.5, 1.5, 4.5, 0], "texture": "#0"},
				"down": {"uv": [2.5, 4.5, 1.5, 6], "texture": "#0"}
			}
		},
		{
			"from": [5.3175, 2.22, 22.8725],
			"to": [7.445, 3.33, 27.1275],
			"rotation": {"angle": 45, "axis": "z", "origin": [6.52, 2.405, 25]},
			"faces": {
				"north": {"uv": [9, 4, 9.75, 4.5], "texture": "#0"},
				"east": {"uv": [7.75, 0.5, 9.25, 1], "texture": "#0"},
				"south": {"uv": [6, 9, 6.75, 9.5], "texture": "#0"},
				"west": {"uv": [4, 7.75, 5.5, 8.25], "texture": "#0"},
				"up": {"uv": [1.5, 7, 0.75, 5.5], "texture": "#0"},
				"down": {"uv": [6.25, 2.5, 5.5, 4], "texture": "#0"}
			}
		},
		{
			"from": [6.52, 2.4975, 26.11],
			"to": [9.48, 3.6075, 28.2375],
			"rotation": {"angle": 45, "axis": "x", "origin": [8, 2.405, 26.7575]},
			"faces": {
				"north": {"uv": [8.5, 7.5, 9.5, 8], "texture": "#0"},
				"east": {"uv": [9, 6, 9.75, 6.5], "texture": "#0"},
				"south": {"uv": [0.75, 8.75, 1.75, 9.25], "texture": "#0"},
				"west": {"uv": [9, 6.5, 9.75, 7], "texture": "#0"},
				"up": {"uv": [8.75, 5.25, 7.75, 4.5], "texture": "#0"},
				"down": {"uv": [8.75, 5.25, 7.75, 6], "texture": "#0"}
			}
		},
		{
			"from": [21.6828, 0, -3.8426],
			"to": [24.3172, 2.3051, -0.1574],
			"rotation": {"angle": 0, "axis": "y", "origin": [17.7312, 0, -7.2688]},
			"faces": {
				"north": {"uv": [3, 6.75, 4, 7.5], "texture": "#0"},
				"east": {"uv": [5.25, 5.5, 6.5, 6.25], "texture": "#0"},
				"south": {"uv": [0, 7, 1, 7.75], "texture": "#0"},
				"west": {"uv": [6.25, 2.5, 7.5, 3.25], "texture": "#0"},
				"up": {"uv": [5.5, 5.5, 4.5, 4.25], "texture": "#0"},
				"down": {"uv": [3.5, 5.25, 2.5, 6.5], "texture": "#0"}
			}
		},
		{
			"from": [21.10653, 0.24698, -4.41887],
			"to": [24.89348, 1.81115, 0.41887],
			"rotation": {"angle": 0, "axis": "y", "origin": [17.7312, 0, -7.2688]},
			"faces": {
				"north": {"uv": [5.5, 8, 6.75, 8.5], "texture": "#0"},
				"east": {"uv": [7, 1.5, 8.75, 2], "texture": "#0"},
				"south": {"uv": [6.75, 8, 8, 8.5], "texture": "#0"},
				"west": {"uv": [7, 2, 8.75, 2.5], "texture": "#0"},
				"up": {"uv": [4.25, 4.25, 3, 2.5], "texture": "#0"},
				"down": {"uv": [5.5, 2.5, 4.25, 4.25], "texture": "#0"}
			}
		},
		{
			"from": [19.855, 1.295, -5.7925],
			"to": [26.145, 2.4975, 1.7925],
			"rotation": {"angle": 0, "axis": "y", "origin": [17.08, 0, -7.92]},
			"faces": {
				"north": {"uv": [5.5, 0, 7.75, 0.5], "texture": "#0"},
				"east": {"uv": [4.5, 1.5, 7, 2], "texture": "#0"},
				"south": {"uv": [5.5, 0.5, 7.75, 1], "texture": "#0"},
				"west": {"uv": [4.5, 2, 7, 2.5], "texture": "#0"},
				"up": {"uv": [2.25, 2.5, 0, 0], "texture": "#0"},
				"down": {"uv": [4.5, 0, 2.25, 2.5], "texture": "#0"}
			}
		},
		{
			"from": [21.6828, 0.08233, -4.8305],
			"to": [24.3172, 2.05813, -2.93702],
			"rotation": {"angle": 45, "axis": "x", "origin": [23, 1.15255, -3.5133]},
			"faces": {
				"north": {"uv": [5, 7, 6, 7.75], "texture": "#0"},
				"east": {"uv": [1, 8, 1.75, 8.75], "texture": "#0"},
				"south": {"uv": [1, 7.25, 2, 8], "texture": "#0"},
				"west": {"uv": [8, 8, 8.75, 8.75], "texture": "#0"},
				"up": {"uv": [7, 8, 6, 7.25], "texture": "#0"},
				"down": {"uv": [8.25, 6, 7.25, 6.75], "texture": "#0"}
			}
		},
		{
			"from": [21.6828, 0.08233, -1.06298],
			"to": [24.3172, 2.05813, 0.8305],
			"rotation": {"angle": -45, "axis": "x", "origin": [23, 1.15255, -0.4867]},
			"faces": {
				"north": {"uv": [7.25, 6.75, 8.25, 7.5], "texture": "#0"},
				"east": {"uv": [3, 8.25, 3.75, 9], "texture": "#0"},
				"south": {"uv": [7.5, 2.5, 8.5, 3.25], "texture": "#0"},
				"west": {"uv": [3.75, 8.25, 4.5, 9], "texture": "#0"},
				"up": {"uv": [4, 8.25, 3, 7.5], "texture": "#0"},
				"down": {"uv": [8.5, 3.25, 7.5, 4], "texture": "#0"}
			}
		},
		{
			"from": [20.61258, 0.3293, -3.8426],
			"to": [22.50605, 2.3051, -0.1574],
			"rotation": {"angle": -45, "axis": "z", "origin": [21.6828, 1.15255, -2]},
			"faces": {
				"north": {"uv": [4.5, 8.25, 5.25, 9], "texture": "#0"},
				"east": {"uv": [6.25, 3.25, 7.5, 4], "texture": "#0"},
				"south": {"uv": [8.25, 6, 9, 6.75], "texture": "#0"},
				"west": {"uv": [5.25, 6.25, 6.5, 7], "texture": "#0"},
				"up": {"uv": [2.25, 7.25, 1.5, 6], "texture": "#0"},
				"down": {"uv": [3, 6.5, 2.25, 7.75], "texture": "#0"}
			}
		},
		{
			"from": [23.49395, 0.3293, -3.8426],
			"to": [25.38743, 2.3051, -0.1574],
			"rotation": {"angle": 45, "axis": "z", "origin": [24.3172, 1.15255, -2]},
			"faces": {
				"north": {"uv": [8.25, 6.75, 9, 7.5], "texture": "#0"},
				"east": {"uv": [6.5, 4.5, 7.75, 5.25], "texture": "#0"},
				"south": {"uv": [0, 8.5, 0.75, 9.25], "texture": "#0"},
				"west": {"uv": [6.5, 5.25, 7.75, 6], "texture": "#0"},
				"up": {"uv": [5, 7.75, 4.25, 6.5], "texture": "#0"},
				"down": {"uv": [7.25, 6, 6.5, 7.25], "texture": "#0"}
			}
		},
		{
			"from": [20.8725, 1.665, -4.775],
			"to": [25.1275, 3.4225, 0.775],
			"rotation": {"angle": 0, "axis": "y", "origin": [17.08, 3.7, -7.92]},
			"faces": {
				"north": {"uv": [7.5, 1, 9, 1.5], "texture": "#0"},
				"east": {"uv": [5.5, 1, 7.5, 1.5], "texture": "#0"},
				"south": {"uv": [7.5, 4, 9, 4.5], "texture": "#0"},
				"west": {"uv": [5.5, 4, 7.5, 4.5], "texture": "#0"},
				"up": {"uv": [1.5, 4.5, 0, 2.5], "texture": "#0"},
				"down": {"uv": [3, 2.5, 1.5, 4.5], "texture": "#0"}
			}
		},
		{
			"from": [23.555, 2.22, -4.1275],
			"to": [25.6825, 3.33, 0.1275],
			"rotation": {"angle": -45, "axis": "z", "origin": [24.48, 2.405, -2]},
			"faces": {
				"north": {"uv": [8.75, 1.5, 9.5, 2], "texture": "#0"},
				"east": {"uv": [7, 7.5, 8.5, 8], "texture": "#0"},
				"south": {"uv": [8.75, 2, 9.5, 2.5], "texture": "#0"},
				"west": {"uv": [7.75, 0, 9.25, 0.5], "texture": "#0"},
				"up": {"uv": [4.25, 6.75, 3.5, 5.25], "texture": "#0"},
				"down": {"uv": [0.75, 5.5, 0, 7], "texture": "#0"}
			}
		},
		{
			"from": [23.555, 2.22, -2.2775],
			"to": [25.6825, 3.4225, -0.2425],
			"rotation": {"angle": -45, "axis": "z", "origin": [24.48, 2.405, -2]},
			"faces": {
				"north": {"uv": [8.75, 4.5, 9.5, 5], "texture": "#0"},
				"east": {"uv": [8.75, 5, 9.5, 5.5], "texture": "#0"},
				"south": {"uv": [8.75, 5.5, 9.5, 6], "texture": "#0"},
				"west": {"uv": [8, 8.75, 8.75, 9.25], "texture": "#0"},
				"up": {"uv": [2.5, 9.25, 1.75, 8.5], "texture": "#0"},
				"down": {"uv": [9.25, 2.5, 8.5, 3.25], "texture": "#0"}
			}
		},
		{
			"from": [23.6475, 2.22, -3.9425],
			"to": [25.22, 3.4225, -2.4625],
			"rotation": {"angle": -45, "axis": "z", "origin": [24.48, 2.405, -2]},
			"faces": {
				"north": {"uv": [3, 9.5, 3.5, 10], "texture": "#0"},
				"east": {"uv": [3.5, 9.5, 4, 10], "texture": "#0"},
				"south": {"uv": [4, 9.5, 4.5, 10], "texture": "#0"},
				"west": {"uv": [4.5, 9.5, 5, 10], "texture": "#0"},
				"up": {"uv": [10, 5, 9.5, 4.5], "texture": "#0"},
				"down": {"uv": [10, 5, 9.5, 5.5], "texture": "#0"}
			}
		},
		{
			"from": [20.3175, 2.22, -3.3875],
			"to": [22.445, 3.4225, -1.3525],
			"rotation": {"angle": 45, "axis": "z", "origin": [21.52, 2.405, -2]},
			"faces": {
				"north": {"uv": [8.75, 8, 9.5, 8.5], "texture": "#0"},
				"east": {"uv": [8.75, 8.5, 9.5, 9], "texture": "#0"},
				"south": {"uv": [9, 1, 9.75, 1.5], "texture": "#0"},
				"west": {"uv": [2.5, 9, 3.25, 9.5], "texture": "#0"},
				"up": {"uv": [9.25, 4, 8.5, 3.25], "texture": "#0"},
				"down": {"uv": [6, 8.5, 5.25, 9.25], "texture": "#0"}
			}
		},
		{
			"from": [22.05119, 2.55498, -3.85],
			"to": [23.43869, 3.75748, -2.555],
			"rotation": {"angle": 0, "axis": "z", "origin": [24.87244, 2.60123, -3.11]},
			"faces": {
				"north": {"uv": [2.5, 4.5, 3, 5], "texture": "#0"},
				"east": {"uv": [2.5, 8.5, 3, 9], "texture": "#0"},
				"south": {"uv": [4.75, 9, 5.25, 9.5], "texture": "#0"},
				"west": {"uv": [6.75, 9, 7.25, 9.5], "texture": "#0"},
				"up": {"uv": [9.5, 7.5, 9, 7], "texture": "#0"},
				"down": {"uv": [7.75, 9, 7.25, 9.5], "texture": "#0"}
			}
		},
		{
			"from": [21.68119, 2.55498, -1.3525],
			"to": [22.88369, 3.75748, -0.2425],
			"rotation": {"angle": 0, "axis": "z", "origin": [24.87244, 2.60123, -3.11]},
			"faces": {
				"north": {"uv": [8.75, 9, 9.25, 9.5], "texture": "#0"},
				"east": {"uv": [0, 9.25, 0.5, 9.75], "texture": "#0"},
				"south": {"uv": [9.25, 0, 9.75, 0.5], "texture": "#0"},
				"west": {"uv": [0.5, 9.25, 1, 9.75], "texture": "#0"},
				"up": {"uv": [9.75, 1, 9.25, 0.5], "texture": "#0"},
				"down": {"uv": [1.5, 9.25, 1, 9.75], "texture": "#0"}
			}
		},
		{
			"from": [22.88369, 2.55498, -2.37],
			"to": [24.27119, 3.75748, -1.075],
			"rotation": {"angle": 0, "axis": "z", "origin": [24.87244, 2.60123, -3.11]},
			"faces": {
				"north": {"uv": [9.5, 5.5, 10, 6], "texture": "#0"},
				"east": {"uv": [5.75, 9.5, 6.25, 10], "texture": "#0"},
				"south": {"uv": [6.25, 9.5, 6.75, 10], "texture": "#0"},
				"west": {"uv": [6.75, 9.5, 7.25, 10], "texture": "#0"},
				"up": {"uv": [10, 7.5, 9.5, 7], "texture": "#0"},
				"down": {"uv": [7.75, 9.5, 7.25, 10], "texture": "#0"}
			}
		},
		{
			"from": [21.52, 2.4975, -5.2375],
			"to": [24.48, 3.6075, -3.11],
			"rotation": {"angle": -45, "axis": "x", "origin": [23, 2.405, -3.7575]},
			"faces": {
				"north": {"uv": [6, 8.5, 7, 9], "texture": "#0"},
				"east": {"uv": [3.25, 9, 4, 9.5], "texture": "#0"},
				"south": {"uv": [7, 8.5, 8, 9], "texture": "#0"},
				"west": {"uv": [4, 9, 4.75, 9.5], "texture": "#0"},
				"up": {"uv": [1, 8.5, 0, 7.75], "texture": "#0"},
				"down": {"uv": [3, 7.75, 2, 8.5], "texture": "#0"}
			}
		},
		{
			"from": [22.5375, 2.4975, -4.775],
			"to": [24.2025, 3.7, -3.2025],
			"rotation": {"angle": -45, "axis": "x", "origin": [23, 2.405, -3.7575]},
			"faces": {
				"north": {"uv": [1.5, 9.25, 2, 9.75], "texture": "#0"},
				"east": {"uv": [2, 9.25, 2.5, 9.75], "texture": "#0"},
				"south": {"uv": [9.25, 2.5, 9.75, 3], "texture": "#0"},
				"west": {"uv": [9.25, 3, 9.75, 3.5], "texture": "#0"},
				"up": {"uv": [9.75, 4, 9.25, 3.5], "texture": "#0"},
				"down": {"uv": [5.75, 9.25, 5.25, 9.75], "texture": "#0"}
			}
		},
		{
			"from": [22.1675, 2.4975, -0.7975],
			"to": [23.8325, 3.7, 0.775],
			"rotation": {"angle": 45, "axis": "x", "origin": [23, 2.405, -0.2425]},
			"faces": {
				"north": {"uv": [7.75, 9.25, 8.25, 9.75], "texture": "#0"},
				"east": {"uv": [8.25, 9.25, 8.75, 9.75], "texture": "#0"},
				"south": {"uv": [9.25, 9, 9.75, 9.5], "texture": "#0"},
				"west": {"uv": [9.5, 1.5, 10, 2], "texture": "#0"},
				"up": {"uv": [10, 2.5, 9.5, 2], "texture": "#0"},
				"down": {"uv": [3, 9.5, 2.5, 10], "texture": "#0"}
			}
		},
		{
			"from": [21.52, 1.11, -4.1275],
			"to": [24.48, 3.7, 0.1275],
			"rotation": {"angle": 0, "axis": "y", "origin": [17.08, 3.7, -7.92]},
			"faces": {
				"north": {"uv": [4.25, 5.5, 5.25, 6.5], "texture": "#0"},
				"east": {"uv": [3, 4.25, 4.5, 5.25], "texture": "#0"},
				"south": {"uv": [5.5, 4.5, 6.5, 5.5], "texture": "#0"},
				"west": {"uv": [0, 4.5, 1.5, 5.5], "texture": "#0"},
				"up": {"uv": [5.5, 1.5, 4.5, 0], "texture": "#0"},
				"down": {"uv": [2.5, 4.5, 1.5, 6], "texture": "#0"}
			}
		},
		{
			"from": [20.3175, 2.22, -4.1275],
			"to": [22.445, 3.33, 0.1275],
			"rotation": {"angle": 45, "axis": "z", "origin": [21.52, 2.405, -2]},
			"faces": {
				"north": {"uv": [9, 4, 9.75, 4.5], "texture": "#0"},
				"east": {"uv": [7.75, 0.5, 9.25, 1], "texture": "#0"},
				"south": {"uv": [6, 9, 6.75, 9.5], "texture": "#0"},
				"west": {"uv": [4, 7.75, 5.5, 8.25], "texture": "#0"},
				"up": {"uv": [1.5, 7, 0.75, 5.5], "texture": "#0"},
				"down": {"uv": [6.25, 2.5, 5.5, 4], "texture": "#0"}
			}
		},
		{
			"from": [21.52, 2.4975, -0.89],
			"to": [24.48, 3.6075, 1.2375],
			"rotation": {"angle": 45, "axis": "x", "origin": [23, 2.405, -0.2425]},
			"faces": {
				"north": {"uv": [8.5, 7.5, 9.5, 8], "texture": "#0"},
				"east": {"uv": [9, 6, 9.75, 6.5], "texture": "#0"},
				"south": {"uv": [0.75, 8.75, 1.75, 9.25], "texture": "#0"},
				"west": {"uv": [9, 6.5, 9.75, 7], "texture": "#0"},
				"up": {"uv": [8.75, 5.25, 7.75, 4.5], "texture": "#0"},
				"down": {"uv": [8.75, 5.25, 7.75, 6], "texture": "#0"}
			}
		},
		{
			"from": [-8.3172, 0, -3.8426],
			"to": [-5.6828, 2.3051, -0.1574],
			"rotation": {"angle": 0, "axis": "y", "origin": [-1.7312, 0, -7.2688]},
			"faces": {
				"north": {"uv": [4, 6.75, 3, 7.5], "texture": "#0"},
				"east": {"uv": [7.5, 2.5, 6.25, 3.25], "texture": "#0"},
				"south": {"uv": [1, 7, 0, 7.75], "texture": "#0"},
				"west": {"uv": [6.5, 5.5, 5.25, 6.25], "texture": "#0"},
				"up": {"uv": [4.5, 5.5, 5.5, 4.25], "texture": "#0"},
				"down": {"uv": [2.5, 5.25, 3.5, 6.5], "texture": "#0"}
			}
		},
		{
			"from": [-8.89348, 0.24698, -4.41887],
			"to": [-5.10653, 1.81115, 0.41887],
			"rotation": {"angle": 0, "axis": "y", "origin": [-1.7312, 0, -7.2688]},
			"faces": {
				"north": {"uv": [6.75, 8, 5.5, 8.5], "texture": "#0"},
				"east": {"uv": [8.75, 2, 7, 2.5], "texture": "#0"},
				"south": {"uv": [8, 8, 6.75, 8.5], "texture": "#0"},
				"west": {"uv": [8.75, 1.5, 7, 2], "texture": "#0"},
				"up": {"uv": [3, 4.25, 4.25, 2.5], "texture": "#0"},
				"down": {"uv": [4.25, 2.5, 5.5, 4.25], "texture": "#0"}
			}
		},
		{
			"from": [-10.145, 1.295, -5.7925],
			"to": [-3.855, 2.4975, 1.7925],
			"rotation": {"angle": 0, "axis": "y", "origin": [-1.08, 0, -7.92]},
			"faces": {
				"north": {"uv": [7.75, 0, 5.5, 0.5], "texture": "#0"},
				"east": {"uv": [7, 2, 4.5, 2.5], "texture": "#0"},
				"south": {"uv": [7.75, 0.5, 5.5, 1], "texture": "#0"},
				"west": {"uv": [7, 1.5, 4.5, 2], "texture": "#0"},
				"up": {"uv": [0, 2.5, 2.25, 0], "texture": "#0"},
				"down": {"uv": [2.25, 0, 4.5, 2.5], "texture": "#0"}
			}
		},
		{
			"from": [-8.3172, 0.08233, -4.8305],
			"to": [-5.6828, 2.05813, -2.93702],
			"rotation": {"angle": 45, "axis": "x", "origin": [-7, 1.15255, -3.5133]},
			"faces": {
				"north": {"uv": [6, 7, 5, 7.75], "texture": "#0"},
				"east": {"uv": [8.75, 8, 8, 8.75], "texture": "#0"},
				"south": {"uv": [2, 7.25, 1, 8], "texture": "#0"},
				"west": {"uv": [1.75, 8, 1, 8.75], "texture": "#0"},
				"up": {"uv": [6, 8, 7, 7.25], "texture": "#0"},
				"down": {"uv": [7.25, 6, 8.25, 6.75], "texture": "#0"}
			}
		},
		{
			"from": [-8.3172, 0.08233, -1.06298],
			"to": [-5.6828, 2.05813, 0.8305],
			"rotation": {"angle": -45, "axis": "x", "origin": [-7, 1.15255, -0.4867]},
			"faces": {
				"north": {"uv": [8.25, 6.75, 7.25, 7.5], "texture": "#0"},
				"east": {"uv": [4.5, 8.25, 3.75, 9], "texture": "#0"},
				"south": {"uv": [8.5, 2.5, 7.5, 3.25], "texture": "#0"},
				"west": {"uv": [3.75, 8.25, 3, 9], "texture": "#0"},
				"up": {"uv": [3, 8.25, 4, 7.5], "texture": "#0"},
				"down": {"uv": [7.5, 3.25, 8.5, 4], "texture": "#0"}
			}
		},
		{
			"from": [-6.50605, 0.3293, -3.8426],
			"to": [-4.61257, 2.3051, -0.1574],
			"rotation": {"angle": 45, "axis": "z", "origin": [-5.6828, 1.15255, -2]},
			"faces": {
				"north": {"uv": [5.25, 8.25, 4.5, 9], "texture": "#0"},
				"east": {"uv": [6.5, 6.25, 5.25, 7], "texture": "#0"},
				"south": {"uv": [9, 6, 8.25, 6.75], "texture": "#0"},
				"west": {"uv": [7.5, 3.25, 6.25, 4], "texture": "#0"},
				"up": {"uv": [1.5, 7.25, 2.25, 6], "texture": "#0"},
				"down": {"uv": [2.25, 6.5, 3, 7.75], "texture": "#0"}
			}
		},
		{
			"from": [-9.38742, 0.3293, -3.8426],
			"to": [-7.49395, 2.3051, -0.1574],
			"rotation": {"angle": -45, "axis": "z", "origin": [-8.3172, 1.15255, -2]},
			"faces": {
				"north": {"uv": [9, 6.75, 8.25, 7.5], "texture": "#0"},
				"east": {"uv": [7.75, 5.25, 6.5, 6], "texture": "#0"},
				"south": {"uv": [0.75, 8.5, 0, 9.25], "texture": "#0"},
				"west": {"uv": [7.75, 4.5, 6.5, 5.25], "texture": "#0"},
				"up": {"uv": [4.25, 7.75, 5, 6.5], "texture": "#0"},
				"down": {"uv": [6.5, 6, 7.25, 7.25], "texture": "#0"}
			}
		},
		{
			"from": [-9.1275, 1.665, -4.775],
			"to": [-4.8725, 3.4225, 0.775],
			"rotation": {"angle": 0, "axis": "y", "origin": [-1.08, 3.7, -7.92]},
			"faces": {
				"north": {"uv": [9, 1, 7.5, 1.5], "texture": "#0"},
				"east": {"uv": [7.5, 4, 5.5, 4.5], "texture": "#0"},
				"south": {"uv": [9, 4, 7.5, 4.5], "texture": "#0"},
				"west": {"uv": [7.5, 1, 5.5, 1.5], "texture": "#0"},
				"up": {"uv": [0, 4.5, 1.5, 2.5], "texture": "#0"},
				"down": {"uv": [1.5, 2.5, 3, 4.5], "texture": "#0"}
			}
		},
		{
			"from": [-9.6825, 2.22, -4.1275],
			"to": [-7.555, 3.33, 0.1275],
			"rotation": {"angle": 45, "axis": "z", "origin": [-8.48, 2.405, -2]},
			"faces": {
				"north": {"uv": [9.5, 1.5, 8.75, 2], "texture": "#0"},
				"east": {"uv": [9.25, 0, 7.75, 0.5], "texture": "#0"},
				"south": {"uv": [9.5, 2, 8.75, 2.5], "texture": "#0"},
				"west": {"uv": [8.5, 7.5, 7, 8], "texture": "#0"},
				"up": {"uv": [3.5, 6.75, 4.25, 5.25], "texture": "#0"},
				"down": {"uv": [0, 5.5, 0.75, 7], "texture": "#0"}
			}
		},
		{
			"from": [-9.6825, 2.22, -2.2775],
			"to": [-7.555, 3.4225, -0.2425],
			"rotation": {"angle": 45, "axis": "z", "origin": [-8.48, 2.405, -2]},
			"faces": {
				"north": {"uv": [9.5, 4.5, 8.75, 5], "texture": "#0"},
				"east": {"uv": [8.75, 8.75, 8, 9.25], "texture": "#0"},
				"south": {"uv": [9.5, 5.5, 8.75, 6], "texture": "#0"},
				"west": {"uv": [9.5, 5, 8.75, 5.5], "texture": "#0"},
				"up": {"uv": [1.75, 9.25, 2.5, 8.5], "texture": "#0"},
				"down": {"uv": [8.5, 2.5, 9.25, 3.25], "texture": "#0"}
			}
		},
		{
			"from": [-9.22, 2.22, -3.9425],
			"to": [-7.6475, 3.4225, -2.4625],
			"rotation": {"angle": 45, "axis": "z", "origin": [-8.48, 2.405, -2]},
			"faces": {
				"north": {"uv": [3.5, 9.5, 3, 10], "texture": "#0"},
				"east": {"uv": [5, 9.5, 4.5, 10], "texture": "#0"},
				"south": {"uv": [4.5, 9.5, 4, 10], "texture": "#0"},
				"west": {"uv": [4, 9.5, 3.5, 10], "texture": "#0"},
				"up": {"uv": [9.5, 5, 10, 4.5], "texture": "#0"},
				"down": {"uv": [9.5, 5, 10, 5.5], "texture": "#0"}
			}
		},
		{
			"from": [-6.445, 2.22, -3.3875],
			"to": [-4.3175, 3.4225, -1.3525],
			"rotation": {"angle": -45, "axis": "z", "origin": [-5.52, 2.405, -2]},
			"faces": {
				"north": {"uv": [9.5, 8, 8.75, 8.5], "texture": "#0"},
				"east": {"uv": [3.25, 9, 2.5, 9.5], "texture": "#0"},
				"south": {"uv": [9.75, 1, 9, 1.5], "texture": "#0"},
				"west": {"uv": [9.5, 8.5, 8.75, 9], "texture": "#0"},
				"up": {"uv": [8.5, 4, 9.25, 3.25], "texture": "#0"},
				"down": {"uv": [5.25, 8.5, 6, 9.25], "texture": "#0"}
			}
		},
		{
			"from": [-7.43869, 2.55498, -3.85],
			"to": [-6.05119, 3.75748, -2.555],
			"rotation": {"angle": 0, "axis": "z", "origin": [-8.87244, 2.60123, -3.11]},
			"faces": {
				"north": {"uv": [3, 4.5, 2.5, 5], "texture": "#0"},
				"east": {"uv": [7.25, 9, 6.75, 9.5], "texture": "#0"},
				"south": {"uv": [5.25, 9, 4.75, 9.5], "texture": "#0"},
				"west": {"uv": [3, 8.5, 2.5, 9], "texture": "#0"},
				"up": {"uv": [9, 7.5, 9.5, 7], "texture": "#0"},
				"down": {"uv": [7.25, 9, 7.75, 9.5], "texture": "#0"}
			}
		},
		{
			"from": [-6.88369, 2.55498, -1.3525],
			"to": [-5.68119, 3.75748, -0.2425],
			"rotation": {"angle": 0, "axis": "z", "origin": [-8.87244, 2.60123, -3.11]},
			"faces": {
				"north": {"uv": [9.25, 9, 8.75, 9.5], "texture": "#0"},
				"east": {"uv": [1, 9.25, 0.5, 9.75], "texture": "#0"},
				"south": {"uv": [9.75, 0, 9.25, 0.5], "texture": "#0"},
				"west": {"uv": [0.5, 9.25, 0, 9.75], "texture": "#0"},
				"up": {"uv": [9.25, 1, 9.75, 0.5], "texture": "#0"},
				"down": {"uv": [1, 9.25, 1.5, 9.75], "texture": "#0"}
			}
		},
		{
			"from": [-8.27119, 2.55498, -2.37],
			"to": [-6.88369, 3.75748, -1.075],
			"rotation": {"angle": 0, "axis": "z", "origin": [-8.87244, 2.60123, -3.11]},
			"faces": {
				"north": {"uv": [10, 5.5, 9.5, 6], "texture": "#0"},
				"east": {"uv": [7.25, 9.5, 6.75, 10], "texture": "#0"},
				"south": {"uv": [6.75, 9.5, 6.25, 10], "texture": "#0"},
				"west": {"uv": [6.25, 9.5, 5.75, 10], "texture": "#0"},
				"up": {"uv": [9.5, 7.5, 10, 7], "texture": "#0"},
				"down": {"uv": [7.25, 9.5, 7.75, 10], "texture": "#0"}
			}
		},
		{
			"from": [-8.48, 2.4975, -5.2375],
			"to": [-5.52, 3.6075, -3.11],
			"rotation": {"angle": -45, "axis": "x", "origin": [-7, 2.405, -3.7575]},
			"faces": {
				"north": {"uv": [7, 8.5, 6, 9], "texture": "#0"},
				"east": {"uv": [4.75, 9, 4, 9.5], "texture": "#0"},
				"south": {"uv": [8, 8.5, 7, 9], "texture": "#0"},
				"west": {"uv": [4, 9, 3.25, 9.5], "texture": "#0"},
				"up": {"uv": [0, 8.5, 1, 7.75], "texture": "#0"},
				"down": {"uv": [2, 7.75, 3, 8.5], "texture": "#0"}
			}
		},
		{
			"from": [-8.2025, 2.4975, -4.775],
			"to": [-6.5375, 3.7, -3.2025],
			"rotation": {"angle": -45, "axis": "x", "origin": [-7, 2.405, -3.7575]},
			"faces": {
				"north": {"uv": [2, 9.25, 1.5, 9.75], "texture": "#0"},
				"east": {"uv": [9.75, 3, 9.25, 3.5], "texture": "#0"},
				"south": {"uv": [9.75, 2.5, 9.25, 3], "texture": "#0"},
				"west": {"uv": [2.5, 9.25, 2, 9.75], "texture": "#0"},
				"up": {"uv": [9.25, 4, 9.75, 3.5], "texture": "#0"},
				"down": {"uv": [5.25, 9.25, 5.75, 9.75], "texture": "#0"}
			}
		},
		{
			"from": [-7.8325, 2.4975, -0.7975],
			"to": [-6.1675, 3.7, 0.775],
			"rotation": {"angle": 45, "axis": "x", "origin": [-7, 2.405, -0.2425]},
			"faces": {
				"north": {"uv": [8.25, 9.25, 7.75, 9.75], "texture": "#0"},
				"east": {"uv": [10, 1.5, 9.5, 2], "texture": "#0"},
				"south": {"uv": [9.75, 9, 9.25, 9.5], "texture": "#0"},
				"west": {"uv": [8.75, 9.25, 8.25, 9.75], "texture": "#0"},
				"up": {"uv": [9.5, 2.5, 10, 2], "texture": "#0"},
				"down": {"uv": [2.5, 9.5, 3, 10], "texture": "#0"}
			}
		},
		{
			"from": [-8.48, 1.11, -4.1275],
			"to": [-5.52, 3.7, 0.1275],
			"rotation": {"angle": 0, "axis": "y", "origin": [-1.08, 3.7, -7.92]},
			"faces": {
				"north": {"uv": [5.25, 5.5, 4.25, 6.5], "texture": "#0"},
				"east": {"uv": [1.5, 4.5, 0, 5.5], "texture": "#0"},
				"south": {"uv": [6.5, 4.5, 5.5, 5.5], "texture": "#0"},
				"west": {"uv": [4.5, 4.25, 3, 5.25], "texture": "#0"},
				"up": {"uv": [4.5, 1.5, 5.5, 0], "texture": "#0"},
				"down": {"uv": [1.5, 4.5, 2.5, 6], "texture": "#0"}
			}
		},
		{
			"from": [-6.445, 2.22, -4.1275],
			"to": [-4.3175, 3.33, 0.1275],
			"rotation": {"angle": -45, "axis": "z", "origin": [-5.52, 2.405, -2]},
			"faces": {
				"north": {"uv": [9.75, 4, 9, 4.5], "texture": "#0"},
				"east": {"uv": [5.5, 7.75, 4, 8.25], "texture": "#0"},
				"south": {"uv": [6.75, 9, 6, 9.5], "texture": "#0"},
				"west": {"uv": [9.25, 0.5, 7.75, 1], "texture": "#0"},
				"up": {"uv": [0.75, 7, 1.5, 5.5], "texture": "#0"},
				"down": {"uv": [5.5, 2.5, 6.25, 4], "texture": "#0"}
			}
		},
		{
			"from": [-8.48, 2.4975, -0.89],
			"to": [-5.52, 3.6075, 1.2375],
			"rotation": {"angle": 45, "axis": "x", "origin": [-7, 2.405, -0.2425]},
			"faces": {
				"north": {"uv": [9.5, 7.5, 8.5, 8], "texture": "#0"},
				"east": {"uv": [9.75, 6.5, 9, 7], "texture": "#0"},
				"south": {"uv": [1.75, 8.75, 0.75, 9.25], "texture": "#0"},
				"west": {"uv": [9.75, 6, 9, 6.5], "texture": "#0"},
				"up": {"uv": [7.75, 5.25, 8.75, 4.5], "texture": "#0"},
				"down": {"uv": [7.75, 5.25, 8.75, 6], "texture": "#0"}
			}
		}
	],
	"display": {
		"thirdperson_righthand": {
			"rotation": [0, 112, 0],
			"translation": [0, 3, 0],
			"scale": [0.6, 0.6, 0.6]
		},
		"thirdperson_lefthand": {
			"rotation": [0, 112, 0],
			"translation": [0, 3, 0],
			"scale": [0.6, 0.6, 0.6]
		},
		"firstperson_righthand": {
			"rotation": [0, 152, 0],
			"translation": [0, 7.25, 1],
			"scale": [0.77, 0.77, 0.77]
		},
		"firstperson_lefthand": {
			"rotation": [0, 152, 0],
			"translation": [-0.25, 6, 1],
			"scale": [0.36, 0.36, 0.36]
		},
		"ground": {
			"translation": [0, 5.75, 0],
			"scale": [1.17, 1.17, 1.17]
		},
		"gui": {
			"rotation": [7, 168, 0],
			"translation": [0, 7.5, 0],
			"scale": [1.59, 1.59, 1.59]
		},
		"fixed": {
			"translation": [0, 2.75, 0]
		}
	}
}