{
	"credit": "Made with Blockbench",
	"texture_size": [64, 64],
	"textures": {
		"0": "item/bollerwagen",
		"particle": "item/bollerwagen"
	},
	"elements": [
		{
			"name": "hexadecagon",
			"from": [14.5573, -1.41486, 2.09134],
			"to": [15.41866, -0.56088, 3.54166],
			"rotation": {"angle": -45, "axis": "z", "origin": [15.16494, 0.92727, 2.49879]},
			"faces": {
				"north": {"uv": [12.25, 2, 12.5, 2.25], "texture": "#0"},
				"east": {"uv": [9.75, 9.5, 10.125, 9.75], "texture": "#0"},
				"south": {"uv": [12.25, 2.25, 12.5, 2.5], "texture": "#0"},
				"west": {"uv": [9.75, 9.75, 10.125, 10], "texture": "#0"},
				"up": {"uv": [10.25, 4.125, 10, 3.75], "texture": "#0"},
				"down": {"uv": [10.25, 4.25, 10, 4.625], "texture": "#0"}
			}
		},
		{
			"name": "hexadecagon",
			"from": [14.50304, -1.33366, 2.09134],
			"to": [15.3644, -0.4797, 3.54166],
			"rotation": {"angle": -22.5, "axis": "z", "origin": [15.16494, 0.92727, 2.49879]},
			"faces": {
				"north": {"uv": [12.25, 4, 12.5, 4.25], "texture": "#0"},
				"east": {"uv": [10, 4.75, 10.375, 5], "texture": "#0"},
				"south": {"uv": [12.25, 4.5, 12.5, 4.75], "texture": "#0"},
				"west": {"uv": [10, 5, 10.375, 5.25], "texture": "#0"},
				"up": {"uv": [10.25, 5.625, 10, 5.25], "texture": "#0"},
				"down": {"uv": [10.25, 8.5, 10, 8.875], "texture": "#0"}
			}
		},
		{
			"name": "hexadecagon",
			"from": [14.48399, -1.23789, 2.09134],
			"to": [15.34535, -0.38393, 3.54166],
			"rotation": {"angle": 0, "axis": "y", "origin": [15.16494, 0.92727, 2.49879]},
			"faces": {
				"north": {"uv": [12.25, 4.75, 12.5, 5], "texture": "#0"},
				"east": {"uv": [10, 9, 10.375, 9.25], "texture": "#0"},
				"south": {"uv": [6.5, 12.25, 6.75, 12.5], "texture": "#0"},
				"west": {"uv": [10, 9.25, 10.375, 9.5], "texture": "#0"},
				"up": {"uv": [10, 10.375, 9.75, 10], "texture": "#0"},
				"down": {"uv": [10.25, 10, 10, 10.375], "texture": "#0"}
			}
		},
		{
			"name": "hexadecagon",
			"from": [14.50304, -1.14212, 2.09134],
			"to": [15.3644, -0.28816, 3.54166],
			"rotation": {"angle": 22.5, "axis": "z", "origin": [15.16494, 0.92727, 2.49879]},
			"faces": {
				"north": {"uv": [12.25, 6.75, 12.5, 7], "texture": "#0"},
				"east": {"uv": [10.25, 3.25, 10.625, 3.5], "texture": "#0"},
				"south": {"uv": [7.25, 12.25, 7.5, 12.5], "texture": "#0"},
				"west": {"uv": [10.25, 3.5, 10.625, 3.75], "texture": "#0"},
				"up": {"uv": [10.5, 4.125, 10.25, 3.75], "texture": "#0"},
				"down": {"uv": [10.5, 4.25, 10.25, 4.625], "texture": "#0"}
			}
		},
		{
			"name": "hexadecagon",
			"from": [14.5573, -1.06092, 2.09134],
			"to": [15.41866, -0.20696, 3.54166],
			"rotation": {"angle": 45, "axis": "z", "origin": [15.16494, 0.92727, 2.49879]},
			"faces": {
				"north": {"uv": [7.5, 12.25, 7.75, 12.5], "texture": "#0"},
				"east": {"uv": [10.25, 5.25, 10.625, 5.5], "texture": "#0"},
				"south": {"uv": [12.25, 7.5, 12.5, 7.75], "texture": "#0"},
				"west": {"uv": [10.25, 5.5, 10.625, 5.75], "texture": "#0"},
				"up": {"uv": [10.5, 7.125, 10.25, 6.75], "texture": "#0"},
				"down": {"uv": [10.5, 8.5, 10.25, 8.875], "texture": "#0"}
			}
		},
		{
			"name": "hexadecagon",
			"from": [14.5573, 2.06151, 2.09134],
			"to": [15.41866, 2.91547, 3.54166],
			"rotation": {"angle": -45, "axis": "z", "origin": [15.16494, 0.92727, 2.49879]},
			"faces": {
				"north": {"uv": [12.25, 7.75, 12.5, 8], "texture": "#0"},
				"east": {"uv": [10.25, 7.25, 10.625, 7.5], "texture": "#0"},
				"south": {"uv": [8.75, 12.25, 9, 12.5], "texture": "#0"},
				"west": {"uv": [10.25, 9.5, 10.625, 9.75], "texture": "#0"},
				"up": {"uv": [10.5, 10.125, 10.25, 9.75], "texture": "#0"},
				"down": {"uv": [10.5, 10.25, 10.25, 10.625], "texture": "#0"}
			}
		},
		{
			"name": "hexadecagon",
			"from": [14.50304, 2.1427, 2.09134],
			"to": [15.3644, 2.99667, 3.54166],
			"rotation": {"angle": -22.5, "axis": "z", "origin": [15.16494, 0.92727, 2.49879]},
			"faces": {
				"north": {"uv": [12.25, 8.75, 12.5, 9], "texture": "#0"},
				"east": {"uv": [10.5, 3.75, 10.875, 4], "texture": "#0"},
				"south": {"uv": [9, 12.25, 9.25, 12.5], "texture": "#0"},
				"west": {"uv": [10.5, 4, 10.875, 4.25], "texture": "#0"},
				"up": {"uv": [10.75, 4.625, 10.5, 4.25], "texture": "#0"},
				"down": {"uv": [10.75, 4.75, 10.5, 5.125], "texture": "#0"}
			}
		},
		{
			"name": "hexadecagon",
			"from": [14.48399, 2.23848, 2.09134],
			"to": [15.34535, 3.09244, 3.54166],
			"rotation": {"angle": 0, "axis": "y", "origin": [15.16494, 0.92727, 2.49879]},
			"faces": {
				"north": {"uv": [9.25, 12.25, 9.5, 12.5], "texture": "#0"},
				"east": {"uv": [10.5, 6.75, 10.875, 7], "texture": "#0"},
				"south": {"uv": [12.25, 9.5, 12.5, 9.75], "texture": "#0"},
				"west": {"uv": [10.5, 7, 10.875, 7.25], "texture": "#0"},
				"up": {"uv": [10.75, 8.875, 10.5, 8.5], "texture": "#0"},
				"down": {"uv": [10.75, 9, 10.5, 9.375], "texture": "#0"}
			}
		},
		{
			"name": "hexadecagon",
			"from": [14.50304, 2.33425, 2.09134],
			"to": [15.3644, 3.18821, 3.54166],
			"rotation": {"angle": 22.5, "axis": "z", "origin": [15.16494, 0.92727, 2.49879]},
			"faces": {
				"north": {"uv": [9.75, 12.25, 10, 12.5], "texture": "#0"},
				"east": {"uv": [9.5, 10.5, 9.875, 10.75], "texture": "#0"},
				"south": {"uv": [12.25, 9.75, 12.5, 10], "texture": "#0"},
				"west": {"uv": [10.5, 9.75, 10.875, 10], "texture": "#0"},
				"up": {"uv": [10.25, 10.875, 10, 10.5], "texture": "#0"},
				"down": {"uv": [10.75, 10, 10.5, 10.375], "texture": "#0"}
			}
		},
		{
			"name": "hexadecagon",
			"from": [14.5573, 2.41545, 2.09134],
			"to": [15.41866, 3.26941, 3.54166],
			"rotation": {"angle": 45, "axis": "z", "origin": [15.16494, 0.92727, 2.49879]},
			"faces": {
				"north": {"uv": [10.5, 12.25, 10.75, 12.5], "texture": "#0"},
				"east": {"uv": [10.5, 10.5, 10.875, 10.75], "texture": "#0"},
				"south": {"uv": [12.25, 10.5, 12.5, 10.75], "texture": "#0"},
				"west": {"uv": [10.75, 3, 11.125, 3.25], "texture": "#0"},
				"up": {"uv": [11, 3.625, 10.75, 3.25], "texture": "#0"},
				"down": {"uv": [4, 10.75, 3.75, 11.125], "texture": "#0"}
			}
		},
		{
			"name": "hexadecagon",
			"from": [12.76856, 0.40083, 2.09134],
			"to": [13.62252, 1.26217, 3.54166],
			"rotation": {"angle": -22.5, "axis": "z", "origin": [15.16494, 0.92727, 2.49879]},
			"faces": {
				"north": {"uv": [12.25, 10.75, 12.5, 11], "texture": "#0"},
				"east": {"uv": [4, 10.75, 4.375, 11], "texture": "#0"},
				"south": {"uv": [11, 12.25, 11.25, 12.5], "texture": "#0"},
				"west": {"uv": [10.75, 4.25, 11.125, 4.5], "texture": "#0"},
				"up": {"uv": [4.75, 11.125, 4.5, 10.75], "texture": "#0"},
				"down": {"uv": [11, 4.5, 10.75, 4.875], "texture": "#0"}
			}
		},
		{
			"name": "hexadecagon",
			"from": [12.74952, 0.4966, 2.09134],
			"to": [13.60346, 1.35794, 3.54166],
			"rotation": {"angle": 0, "axis": "y", "origin": [15.16494, 0.92727, 2.49879]},
			"faces": {
				"north": {"uv": [12.25, 11, 12.5, 11.25], "texture": "#0"},
				"east": {"uv": [4.75, 10.75, 5.125, 11], "texture": "#0"},
				"south": {"uv": [11.25, 12.25, 11.5, 12.5], "texture": "#0"},
				"west": {"uv": [10.75, 5, 11.125, 5.25], "texture": "#0"},
				"up": {"uv": [5.5, 11.125, 5.25, 10.75], "texture": "#0"},
				"down": {"uv": [11, 5.25, 10.75, 5.625], "texture": "#0"}
			}
		},
		{
			"name": "hexadecagon",
			"from": [12.76856, 0.59236, 2.09134],
			"to": [13.62252, 1.45372, 3.54166],
			"rotation": {"angle": 22.5, "axis": "z", "origin": [15.16494, 0.92727, 2.49879]},
			"faces": {
				"north": {"uv": [12.25, 11.25, 12.5, 11.5], "texture": "#0"},
				"east": {"uv": [5.5, 10.75, 5.875, 11], "texture": "#0"},
				"south": {"uv": [11.5, 12.25, 11.75, 12.5], "texture": "#0"},
				"west": {"uv": [10.75, 5.75, 11.125, 6], "texture": "#0"},
				"up": {"uv": [11, 6.375, 10.75, 6], "texture": "#0"},
				"down": {"uv": [11, 8.5, 10.75, 8.875], "texture": "#0"}
			}
		},
		{
			"name": "hexadecagon",
			"from": [16.24491, 0.40083, 2.09134],
			"to": [17.09887, 1.26217, 3.54166],
			"rotation": {"angle": -22.5, "axis": "z", "origin": [15.16494, 0.92727, 2.49879]},
			"faces": {
				"north": {"uv": [12.25, 11.75, 12.5, 12], "texture": "#0"},
				"east": {"uv": [10.75, 6.5, 11.125, 6.75], "texture": "#0"},
				"south": {"uv": [12, 12.25, 12.25, 12.5], "texture": "#0"},
				"west": {"uv": [10.75, 7.25, 11.125, 7.5], "texture": "#0"},
				"up": {"uv": [11, 9.375, 10.75, 9], "texture": "#0"},
				"down": {"uv": [9.5, 10.75, 9.25, 11.125], "texture": "#0"}
			}
		},
		{
			"name": "hexadecagon",
			"from": [16.22587, 0.4966, 2.09134],
			"to": [17.07983, 1.35794, 3.54166],
			"rotation": {"angle": 0, "axis": "y", "origin": [15.16494, 0.92727, 2.49879]},
			"faces": {
				"north": {"uv": [12.25, 12.25, 12.5, 12.5], "texture": "#0"},
				"east": {"uv": [9.5, 10.75, 9.875, 11], "texture": "#0"},
				"south": {"uv": [12.5, 0, 12.75, 0.25], "texture": "#0"},
				"west": {"uv": [10.75, 9.5, 11.125, 9.75], "texture": "#0"},
				"up": {"uv": [11, 10.375, 10.75, 10], "texture": "#0"},
				"down": {"uv": [10.5, 10.75, 10.25, 11.125], "texture": "#0"}
			}
		},
		{
			"name": "hexadecagon",
			"from": [16.24491, 0.59236, 2.09134],
			"to": [17.09887, 1.45372, 3.54166],
			"rotation": {"angle": 22.5, "axis": "z", "origin": [15.16494, 0.92727, 2.49879]},
			"faces": {
				"north": {"uv": [12.5, 0.25, 12.75, 0.5], "texture": "#0"},
				"east": {"uv": [10.5, 10.75, 10.875, 11], "texture": "#0"},
				"south": {"uv": [0.75, 12.5, 1, 12.75], "texture": "#0"},
				"west": {"uv": [11, 2, 11.375, 2.25], "texture": "#0"},
				"up": {"uv": [11.25, 2.625, 11, 2.25], "texture": "#0"},
				"down": {"uv": [3.5, 11, 3.25, 11.375], "texture": "#0"}
			}
		},
		{
			"name": "hexadecagon",
			"from": [13.4816, -0.49135, 2.63635],
			"to": [16.31145, 2.3459, 2.99281],
			"rotation": {"angle": 0, "axis": "y", "origin": [15.16494, 0.92727, -6.28291]},
			"faces": {
				"north": {"uv": [8, 3, 8.75, 3.75], "texture": "#0"},
				"east": {"uv": [11, 3.25, 11.125, 4], "texture": "#0"},
				"south": {"uv": [8, 3.75, 8.75, 4.5], "texture": "#0"},
				"west": {"uv": [3.5, 11, 3.625, 11.75], "texture": "#0"},
				"up": {"uv": [11.75, 2.875, 11, 2.75], "texture": "#0"},
				"down": {"uv": [11.75, 4, 11, 4.125], "texture": "#0"}
			}
		},
		{
			"name": "hexadecagon",
			"from": [14.5573, -1.41486, 13.08694],
			"to": [15.41866, -0.56088, 14.53726],
			"rotation": {"angle": -45, "axis": "z", "origin": [15.16494, 0.92727, 13.49439]},
			"faces": {
				"north": {"uv": [1, 12.5, 1.25, 12.75], "texture": "#0"},
				"east": {"uv": [4, 11, 4.375, 11.25], "texture": "#0"},
				"south": {"uv": [12.5, 1, 12.75, 1.25], "texture": "#0"},
				"west": {"uv": [11, 4.5, 11.375, 4.75], "texture": "#0"},
				"up": {"uv": [5, 11.375, 4.75, 11], "texture": "#0"},
				"down": {"uv": [5.25, 11, 5, 11.375], "texture": "#0"}
			}
		},
		{
			"name": "hexadecagon",
			"from": [14.50304, -1.33366, 13.08694],
			"to": [15.3644, -0.4797, 14.53726],
			"rotation": {"angle": -22.5, "axis": "z", "origin": [15.16494, 0.92727, 13.49439]},
			"faces": {
				"north": {"uv": [12.5, 1.25, 12.75, 1.5], "texture": "#0"},
				"east": {"uv": [11, 4.75, 11.375, 5], "texture": "#0"},
				"south": {"uv": [1.5, 12.5, 1.75, 12.75], "texture": "#0"},
				"west": {"uv": [11, 5.25, 11.375, 5.5], "texture": "#0"},
				"up": {"uv": [5.75, 11.375, 5.5, 11], "texture": "#0"},
				"down": {"uv": [6, 11, 5.75, 11.375], "texture": "#0"}
			}
		},
		{
			"name": "hexadecagon",
			"from": [14.48399, -1.23789, 13.08694],
			"to": [15.34535, -0.38393, 14.53726],
			"rotation": {"angle": 0, "axis": "y", "origin": [15.16494, 0.92727, 13.49439]},
			"faces": {
				"north": {"uv": [1.75, 12.5, 2, 12.75], "texture": "#0"},
				"east": {"uv": [11, 5.5, 11.375, 5.75], "texture": "#0"},
				"south": {"uv": [12.5, 2, 12.75, 2.25], "texture": "#0"},
				"west": {"uv": [11, 6, 11.375, 6.25], "texture": "#0"},
				"up": {"uv": [11.25, 7.125, 11, 6.75], "texture": "#0"},
				"down": {"uv": [8, 11, 7.75, 11.375], "texture": "#0"}
			}
		},
		{
			"name": "hexadecagon",
			"from": [14.50304, -1.14212, 13.08694],
			"to": [15.3644, -0.28816, 14.53726],
			"rotation": {"angle": 22.5, "axis": "z", "origin": [15.16494, 0.92727, 13.49439]},
			"faces": {
				"north": {"uv": [12.5, 2.25, 12.75, 2.5], "texture": "#0"},
				"east": {"uv": [11, 6.25, 11.375, 6.5], "texture": "#0"},
				"south": {"uv": [12.5, 2.5, 12.75, 2.75], "texture": "#0"},
				"west": {"uv": [8, 11, 8.375, 11.25], "texture": "#0"},
				"up": {"uv": [8.75, 11.375, 8.5, 11], "texture": "#0"},
				"down": {"uv": [11.25, 8.5, 11, 8.875], "texture": "#0"}
			}
		},
		{
			"name": "hexadecagon",
			"from": [14.5573, -1.06092, 13.08694],
			"to": [15.41866, -0.20696, 14.53726],
			"rotation": {"angle": 45, "axis": "z", "origin": [15.16494, 0.92727, 13.49439]},
			"faces": {
				"north": {"uv": [12.5, 2.75, 12.75, 3], "texture": "#0"},
				"east": {"uv": [8.75, 11, 9.125, 11.25], "texture": "#0"},
				"south": {"uv": [12.5, 3, 12.75, 3.25], "texture": "#0"},
				"west": {"uv": [11, 9, 11.375, 9.25], "texture": "#0"},
				"up": {"uv": [9.75, 11.375, 9.5, 11], "texture": "#0"},
				"down": {"uv": [10, 11, 9.75, 11.375], "texture": "#0"}
			}
		},
		{
			"name": "hexadecagon",
			"from": [14.5573, 2.06151, 13.08694],
			"to": [15.41866, 2.91547, 14.53726],
			"rotation": {"angle": -45, "axis": "z", "origin": [15.16494, 0.92727, 13.49439]},
			"faces": {
				"north": {"uv": [12.5, 3.25, 12.75, 3.5], "texture": "#0"},
				"east": {"uv": [11, 9.25, 11.375, 9.5], "texture": "#0"},
				"south": {"uv": [12.5, 3.5, 12.75, 3.75], "texture": "#0"},
				"west": {"uv": [11, 9.75, 11.375, 10], "texture": "#0"},
				"up": {"uv": [10.25, 11.375, 10, 11], "texture": "#0"},
				"down": {"uv": [11.25, 10, 11, 10.375], "texture": "#0"}
			}
		},
		{
			"name": "hexadecagon",
			"from": [14.50304, 2.1427, 13.08694],
			"to": [15.3644, 2.99667, 14.53726],
			"rotation": {"angle": -22.5, "axis": "z", "origin": [15.16494, 0.92727, 13.49439]},
			"faces": {
				"north": {"uv": [3.75, 12.5, 4, 12.75], "texture": "#0"},
				"east": {"uv": [10.5, 11, 10.875, 11.25], "texture": "#0"},
				"south": {"uv": [12.5, 3.75, 12.75, 4], "texture": "#0"},
				"west": {"uv": [11, 10.5, 11.375, 10.75], "texture": "#0"},
				"up": {"uv": [11.25, 11.125, 11, 10.75], "texture": "#0"},
				"down": {"uv": [11.5, 0, 11.25, 0.375], "texture": "#0"}
			}
		},
		{
			"name": "hexadecagon",
			"from": [14.48399, 2.23848, 13.08694],
			"to": [15.34535, 3.09244, 14.53726],
			"rotation": {"angle": 0, "axis": "y", "origin": [15.16494, 0.92727, 13.49439]},
			"faces": {
				"north": {"uv": [12.5, 4, 12.75, 4.25], "texture": "#0"},
				"east": {"uv": [11.25, 0.5, 11.625, 0.75], "texture": "#0"},
				"south": {"uv": [4.25, 12.5, 4.5, 12.75], "texture": "#0"},
				"west": {"uv": [11.25, 0.75, 11.625, 1], "texture": "#0"},
				"up": {"uv": [1.5, 11.625, 1.25, 11.25], "texture": "#0"},
				"down": {"uv": [1.75, 11.25, 1.5, 11.625], "texture": "#0"}
			}
		},
		{
			"name": "hexadecagon",
			"from": [14.50304, 2.33425, 13.08694],
			"to": [15.3644, 3.18821, 14.53726],
			"rotation": {"angle": 22.5, "axis": "z", "origin": [15.16494, 0.92727, 13.49439]},
			"faces": {
				"north": {"uv": [12.5, 4.25, 12.75, 4.5], "texture": "#0"},
				"east": {"uv": [11.25, 1.5, 11.625, 1.75], "texture": "#0"},
				"south": {"uv": [4.5, 12.5, 4.75, 12.75], "texture": "#0"},
				"west": {"uv": [1.75, 11.25, 2.125, 11.5], "texture": "#0"},
				"up": {"uv": [2.5, 11.625, 2.25, 11.25], "texture": "#0"},
				"down": {"uv": [11.5, 2.25, 11.25, 2.625], "texture": "#0"}
			}
		},
		{
			"name": "hexadecagon",
			"from": [14.5573, 2.41545, 13.08694],
			"to": [15.41866, 3.26941, 14.53726],
			"rotation": {"angle": 45, "axis": "z", "origin": [15.16494, 0.92727, 13.49439]},
			"faces": {
				"north": {"uv": [12.5, 4.5, 12.75, 4.75], "texture": "#0"},
				"east": {"uv": [11.25, 1.75, 11.625, 2], "texture": "#0"},
				"south": {"uv": [12.5, 4.75, 12.75, 5], "texture": "#0"},
				"west": {"uv": [2.5, 11.25, 2.875, 11.5], "texture": "#0"},
				"up": {"uv": [3.25, 11.625, 3, 11.25], "texture": "#0"},
				"down": {"uv": [11.5, 3, 11.25, 3.375], "texture": "#0"}
			}
		},
		{
			"name": "hexadecagon",
			"from": [12.76856, 0.40083, 13.08694],
			"to": [13.62252, 1.26217, 14.53726],
			"rotation": {"angle": -22.5, "axis": "z", "origin": [15.16494, 0.92727, 13.49439]},
			"faces": {
				"north": {"uv": [12.5, 5, 12.75, 5.25], "texture": "#0"},
				"east": {"uv": [11.25, 3.5, 11.625, 3.75], "texture": "#0"},
				"south": {"uv": [5.25, 12.5, 5.5, 12.75], "texture": "#0"},
				"west": {"uv": [3.75, 11.25, 4.125, 11.5], "texture": "#0"},
				"up": {"uv": [4.5, 11.625, 4.25, 11.25], "texture": "#0"},
				"down": {"uv": [4.75, 11.25, 4.5, 11.625], "texture": "#0"}
			}
		},
		{
			"name": "hexadecagon",
			"from": [12.74952, 0.4966, 13.08694],
			"to": [13.60346, 1.35794, 14.53726],
			"rotation": {"angle": 0, "axis": "y", "origin": [15.16494, 0.92727, 13.49439]},
			"faces": {
				"north": {"uv": [12.5, 5.25, 12.75, 5.5], "texture": "#0"},
				"east": {"uv": [11.25, 3.75, 11.625, 4], "texture": "#0"},
				"south": {"uv": [5.5, 12.5, 5.75, 12.75], "texture": "#0"},
				"west": {"uv": [11.25, 4.25, 11.625, 4.5], "texture": "#0"},
				"up": {"uv": [5.5, 11.625, 5.25, 11.25], "texture": "#0"},
				"down": {"uv": [11.5, 6.5, 11.25, 6.875], "texture": "#0"}
			}
		},
		{
			"name": "hexadecagon",
			"from": [12.76856, 0.59236, 13.08694],
			"to": [13.62252, 1.45372, 14.53726],
			"rotation": {"angle": 22.5, "axis": "z", "origin": [15.16494, 0.92727, 13.49439]},
			"faces": {
				"north": {"uv": [12.5, 5.5, 12.75, 5.75], "texture": "#0"},
				"east": {"uv": [11.25, 5, 11.625, 5.25], "texture": "#0"},
				"south": {"uv": [12.5, 5.75, 12.75, 6], "texture": "#0"},
				"west": {"uv": [11.25, 5.75, 11.625, 6], "texture": "#0"},
				"up": {"uv": [11.5, 7.375, 11.25, 7], "texture": "#0"},
				"down": {"uv": [8.25, 11.25, 8, 11.625], "texture": "#0"}
			}
		},
		{
			"name": "hexadecagon",
			"from": [16.24491, 0.40083, 13.08694],
			"to": [17.09887, 1.26217, 14.53726],
			"rotation": {"angle": -22.5, "axis": "z", "origin": [15.16494, 0.92727, 13.49439]},
			"faces": {
				"north": {"uv": [12.5, 6, 12.75, 6.25], "texture": "#0"},
				"east": {"uv": [11.25, 8.5, 11.625, 8.75], "texture": "#0"},
				"south": {"uv": [12.5, 6.25, 12.75, 6.5], "texture": "#0"},
				"west": {"uv": [8.75, 11.25, 9.125, 11.5], "texture": "#0"},
				"up": {"uv": [8.5, 11.625, 8.25, 11.25], "texture": "#0"},
				"down": {"uv": [9.5, 11.25, 9.25, 11.625], "texture": "#0"}
			}
		},
		{
			"name": "hexadecagon",
			"from": [16.22587, 0.4966, 13.08694],
			"to": [17.07983, 1.35794, 14.53726],
			"rotation": {"angle": 0, "axis": "y", "origin": [15.16494, 0.92727, 13.49439]},
			"faces": {
				"north": {"uv": [6.5, 12.5, 6.75, 12.75], "texture": "#0"},
				"east": {"uv": [11.25, 8.75, 11.625, 9], "texture": "#0"},
				"south": {"uv": [12.5, 6.5, 12.75, 6.75], "texture": "#0"},
				"west": {"uv": [11.25, 9.5, 11.625, 9.75], "texture": "#0"},
				"up": {"uv": [11.5, 10.375, 11.25, 10], "texture": "#0"},
				"down": {"uv": [10.5, 11.25, 10.25, 11.625], "texture": "#0"}
			}
		},
		{
			"name": "hexadecagon",
			"from": [16.24491, 0.59236, 13.08694],
			"to": [17.09887, 1.45372, 14.53726],
			"rotation": {"angle": 22.5, "axis": "z", "origin": [15.16494, 0.92727, 13.49439]},
			"faces": {
				"north": {"uv": [6.75, 12.5, 7, 12.75], "texture": "#0"},
				"east": {"uv": [10.5, 11.25, 10.875, 11.5], "texture": "#0"},
				"south": {"uv": [12.5, 6.75, 12.75, 7], "texture": "#0"},
				"west": {"uv": [11.25, 10.75, 11.625, 11], "texture": "#0"},
				"up": {"uv": [11.25, 11.625, 11, 11.25], "texture": "#0"},
				"down": {"uv": [11.5, 11, 11.25, 11.375], "texture": "#0"}
			}
		},
		{
			"name": "hexadecagon",
			"from": [13.4816, -0.49135, 13.63195],
			"to": [16.31145, 2.3459, 13.98841],
			"rotation": {"angle": 0, "axis": "y", "origin": [15.16494, 0.92727, 4.71269]},
			"faces": {
				"north": {"uv": [8, 4.5, 8.75, 5.25], "texture": "#0"},
				"east": {"uv": [0.25, 11.5, 0.375, 12.25], "texture": "#0"},
				"south": {"uv": [8, 5.25, 8.75, 6], "texture": "#0"},
				"west": {"uv": [0.5, 11.5, 0.625, 12.25], "texture": "#0"},
				"up": {"uv": [12.25, 0.125, 11.5, 0], "texture": "#0"},
				"down": {"uv": [12.25, 0.25, 11.5, 0.375], "texture": "#0"}
			}
		},
		{
			"name": "hexadecagon",
			"from": [1.6005, -1.41486, 2.34134],
			"to": [2.46186, -0.56088, 3.79166],
			"rotation": {"angle": -45, "axis": "z", "origin": [2.20814, 0.92727, 2.74879]},
			"faces": {
				"north": {"uv": [7, 12.5, 7.25, 12.75], "texture": "#0"},
				"east": {"uv": [0.75, 11.5, 1.125, 11.75], "texture": "#0"},
				"south": {"uv": [12.5, 7, 12.75, 7.25], "texture": "#0"},
				"west": {"uv": [1.75, 11.5, 2.125, 11.75], "texture": "#0"},
				"up": {"uv": [11.75, 2.375, 11.5, 2], "texture": "#0"},
				"down": {"uv": [2.75, 11.5, 2.5, 11.875], "texture": "#0"}
			}
		},
		{
			"name": "hexadecagon",
			"from": [1.54624, -1.33366, 2.34134],
			"to": [2.4076, -0.4797, 3.79166],
			"rotation": {"angle": -22.5, "axis": "z", "origin": [2.20814, 0.92727, 2.74879]},
			"faces": {
				"north": {"uv": [7.25, 12.5, 7.5, 12.75], "texture": "#0"},
				"east": {"uv": [11.5, 2.5, 11.875, 2.75], "texture": "#0"},
				"south": {"uv": [12.5, 7.25, 12.75, 7.5], "texture": "#0"},
				"west": {"uv": [11.5, 3, 11.875, 3.25], "texture": "#0"},
				"up": {"uv": [3, 11.875, 2.75, 11.5], "texture": "#0"},
				"down": {"uv": [3.5, 11.5, 3.25, 11.875], "texture": "#0"}
			}
		},
		{
			"name": "hexadecagon",
			"from": [1.52719, -1.23789, 2.34134],
			"to": [2.38855, -0.38393, 3.79166],
			"rotation": {"angle": 0, "axis": "y", "origin": [2.20814, 0.92727, 2.74879]},
			"faces": {
				"north": {"uv": [7.5, 12.5, 7.75, 12.75], "texture": "#0"},
				"east": {"uv": [11.5, 3.25, 11.875, 3.5], "texture": "#0"},
				"south": {"uv": [12.5, 7.5, 12.75, 7.75], "texture": "#0"},
				"west": {"uv": [3.75, 11.5, 4.125, 11.75], "texture": "#0"},
				"up": {"uv": [11.75, 4.875, 11.5, 4.5], "texture": "#0"},
				"down": {"uv": [5, 11.5, 4.75, 11.875], "texture": "#0"}
			}
		},
		{
			"name": "hexadecagon",
			"from": [1.54624, -1.14212, 2.34134],
			"to": [2.4076, -0.28816, 3.79166],
			"rotation": {"angle": 22.5, "axis": "z", "origin": [2.20814, 0.92727, 2.74879]},
			"faces": {
				"north": {"uv": [7.75, 12.5, 8, 12.75], "texture": "#0"},
				"east": {"uv": [11.5, 5.25, 11.875, 5.5], "texture": "#0"},
				"south": {"uv": [12.5, 7.75, 12.75, 8], "texture": "#0"},
				"west": {"uv": [5.5, 11.5, 5.875, 11.75], "texture": "#0"},
				"up": {"uv": [5.25, 11.875, 5, 11.5], "texture": "#0"},
				"down": {"uv": [11.75, 6, 11.5, 6.375], "texture": "#0"}
			}
		},
		{
			"name": "hexadecagon",
			"from": [1.6005, -1.06092, 2.34134],
			"to": [2.46186, -0.20696, 3.79166],
			"rotation": {"angle": 45, "axis": "z", "origin": [2.20814, 0.92727, 2.74879]},
			"faces": {
				"north": {"uv": [8, 12.5, 8.25, 12.75], "texture": "#0"},
				"east": {"uv": [11.5, 5.5, 11.875, 5.75], "texture": "#0"},
				"south": {"uv": [12.5, 8, 12.75, 8.25], "texture": "#0"},
				"west": {"uv": [11.5, 6.5, 11.875, 6.75], "texture": "#0"},
				"up": {"uv": [11.75, 7.125, 11.5, 6.75], "texture": "#0"},
				"down": {"uv": [8, 11.5, 7.75, 11.875], "texture": "#0"}
			}
		},
		{
			"name": "hexadecagon",
			"from": [1.6005, 2.06151, 2.34134],
			"to": [2.46186, 2.91547, 3.79166],
			"rotation": {"angle": -45, "axis": "z", "origin": [2.20814, 0.92727, 2.74879]},
			"faces": {
				"north": {"uv": [8.25, 12.5, 8.5, 12.75], "texture": "#0"},
				"east": {"uv": [11.5, 7.25, 11.875, 7.5], "texture": "#0"},
				"south": {"uv": [12.5, 8.25, 12.75, 8.5], "texture": "#0"},
				"west": {"uv": [11.5, 8, 11.875, 8.25], "texture": "#0"},
				"up": {"uv": [8.75, 11.875, 8.5, 11.5], "texture": "#0"},
				"down": {"uv": [9, 11.5, 8.75, 11.875], "texture": "#0"}
			}
		},
		{
			"name": "hexadecagon",
			"from": [1.54624, 2.1427, 2.34134],
			"to": [2.4076, 2.99667, 3.79166],
			"rotation": {"angle": -22.5, "axis": "z", "origin": [2.20814, 0.92727, 2.74879]},
			"faces": {
				"north": {"uv": [8.5, 12.5, 8.75, 12.75], "texture": "#0"},
				"east": {"uv": [11.5, 8.25, 11.875, 8.5], "texture": "#0"},
				"south": {"uv": [12.5, 8.5, 12.75, 8.75], "texture": "#0"},
				"west": {"uv": [11.5, 9, 11.875, 9.25], "texture": "#0"},
				"up": {"uv": [9.25, 11.875, 9, 11.5], "texture": "#0"},
				"down": {"uv": [9.75, 11.5, 9.5, 11.875], "texture": "#0"}
			}
		},
		{
			"name": "hexadecagon",
			"from": [1.52719, 2.23848, 2.34134],
			"to": [2.38855, 3.09244, 3.79166],
			"rotation": {"angle": 0, "axis": "y", "origin": [2.20814, 0.92727, 2.74879]},
			"faces": {
				"north": {"uv": [8.75, 12.5, 9, 12.75], "texture": "#0"},
				"east": {"uv": [11.5, 9.25, 11.875, 9.5], "texture": "#0"},
				"south": {"uv": [12.5, 8.75, 12.75, 9], "texture": "#0"},
				"west": {"uv": [9.75, 11.5, 10.125, 11.75], "texture": "#0"},
				"up": {"uv": [11.75, 10.125, 11.5, 9.75], "texture": "#0"},
				"down": {"uv": [11.75, 10.25, 11.5, 10.625], "texture": "#0"}
			}
		},
		{
			"name": "hexadecagon",
			"from": [1.54624, 2.33425, 2.34134],
			"to": [2.4076, 3.18821, 3.79166],
			"rotation": {"angle": 22.5, "axis": "z", "origin": [2.20814, 0.92727, 2.74879]},
			"faces": {
				"north": {"uv": [9, 12.5, 9.25, 12.75], "texture": "#0"},
				"east": {"uv": [10.5, 11.5, 10.875, 11.75], "texture": "#0"},
				"south": {"uv": [12.5, 9, 12.75, 9.25], "texture": "#0"},
				"west": {"uv": [11.5, 11, 11.875, 11.25], "texture": "#0"},
				"up": {"uv": [11.5, 11.875, 11.25, 11.5], "texture": "#0"},
				"down": {"uv": [11.75, 11.25, 11.5, 11.625], "texture": "#0"}
			}
		},
		{
			"name": "hexadecagon",
			"from": [1.6005, 2.41545, 2.34134],
			"to": [2.46186, 3.26941, 3.79166],
			"rotation": {"angle": 45, "axis": "z", "origin": [2.20814, 0.92727, 2.74879]},
			"faces": {
				"north": {"uv": [9.25, 12.5, 9.5, 12.75], "texture": "#0"},
				"east": {"uv": [11.75, 0.5, 12.125, 0.75], "texture": "#0"},
				"south": {"uv": [12.5, 9.25, 12.75, 9.5], "texture": "#0"},
				"west": {"uv": [0.75, 11.75, 1.125, 12], "texture": "#0"},
				"up": {"uv": [0.25, 12.125, 0, 11.75], "texture": "#0"},
				"down": {"uv": [1.5, 11.75, 1.25, 12.125], "texture": "#0"}
			}
		},
		{
			"name": "hexadecagon",
			"from": [-0.18824, 0.40083, 2.34134],
			"to": [0.66572, 1.26217, 3.79166],
			"rotation": {"angle": -22.5, "axis": "z", "origin": [2.20814, 0.92727, 2.74879]},
			"faces": {
				"north": {"uv": [9.5, 12.5, 9.75, 12.75], "texture": "#0"},
				"east": {"uv": [11.75, 0.75, 12.125, 1], "texture": "#0"},
				"south": {"uv": [12.5, 9.5, 12.75, 9.75], "texture": "#0"},
				"west": {"uv": [1.5, 11.75, 1.875, 12], "texture": "#0"},
				"up": {"uv": [12, 1.875, 11.75, 1.5], "texture": "#0"},
				"down": {"uv": [2.25, 11.75, 2, 12.125], "texture": "#0"}
			}
		},
		{
			"name": "hexadecagon",
			"from": [-0.20728, 0.4966, 2.34134],
			"to": [0.64666, 1.35794, 3.79166],
			"rotation": {"angle": 0, "axis": "y", "origin": [2.20814, 0.92727, 2.74879]},
			"faces": {
				"north": {"uv": [9.75, 12.5, 10, 12.75], "texture": "#0"},
				"east": {"uv": [11.75, 2, 12.125, 2.25], "texture": "#0"},
				"south": {"uv": [12.5, 9.75, 12.75, 10], "texture": "#0"},
				"west": {"uv": [11.75, 2.25, 12.125, 2.5], "texture": "#0"},
				"up": {"uv": [2.5, 12.125, 2.25, 11.75], "texture": "#0"},
				"down": {"uv": [3.25, 11.75, 3, 12.125], "texture": "#0"}
			}
		},
		{
			"name": "hexadecagon",
			"from": [-0.18824, 0.59236, 2.34134],
			"to": [0.66572, 1.45372, 3.79166],
			"rotation": {"angle": 22.5, "axis": "z", "origin": [2.20814, 0.92727, 2.74879]},
			"faces": {
				"north": {"uv": [10, 12.5, 10.25, 12.75], "texture": "#0"},
				"east": {"uv": [11.75, 2.75, 12.125, 3], "texture": "#0"},
				"south": {"uv": [12.5, 10, 12.75, 10.25], "texture": "#0"},
				"west": {"uv": [3.5, 11.75, 3.875, 12], "texture": "#0"},
				"up": {"uv": [12, 3.875, 11.75, 3.5], "texture": "#0"},
				"down": {"uv": [4.25, 11.75, 4, 12.125], "texture": "#0"}
			}
		},
		{
			"name": "hexadecagon",
			"from": [3.28811, 0.40083, 2.34134],
			"to": [4.14207, 1.26217, 3.79166],
			"rotation": {"angle": -22.5, "axis": "z", "origin": [2.20814, 0.92727, 2.74879]},
			"faces": {
				"north": {"uv": [10.25, 12.5, 10.5, 12.75], "texture": "#0"},
				"east": {"uv": [11.75, 4, 12.125, 4.25], "texture": "#0"},
				"south": {"uv": [12.5, 10.25, 12.75, 10.5], "texture": "#0"},
				"west": {"uv": [4.25, 11.75, 4.625, 12], "texture": "#0"},
				"up": {"uv": [12, 4.625, 11.75, 4.25], "texture": "#0"},
				"down": {"uv": [12, 4.75, 11.75, 5.125], "texture": "#0"}
			}
		},
		{
			"name": "hexadecagon",
			"from": [3.26907, 0.4966, 2.34134],
			"to": [4.12303, 1.35794, 3.79166],
			"rotation": {"angle": 0, "axis": "y", "origin": [2.20814, 0.92727, 2.74879]},
			"faces": {
				"north": {"uv": [10.5, 12.5, 10.75, 12.75], "texture": "#0"},
				"east": {"uv": [5.25, 11.75, 5.625, 12], "texture": "#0"},
				"south": {"uv": [12.5, 10.5, 12.75, 10.75], "texture": "#0"},
				"west": {"uv": [11.75, 5.75, 12.125, 6], "texture": "#0"},
				"up": {"uv": [6, 12.125, 5.75, 11.75], "texture": "#0"},
				"down": {"uv": [12, 6, 11.75, 6.375], "texture": "#0"}
			}
		},
		{
			"name": "hexadecagon",
			"from": [3.28811, 0.59236, 2.34134],
			"to": [4.14207, 1.45372, 3.79166],
			"rotation": {"angle": 22.5, "axis": "z", "origin": [2.20814, 0.92727, 2.74879]},
			"faces": {
				"north": {"uv": [10.75, 12.5, 11, 12.75], "texture": "#0"},
				"east": {"uv": [6.75, 11.75, 7.125, 12], "texture": "#0"},
				"south": {"uv": [12.5, 10.75, 12.75, 11], "texture": "#0"},
				"west": {"uv": [11.75, 6.75, 12.125, 7], "texture": "#0"},
				"up": {"uv": [7.5, 12.125, 7.25, 11.75], "texture": "#0"},
				"down": {"uv": [7.75, 11.75, 7.5, 12.125], "texture": "#0"}
			}
		},
		{
			"name": "hexadecagon",
			"from": [0.5248, -0.49135, 2.88635],
			"to": [3.35465, 2.3459, 3.24281],
			"rotation": {"angle": 0, "axis": "y", "origin": [2.20814, 0.92727, -6.03291]},
			"faces": {
				"north": {"uv": [6, 8, 6.75, 8.75], "texture": "#0"},
				"east": {"uv": [8, 11.75, 8.125, 12.5], "texture": "#0"},
				"south": {"uv": [8, 6, 8.75, 6.75], "texture": "#0"},
				"west": {"uv": [8.25, 11.75, 8.375, 12.5], "texture": "#0"},
				"up": {"uv": [12.5, 7.125, 11.75, 7], "texture": "#0"},
				"down": {"uv": [12.5, 8.5, 11.75, 8.625], "texture": "#0"}
			}
		},
		{
			"name": "hexadecagon",
			"from": [1.6005, -1.41486, 13.08694],
			"to": [2.46186, -0.56088, 14.53726],
			"rotation": {"angle": -45, "axis": "z", "origin": [2.20814, 0.92727, 13.49439]},
			"faces": {
				"north": {"uv": [11, 12.5, 11.25, 12.75], "texture": "#0"},
				"east": {"uv": [11.75, 8.75, 12.125, 9], "texture": "#0"},
				"south": {"uv": [12.5, 11, 12.75, 11.25], "texture": "#0"},
				"west": {"uv": [11.75, 9.5, 12.125, 9.75], "texture": "#0"},
				"up": {"uv": [9.5, 12.125, 9.25, 11.75], "texture": "#0"},
				"down": {"uv": [10, 11.75, 9.75, 12.125], "texture": "#0"}
			}
		},
		{
			"name": "hexadecagon",
			"from": [1.54624, -1.33366, 13.08694],
			"to": [2.4076, -0.4797, 14.53726],
			"rotation": {"angle": -22.5, "axis": "z", "origin": [2.20814, 0.92727, 13.49439]},
			"faces": {
				"north": {"uv": [11.25, 12.5, 11.5, 12.75], "texture": "#0"},
				"east": {"uv": [11.75, 9.75, 12.125, 10], "texture": "#0"},
				"south": {"uv": [12.5, 11.25, 12.75, 11.5], "texture": "#0"},
				"west": {"uv": [10, 11.75, 10.375, 12], "texture": "#0"},
				"up": {"uv": [12, 10.375, 11.75, 10], "texture": "#0"},
				"down": {"uv": [10.75, 11.75, 10.5, 12.125], "texture": "#0"}
			}
		},
		{
			"name": "hexadecagon",
			"from": [1.52719, -1.23789, 13.08694],
			"to": [2.38855, -0.38393, 14.53726],
			"rotation": {"angle": 0, "axis": "y", "origin": [2.20814, 0.92727, 13.49439]},
			"faces": {
				"north": {"uv": [11.5, 12.5, 11.75, 12.75], "texture": "#0"},
				"east": {"uv": [11.75, 10.5, 12.125, 10.75], "texture": "#0"},
				"south": {"uv": [12.5, 11.5, 12.75, 11.75], "texture": "#0"},
				"west": {"uv": [10.75, 11.75, 11.125, 12], "texture": "#0"},
				"up": {"uv": [12, 11.625, 11.75, 11.25], "texture": "#0"},
				"down": {"uv": [11.75, 11.75, 11.5, 12.125], "texture": "#0"}
			}
		},
		{
			"name": "hexadecagon",
			"from": [1.54624, -1.14212, 13.08694],
			"to": [2.4076, -0.28816, 14.53726],
			"rotation": {"angle": 22.5, "axis": "z", "origin": [2.20814, 0.92727, 13.49439]},
			"faces": {
				"north": {"uv": [11.75, 12.5, 12, 12.75], "texture": "#0"},
				"east": {"uv": [11.75, 10.75, 12.125, 11], "texture": "#0"},
				"south": {"uv": [12.5, 11.75, 12.75, 12], "texture": "#0"},
				"west": {"uv": [11.75, 11.75, 12.125, 12], "texture": "#0"},
				"up": {"uv": [1, 12.375, 0.75, 12], "texture": "#0"},
				"down": {"uv": [1.25, 12, 1, 12.375], "texture": "#0"}
			}
		},
		{
			"name": "hexadecagon",
			"from": [1.6005, -1.06092, 13.08694],
			"to": [2.46186, -0.20696, 14.53726],
			"rotation": {"angle": 45, "axis": "z", "origin": [2.20814, 0.92727, 13.49439]},
			"faces": {
				"north": {"uv": [12, 12.5, 12.25, 12.75], "texture": "#0"},
				"east": {"uv": [12, 1, 12.375, 1.25], "texture": "#0"},
				"south": {"uv": [12.5, 12, 12.75, 12.25], "texture": "#0"},
				"west": {"uv": [12, 1.25, 12.375, 1.5], "texture": "#0"},
				"up": {"uv": [1.75, 12.375, 1.5, 12], "texture": "#0"},
				"down": {"uv": [12.25, 1.5, 12, 1.875], "texture": "#0"}
			}
		},
		{
			"name": "hexadecagon",
			"from": [1.6005, 2.06151, 13.08694],
			"to": [2.46186, 2.91547, 14.53726],
			"rotation": {"angle": -45, "axis": "z", "origin": [2.20814, 0.92727, 13.49439]},
			"faces": {
				"north": {"uv": [12.25, 12.5, 12.5, 12.75], "texture": "#0"},
				"east": {"uv": [2.5, 12, 2.875, 12.25], "texture": "#0"},
				"south": {"uv": [12.5, 12.25, 12.75, 12.5], "texture": "#0"},
				"west": {"uv": [12, 2.5, 12.375, 2.75], "texture": "#0"},
				"up": {"uv": [2, 12.375, 1.75, 12], "texture": "#0"},
				"down": {"uv": [12.25, 3, 12, 3.375], "texture": "#0"}
			}
		},
		{
			"name": "hexadecagon",
			"from": [1.54624, 2.1427, 13.08694],
			"to": [2.4076, 2.99667, 14.53726],
			"rotation": {"angle": -22.5, "axis": "z", "origin": [2.20814, 0.92727, 13.49439]},
			"faces": {
				"north": {"uv": [12.5, 12.5, 12.75, 12.75], "texture": "#0"},
				"east": {"uv": [3.25, 12, 3.625, 12.25], "texture": "#0"},
				"south": {"uv": [0, 12.75, 0.25, 13], "texture": "#0"},
				"west": {"uv": [12, 3.5, 12.375, 3.75], "texture": "#0"},
				"up": {"uv": [4, 12.375, 3.75, 12], "texture": "#0"},
				"down": {"uv": [4.5, 12, 4.25, 12.375], "texture": "#0"}
			}
		},
		{
			"name": "hexadecagon",
			"from": [1.52719, 2.23848, 13.08694],
			"to": [2.38855, 3.09244, 14.53726],
			"rotation": {"angle": 0, "axis": "y", "origin": [2.20814, 0.92727, 13.49439]},
			"faces": {
				"north": {"uv": [12.75, 0, 13, 0.25], "texture": "#0"},
				"east": {"uv": [12, 3.75, 12.375, 4], "texture": "#0"},
				"south": {"uv": [12.75, 0.25, 13, 0.5], "texture": "#0"},
				"west": {"uv": [12, 4.25, 12.375, 4.5], "texture": "#0"},
				"up": {"uv": [4.75, 12.375, 4.5, 12], "texture": "#0"},
				"down": {"uv": [12.25, 4.5, 12, 4.875], "texture": "#0"}
			}
		},
		{
			"name": "hexadecagon",
			"from": [1.54624, 2.33425, 13.08694],
			"to": [2.4076, 3.18821, 14.53726],
			"rotation": {"angle": 22.5, "axis": "z", "origin": [2.20814, 0.92727, 13.49439]},
			"faces": {
				"north": {"uv": [0.75, 12.75, 1, 13], "texture": "#0"},
				"east": {"uv": [4.75, 12, 5.125, 12.25], "texture": "#0"},
				"south": {"uv": [1, 12.75, 1.25, 13], "texture": "#0"},
				"west": {"uv": [12, 5, 12.375, 5.25], "texture": "#0"},
				"up": {"uv": [5.5, 12.375, 5.25, 12], "texture": "#0"},
				"down": {"uv": [12.25, 5.25, 12, 5.625], "texture": "#0"}
			}
		},
		{
			"name": "hexadecagon",
			"from": [1.6005, 2.41545, 13.08694],
			"to": [2.46186, 3.26941, 14.53726],
			"rotation": {"angle": 45, "axis": "z", "origin": [2.20814, 0.92727, 13.49439]},
			"faces": {
				"north": {"uv": [12.75, 1, 13, 1.25], "texture": "#0"},
				"east": {"uv": [12, 6, 12.375, 6.25], "texture": "#0"},
				"south": {"uv": [12.75, 1.25, 13, 1.5], "texture": "#0"},
				"west": {"uv": [12, 6.25, 12.375, 6.5], "texture": "#0"},
				"up": {"uv": [5.75, 12.375, 5.5, 12], "texture": "#0"},
				"down": {"uv": [7, 12, 6.75, 12.375], "texture": "#0"}
			}
		},
		{
			"name": "hexadecagon",
			"from": [-0.18824, 0.40083, 13.08694],
			"to": [0.66572, 1.26217, 14.53726],
			"rotation": {"angle": -22.5, "axis": "z", "origin": [2.20814, 0.92727, 13.49439]},
			"faces": {
				"north": {"uv": [1.5, 12.75, 1.75, 13], "texture": "#0"},
				"east": {"uv": [12, 6.5, 12.375, 6.75], "texture": "#0"},
				"south": {"uv": [12.75, 1.5, 13, 1.75], "texture": "#0"},
				"west": {"uv": [12, 7.25, 12.375, 7.5], "texture": "#0"},
				"up": {"uv": [7.25, 12.375, 7, 12], "texture": "#0"},
				"down": {"uv": [12.25, 7.5, 12, 7.875], "texture": "#0"}
			}
		},
		{
			"name": "hexadecagon",
			"from": [-0.20728, 0.4966, 13.08694],
			"to": [0.64666, 1.35794, 14.53726],
			"rotation": {"angle": 0, "axis": "y", "origin": [2.20814, 0.92727, 13.49439]},
			"faces": {
				"north": {"uv": [1.75, 12.75, 2, 13], "texture": "#0"},
				"east": {"uv": [12, 8, 12.375, 8.25], "texture": "#0"},
				"south": {"uv": [12.75, 1.75, 13, 2], "texture": "#0"},
				"west": {"uv": [12, 8.25, 12.375, 8.5], "texture": "#0"},
				"up": {"uv": [8, 12.375, 7.75, 12], "texture": "#0"},
				"down": {"uv": [8.75, 12, 8.5, 12.375], "texture": "#0"}
			}
		},
		{
			"name": "hexadecagon",
			"from": [-0.18824, 0.59236, 13.08694],
			"to": [0.66572, 1.45372, 14.53726],
			"rotation": {"angle": 22.5, "axis": "z", "origin": [2.20814, 0.92727, 13.49439]},
			"faces": {
				"north": {"uv": [12.75, 2, 13, 2.25], "texture": "#0"},
				"east": {"uv": [8.75, 12, 9.125, 12.25], "texture": "#0"},
				"south": {"uv": [12.75, 2.25, 13, 2.5], "texture": "#0"},
				"west": {"uv": [12, 9, 12.375, 9.25], "texture": "#0"},
				"up": {"uv": [9.75, 12.375, 9.5, 12], "texture": "#0"},
				"down": {"uv": [10.25, 12, 10, 12.375], "texture": "#0"}
			}
		},
		{
			"name": "hexadecagon",
			"from": [3.28811, 0.40083, 13.08694],
			"to": [4.14207, 1.26217, 14.53726],
			"rotation": {"angle": -22.5, "axis": "z", "origin": [2.20814, 0.92727, 13.49439]},
			"faces": {
				"north": {"uv": [12.75, 2.5, 13, 2.75], "texture": "#0"},
				"east": {"uv": [12, 9.25, 12.375, 9.5], "texture": "#0"},
				"south": {"uv": [12.75, 2.75, 13, 3], "texture": "#0"},
				"west": {"uv": [12, 10, 12.375, 10.25], "texture": "#0"},
				"up": {"uv": [10.5, 12.375, 10.25, 12], "texture": "#0"},
				"down": {"uv": [11, 12, 10.75, 12.375], "texture": "#0"}
			}
		},
		{
			"name": "hexadecagon",
			"from": [3.26907, 0.4966, 13.08694],
			"to": [4.12303, 1.35794, 14.53726],
			"rotation": {"angle": 0, "axis": "y", "origin": [2.20814, 0.92727, 13.49439]},
			"faces": {
				"north": {"uv": [12.75, 3, 13, 3.25], "texture": "#0"},
				"east": {"uv": [12, 10.25, 12.375, 10.5], "texture": "#0"},
				"south": {"uv": [12.75, 3.25, 13, 3.5], "texture": "#0"},
				"west": {"uv": [11, 12, 11.375, 12.25], "texture": "#0"},
				"up": {"uv": [12.25, 11.375, 12, 11], "texture": "#0"},
				"down": {"uv": [12, 12, 11.75, 12.375], "texture": "#0"}
			}
		},
		{
			"name": "hexadecagon",
			"from": [3.28811, 0.59236, 13.08694],
			"to": [4.14207, 1.45372, 14.53726],
			"rotation": {"angle": 22.5, "axis": "z", "origin": [2.20814, 0.92727, 13.49439]},
			"faces": {
				"north": {"uv": [12.75, 3.5, 13, 3.75], "texture": "#0"},
				"east": {"uv": [12, 11.5, 12.375, 11.75], "texture": "#0"},
				"south": {"uv": [3.75, 12.75, 4, 13], "texture": "#0"},
				"west": {"uv": [12, 12, 12.375, 12.25], "texture": "#0"},
				"up": {"uv": [0.25, 12.625, 0, 12.25], "texture": "#0"},
				"down": {"uv": [12.5, 0, 12.25, 0.375], "texture": "#0"}
			}
		},
		{
			"name": "hexadecagon",
			"from": [0.5248, -0.49135, 13.63195],
			"to": [3.35465, 2.3459, 13.98841],
			"rotation": {"angle": 0, "axis": "y", "origin": [2.20814, 0.92727, 4.71269]},
			"faces": {
				"north": {"uv": [6.75, 8, 7.5, 8.75], "texture": "#0"},
				"east": {"uv": [0.25, 12.25, 0.375, 13], "texture": "#0"},
				"south": {"uv": [8, 6.75, 8.75, 7.5], "texture": "#0"},
				"west": {"uv": [0.5, 12.25, 0.625, 13], "texture": "#0"},
				"up": {"uv": [13, 0.625, 12.25, 0.5], "texture": "#0"},
				"down": {"uv": [13, 0.75, 12.25, 0.875], "texture": "#0"}
			}
		},
		{
			"from": [0.8329, 11.39146, 5.55645],
			"to": [1.03184, 12.44823, 11.21671],
			"rotation": {"angle": 0, "axis": "y", "origin": [-3.90894, -9.67571, 7.41987]},
			"faces": {
				"north": {"uv": [4.25, 12.75, 4.375, 13], "texture": "#0"},
				"east": {"uv": [8.75, 6.75, 10.125, 7], "texture": "#0"},
				"south": {"uv": [12.75, 4.25, 12.875, 4.5], "texture": "#0"},
				"west": {"uv": [8.75, 7, 10.125, 7.25], "texture": "#0"},
				"up": {"uv": [1.375, 11.125, 1.25, 9.75], "texture": "#0"},
				"down": {"uv": [1.625, 9.75, 1.5, 11.125], "texture": "#0"}
			}
		},
		{
			"from": [0.8329, 4.39146, 5.55645],
			"to": [1.03184, 10.69823, 11.21671],
			"rotation": {"angle": 0, "axis": "y", "origin": [-3.90894, -9.67571, 7.41987]},
			"faces": {
				"north": {"uv": [0.25, 9.75, 0.375, 11.375], "texture": "#0"},
				"east": {"uv": [0, 6, 1.375, 7.625], "texture": "#0"},
				"south": {"uv": [0.5, 9.75, 0.625, 11.375], "texture": "#0"},
				"west": {"uv": [1.5, 6, 2.875, 7.625], "texture": "#0"},
				"up": {"uv": [2.375, 11.125, 2.25, 9.75], "texture": "#0"},
				"down": {"uv": [2.625, 9.75, 2.5, 11.125], "texture": "#0"}
			}
		},
		{
			"from": [0.8579, 6.38037, -3.12212],
			"to": [0.98184, 14.03714, 0.73814],
			"rotation": {"angle": -22.5, "axis": "x", "origin": [-3.93394, 25.35431, 7.1413]},
			"faces": {
				"north": {"uv": [8.5, 9, 8.625, 10.875], "texture": "#0"},
				"east": {"uv": [6, 6, 7, 7.875], "texture": "#0"},
				"south": {"uv": [8.75, 9, 8.875, 10.875], "texture": "#0"},
				"west": {"uv": [7, 6, 8, 7.875], "texture": "#0"},
				"up": {"uv": [3.875, 10.75, 3.75, 9.75], "texture": "#0"},
				"down": {"uv": [9.875, 3.75, 9.75, 4.75], "texture": "#0"}
			}
		},
		{
			"from": [0.8579, 4.92962, 2.55214],
			"to": [0.98184, 12.33639, 6.4124],
			"rotation": {"angle": 22.5, "axis": "x", "origin": [-3.93394, -9.38755, 7.16556]},
			"faces": {
				"north": {"uv": [9, 9, 9.125, 10.875], "texture": "#0"},
				"east": {"uv": [0, 7.75, 1, 9.625], "texture": "#0"},
				"south": {"uv": [9.25, 3.75, 9.375, 5.625], "texture": "#0"},
				"west": {"uv": [1, 7.75, 2, 9.625], "texture": "#0"},
				"up": {"uv": [4.125, 10.75, 4, 9.75], "texture": "#0"},
				"down": {"uv": [4.375, 9.75, 4.25, 10.75], "texture": "#0"}
			}
		},
		{
			"from": [15.8579, 4.92962, 2.55214],
			"to": [15.98184, 12.33639, 6.4124],
			"rotation": {"angle": 22.5, "axis": "x", "origin": [11.06606, -9.38755, 7.16556]},
			"faces": {
				"north": {"uv": [9.25, 8.75, 9.375, 10.625], "texture": "#0"},
				"east": {"uv": [2, 7.75, 3, 9.625], "texture": "#0"},
				"south": {"uv": [9.5, 3.75, 9.625, 5.625], "texture": "#0"},
				"west": {"uv": [3, 7.75, 4, 9.625], "texture": "#0"},
				"up": {"uv": [4.625, 10.75, 4.5, 9.75], "texture": "#0"},
				"down": {"uv": [4.875, 9.75, 4.75, 10.75], "texture": "#0"}
			}
		},
		{
			"from": [15.8329, 11.39146, 5.55645],
			"to": [16.03184, 12.44823, 11.21671],
			"rotation": {"angle": 0, "axis": "y", "origin": [11.09106, -9.67571, 7.41987]},
			"faces": {
				"north": {"uv": [4.5, 12.75, 4.625, 13], "texture": "#0"},
				"east": {"uv": [8.75, 7.25, 10.125, 7.5], "texture": "#0"},
				"south": {"uv": [12.75, 4.5, 12.875, 4.75], "texture": "#0"},
				"west": {"uv": [7.75, 8.75, 9.125, 9], "texture": "#0"},
				"up": {"uv": [1.875, 11.125, 1.75, 9.75], "texture": "#0"},
				"down": {"uv": [2.125, 9.75, 2, 11.125], "texture": "#0"}
			}
		},
		{
			"from": [15.8329, 4.39146, 5.55645],
			"to": [16.03184, 10.69823, 11.21671],
			"rotation": {"angle": 0, "axis": "y", "origin": [11.09106, -9.67571, 7.41987]},
			"faces": {
				"north": {"uv": [0.75, 9.75, 0.875, 11.375], "texture": "#0"},
				"east": {"uv": [3, 6, 4.375, 7.625], "texture": "#0"},
				"south": {"uv": [1, 9.75, 1.125, 11.375], "texture": "#0"},
				"west": {"uv": [4.5, 6, 5.875, 7.625], "texture": "#0"},
				"up": {"uv": [2.875, 11.125, 2.75, 9.75], "texture": "#0"},
				"down": {"uv": [3.125, 9.75, 3, 11.125], "texture": "#0"}
			}
		},
		{
			"from": [15.8579, 6.38037, -3.12212],
			"to": [15.98184, 14.03714, 0.73814],
			"rotation": {"angle": -22.5, "axis": "x", "origin": [11.06606, 25.35431, 7.1413]},
			"faces": {
				"north": {"uv": [9.5, 8.5, 9.625, 10.375], "texture": "#0"},
				"east": {"uv": [4, 7.75, 5, 9.625], "texture": "#0"},
				"south": {"uv": [0, 9.75, 0.125, 11.625], "texture": "#0"},
				"west": {"uv": [5, 7.75, 6, 9.625], "texture": "#0"},
				"up": {"uv": [9.875, 5.75, 9.75, 4.75], "texture": "#0"},
				"down": {"uv": [5.125, 9.75, 5, 10.75], "texture": "#0"}
			}
		},
		{
			"from": [0.3329, 3.65567, 4.69838],
			"to": [16.50684, 4.46244, 12.05864],
			"rotation": {"angle": 0, "axis": "y", "origin": [-3.93394, -9.4115, 7.3118]},
			"faces": {
				"north": {"uv": [8, 1, 12, 1.25], "texture": "#0"},
				"east": {"uv": [7.5, 8.5, 9.375, 8.75], "texture": "#0"},
				"south": {"uv": [8, 1.25, 12, 1.5], "texture": "#0"},
				"west": {"uv": [8.75, 3, 10.625, 3.25], "texture": "#0"},
				"up": {"uv": [8, 3.875, 4, 2], "texture": "#0"},
				"down": {"uv": [8, 4, 4, 5.875], "texture": "#0"}
			}
		},
		{
			"from": [1.5829, 0.65567, 2.69838],
			"to": [2.25684, 1.46244, 14.20864],
			"rotation": {"angle": 0, "axis": "y", "origin": [-3.93394, -9.4115, 7.3118]},
			"faces": {
				"north": {"uv": [12.75, 4.75, 12.875, 5], "texture": "#0"},
				"east": {"uv": [8, 2, 10.875, 2.25], "texture": "#0"},
				"south": {"uv": [12.75, 5, 12.875, 5.25], "texture": "#0"},
				"west": {"uv": [8, 2.25, 10.875, 2.5], "texture": "#0"},
				"up": {"uv": [6.875, 11.625, 6.75, 8.75], "texture": "#0"},
				"down": {"uv": [7.125, 8.75, 7, 11.625], "texture": "#0"}
			}
		},
		{
			"from": [-1.4171, 1.45567, 8.19838],
			"to": [-0.74316, 15.26244, 8.70864],
			"rotation": {"angle": 0, "axis": "y", "origin": [-3.93394, -9.4115, 7.3118]},
			"faces": {
				"north": {"uv": [8.75, 3.25, 8.875, 6.75], "texture": "#0"},
				"east": {"uv": [6, 8.75, 6.125, 12.25], "texture": "#0"},
				"south": {"uv": [6.25, 8.75, 6.375, 12.25], "texture": "#0"},
				"west": {"uv": [6.5, 8.75, 6.625, 12.25], "texture": "#0"},
				"up": {"uv": [12.875, 5.875, 12.75, 5.75], "texture": "#0"},
				"down": {"uv": [12.875, 6, 12.75, 6.125], "texture": "#0"}
			}
		},
		{
			"from": [-1.3171, 16.95567, 6.19838],
			"to": [-0.74316, 17.76244, 10.70864],
			"rotation": {"angle": 0, "axis": "y", "origin": [-3.93394, -9.9115, 7.3118]},
			"faces": {
				"north": {"uv": [5.5, 12.75, 5.625, 13], "texture": "#0"},
				"east": {"uv": [9, 3.25, 10.125, 3.5], "texture": "#0"},
				"south": {"uv": [12.75, 5.5, 12.875, 5.75], "texture": "#0"},
				"west": {"uv": [9, 3.5, 10.125, 3.75], "texture": "#0"},
				"up": {"uv": [3.375, 10.875, 3.25, 9.75], "texture": "#0"},
				"down": {"uv": [3.625, 9.75, 3.5, 10.875], "texture": "#0"}
			}
		},
		{
			"from": [-1.3171, 6.60595, 25.15207],
			"to": [-0.74316, 7.16272, 28.91233],
			"rotation": {"angle": -45, "axis": "x", "origin": [-3.93394, -9.51122, 7.01549]},
			"faces": {
				"north": {"uv": [12.75, 7.25, 12.875, 7.375], "texture": "#0"},
				"east": {"uv": [9.75, 5.75, 10.75, 5.875], "texture": "#0"},
				"south": {"uv": [7.5, 12.75, 7.625, 12.875], "texture": "#0"},
				"west": {"uv": [9.75, 6, 10.75, 6.125], "texture": "#0"},
				"up": {"uv": [5.375, 10.75, 5.25, 9.75], "texture": "#0"},
				"down": {"uv": [5.625, 9.75, 5.5, 10.75], "texture": "#0"}
			}
		},
		{
			"from": [-1.3171, 6.60595, -12.00531],
			"to": [-0.74316, 7.16272, -8.24505],
			"rotation": {"angle": 45, "axis": "x", "origin": [-3.93394, -9.51122, 9.89153]},
			"faces": {
				"north": {"uv": [12.75, 7.5, 12.875, 7.625], "texture": "#0"},
				"east": {"uv": [9.75, 6.25, 10.75, 6.375], "texture": "#0"},
				"south": {"uv": [7.75, 12.75, 7.875, 12.875], "texture": "#0"},
				"west": {"uv": [9.75, 6.5, 10.75, 6.625], "texture": "#0"},
				"up": {"uv": [5.875, 10.75, 5.75, 9.75], "texture": "#0"},
				"down": {"uv": [9.875, 8.5, 9.75, 9.5], "texture": "#0"}
			}
		},
		{
			"from": [1.5829, 1.45567, 5.69838],
			"to": [2.25684, 4.26244, 6.20864],
			"rotation": {"angle": 0, "axis": "y", "origin": [-3.93394, -9.4115, 7.3118]},
			"faces": {
				"north": {"uv": [12.25, 5.25, 12.375, 6], "texture": "#0"},
				"east": {"uv": [5.75, 12.25, 5.875, 13], "texture": "#0"},
				"south": {"uv": [6, 12.25, 6.125, 13], "texture": "#0"},
				"west": {"uv": [6.25, 12.25, 6.375, 13], "texture": "#0"},
				"up": {"uv": [12.875, 7.125, 12.75, 7], "texture": "#0"},
				"down": {"uv": [7.375, 12.75, 7.25, 12.875], "texture": "#0"}
			}
		},
		{
			"from": [14.5829, 1.45567, 5.69838],
			"to": [15.25684, 4.26244, 6.20864],
			"rotation": {"angle": 0, "axis": "y", "origin": [-3.93394, -9.4115, 7.3118]},
			"faces": {
				"north": {"uv": [1.25, 12.25, 1.375, 13], "texture": "#0"},
				"east": {"uv": [2, 12.25, 2.125, 13], "texture": "#0"},
				"south": {"uv": [2.25, 12.25, 2.375, 13], "texture": "#0"},
				"west": {"uv": [2.5, 12.25, 2.625, 13], "texture": "#0"},
				"up": {"uv": [12.875, 6.375, 12.75, 6.25], "texture": "#0"},
				"down": {"uv": [6.625, 12.75, 6.5, 12.875], "texture": "#0"}
			}
		},
		{
			"from": [1.5829, 1.45567, 10.19838],
			"to": [2.25684, 4.26244, 10.70864],
			"rotation": {"angle": 0, "axis": "y", "origin": [-3.93394, -9.4115, 7.3118]},
			"faces": {
				"north": {"uv": [3.5, 12.25, 3.625, 13], "texture": "#0"},
				"east": {"uv": [4, 12.25, 4.125, 13], "texture": "#0"},
				"south": {"uv": [4.75, 12.25, 4.875, 13], "texture": "#0"},
				"west": {"uv": [5, 12.25, 5.125, 13], "texture": "#0"},
				"up": {"uv": [12.875, 6.875, 12.75, 6.75], "texture": "#0"},
				"down": {"uv": [7.125, 12.75, 7, 12.875], "texture": "#0"}
			}
		},
		{
			"from": [14.5829, 1.45567, 10.19838],
			"to": [15.25684, 4.26244, 10.70864],
			"rotation": {"angle": 0, "axis": "y", "origin": [-3.93394, -9.4115, 7.3118]},
			"faces": {
				"north": {"uv": [2.75, 12.25, 2.875, 13], "texture": "#0"},
				"east": {"uv": [12.25, 2.75, 12.375, 3.5], "texture": "#0"},
				"south": {"uv": [3, 12.25, 3.125, 13], "texture": "#0"},
				"west": {"uv": [3.25, 12.25, 3.375, 13], "texture": "#0"},
				"up": {"uv": [12.875, 6.625, 12.75, 6.5], "texture": "#0"},
				"down": {"uv": [6.875, 12.75, 6.75, 12.875], "texture": "#0"}
			}
		},
		{
			"from": [14.5829, 0.65567, 2.34838],
			"to": [15.25684, 1.46244, 14.20864],
			"rotation": {"angle": 0, "axis": "y", "origin": [-3.93394, -9.4115, 7.3118]},
			"faces": {
				"north": {"uv": [5.25, 12.75, 5.375, 13], "texture": "#0"},
				"east": {"uv": [8, 2.5, 10.875, 2.75], "texture": "#0"},
				"south": {"uv": [12.75, 5.25, 12.875, 5.5], "texture": "#0"},
				"west": {"uv": [8, 2.75, 10.875, 3], "texture": "#0"},
				"up": {"uv": [7.375, 11.625, 7.25, 8.75], "texture": "#0"},
				"down": {"uv": [7.625, 8.75, 7.5, 11.625], "texture": "#0"}
			}
		},
		{
			"from": [2.2579, 0.65567, 7.69838],
			"to": [14.58184, 1.46244, 9.20864],
			"rotation": {"angle": 0, "axis": "y", "origin": [-3.93394, -9.4115, 7.3118]},
			"faces": {
				"north": {"uv": [8, 1.5, 11.125, 1.75], "texture": "#0"},
				"east": {"uv": [12.25, 1.5, 12.625, 1.75], "texture": "#0"},
				"south": {"uv": [8, 1.75, 11.125, 2], "texture": "#0"},
				"west": {"uv": [12.25, 1.75, 12.625, 2], "texture": "#0"},
				"up": {"uv": [11.125, 0.375, 8, 0], "texture": "#0"},
				"down": {"uv": [11.125, 0.5, 8, 0.875], "texture": "#0"}
			}
		},
		{
			"from": [-1.4921, 0.65567, 7.94838],
			"to": [1.58184, 1.46244, 8.95864],
			"rotation": {"angle": 0, "axis": "y", "origin": [-3.93394, -9.4115, 7.3118]},
			"faces": {
				"north": {"uv": [9, 5.75, 9.75, 6], "texture": "#0"},
				"east": {"uv": [12.75, 3.75, 13, 4], "texture": "#0"},
				"south": {"uv": [9, 6, 9.75, 6.25], "texture": "#0"},
				"west": {"uv": [12.75, 4, 13, 4.25], "texture": "#0"},
				"up": {"uv": [9.75, 6.5, 9, 6.25], "texture": "#0"},
				"down": {"uv": [9.75, 6.5, 9, 6.75], "texture": "#0"}
			}
		},
		{
			"from": [0.3329, 4.48067, 6.32338],
			"to": [16.50684, 12.28744, 6.68364],
			"rotation": {"angle": 22.5, "axis": "x", "origin": [-3.93394, -9.4115, 7.3118]},
			"faces": {
				"north": {"uv": [0, 0, 4, 2], "texture": "#0"},
				"east": {"uv": [9, 3.75, 9.125, 5.75], "texture": "#0"},
				"south": {"uv": [0, 2, 4, 4], "texture": "#0"},
				"west": {"uv": [7.75, 9, 7.875, 11], "texture": "#0"},
				"up": {"uv": [11.5, 8.125, 7.5, 8], "texture": "#0"},
				"down": {"uv": [12, 7.5, 8, 7.625], "texture": "#0"}
			}
		},
		{
			"from": [0.3329, 3.65567, 9.89838],
			"to": [16.50684, 11.46244, 10.25864],
			"rotation": {"angle": -22.5, "axis": "x", "origin": [-3.93394, -9.4115, 7.3118]},
			"faces": {
				"north": {"uv": [0, 4, 4, 2], "texture": "#0"},
				"east": {"uv": [8, 9, 8.125, 11], "texture": "#0"},
				"south": {"uv": [4, 0, 8, 2], "texture": "#0"},
				"west": {"uv": [8.25, 9, 8.375, 11], "texture": "#0"},
				"up": {"uv": [12, 7.875, 8, 7.75], "texture": "#0"},
				"down": {"uv": [11.5, 8.25, 7.5, 8.375], "texture": "#0"}
			}
		}
	],
	"display": {
		"thirdperson_righthand": {
			"rotation": [0, 114, 0],
			"translation": [0.75, 1.5, 0],
			"scale": [0.16, 0.16, 0.16]
		},
		"thirdperson_lefthand": {
			"rotation": [0, 114, 0],
			"translation": [0.75, 1.5, 0],
			"scale": [0.16, 0.16, 0.16]
		},
		"firstperson_righthand": {
			"scale": [0.2, 0.2, 0.2]
		},
		"firstperson_lefthand": {
			"scale": [0.2, 0.2, 0.2]
		},
		"ground": {
			"rotation": [91, -90, 0],
			"translation": [0.25, 11.25, 10],
			"scale": [1.28, 1.28, 1.28]
		},
		"gui": {
			"rotation": [20, -41, 0],
			"translation": [0.35, -0.25, 0],
			"scale": [0.63, 0.63, 0.63]
		},
		"head": {
			"translation": [-0.25, 0.5, -0.5],
			"scale": [1.37, 1.37, 1.37]
		},
		"fixed": {
			"rotation": [-90, 0, 0],
			"translation": [0, 0, -23.25],
			"scale": [2.05, 2.05, 2.05]
		}
	},
	"groups": [
		{
			"name": "WHEELBACK2",
			"origin": [8, 8, 8],
			"color": 0,
			"children": [
				{
					"name": "Wheel1",
					"origin": [15.16494, 0.92727, -11.53291],
					"color": 0,
					"children": [0, 1, 2, 3, 4, 5, 6, 7, 8, 9, 10, 11, 12, 13, 14, 15, 16]
				},
				{
					"name": "Wheel2",
					"origin": [15.16494, 0.92727, 10.71269],
					"color": 0,
					"children": [17, 18, 19, 20, 21, 22, 23, 24, 25, 26, 27, 28, 29, 30, 31, 32, 33]
				}
			]
		},
		{
			"name": "WHEELBACK2",
			"origin": [8, 8, 8],
			"color": 0,
			"children": [
				{
					"name": "Wheel1",
					"origin": [-8.79186, 0.92727, -11.53291],
					"color": 0,
					"children": [34, 35, 36, 37, 38, 39, 40, 41, 42, 43, 44, 45, 46, 47, 48, 49, 50]
				},
				{
					"name": "Wheel2",
					"origin": [-8.79186, 0.92727, 10.71269],
					"color": 0,
					"children": [51, 52, 53, 54, 55, 56, 57, 58, 59, 60, 61, 62, 63, 64, 65, 66, 67]
				}
			]
		},
		{
			"name": "SEAT + PEDAL",
			"origin": [3, 3, 8],
			"color": 0,
			"children": [68, 69, 70, 71, 72, 73, 74, 75, 76, 77, 78, 79, 80, 81, 82, 83, 84, 85, 86, 87, 88, 89, 90]
		}
	]
}