{
	"credit": "Made with Blockbench",
	"texture_size": [32, 32],
	"textures": {
		"0": "item/broom",
		"particle": "item/broom"
	},
	"elements": [
		{
			"from": [0, 6, 7],
			"to": [23, 8, 9],
			"rotation": {"angle": 0, "axis": "y", "origin": [0, 1, 0]},
			"faces": {
				"north": {"uv": [0, 0, 10, 1], "texture": "#0"},
				"east": {"uv": [6, 11.5, 7, 12.5], "texture": "#0"},
				"south": {"uv": [0, 1, 10, 2], "texture": "#0"},
				"west": {"uv": [7, 11.5, 8, 12.5], "texture": "#0"},
				"up": {"uv": [10, 3, 0, 2], "texture": "#0"},
				"down": {"uv": [10, 3, 0, 4], "texture": "#0"}
			}
		},
		{
			"from": [23, 6.25, 7.25],
			"to": [23.5, 7.75, 8.75],
			"rotation": {"angle": 0, "axis": "y", "origin": [0, 1, 0]},
			"faces": {
				"north": {"uv": [6.5, 13, 6.75, 13.75], "texture": "#0"},
				"east": {"uv": [2, 12, 2.75, 12.75], "texture": "#0"},
				"south": {"uv": [7, 13, 7.25, 13.75], "texture": "#0"},
				"west": {"uv": [3, 12, 3.75, 12.75], "texture": "#0"},
				"up": {"uv": [13.25, 7.75, 13, 7], "texture": "#0"},
				"down": {"uv": [7.75, 13, 7.5, 13.75], "texture": "#0"}
			}
		},
		{
			"from": [-8.26, 4.8825, 5.8825],
			"to": [-3.7225, 9.1175, 10.1175],
			"rotation": {"angle": 0, "axis": "y", "origin": [0.21, -0.26, -1.68]},
			"faces": {
				"north": {"uv": [0, 4, 2, 5.75], "texture": "#0"},
				"east": {"uv": [2, 6, 3.75, 7.75], "texture": "#0"},
				"south": {"uv": [2, 4, 4, 5.75], "texture": "#0"},
				"west": {"uv": [4, 6, 5.75, 7.75], "texture": "#0"},
				"up": {"uv": [6, 5.75, 4, 4], "texture": "#0"},
				"down": {"uv": [2, 6, 0, 7.75], "texture": "#0"}
			}
		},
		{
			"from": [-10.3775, 6.0925, 7.0925],
			"to": [-8.26, 7.9075, 8.9075],
			"rotation": {"angle": 0, "axis": "y", "origin": [0.21, -0.26, -1.68]},
			"faces": {
				"north": {"uv": [8, 11.5, 9, 12.25], "texture": "#0"},
				"east": {"uv": [4, 12, 4.75, 12.75], "texture": "#0"},
				"south": {"uv": [9, 11.5, 10, 12.25], "texture": "#0"},
				"west": {"uv": [12, 4, 12.75, 4.75], "texture": "#0"},
				"up": {"uv": [11, 12.25, 10, 11.5], "texture": "#0"},
				"down": {"uv": [12, 11.5, 11, 12.25], "texture": "#0"}
			}
		},
		{
			"from": [-11.89, 6.516, 7.516],
			"to": [-10.3775, 7.4235, 8.4235],
			"rotation": {"angle": 0, "axis": "y", "origin": [0.21, -0.26, -1.68]},
			"faces": {
				"north": {"uv": [5, 12.5, 5.75, 13], "texture": "#0"},
				"east": {"uv": [13, 5.5, 13.5, 6], "texture": "#0"},
				"south": {"uv": [6, 12.5, 6.75, 13], "texture": "#0"},
				"west": {"uv": [6, 13, 6.5, 13.5], "texture": "#0"},
				"up": {"uv": [13.25, 7, 12.5, 6.5], "texture": "#0"},
				"down": {"uv": [7.75, 12.5, 7, 13], "texture": "#0"}
			}
		},
		{
			"from": [-9.1675, 7.9075, 7.0925],
			"to": [-8.26, 8.5125, 8.9075],
			"rotation": {"angle": 0, "axis": "y", "origin": [-8.26, 7, 8]},
			"faces": {
				"north": {"uv": [13.5, 4.5, 14, 4.75], "texture": "#0"},
				"east": {"uv": [13, 6, 13.75, 6.25], "texture": "#0"},
				"south": {"uv": [5, 13.5, 5.5, 13.75], "texture": "#0"},
				"west": {"uv": [13, 8, 13.75, 8.25], "texture": "#0"},
				"up": {"uv": [13, 7.75, 12.5, 7], "texture": "#0"},
				"down": {"uv": [8.5, 12.5, 8, 13.25], "texture": "#0"}
			}
		},
		{
			"from": [-9.1675, 6.0925, 8.9075],
			"to": [-8.26, 7.9075, 9.5125],
			"rotation": {"angle": 0, "axis": "x", "origin": [-8.26, 7, 8]},
			"faces": {
				"north": {"uv": [12.5, 8, 13, 8.75], "texture": "#0"},
				"east": {"uv": [13, 8.5, 13.25, 9.25], "texture": "#0"},
				"south": {"uv": [8.5, 12.5, 9, 13.25], "texture": "#0"},
				"west": {"uv": [10.5, 13, 10.75, 13.75], "texture": "#0"},
				"up": {"uv": [6, 13.75, 5.5, 13.5], "texture": "#0"},
				"down": {"uv": [14, 5.5, 13.5, 5.75], "texture": "#0"}
			}
		},
		{
			"from": [-9.1675, 5.4875, 7.0925],
			"to": [-8.26, 6.0925, 8.9075],
			"rotation": {"angle": 0, "axis": "x", "origin": [-8.26, 7, 8]},
			"faces": {
				"north": {"uv": [6, 13.5, 6.5, 13.75], "texture": "#0"},
				"east": {"uv": [13, 9.5, 13.75, 9.75], "texture": "#0"},
				"south": {"uv": [13.5, 6.5, 14, 6.75], "texture": "#0"},
				"west": {"uv": [11, 13, 11.75, 13.25], "texture": "#0"},
				"up": {"uv": [9.5, 13.25, 9, 12.5], "texture": "#0"},
				"down": {"uv": [13, 9, 12.5, 9.75], "texture": "#0"}
			}
		},
		{
			"from": [-9.1675, 6.0925, 6.4875],
			"to": [-8.26, 7.9075, 7.0925],
			"rotation": {"angle": 0, "axis": "x", "origin": [-8.26, 7, 8]},
			"faces": {
				"north": {"uv": [9.5, 12.5, 10, 13.25], "texture": "#0"},
				"east": {"uv": [12, 13, 12.25, 13.75], "texture": "#0"},
				"south": {"uv": [10, 12.5, 10.5, 13.25], "texture": "#0"},
				"west": {"uv": [12.5, 13, 12.75, 13.75], "texture": "#0"},
				"up": {"uv": [14, 7.25, 13.5, 7], "texture": "#0"},
				"down": {"uv": [14, 7.5, 13.5, 7.75], "texture": "#0"}
			}
		},
		{
			"from": [-9.7725, 6.395, 6.185],
			"to": [-8.26, 7.605, 6.79],
			"rotation": {"angle": 45, "axis": "x", "origin": [-8.26, 7, 8]},
			"faces": {
				"north": {"uv": [12.5, 10, 13.25, 10.5], "texture": "#0"},
				"east": {"uv": [8, 13.5, 8.25, 14], "texture": "#0"},
				"south": {"uv": [10.5, 12.5, 11.25, 13], "texture": "#0"},
				"west": {"uv": [8.5, 13.5, 8.75, 14], "texture": "#0"},
				"up": {"uv": [13.75, 13.25, 13, 13], "texture": "#0"},
				"down": {"uv": [0.75, 13.5, 0, 13.75], "texture": "#0"}
			}
		},
		{
			"from": [-9.7725, 8.21, 7.395],
			"to": [-8.26, 8.815, 8.605],
			"rotation": {"angle": 45, "axis": "x", "origin": [-8.26, 7, 8]},
			"faces": {
				"north": {"uv": [13.5, 0, 14.25, 0.25], "texture": "#0"},
				"east": {"uv": [13.5, 8.5, 14, 8.75], "texture": "#0"},
				"south": {"uv": [13.5, 0.5, 14.25, 0.75], "texture": "#0"},
				"west": {"uv": [9, 13.5, 9.5, 13.75], "texture": "#0"},
				"up": {"uv": [13.25, 11, 12.5, 10.5], "texture": "#0"},
				"down": {"uv": [13.25, 11, 12.5, 11.5], "texture": "#0"}
			}
		},
		{
			"from": [-9.7725, 6.395, 9.21],
			"to": [-8.26, 7.605, 9.815],
			"rotation": {"angle": 45, "axis": "x", "origin": [-8.26, 7, 8]},
			"faces": {
				"north": {"uv": [11.5, 12.5, 12.25, 13], "texture": "#0"},
				"east": {"uv": [13.5, 9, 13.75, 9.5], "texture": "#0"},
				"south": {"uv": [12.5, 11.5, 13.25, 12], "texture": "#0"},
				"west": {"uv": [9.5, 13.5, 9.75, 14], "texture": "#0"},
				"up": {"uv": [1.75, 13.75, 1, 13.5], "texture": "#0"},
				"down": {"uv": [3.25, 13.5, 2.5, 13.75], "texture": "#0"}
			}
		},
		{
			"from": [-9.7725, 5.185, 7.395],
			"to": [-8.26, 5.79, 8.605],
			"rotation": {"angle": 45, "axis": "x", "origin": [-8.26, 7, 8]},
			"faces": {
				"north": {"uv": [3.5, 13.5, 4.25, 13.75], "texture": "#0"},
				"east": {"uv": [10, 13.5, 10.5, 13.75], "texture": "#0"},
				"south": {"uv": [13.5, 4, 14.25, 4.25], "texture": "#0"},
				"west": {"uv": [13.5, 10, 14, 10.25], "texture": "#0"},
				"up": {"uv": [13.25, 12.5, 12.5, 12], "texture": "#0"},
				"down": {"uv": [13.25, 12.5, 12.5, 13], "texture": "#0"}
			}
		},
		{
			"from": [-10.68, 6.0925, 6.79],
			"to": [-3.42, 7.3025, 9.21],
			"rotation": {"angle": -22.5, "axis": "z", "origin": [0.21, -0.26, -1.68]},
			"faces": {
				"north": {"uv": [3, 10, 6, 10.5], "texture": "#0"},
				"east": {"uv": [5, 12, 6, 12.5], "texture": "#0"},
				"south": {"uv": [6, 10, 9, 10.5], "texture": "#0"},
				"west": {"uv": [12, 5, 13, 5.5], "texture": "#0"},
				"up": {"uv": [9, 5, 6, 4], "texture": "#0"},
				"down": {"uv": [9, 5, 6, 6], "texture": "#0"}
			}
		},
		{
			"from": [-12.495, 7.0605, 6.79],
			"to": [-5.235, 8.2705, 9.21],
			"rotation": {"angle": 22.5, "axis": "z", "origin": [0.21, 19.1, -1.68]},
			"faces": {
				"north": {"uv": [9, 10, 12, 10.5], "texture": "#0"},
				"east": {"uv": [12, 5.5, 13, 6], "texture": "#0"},
				"south": {"uv": [3, 10.5, 6, 11], "texture": "#0"},
				"west": {"uv": [12, 6, 13, 6.5], "texture": "#0"},
				"up": {"uv": [9, 7, 6, 6], "texture": "#0"},
				"down": {"uv": [9, 7, 6, 8], "texture": "#0"}
			}
		},
		{
			"from": [-7.82148, 5.79, 6.7008],
			"to": [-0.56148, 8.21, 7.9108],
			"rotation": {"angle": -22.5, "axis": "y", "origin": [-1, 7, 8]},
			"faces": {
				"north": {"uv": [0, 8, 3, 9], "texture": "#0"},
				"east": {"uv": [12, 6.5, 12.5, 7.5], "texture": "#0"},
				"south": {"uv": [3, 8, 6, 9], "texture": "#0"},
				"west": {"uv": [12, 7.5, 12.5, 8.5], "texture": "#0"},
				"up": {"uv": [9, 11, 6, 10.5], "texture": "#0"},
				"down": {"uv": [12, 10.5, 9, 11], "texture": "#0"}
			}
		},
		{
			"from": [-10.24148, 6.0925, 7.9108],
			"to": [-2.98148, 7.9075, 8.8183],
			"rotation": {"angle": -22.5, "axis": "y", "origin": [-1, 7, 8]},
			"faces": {
				"north": {"uv": [9, 5, 12, 5.75], "texture": "#0"},
				"east": {"uv": [13, 0, 13.5, 0.75], "texture": "#0"},
				"south": {"uv": [6, 9, 9, 9.75], "texture": "#0"},
				"west": {"uv": [2, 13, 2.5, 13.75], "texture": "#0"},
				"up": {"uv": [9, 11.5, 6, 11], "texture": "#0"},
				"down": {"uv": [12, 11, 9, 11.5], "texture": "#0"}
			}
		},
		{
			"from": [-10.24148, 6.1817, 7.0925],
			"to": [-2.98148, 7.0892, 8.9075],
			"rotation": {"angle": -22.5, "axis": "z", "origin": [-1, 7, 8]},
			"faces": {
				"north": {"uv": [0, 11.5, 3, 12], "texture": "#0"},
				"east": {"uv": [2.5, 13, 3.25, 13.5], "texture": "#0"},
				"south": {"uv": [11.5, 1, 14.5, 1.5], "texture": "#0"},
				"west": {"uv": [3.5, 13, 4.25, 13.5], "texture": "#0"},
				"up": {"uv": [12, 6.75, 9, 6], "texture": "#0"},
				"down": {"uv": [12, 7, 9, 7.75], "texture": "#0"}
			}
		},
		{
			"from": [-10.24148, 6.0925, 7.1817],
			"to": [-2.98148, 7.9075, 8.0892],
			"rotation": {"angle": 22.5, "axis": "y", "origin": [-1, 7, 8]},
			"faces": {
				"north": {"uv": [9, 8, 12, 8.75], "texture": "#0"},
				"east": {"uv": [13, 4, 13.5, 4.75], "texture": "#0"},
				"south": {"uv": [9, 9, 12, 9.75], "texture": "#0"},
				"west": {"uv": [4.5, 13, 5, 13.75], "texture": "#0"},
				"up": {"uv": [14.5, 2, 11.5, 1.5], "texture": "#0"},
				"down": {"uv": [14.5, 2, 11.5, 2.5], "texture": "#0"}
			}
		},
		{
			"from": [-10.24148, 6.9108, 7.0925],
			"to": [-2.98148, 7.8183, 8.9075],
			"rotation": {"angle": 22.5, "axis": "z", "origin": [-1, 7, 8]},
			"faces": {
				"north": {"uv": [11.5, 2.5, 14.5, 3], "texture": "#0"},
				"east": {"uv": [5, 13, 5.75, 13.5], "texture": "#0"},
				"south": {"uv": [3, 11.5, 6, 12], "texture": "#0"},
				"west": {"uv": [13, 5, 13.75, 5.5], "texture": "#0"},
				"up": {"uv": [3, 10.75, 0, 10], "texture": "#0"},
				"down": {"uv": [13, 0, 10, 0.75], "texture": "#0"}
			}
		},
		{
			"from": [-7.82148, 5.79, 8.0892],
			"to": [-0.56148, 8.21, 9.2992],
			"rotation": {"angle": 22.5, "axis": "y", "origin": [-1, 7, 8]},
			"faces": {
				"north": {"uv": [3, 9, 6, 10], "texture": "#0"},
				"east": {"uv": [12, 10.5, 12.5, 11.5], "texture": "#0"},
				"south": {"uv": [9, 4, 12, 5], "texture": "#0"},
				"west": {"uv": [12, 11.5, 12.5, 12.5], "texture": "#0"},
				"up": {"uv": [14.5, 3.5, 11.5, 3], "texture": "#0"},
				"down": {"uv": [14.5, 3.5, 11.5, 4], "texture": "#0"}
			}
		},
		{
			"from": [-1, 5.5, 6.5],
			"to": [0, 8.5, 9.5],
			"rotation": {"angle": 0, "axis": "y", "origin": [0, 1, 0]},
			"faces": {
				"north": {"uv": [0, 12, 0.5, 13.25], "texture": "#0"},
				"east": {"uv": [10, 1, 11.25, 2.25], "texture": "#0"},
				"south": {"uv": [0.5, 12, 1, 13.25], "texture": "#0"},
				"west": {"uv": [10, 2.5, 11.25, 3.75], "texture": "#0"},
				"up": {"uv": [1.5, 13.25, 1, 12], "texture": "#0"},
				"down": {"uv": [2, 12, 1.5, 13.25], "texture": "#0"}
			}
		}
	],
	"display": {
		"thirdperson_righthand": {
			"rotation": [0, 114, 0],
			"translation": [0.75, 1.5, 0],
			"scale": [0.16, 0.16, 0.16]
		},
		"thirdperson_lefthand": {
			"rotation": [0, 114, 0],
			"translation": [0.75, 1.5, 0],
			"scale": [0.16, 0.16, 0.16]
		},
		"firstperson_righthand": {
			"scale": [0.2, 0.2, 0.2]
		},
		"firstperson_lefthand": {
			"scale": [0.2, 0.2, 0.2]
		},
		"ground": {
			"rotation": [76, -90, 0],
			"translation": [0.25, 11.25, 9.25],
			"scale": [1.04, 1.04, 1.04]
		},
		"gui": {
			"rotation": [13, -63, 0],
			"translation": [1.1, -0.5, 0],
			"scale": [0.79, 0.79, 0.79]
		},
		"head": {
			"rotation": [0, 0, 13],
			"translation": [0, 0.25, 0],
			"scale": [1.17, 1.17, 1.17]
		},
		"fixed": {
			"rotation": [-90, 0, 0],
			"translation": [0, 0, -23.25],
			"scale": [2.05, 2.05, 2.05]
		}
	},
	"groups": [
		{
			"name": "SEAT + PEDAL",
			"origin": [3, 3, 8],
			"color": 0,
			"children": [
				0,
				1,
				{
					"name": "Brush",
					"origin": [-1, 6, 8],
					"color": 0,
					"children": [2, 3, 4, 5, 6, 7, 8, 9, 10, 11, 12, 13, 14, 15, 16, 17, 18, 19, 20]
				},
				21
			]
		}
	]
}