{
	"credit": "Made with Blockbench",
	"texture_size": [128, 128],
	"textures": {
		"0": "item/cart03",
		"particle": "item/cart03"
	},
	"elements": [
		{
			"from": [7, 3, -1],
			"to": [31, 4, 2],
			"faces": {
				"north": {"uv": [1.75, 3.125, 4.75, 3.25], "texture": "#0"},
				"east": {"uv": [4.125, 5.75, 4.5, 5.875], "texture": "#0"},
				"south": {"uv": [1.75, 3.25, 4.75, 3.375], "texture": "#0"},
				"west": {"uv": [4.625, 8, 5, 8.125], "texture": "#0"},
				"up": {"uv": [3, 1.625, 0, 1.25], "texture": "#0"},
				"down": {"uv": [3, 1.625, 0, 2], "texture": "#0"}
			}
		},
		{
			"from": [6, 6, -1.0625],
			"to": [30, 7, 2.0625],
			"faces": {
				"north": {"uv": [0, 3.375, 3, 3.5], "texture": "#0"},
				"east": {"uv": [5, 8, 5.375, 8.125], "texture": "#0"},
				"south": {"uv": [3, 3.375, 6, 3.5], "texture": "#0"},
				"west": {"uv": [5.375, 8, 5.75, 8.125], "texture": "#0"},
				"up": {"uv": [3, 2.375, 0, 2], "texture": "#0"},
				"down": {"uv": [3, 2.375, 0, 2.75], "texture": "#0"}
			}
		},
		{
			"from": [7, 7, -1],
			"to": [26, 8, 2],
			"faces": {
				"north": {"uv": [0, 5, 2.375, 5.125], "texture": "#0"},
				"east": {"uv": [5.75, 8, 6.125, 8.125], "texture": "#0"},
				"south": {"uv": [2.375, 5, 4.75, 5.125], "texture": "#0"},
				"west": {"uv": [8, 6.25, 8.375, 6.375], "texture": "#0"},
				"up": {"uv": [2.375, 3.125, 0, 2.75], "texture": "#0"},
				"down": {"uv": [4.75, 2.75, 2.375, 3.125], "texture": "#0"}
			}
		},
		{
			"from": [9, 8, -1],
			"to": [22, 9, 2],
			"faces": {
				"north": {"uv": [3.25, 6.75, 4.875, 6.875], "texture": "#0"},
				"east": {"uv": [6.375, 8, 6.75, 8.125], "texture": "#0"},
				"south": {"uv": [4.875, 6.75, 6.5, 6.875], "texture": "#0"},
				"west": {"uv": [8, 6.375, 8.375, 6.5], "texture": "#0"},
				"up": {"uv": [4.625, 2.125, 3, 1.75], "texture": "#0"},
				"down": {"uv": [4.625, 2.125, 3, 2.5], "texture": "#0"}
			}
		},
		{
			"from": [22, 8, 0],
			"to": [23, 9, 1],
			"faces": {
				"north": {"uv": [7.125, 8.375, 7.25, 8.5], "texture": "#0"},
				"east": {"uv": [8.375, 7.125, 8.5, 7.25], "texture": "#0"},
				"south": {"uv": [7.25, 8.375, 7.375, 8.5], "texture": "#0"},
				"west": {"uv": [8.375, 7.25, 8.5, 7.375], "texture": "#0"},
				"up": {"uv": [7.5, 8.5, 7.375, 8.375], "texture": "#0"},
				"down": {"uv": [8.5, 7.375, 8.375, 7.5], "texture": "#0"}
			}
		},
		{
			"from": [26, 7, 0],
			"to": [27, 8, 1],
			"faces": {
				"north": {"uv": [7.5, 8.375, 7.625, 8.5], "texture": "#0"},
				"east": {"uv": [8.375, 7.5, 8.5, 7.625], "texture": "#0"},
				"south": {"uv": [7.625, 8.375, 7.75, 8.5], "texture": "#0"},
				"west": {"uv": [8.375, 7.625, 8.5, 7.75], "texture": "#0"},
				"up": {"uv": [7.875, 8.5, 7.75, 8.375], "texture": "#0"},
				"down": {"uv": [8.5, 7.75, 8.375, 7.875], "texture": "#0"}
			}
		},
		{
			"from": [31.125, 5.25, -7],
			"to": [31.375, 5.5, -1],
			"rotation": {"angle": 22.5, "axis": "x", "origin": [29, 5, 0]},
			"faces": {
				"north": {"uv": [3.75, 8.5, 3.875, 8.625], "texture": "#0"},
				"east": {"uv": [5.75, 7.25, 6.5, 7.375], "texture": "#0"},
				"south": {"uv": [8.5, 3.75, 8.625, 3.875], "texture": "#0"},
				"west": {"uv": [3, 7.375, 3.75, 7.5], "texture": "#0"},
				"up": {"uv": [6.625, 8, 6.5, 7.25], "texture": "#0"},
				"down": {"uv": [6.75, 7.25, 6.625, 8], "texture": "#0"}
			}
		},
		{
			"from": [31.125, 5, -9.5],
			"to": [31.375, 5.25, -3.5],
			"rotation": {"angle": -22.5, "axis": "x", "origin": [29, 11, 0]},
			"faces": {
				"north": {"uv": [4, 8.5, 4.125, 8.625], "texture": "#0"},
				"east": {"uv": [4.625, 7.375, 5.375, 7.5], "texture": "#0"},
				"south": {"uv": [8.5, 4, 8.625, 4.125], "texture": "#0"},
				"west": {"uv": [7.375, 4.75, 8.125, 4.875], "texture": "#0"},
				"up": {"uv": [6.875, 8, 6.75, 7.25], "texture": "#0"},
				"down": {"uv": [7, 7.25, 6.875, 8], "texture": "#0"}
			}
		},
		{
			"from": [31.125, 4.75, -7],
			"to": [31.375, 5, -1],
			"rotation": {"angle": 0, "axis": "x", "origin": [29, 11, 0]},
			"faces": {
				"north": {"uv": [4.125, 8.5, 4.25, 8.625], "texture": "#0"},
				"east": {"uv": [5.75, 7.375, 6.5, 7.5], "texture": "#0"},
				"south": {"uv": [8.5, 4.125, 8.625, 4.25], "texture": "#0"},
				"west": {"uv": [7, 7.375, 7.75, 7.5], "texture": "#0"},
				"up": {"uv": [3.875, 8.125, 3.75, 7.375], "texture": "#0"},
				"down": {"uv": [4, 7.375, 3.875, 8.125], "texture": "#0"}
			}
		},
		{
			"from": [31.125, 5.25, 2],
			"to": [31.375, 5.5, 8],
			"rotation": {"angle": -22.5, "axis": "x", "origin": [29, 5, 1]},
			"faces": {
				"north": {"uv": [4.5, 8.5, 4.625, 8.625], "texture": "#0"},
				"east": {"uv": [4.125, 7.5, 4.875, 7.625], "texture": "#0"},
				"south": {"uv": [8.5, 4.5, 8.625, 4.625], "texture": "#0"},
				"west": {"uv": [4.875, 7.5, 5.625, 7.625], "texture": "#0"},
				"up": {"uv": [3.5, 8.25, 3.375, 7.5], "texture": "#0"},
				"down": {"uv": [3.625, 7.5, 3.5, 8.25], "texture": "#0"}
			}
		},
		{
			"from": [31.125, 4.75, 2],
			"to": [31.375, 5, 8],
			"rotation": {"angle": 0, "axis": "x", "origin": [29, 11, 1]},
			"faces": {
				"north": {"uv": [4.375, 8.5, 4.5, 8.625], "texture": "#0"},
				"east": {"uv": [1.625, 7.5, 2.375, 7.625], "texture": "#0"},
				"south": {"uv": [8.5, 4.375, 8.625, 4.5], "texture": "#0"},
				"west": {"uv": [2.375, 7.5, 3.125, 7.625], "texture": "#0"},
				"up": {"uv": [3.25, 8.25, 3.125, 7.5], "texture": "#0"},
				"down": {"uv": [3.375, 7.5, 3.25, 8.25], "texture": "#0"}
			}
		},
		{
			"from": [31.125, 5, 4.5],
			"to": [31.375, 5.25, 10.5],
			"rotation": {"angle": 22.5, "axis": "x", "origin": [29, 11, 1]},
			"faces": {
				"north": {"uv": [4.25, 8.5, 4.375, 8.625], "texture": "#0"},
				"east": {"uv": [0, 7.5, 0.75, 7.625], "texture": "#0"},
				"south": {"uv": [8.5, 4.25, 8.625, 4.375], "texture": "#0"},
				"west": {"uv": [0.75, 7.5, 1.5, 7.625], "texture": "#0"},
				"up": {"uv": [4.125, 8.125, 4, 7.375], "texture": "#0"},
				"down": {"uv": [1.625, 7.5, 1.5, 8.25], "texture": "#0"}
			}
		},
		{
			"from": [23.4375, 6.25, -0.6875],
			"to": [24.4375, 10.25, 2.3125],
			"rotation": {"angle": -22.5, "axis": "x", "origin": [0, 0, 0]},
			"faces": {
				"north": {"uv": [3.625, 7.5, 3.75, 8], "texture": "#0"},
				"east": {"uv": [1.5, 7, 1.875, 7.5], "texture": "#0"},
				"south": {"uv": [6.375, 7.5, 6.5, 8], "texture": "#0"},
				"west": {"uv": [1.875, 7, 2.25, 7.5], "texture": "#0"},
				"up": {"uv": [7.25, 8.375, 7.125, 8], "texture": "#0"},
				"down": {"uv": [7.375, 8, 7.25, 8.375], "texture": "#0"}
			}
		},
		{
			"from": [23.4375, 0.375, -0.3125],
			"to": [24.4375, 4.375, 2.6875],
			"rotation": {"angle": 22.5, "axis": "x", "origin": [0, 0, 16]},
			"faces": {
				"north": {"uv": [6.125, 7.875, 6.25, 8.375], "texture": "#0"},
				"east": {"uv": [2.25, 7, 2.625, 7.5], "texture": "#0"},
				"south": {"uv": [6.25, 7.875, 6.375, 8.375], "texture": "#0"},
				"west": {"uv": [2.625, 7, 3, 7.5], "texture": "#0"},
				"up": {"uv": [7.5, 8.375, 7.375, 8], "texture": "#0"},
				"down": {"uv": [7.625, 8, 7.5, 8.375], "texture": "#0"}
			}
		},
		{
			"from": [30.75, 4.5, -0.75],
			"to": [31.75, 5.5, 0.25],
			"faces": {
				"north": {"uv": [2.625, 8.5, 2.75, 8.625], "texture": "#0"},
				"east": {"uv": [2.75, 8.5, 2.875, 8.625], "texture": "#0"},
				"south": {"uv": [8.5, 2.75, 8.625, 2.875], "texture": "#0"},
				"west": {"uv": [8.5, 2.875, 8.625, 3], "texture": "#0"},
				"up": {"uv": [3.25, 8.625, 3.125, 8.5], "texture": "#0"},
				"down": {"uv": [8.625, 3.125, 8.5, 3.25], "texture": "#0"}
			}
		},
		{
			"from": [30.75, 4.5, 0.75],
			"to": [31.75, 5.5, 1.75],
			"faces": {
				"north": {"uv": [3.25, 8.5, 3.375, 8.625], "texture": "#0"},
				"east": {"uv": [8.5, 3.25, 8.625, 3.375], "texture": "#0"},
				"south": {"uv": [3.375, 8.5, 3.5, 8.625], "texture": "#0"},
				"west": {"uv": [8.5, 3.375, 8.625, 3.5], "texture": "#0"},
				"up": {"uv": [3.625, 8.625, 3.5, 8.5], "texture": "#0"},
				"down": {"uv": [8.625, 3.625, 8.5, 3.75], "texture": "#0"}
			}
		},
		{
			"from": [30.5, 4.0625, -1],
			"to": [31.5, 5.9375, 2],
			"faces": {
				"north": {"uv": [5.375, 8.125, 5.5, 8.375], "texture": "#0"},
				"east": {"uv": [1.125, 7.25, 1.5, 7.5], "texture": "#0"},
				"south": {"uv": [5.5, 8.125, 5.625, 8.375], "texture": "#0"},
				"west": {"uv": [5.375, 7.25, 5.75, 7.5], "texture": "#0"},
				"up": {"uv": [7, 8.375, 6.875, 8], "texture": "#0"},
				"down": {"uv": [7.125, 8, 7, 8.375], "texture": "#0"}
			}
		},
		{
			"from": [6, 4, -2],
			"to": [31, 6, 3],
			"faces": {
				"north": {"uv": [3, 1.25, 6.125, 1.5], "texture": "#0"},
				"east": {"uv": [7.125, 7.125, 7.75, 7.375], "texture": "#0"},
				"south": {"uv": [3, 1.5, 6.125, 1.75], "texture": "#0"},
				"west": {"uv": [0, 7.25, 0.625, 7.5], "texture": "#0"},
				"up": {"uv": [3.125, 0.625, 0, 0], "texture": "#0"},
				"down": {"uv": [3.125, 0.625, 0, 1.25], "texture": "#0"}
			}
		},
		{
			"from": [-2.5, 2.25, -1],
			"to": [6.5, 4.25, 2],
			"rotation": {"angle": 22.5, "axis": "z", "origin": [0, 4.75, 0]},
			"faces": {
				"north": {"uv": [5.5, 5.375, 6.625, 5.625], "texture": "#0"},
				"east": {"uv": [7.625, 6.375, 8, 6.625], "texture": "#0"},
				"south": {"uv": [0.75, 5.625, 1.875, 5.875], "texture": "#0"},
				"west": {"uv": [7.75, 4, 8.125, 4.25], "texture": "#0"},
				"up": {"uv": [4.25, 0.875, 3.125, 0.5], "texture": "#0"},
				"down": {"uv": [4.25, 0.875, 3.125, 1.25], "texture": "#0"}
			}
		},
		{
			"from": [-9.75, 1.75, 0],
			"to": [-0.75, 3.25, 2],
			"rotation": {"angle": -22.5, "axis": "y", "origin": [0, 4.75, 0]},
			"faces": {
				"north": {"uv": [1.875, 5.625, 3, 5.875], "texture": "#0"},
				"east": {"uv": [4.5, 5.375, 4.75, 5.625], "texture": "#0"},
				"south": {"uv": [4.5, 5.625, 5.625, 5.875], "texture": "#0"},
				"west": {"uv": [2.625, 8, 2.875, 8.25], "texture": "#0"},
				"up": {"uv": [6.75, 5.875, 5.625, 5.625], "texture": "#0"},
				"down": {"uv": [4.125, 5.75, 3, 6], "texture": "#0"}
			}
		},
		{
			"from": [-13, 2, -3.5],
			"to": [-9, 3, -2],
			"rotation": {"angle": 0, "axis": "z", "origin": [0, 4.75, 0]},
			"faces": {
				"north": {"uv": [8, 3.125, 8.5, 3.25], "texture": "#0"},
				"east": {"uv": [8.375, 3.875, 8.625, 4], "texture": "#0"},
				"south": {"uv": [4.125, 8, 4.625, 8.125], "texture": "#0"},
				"west": {"uv": [4, 8.375, 4.25, 8.5], "texture": "#0"},
				"up": {"uv": [1.125, 7.5, 0.625, 7.25], "texture": "#0"},
				"down": {"uv": [4.625, 7.25, 4.125, 7.5], "texture": "#0"}
			}
		},
		{
			"from": [-13.75, 2, -8],
			"to": [-10.75, 2.75, -7],
			"rotation": {"angle": 22.5, "axis": "y", "origin": [0, 4.75, 0]},
			"faces": {
				"north": {"uv": [8, 6.5, 8.375, 6.625], "texture": "#0"},
				"east": {"uv": [5.625, 8.5, 5.75, 8.625], "texture": "#0"},
				"south": {"uv": [8.125, 3.375, 8.5, 3.5], "texture": "#0"},
				"west": {"uv": [8.5, 5.625, 8.625, 5.75], "texture": "#0"},
				"up": {"uv": [4.125, 8.25, 3.75, 8.125], "texture": "#0"},
				"down": {"uv": [8.5, 4, 8.125, 4.125], "texture": "#0"}
			}
		},
		{
			"from": [-12.625, 2.125, -12.5625],
			"to": [-9.625, 2.625, -11.8125],
			"rotation": {"angle": 45, "axis": "y", "origin": [0, 4.75, 0]},
			"faces": {
				"north": {"uv": [4.125, 8.125, 4.5, 8.25], "texture": "#0"},
				"east": {"uv": [5.75, 8.5, 5.875, 8.625], "texture": "#0"},
				"south": {"uv": [8.125, 4.125, 8.5, 4.25], "texture": "#0"},
				"west": {"uv": [8.5, 5.75, 8.625, 5.875], "texture": "#0"},
				"up": {"uv": [4.875, 8.25, 4.5, 8.125], "texture": "#0"},
				"down": {"uv": [8.5, 4.75, 8.125, 4.875], "texture": "#0"}
			}
		},
		{
			"from": [7, 3, -2],
			"to": [30, 4, -1],
			"faces": {
				"north": {"uv": [0, 3.5, 2.875, 3.625], "texture": "#0"},
				"east": {"uv": [2.875, 5.875, 3, 6], "texture": "#0"},
				"south": {"uv": [2.875, 3.5, 5.75, 3.625], "texture": "#0"},
				"west": {"uv": [1.375, 7.125, 1.5, 7.25], "texture": "#0"},
				"up": {"uv": [2.875, 3.75, 0, 3.625], "texture": "#0"},
				"down": {"uv": [5.75, 3.625, 2.875, 3.75], "texture": "#0"}
			}
		},
		{
			"from": [8, 3, -3],
			"to": [28, 4, -2],
			"faces": {
				"north": {"uv": [0, 4.75, 2.5, 4.875], "texture": "#0"},
				"east": {"uv": [7, 7.25, 7.125, 7.375], "texture": "#0"},
				"south": {"uv": [2.5, 4.75, 5, 4.875], "texture": "#0"},
				"west": {"uv": [7.5, 6.5, 7.625, 6.625], "texture": "#0"},
				"up": {"uv": [7.25, 2.625, 4.75, 2.5], "texture": "#0"},
				"down": {"uv": [7.25, 2.625, 4.75, 2.75], "texture": "#0"}
			}
		},
		{
			"from": [7, 4, -3],
			"to": [29, 5, -2],
			"faces": {
				"north": {"uv": [0, 4, 2.75, 4.125], "texture": "#0"},
				"east": {"uv": [4.875, 8.375, 5, 8.5], "texture": "#0"},
				"south": {"uv": [2.75, 4, 5.5, 4.125], "texture": "#0"},
				"west": {"uv": [5, 8.375, 5.125, 8.5], "texture": "#0"},
				"up": {"uv": [2.75, 4.25, 0, 4.125], "texture": "#0"},
				"down": {"uv": [5.5, 4.125, 2.75, 4.25], "texture": "#0"}
			}
		},
		{
			"from": [7, 5, -3],
			"to": [28, 6, -2],
			"faces": {
				"north": {"uv": [0, 4.625, 2.625, 4.75], "texture": "#0"},
				"east": {"uv": [8.375, 5.375, 8.5, 5.5], "texture": "#0"},
				"south": {"uv": [4.625, 1.75, 7.25, 1.875], "texture": "#0"},
				"west": {"uv": [5.5, 8.375, 5.625, 8.5], "texture": "#0"},
				"up": {"uv": [7.25, 2, 4.625, 1.875], "texture": "#0"},
				"down": {"uv": [7.25, 2, 4.625, 2.125], "texture": "#0"}
			}
		},
		{
			"from": [7, 6, -3],
			"to": [26, 7, -2],
			"faces": {
				"north": {"uv": [4.875, 0.25, 7.25, 0.375], "texture": "#0"},
				"east": {"uv": [6.25, 8.375, 6.375, 8.5], "texture": "#0"},
				"south": {"uv": [4.875, 0.375, 7.25, 0.5], "texture": "#0"},
				"west": {"uv": [8.375, 6.25, 8.5, 6.375], "texture": "#0"},
				"up": {"uv": [4.75, 5, 2.375, 4.875], "texture": "#0"},
				"down": {"uv": [7.125, 4.875, 4.75, 5], "texture": "#0"}
			}
		},
		{
			"from": [9, 7, -3],
			"to": [24, 8, -2],
			"faces": {
				"north": {"uv": [2, 6.375, 3.875, 6.5], "texture": "#0"},
				"east": {"uv": [6.75, 8.375, 6.875, 8.5], "texture": "#0"},
				"south": {"uv": [3.875, 6.375, 5.75, 6.5], "texture": "#0"},
				"west": {"uv": [8.375, 6.75, 8.5, 6.875], "texture": "#0"},
				"up": {"uv": [7.625, 6.5, 5.75, 6.375], "texture": "#0"},
				"down": {"uv": [8.25, 6, 6.375, 6.125], "texture": "#0"}
			}
		},
		{
			"from": [7, 6, -2],
			"to": [29, 7, -1.0625],
			"faces": {
				"north": {"uv": [0, 4.25, 2.75, 4.375], "texture": "#0"},
				"east": {"uv": [8.375, 6, 8.5, 6.125], "texture": "#0"},
				"south": {"uv": [4.25, 0.5, 7, 0.625], "texture": "#0"},
				"west": {"uv": [6.125, 8.375, 6.25, 8.5], "texture": "#0"},
				"up": {"uv": [7, 0.75, 4.25, 0.625], "texture": "#0"},
				"down": {"uv": [7, 0.75, 4.25, 0.875], "texture": "#0"}
			}
		},
		{
			"from": [8, 7, -2],
			"to": [25, 8, -1],
			"faces": {
				"north": {"uv": [0, 5.875, 2.125, 6], "texture": "#0"},
				"east": {"uv": [6.625, 8.375, 6.75, 8.5], "texture": "#0"},
				"south": {"uv": [4.125, 5.875, 6.25, 6], "texture": "#0"},
				"west": {"uv": [8.375, 6.625, 8.5, 6.75], "texture": "#0"},
				"up": {"uv": [2.125, 6.125, 0, 6], "texture": "#0"},
				"down": {"uv": [4.25, 6, 2.125, 6.125], "texture": "#0"}
			}
		},
		{
			"from": [10, 8, -2],
			"to": [21, 9, -1],
			"faces": {
				"north": {"uv": [4.375, 7, 5.75, 7.125], "texture": "#0"},
				"east": {"uv": [7.875, 8.375, 8, 8.5], "texture": "#0"},
				"south": {"uv": [5.75, 7, 7.125, 7.125], "texture": "#0"},
				"west": {"uv": [8, 8.375, 8.125, 8.5], "texture": "#0"},
				"up": {"uv": [8.375, 6.75, 7, 6.625], "texture": "#0"},
				"down": {"uv": [1.375, 7.125, 0, 7.25], "texture": "#0"}
			}
		},
		{
			"from": [11, 8, -3],
			"to": [20, 9, -2],
			"faces": {
				"north": {"uv": [7.25, 1.75, 8.375, 1.875], "texture": "#0"},
				"east": {"uv": [8.125, 8.375, 8.25, 8.5], "texture": "#0"},
				"south": {"uv": [7.25, 1.875, 8.375, 2], "texture": "#0"},
				"west": {"uv": [8.375, 8.125, 8.5, 8.25], "texture": "#0"},
				"up": {"uv": [8.375, 2.125, 7.25, 2], "texture": "#0"},
				"down": {"uv": [8.375, 2.125, 7.25, 2.25], "texture": "#0"}
			}
		},
		{
			"from": [13, 8, -4],
			"to": [18, 9, -3],
			"faces": {
				"north": {"uv": [7.625, 4.625, 8.25, 4.75], "texture": "#0"},
				"east": {"uv": [8.375, 8.25, 8.5, 8.375], "texture": "#0"},
				"south": {"uv": [7.625, 6.875, 8.25, 7], "texture": "#0"},
				"west": {"uv": [8.375, 8.375, 8.5, 8.5], "texture": "#0"},
				"up": {"uv": [8.375, 4.375, 7.75, 4.25], "texture": "#0"},
				"down": {"uv": [8.375, 4.375, 7.75, 4.5], "texture": "#0"}
			}
		},
		{
			"from": [9, 3, -4],
			"to": [25, 4, -3],
			"faces": {
				"north": {"uv": [4.25, 6.125, 6.25, 6.25], "texture": "#0"},
				"east": {"uv": [4.25, 8.375, 4.375, 8.5], "texture": "#0"},
				"south": {"uv": [0, 6.25, 2, 6.375], "texture": "#0"},
				"west": {"uv": [8.375, 4.25, 8.5, 4.375], "texture": "#0"},
				"up": {"uv": [4, 6.375, 2, 6.25], "texture": "#0"},
				"down": {"uv": [6, 6.25, 4, 6.375], "texture": "#0"}
			}
		},
		{
			"from": [8, 4, -4],
			"to": [27, 5, -3],
			"faces": {
				"north": {"uv": [4.75, 3.25, 7.125, 3.375], "texture": "#0"},
				"east": {"uv": [5.125, 8.375, 5.25, 8.5], "texture": "#0"},
				"south": {"uv": [0, 4.875, 2.375, 5], "texture": "#0"},
				"west": {"uv": [5.25, 8.375, 5.375, 8.5], "texture": "#0"},
				"up": {"uv": [7.25, 0.125, 4.875, 0], "texture": "#0"},
				"down": {"uv": [7.25, 0.125, 4.875, 0.25], "texture": "#0"}
			}
		},
		{
			"from": [8, 5, -4],
			"to": [26, 6, -3],
			"faces": {
				"north": {"uv": [0.75, 5.375, 3, 5.5], "texture": "#0"},
				"east": {"uv": [8.375, 5.5, 8.5, 5.625], "texture": "#0"},
				"south": {"uv": [0.75, 5.5, 3, 5.625], "texture": "#0"},
				"west": {"uv": [5.625, 8.375, 5.75, 8.5], "texture": "#0"},
				"up": {"uv": [7.75, 4.125, 5.5, 4], "texture": "#0"},
				"down": {"uv": [7.75, 4.125, 5.5, 4.25], "texture": "#0"}
			}
		},
		{
			"from": [8, 6, -4],
			"to": [25, 7, -3],
			"faces": {
				"north": {"uv": [5.75, 3.5, 7.875, 3.625], "texture": "#0"},
				"east": {"uv": [8.375, 6.375, 8.5, 6.5], "texture": "#0"},
				"south": {"uv": [5.75, 3.625, 7.875, 3.75], "texture": "#0"},
				"west": {"uv": [8.375, 6.5, 8.5, 6.625], "texture": "#0"},
				"up": {"uv": [7.875, 3.875, 5.75, 3.75], "texture": "#0"},
				"down": {"uv": [7.875, 3.875, 5.75, 4], "texture": "#0"}
			}
		},
		{
			"from": [12, 3, -5],
			"to": [21, 4, -4],
			"faces": {
				"north": {"uv": [7.25, 0, 8.375, 0.125], "texture": "#0"},
				"east": {"uv": [8.375, 4.375, 8.5, 4.5], "texture": "#0"},
				"south": {"uv": [7.25, 0.125, 8.375, 0.25], "texture": "#0"},
				"west": {"uv": [8.375, 4.5, 8.5, 4.625], "texture": "#0"},
				"up": {"uv": [8.375, 0.375, 7.25, 0.25], "texture": "#0"},
				"down": {"uv": [8.375, 0.375, 7.25, 0.5], "texture": "#0"}
			}
		},
		{
			"from": [11, 4, -5],
			"to": [23, 5, -4],
			"faces": {
				"north": {"uv": [1.625, 6.875, 3.125, 7], "texture": "#0"},
				"east": {"uv": [8.375, 5.25, 8.5, 5.375], "texture": "#0"},
				"south": {"uv": [3.125, 6.875, 4.625, 7], "texture": "#0"},
				"west": {"uv": [5.375, 8.375, 5.5, 8.5], "texture": "#0"},
				"up": {"uv": [6.125, 7, 4.625, 6.875], "texture": "#0"},
				"down": {"uv": [7.625, 6.875, 6.125, 7], "texture": "#0"}
			}
		},
		{
			"from": [11, 7, -5],
			"to": [22, 8, -4],
			"faces": {
				"north": {"uv": [7, 0.875, 8.375, 1], "texture": "#0"},
				"east": {"uv": [8.375, 5.625, 8.5, 5.75], "texture": "#0"},
				"south": {"uv": [7, 1, 8.375, 1.125], "texture": "#0"},
				"west": {"uv": [5.75, 8.375, 5.875, 8.5], "texture": "#0"},
				"up": {"uv": [8.375, 1.25, 7, 1.125], "texture": "#0"},
				"down": {"uv": [4.375, 7, 3, 7.125], "texture": "#0"}
			}
		},
		{
			"from": [10, 7, -4],
			"to": [23, 8, -3],
			"faces": {
				"north": {"uv": [6.625, 5.375, 8.25, 5.5], "texture": "#0"},
				"east": {"uv": [6.875, 8.375, 7, 8.5], "texture": "#0"},
				"south": {"uv": [6.625, 5.5, 8.25, 5.625], "texture": "#0"},
				"west": {"uv": [7, 8.375, 7.125, 8.5], "texture": "#0"},
				"up": {"uv": [1.625, 6.875, 0, 6.75], "texture": "#0"},
				"down": {"uv": [3.25, 6.75, 1.625, 6.875], "texture": "#0"}
			}
		},
		{
			"from": [10, 5, -5],
			"to": [24, 7, -4],
			"faces": {
				"north": {"uv": [3, 2.5, 4.75, 2.75], "texture": "#0"},
				"east": {"uv": [4.875, 8.125, 5, 8.375], "texture": "#0"},
				"south": {"uv": [0, 3.125, 1.75, 3.375], "texture": "#0"},
				"west": {"uv": [5, 8.125, 5.125, 8.375], "texture": "#0"},
				"up": {"uv": [1.75, 6.75, 0, 6.625], "texture": "#0"},
				"down": {"uv": [3.5, 6.625, 1.75, 6.75], "texture": "#0"}
			}
		},
		{
			"from": [14, 3, -6],
			"to": [18, 4, -5],
			"faces": {
				"north": {"uv": [7.75, 7.375, 8.25, 7.5], "texture": "#0"},
				"east": {"uv": [4.625, 8.375, 4.75, 8.5], "texture": "#0"},
				"south": {"uv": [7.75, 7.5, 8.25, 7.625], "texture": "#0"},
				"west": {"uv": [4.75, 8.375, 4.875, 8.5], "texture": "#0"},
				"up": {"uv": [8.25, 7.75, 7.75, 7.625], "texture": "#0"},
				"down": {"uv": [8.25, 7.75, 7.75, 7.875], "texture": "#0"}
			}
		},
		{
			"from": [14, 7, -6],
			"to": [18, 8, -5],
			"faces": {
				"north": {"uv": [7.875, 3.5, 8.375, 3.625], "texture": "#0"},
				"east": {"uv": [8.375, 5.75, 8.5, 5.875], "texture": "#0"},
				"south": {"uv": [7.875, 3.625, 8.375, 3.75], "texture": "#0"},
				"west": {"uv": [8.375, 5.875, 8.5, 6], "texture": "#0"},
				"up": {"uv": [8.375, 3.875, 7.875, 3.75], "texture": "#0"},
				"down": {"uv": [8.375, 3.875, 7.875, 4], "texture": "#0"}
			}
		},
		{
			"from": [13, 4, -6],
			"to": [19, 7, -5],
			"faces": {
				"north": {"uv": [4.75, 5.25, 5.5, 5.625], "texture": "#0"},
				"east": {"uv": [2.875, 8, 3, 8.375], "texture": "#0"},
				"south": {"uv": [0, 5.375, 0.75, 5.75], "texture": "#0"},
				"west": {"uv": [3, 8, 3.125, 8.375], "texture": "#0"},
				"up": {"uv": [0.75, 5.875, 0, 5.75], "texture": "#0"},
				"down": {"uv": [2.875, 5.875, 2.125, 6], "texture": "#0"}
			}
		},
		{
			"from": [7, 3, 2],
			"to": [30, 4, 3],
			"rotation": {"angle": 0, "axis": "y", "origin": [0, 0, 16]},
			"faces": {
				"north": {"uv": [0, 3.75, 2.875, 3.875], "texture": "#0"},
				"east": {"uv": [2.5, 8.5, 2.625, 8.625], "texture": "#0"},
				"south": {"uv": [2.875, 3.75, 5.75, 3.875], "texture": "#0"},
				"west": {"uv": [8.5, 2.5, 8.625, 2.625], "texture": "#0"},
				"up": {"uv": [2.875, 4, 0, 3.875], "texture": "#0"},
				"down": {"uv": [5.75, 3.875, 2.875, 4], "texture": "#0"}
			}
		},
		{
			"from": [8, 3, 3],
			"to": [28, 4, 4],
			"rotation": {"angle": 0, "axis": "y", "origin": [0, 0, 16]},
			"faces": {
				"north": {"uv": [4.75, 2.75, 7.25, 2.875], "texture": "#0"},
				"east": {"uv": [2.375, 8.5, 2.5, 8.625], "texture": "#0"},
				"south": {"uv": [4.75, 2.875, 7.25, 3], "texture": "#0"},
				"west": {"uv": [8.5, 2.375, 8.625, 2.5], "texture": "#0"},
				"up": {"uv": [7.25, 3.125, 4.75, 3], "texture": "#0"},
				"down": {"uv": [7.25, 3.125, 4.75, 3.25], "texture": "#0"}
			}
		},
		{
			"from": [9, 3, 4],
			"to": [25, 4, 5],
			"rotation": {"angle": 0, "axis": "y", "origin": [0, 0, 16]},
			"faces": {
				"north": {"uv": [6.25, 5.875, 8.25, 6], "texture": "#0"},
				"east": {"uv": [2.25, 8.5, 2.375, 8.625], "texture": "#0"},
				"south": {"uv": [6, 6.25, 8, 6.375], "texture": "#0"},
				"west": {"uv": [8.5, 2.25, 8.625, 2.375], "texture": "#0"},
				"up": {"uv": [8.25, 6.25, 6.25, 6.125], "texture": "#0"},
				"down": {"uv": [2, 6.375, 0, 6.5], "texture": "#0"}
			}
		},
		{
			"from": [12, 3, 5],
			"to": [21, 4, 6],
			"rotation": {"angle": 0, "axis": "y", "origin": [0, 0, 16]},
			"faces": {
				"north": {"uv": [7.25, 2.75, 8.375, 2.875], "texture": "#0"},
				"east": {"uv": [2.125, 8.5, 2.25, 8.625], "texture": "#0"},
				"south": {"uv": [7.25, 2.875, 8.375, 3], "texture": "#0"},
				"west": {"uv": [8.5, 2.125, 8.625, 2.25], "texture": "#0"},
				"up": {"uv": [4.125, 7.375, 3, 7.25], "texture": "#0"},
				"down": {"uv": [8.375, 3, 7.25, 3.125], "texture": "#0"}
			}
		},
		{
			"from": [14, 3, 6],
			"to": [18, 4, 7],
			"rotation": {"angle": 0, "axis": "y", "origin": [0, 0, 16]},
			"faces": {
				"north": {"uv": [0.5, 8, 1, 8.125], "texture": "#0"},
				"east": {"uv": [2, 8.5, 2.125, 8.625], "texture": "#0"},
				"south": {"uv": [1, 8, 1.5, 8.125], "texture": "#0"},
				"west": {"uv": [8.5, 2, 8.625, 2.125], "texture": "#0"},
				"up": {"uv": [2.125, 8.125, 1.625, 8], "texture": "#0"},
				"down": {"uv": [2.625, 8, 2.125, 8.125], "texture": "#0"}
			}
		},
		{
			"from": [7, 4, 3],
			"to": [29, 5, 4],
			"rotation": {"angle": 0, "axis": "y", "origin": [0, 0, 16]},
			"faces": {
				"north": {"uv": [0, 4.375, 2.75, 4.5], "texture": "#0"},
				"east": {"uv": [1.875, 8.5, 2, 8.625], "texture": "#0"},
				"south": {"uv": [2.75, 4.375, 5.5, 4.5], "texture": "#0"},
				"west": {"uv": [8.5, 1.875, 8.625, 2], "texture": "#0"},
				"up": {"uv": [2.75, 4.625, 0, 4.5], "texture": "#0"},
				"down": {"uv": [5.5, 4.5, 2.75, 4.625], "texture": "#0"}
			}
		},
		{
			"from": [8, 4, 4],
			"to": [27, 5, 5],
			"rotation": {"angle": 0, "axis": "y", "origin": [0, 0, 16]},
			"faces": {
				"north": {"uv": [4.75, 5.125, 7.125, 5.25], "texture": "#0"},
				"east": {"uv": [1.75, 8.5, 1.875, 8.625], "texture": "#0"},
				"south": {"uv": [0, 5.25, 2.375, 5.375], "texture": "#0"},
				"west": {"uv": [8.5, 1.75, 8.625, 1.875], "texture": "#0"},
				"up": {"uv": [4.75, 5.375, 2.375, 5.25], "texture": "#0"},
				"down": {"uv": [7.625, 4.625, 5.25, 4.75], "texture": "#0"}
			}
		},
		{
			"from": [11, 4, 5],
			"to": [23, 5, 6],
			"rotation": {"angle": 0, "axis": "y", "origin": [0, 0, 16]},
			"faces": {
				"north": {"uv": [0, 7, 1.5, 7.125], "texture": "#0"},
				"east": {"uv": [1.625, 8.5, 1.75, 8.625], "texture": "#0"},
				"south": {"uv": [7, 0.5, 8.5, 0.625], "texture": "#0"},
				"west": {"uv": [8.5, 1.625, 8.625, 1.75], "texture": "#0"},
				"up": {"uv": [8.5, 0.75, 7, 0.625], "texture": "#0"},
				"down": {"uv": [8.5, 0.75, 7, 0.875], "texture": "#0"}
			}
		},
		{
			"from": [13, 4, 6],
			"to": [19, 7, 7],
			"rotation": {"angle": 0, "axis": "y", "origin": [0, 0, 16]},
			"faces": {
				"north": {"uv": [3, 5.375, 3.75, 5.75], "texture": "#0"},
				"east": {"uv": [3.625, 8, 3.75, 8.375], "texture": "#0"},
				"south": {"uv": [3.75, 5.375, 4.5, 5.75], "texture": "#0"},
				"west": {"uv": [6.75, 8, 6.875, 8.375], "texture": "#0"},
				"up": {"uv": [8, 3.25, 7.25, 3.125], "texture": "#0"},
				"down": {"uv": [5.375, 7.25, 4.625, 7.375], "texture": "#0"}
			}
		},
		{
			"from": [7, 5, 3],
			"to": [28, 6, 4],
			"rotation": {"angle": 0, "axis": "y", "origin": [0, 0, 16]},
			"faces": {
				"north": {"uv": [4.625, 2.125, 7.25, 2.25], "texture": "#0"},
				"east": {"uv": [1.5, 8.5, 1.625, 8.625], "texture": "#0"},
				"south": {"uv": [4.625, 2.25, 7.25, 2.375], "texture": "#0"},
				"west": {"uv": [8.5, 1.5, 8.625, 1.625], "texture": "#0"},
				"up": {"uv": [7.25, 2.5, 4.625, 2.375], "texture": "#0"},
				"down": {"uv": [5.25, 4.625, 2.625, 4.75], "texture": "#0"}
			}
		},
		{
			"from": [8, 5, 4],
			"to": [26, 6, 5],
			"rotation": {"angle": 0, "axis": "y", "origin": [0, 0, 16]},
			"faces": {
				"north": {"uv": [5.5, 4.25, 7.75, 4.375], "texture": "#0"},
				"east": {"uv": [1.375, 8.5, 1.5, 8.625], "texture": "#0"},
				"south": {"uv": [5.5, 4.375, 7.75, 4.5], "texture": "#0"},
				"west": {"uv": [8.5, 1.375, 8.625, 1.5], "texture": "#0"},
				"up": {"uv": [7.75, 4.625, 5.5, 4.5], "texture": "#0"},
				"down": {"uv": [7.75, 5.25, 5.5, 5.375], "texture": "#0"}
			}
		},
		{
			"from": [10, 5, 5],
			"to": [24, 7, 6],
			"rotation": {"angle": 0, "axis": "y", "origin": [0, 0, 16]},
			"faces": {
				"north": {"uv": [3.125, 0, 4.875, 0.25], "texture": "#0"},
				"east": {"uv": [5.125, 8.125, 5.25, 8.375], "texture": "#0"},
				"south": {"uv": [3.125, 0.25, 4.875, 0.5], "texture": "#0"},
				"west": {"uv": [5.25, 8.125, 5.375, 8.375], "texture": "#0"},
				"up": {"uv": [5.25, 6.75, 3.5, 6.625], "texture": "#0"},
				"down": {"uv": [7, 6.625, 5.25, 6.75], "texture": "#0"}
			}
		},
		{
			"from": [11, 7, 5],
			"to": [22, 8, 6],
			"rotation": {"angle": 0, "axis": "y", "origin": [0, 0, 16]},
			"faces": {
				"north": {"uv": [7.125, 5, 8.5, 5.125], "texture": "#0"},
				"east": {"uv": [1.25, 8.5, 1.375, 8.625], "texture": "#0"},
				"south": {"uv": [7.125, 5.125, 8.5, 5.25], "texture": "#0"},
				"west": {"uv": [8.5, 1.25, 8.625, 1.375], "texture": "#0"},
				"up": {"uv": [7.125, 7.25, 5.75, 7.125], "texture": "#0"},
				"down": {"uv": [8.5, 7, 7.125, 7.125], "texture": "#0"}
			}
		},
		{
			"from": [14, 7, 6],
			"to": [18, 8, 7],
			"rotation": {"angle": 0, "axis": "y", "origin": [0, 0, 16]},
			"faces": {
				"north": {"uv": [5.625, 7.875, 6.125, 8], "texture": "#0"},
				"east": {"uv": [1.125, 8.5, 1.25, 8.625], "texture": "#0"},
				"south": {"uv": [7, 7.875, 7.5, 8], "texture": "#0"},
				"west": {"uv": [8.5, 1.125, 8.625, 1.25], "texture": "#0"},
				"up": {"uv": [8, 8, 7.5, 7.875], "texture": "#0"},
				"down": {"uv": [0.5, 8, 0, 8.125], "texture": "#0"}
			}
		},
		{
			"from": [7, 6, 2.0625],
			"to": [29, 7, 3],
			"rotation": {"angle": 0, "axis": "y", "origin": [0, 0, 16]},
			"faces": {
				"north": {"uv": [4.25, 0.875, 7, 1], "texture": "#0"},
				"east": {"uv": [1, 8.5, 1.125, 8.625], "texture": "#0"},
				"south": {"uv": [4.25, 1, 7, 1.125], "texture": "#0"},
				"west": {"uv": [8.5, 1, 8.625, 1.125], "texture": "#0"},
				"up": {"uv": [7, 1.25, 4.25, 1.125], "texture": "#0"},
				"down": {"uv": [5.5, 4.25, 2.75, 4.375], "texture": "#0"}
			}
		},
		{
			"from": [7, 6, 3],
			"to": [26, 7, 4],
			"rotation": {"angle": 0, "axis": "y", "origin": [0, 0, 16]},
			"faces": {
				"north": {"uv": [4.75, 5, 7.125, 5.125], "texture": "#0"},
				"east": {"uv": [0.875, 8.5, 1, 8.625], "texture": "#0"},
				"south": {"uv": [5, 4.75, 7.375, 4.875], "texture": "#0"},
				"west": {"uv": [8.5, 0.875, 8.625, 1], "texture": "#0"},
				"up": {"uv": [2.375, 5.25, 0, 5.125], "texture": "#0"},
				"down": {"uv": [4.75, 5.125, 2.375, 5.25], "texture": "#0"}
			}
		},
		{
			"from": [8, 6, 4],
			"to": [25, 7, 5],
			"rotation": {"angle": 0, "axis": "y", "origin": [0, 0, 16]},
			"faces": {
				"north": {"uv": [6.125, 1.375, 8.25, 1.5], "texture": "#0"},
				"east": {"uv": [0.75, 8.5, 0.875, 8.625], "texture": "#0"},
				"south": {"uv": [6.125, 1.5, 8.25, 1.625], "texture": "#0"},
				"west": {"uv": [8.5, 0.75, 8.625, 0.875], "texture": "#0"},
				"up": {"uv": [8.25, 1.75, 6.125, 1.625], "texture": "#0"},
				"down": {"uv": [4.25, 6.125, 2.125, 6.25], "texture": "#0"}
			}
		},
		{
			"from": [8, 7, 2],
			"to": [25, 8, 3],
			"rotation": {"angle": 0, "axis": "y", "origin": [0, 0, 16]},
			"faces": {
				"north": {"uv": [6, 3.375, 8.125, 3.5], "texture": "#0"},
				"east": {"uv": [0.625, 8.5, 0.75, 8.625], "texture": "#0"},
				"south": {"uv": [4.25, 6, 6.375, 6.125], "texture": "#0"},
				"west": {"uv": [8.5, 0.625, 8.625, 0.75], "texture": "#0"},
				"up": {"uv": [2.125, 6.25, 0, 6.125], "texture": "#0"},
				"down": {"uv": [8.25, 1.25, 6.125, 1.375], "texture": "#0"}
			}
		},
		{
			"from": [9, 7, 3],
			"to": [24, 8, 4],
			"rotation": {"angle": 0, "axis": "y", "origin": [0, 0, 16]},
			"faces": {
				"north": {"uv": [0, 6.5, 1.875, 6.625], "texture": "#0"},
				"east": {"uv": [0.5, 8.5, 0.625, 8.625], "texture": "#0"},
				"south": {"uv": [1.875, 6.5, 3.75, 6.625], "texture": "#0"},
				"west": {"uv": [8.5, 0.5, 8.625, 0.625], "texture": "#0"},
				"up": {"uv": [5.625, 6.625, 3.75, 6.5], "texture": "#0"},
				"down": {"uv": [7.5, 6.5, 5.625, 6.625], "texture": "#0"}
			}
		},
		{
			"from": [10, 7, 4],
			"to": [23, 8, 5],
			"rotation": {"angle": 0, "axis": "y", "origin": [0, 0, 16]},
			"faces": {
				"north": {"uv": [6.75, 5.625, 8.375, 5.75], "texture": "#0"},
				"east": {"uv": [0.375, 8.5, 0.5, 8.625], "texture": "#0"},
				"south": {"uv": [6.75, 5.75, 8.375, 5.875], "texture": "#0"},
				"west": {"uv": [8.5, 0.375, 8.625, 0.5], "texture": "#0"},
				"up": {"uv": [8.125, 6.875, 6.5, 6.75], "texture": "#0"},
				"down": {"uv": [1.625, 6.875, 0, 7], "texture": "#0"}
			}
		},
		{
			"from": [10, 8, 2],
			"to": [21, 9, 3],
			"rotation": {"angle": 0, "axis": "y", "origin": [0, 0, 16]},
			"faces": {
				"north": {"uv": [3, 7.125, 4.375, 7.25], "texture": "#0"},
				"east": {"uv": [0.25, 8.5, 0.375, 8.625], "texture": "#0"},
				"south": {"uv": [7.125, 3.25, 8.5, 3.375], "texture": "#0"},
				"west": {"uv": [8.5, 0.25, 8.625, 0.375], "texture": "#0"},
				"up": {"uv": [5.75, 7.25, 4.375, 7.125], "texture": "#0"},
				"down": {"uv": [8.5, 4.875, 7.125, 5], "texture": "#0"}
			}
		},
		{
			"from": [11, 8, 3],
			"to": [20, 9, 4],
			"rotation": {"angle": 0, "axis": "y", "origin": [0, 0, 16]},
			"faces": {
				"north": {"uv": [7.25, 2.25, 8.375, 2.375], "texture": "#0"},
				"east": {"uv": [0.125, 8.5, 0.25, 8.625], "texture": "#0"},
				"south": {"uv": [7.25, 2.375, 8.375, 2.5], "texture": "#0"},
				"west": {"uv": [8.5, 0.125, 8.625, 0.25], "texture": "#0"},
				"up": {"uv": [8.375, 2.625, 7.25, 2.5], "texture": "#0"},
				"down": {"uv": [8.375, 2.625, 7.25, 2.75], "texture": "#0"}
			}
		},
		{
			"from": [13, 8, 4],
			"to": [18, 9, 5],
			"rotation": {"angle": 0, "axis": "y", "origin": [0, 0, 16]},
			"faces": {
				"north": {"uv": [7.75, 4.5, 8.375, 4.625], "texture": "#0"},
				"east": {"uv": [0, 8.5, 0.125, 8.625], "texture": "#0"},
				"south": {"uv": [7.75, 5.25, 8.375, 5.375], "texture": "#0"},
				"west": {"uv": [8.5, 0, 8.625, 0.125], "texture": "#0"},
				"up": {"uv": [8.375, 7.25, 7.75, 7.125], "texture": "#0"},
				"down": {"uv": [8.375, 7.25, 7.75, 7.375], "texture": "#0"}
			}
		},
		{
			"from": [23.375, 1, -4.75],
			"to": [24.625, 4, -3],
			"rotation": {"angle": 0, "axis": "y", "origin": [-1.5, 2, -4]},
			"faces": {
				"north": {"uv": [7.625, 8, 7.75, 8.375], "texture": "#0"},
				"east": {"uv": [5.625, 7.5, 5.875, 7.875], "texture": "#0"},
				"south": {"uv": [7.75, 8, 7.875, 8.375], "texture": "#0"},
				"west": {"uv": [5.875, 7.5, 6.125, 7.875], "texture": "#0"},
				"up": {"uv": [5.75, 8.375, 5.625, 8.125], "texture": "#0"},
				"down": {"uv": [5.875, 8.125, 5.75, 8.375], "texture": "#0"}
			}
		},
		{
			"from": [23.5625, 0.5, -4.75],
			"to": [24.8125, 3.5, -3],
			"rotation": {"angle": 45, "axis": "z", "origin": [23.5, 2, -4]},
			"faces": {
				"north": {"uv": [7.875, 8, 8, 8.375], "texture": "#0"},
				"east": {"uv": [6.125, 7.5, 6.375, 7.875], "texture": "#0"},
				"south": {"uv": [8, 7.875, 8.125, 8.25], "texture": "#0"},
				"west": {"uv": [7, 7.5, 7.25, 7.875], "texture": "#0"},
				"up": {"uv": [8.375, 1.75, 8.25, 1.5], "texture": "#0"},
				"down": {"uv": [2.75, 8.25, 2.625, 8.5], "texture": "#0"}
			}
		},
		{
			"from": [22.875, 1.1875, -4.75],
			"to": [24.125, 4.1875, -3],
			"rotation": {"angle": -45, "axis": "z", "origin": [23.5, 2, -4]},
			"faces": {
				"north": {"uv": [0, 8.125, 0.125, 8.5], "texture": "#0"},
				"east": {"uv": [7.25, 7.5, 7.5, 7.875], "texture": "#0"},
				"south": {"uv": [0.125, 8.125, 0.25, 8.5], "texture": "#0"},
				"west": {"uv": [7.5, 7.5, 7.75, 7.875], "texture": "#0"},
				"up": {"uv": [2.875, 8.5, 2.75, 8.25], "texture": "#0"},
				"down": {"uv": [3.25, 8.25, 3.125, 8.5], "texture": "#0"}
			}
		},
		{
			"from": [24.625, 1.875, -4.75],
			"to": [25.5, 3.125, -3],
			"rotation": {"angle": 0, "axis": "y", "origin": [-1.5, 2, -4]},
			"faces": {
				"north": {"uv": [4.625, 8.5, 4.75, 8.625], "texture": "#0"},
				"east": {"uv": [5.875, 8.125, 6.125, 8.25], "texture": "#0"},
				"south": {"uv": [8.5, 4.625, 8.625, 4.75], "texture": "#0"},
				"west": {"uv": [6.375, 8.125, 6.625, 8.25], "texture": "#0"},
				"up": {"uv": [6.75, 8.375, 6.625, 8.125], "texture": "#0"},
				"down": {"uv": [8.25, 7.875, 8.125, 8.125], "texture": "#0"}
			}
		},
		{
			"from": [22.5, 1.875, -4.75],
			"to": [23.375, 3.125, -3],
			"rotation": {"angle": 0, "axis": "y", "origin": [-1.5, 2, -4]},
			"faces": {
				"north": {"uv": [4.75, 8.5, 4.875, 8.625], "texture": "#0"},
				"east": {"uv": [8.125, 6.75, 8.375, 6.875], "texture": "#0"},
				"south": {"uv": [8.5, 4.75, 8.625, 4.875], "texture": "#0"},
				"west": {"uv": [8.125, 8.125, 8.375, 8.25], "texture": "#0"},
				"up": {"uv": [8.375, 1.5, 8.25, 1.25], "texture": "#0"},
				"down": {"uv": [1.625, 8.25, 1.5, 8.5], "texture": "#0"}
			}
		},
		{
			"from": [23.375, 1, 4],
			"to": [24.625, 4, 5.75],
			"rotation": {"angle": 0, "axis": "y", "origin": [-1.5, 2, 4.75]},
			"faces": {
				"north": {"uv": [2.375, 8.125, 2.5, 8.5], "texture": "#0"},
				"east": {"uv": [5.125, 7.625, 5.375, 8], "texture": "#0"},
				"south": {"uv": [2.5, 8.125, 2.625, 8.5], "texture": "#0"},
				"west": {"uv": [5.375, 7.625, 5.625, 8], "texture": "#0"},
				"up": {"uv": [8.5, 3.875, 8.375, 3.625], "texture": "#0"},
				"down": {"uv": [4, 8.375, 3.875, 8.625], "texture": "#0"}
			}
		},
		{
			"from": [24.625, 1.875, 4],
			"to": [25.5, 3.125, 5.75],
			"rotation": {"angle": 0, "axis": "y", "origin": [-1.5, 2, 4.75]},
			"faces": {
				"north": {"uv": [5.5, 8.5, 5.625, 8.625], "texture": "#0"},
				"east": {"uv": [8.375, 3, 8.625, 3.125], "texture": "#0"},
				"south": {"uv": [8.5, 5.5, 8.625, 5.625], "texture": "#0"},
				"west": {"uv": [8.375, 3.5, 8.625, 3.625], "texture": "#0"},
				"up": {"uv": [3.125, 8.625, 3, 8.375], "texture": "#0"},
				"down": {"uv": [3.75, 8.375, 3.625, 8.625], "texture": "#0"}
			}
		},
		{
			"from": [22.5, 1.875, 4],
			"to": [23.375, 3.125, 5.75],
			"rotation": {"angle": 0, "axis": "y", "origin": [-1.5, 2, 4.75]},
			"faces": {
				"north": {"uv": [5.375, 8.5, 5.5, 8.625], "texture": "#0"},
				"east": {"uv": [8.25, 8, 8.5, 8.125], "texture": "#0"},
				"south": {"uv": [8.5, 5.375, 8.625, 5.5], "texture": "#0"},
				"west": {"uv": [8.375, 2.625, 8.625, 2.75], "texture": "#0"},
				"up": {"uv": [8.5, 3, 8.375, 2.75], "texture": "#0"},
				"down": {"uv": [3, 8.375, 2.875, 8.625], "texture": "#0"}
			}
		},
		{
			"from": [23.5625, 0.5, 4],
			"to": [24.8125, 3.5, 5.75],
			"rotation": {"angle": 45, "axis": "z", "origin": [23.5, 2, 4.75]},
			"faces": {
				"north": {"uv": [2.125, 8.125, 2.25, 8.5], "texture": "#0"},
				"east": {"uv": [4.625, 7.625, 4.875, 8], "texture": "#0"},
				"south": {"uv": [2.25, 8.125, 2.375, 8.5], "texture": "#0"},
				"west": {"uv": [4.875, 7.625, 5.125, 8], "texture": "#0"},
				"up": {"uv": [8.5, 2.375, 8.375, 2.125], "texture": "#0"},
				"down": {"uv": [8.5, 2.375, 8.375, 2.625], "texture": "#0"}
			}
		},
		{
			"from": [22.875, 1.1875, 4],
			"to": [24.125, 4.1875, 5.75],
			"rotation": {"angle": -45, "axis": "z", "origin": [23.5, 2, 4.75]},
			"faces": {
				"north": {"uv": [1.875, 8.125, 2, 8.5], "texture": "#0"},
				"east": {"uv": [4.125, 7.625, 4.375, 8], "texture": "#0"},
				"south": {"uv": [2, 8.125, 2.125, 8.5], "texture": "#0"},
				"west": {"uv": [4.375, 7.625, 4.625, 8], "texture": "#0"},
				"up": {"uv": [8.5, 1.875, 8.375, 1.625], "texture": "#0"},
				"down": {"uv": [8.5, 1.875, 8.375, 2.125], "texture": "#0"}
			}
		},
		{
			"from": [9.375, 1, -4.75],
			"to": [10.625, 4, -3],
			"rotation": {"angle": 0, "axis": "y", "origin": [-15.5, 2, -4]},
			"faces": {
				"north": {"uv": [0.75, 8.125, 0.875, 8.5], "texture": "#0"},
				"east": {"uv": [1, 7.625, 1.25, 8], "texture": "#0"},
				"south": {"uv": [0.875, 8.125, 1, 8.5], "texture": "#0"},
				"west": {"uv": [1.25, 7.625, 1.5, 8], "texture": "#0"},
				"up": {"uv": [8.375, 6.125, 8.25, 5.875], "texture": "#0"},
				"down": {"uv": [6.125, 8.25, 6, 8.5], "texture": "#0"}
			}
		},
		{
			"from": [10.625, 1.875, -4.75],
			"to": [11.5, 3.125, -3],
			"rotation": {"angle": 0, "axis": "y", "origin": [-15.5, 2, -4]},
			"faces": {
				"north": {"uv": [5, 8.5, 5.125, 8.625], "texture": "#0"},
				"east": {"uv": [4.625, 8.25, 4.875, 8.375], "texture": "#0"},
				"south": {"uv": [8.5, 5, 8.625, 5.125], "texture": "#0"},
				"west": {"uv": [8.25, 4.625, 8.5, 4.75], "texture": "#0"},
				"up": {"uv": [8.375, 5.625, 8.25, 5.375], "texture": "#0"},
				"down": {"uv": [6, 8.25, 5.875, 8.5], "texture": "#0"}
			}
		},
		{
			"from": [8.5, 1.875, -4.75],
			"to": [9.375, 3.125, -3],
			"rotation": {"angle": 0, "axis": "y", "origin": [-15.5, 2, -4]},
			"faces": {
				"north": {"uv": [4.875, 8.5, 5, 8.625], "texture": "#0"},
				"east": {"uv": [3.875, 8.25, 4.125, 8.375], "texture": "#0"},
				"south": {"uv": [8.5, 4.875, 8.625, 5], "texture": "#0"},
				"west": {"uv": [4.125, 8.25, 4.375, 8.375], "texture": "#0"},
				"up": {"uv": [4.5, 8.5, 4.375, 8.25], "texture": "#0"},
				"down": {"uv": [4.625, 8.25, 4.5, 8.5], "texture": "#0"}
			}
		},
		{
			"from": [9.5625, 0.5, -4.75],
			"to": [10.8125, 3.5, -3],
			"rotation": {"angle": 45, "axis": "z", "origin": [9.5, 2, -4]},
			"faces": {
				"north": {"uv": [0.5, 8.125, 0.625, 8.5], "texture": "#0"},
				"east": {"uv": [0.5, 7.625, 0.75, 8], "texture": "#0"},
				"south": {"uv": [0.625, 8.125, 0.75, 8.5], "texture": "#0"},
				"west": {"uv": [0.75, 7.625, 1, 8], "texture": "#0"},
				"up": {"uv": [3.625, 8.5, 3.5, 8.25], "texture": "#0"},
				"down": {"uv": [3.875, 8.25, 3.75, 8.5], "texture": "#0"}
			}
		},
		{
			"from": [8.875, 1.1875, -4.75],
			"to": [10.125, 4.1875, -3],
			"rotation": {"angle": -45, "axis": "z", "origin": [9.5, 2, -4]},
			"faces": {
				"north": {"uv": [0.25, 8.125, 0.375, 8.5], "texture": "#0"},
				"east": {"uv": [0, 7.625, 0.25, 8], "texture": "#0"},
				"south": {"uv": [0.375, 8.125, 0.5, 8.5], "texture": "#0"},
				"west": {"uv": [0.25, 7.625, 0.5, 8], "texture": "#0"},
				"up": {"uv": [3.375, 8.5, 3.25, 8.25], "texture": "#0"},
				"down": {"uv": [3.5, 8.25, 3.375, 8.5], "texture": "#0"}
			}
		},
		{
			"from": [8.875, 1.1875, 4],
			"to": [10.125, 4.1875, 5.75],
			"rotation": {"angle": -45, "axis": "z", "origin": [9.5, 2, 4.75]},
			"faces": {
				"north": {"uv": [1.625, 8.125, 1.75, 8.5], "texture": "#0"},
				"east": {"uv": [2.625, 7.625, 2.875, 8], "texture": "#0"},
				"south": {"uv": [1.75, 8.125, 1.875, 8.5], "texture": "#0"},
				"west": {"uv": [2.875, 7.625, 3.125, 8], "texture": "#0"},
				"up": {"uv": [8.5, 1.375, 8.375, 1.125], "texture": "#0"},
				"down": {"uv": [8.5, 1.375, 8.375, 1.625], "texture": "#0"}
			}
		},
		{
			"from": [9.5625, 0.5, 4],
			"to": [10.8125, 3.5, 5.75],
			"rotation": {"angle": 45, "axis": "z", "origin": [9.5, 2, 4.75]},
			"faces": {
				"north": {"uv": [1.25, 8.125, 1.375, 8.5], "texture": "#0"},
				"east": {"uv": [2.125, 7.625, 2.375, 8], "texture": "#0"},
				"south": {"uv": [1.375, 8.125, 1.5, 8.5], "texture": "#0"},
				"west": {"uv": [2.375, 7.625, 2.625, 8], "texture": "#0"},
				"up": {"uv": [8.5, 0.5, 8.375, 0.25], "texture": "#0"},
				"down": {"uv": [8.5, 0.875, 8.375, 1.125], "texture": "#0"}
			}
		},
		{
			"from": [8.5, 1.875, 4],
			"to": [9.375, 3.125, 5.75],
			"rotation": {"angle": 0, "axis": "y", "origin": [-15.5, 2, 4.75]},
			"faces": {
				"north": {"uv": [5.25, 8.5, 5.375, 8.625], "texture": "#0"},
				"east": {"uv": [8.25, 7.875, 8.5, 8], "texture": "#0"},
				"south": {"uv": [8.5, 5.25, 8.625, 5.375], "texture": "#0"},
				"west": {"uv": [8, 8.25, 8.25, 8.375], "texture": "#0"},
				"up": {"uv": [8.375, 8.5, 8.25, 8.25], "texture": "#0"},
				"down": {"uv": [8.5, 0, 8.375, 0.25], "texture": "#0"}
			}
		},
		{
			"from": [10.625, 1.875, 4],
			"to": [11.5, 3.125, 5.75],
			"rotation": {"angle": 0, "axis": "y", "origin": [-15.5, 2, 4.75]},
			"faces": {
				"north": {"uv": [5.125, 8.5, 5.25, 8.625], "texture": "#0"},
				"east": {"uv": [8.25, 6.125, 8.5, 6.25], "texture": "#0"},
				"south": {"uv": [8.5, 5.125, 8.625, 5.25], "texture": "#0"},
				"west": {"uv": [8.25, 6.875, 8.5, 7], "texture": "#0"},
				"up": {"uv": [8.375, 7.625, 8.25, 7.375], "texture": "#0"},
				"down": {"uv": [8.375, 7.625, 8.25, 7.875], "texture": "#0"}
			}
		},
		{
			"from": [9.375, 1, 4],
			"to": [10.625, 4, 5.75],
			"rotation": {"angle": 0, "axis": "y", "origin": [-15.5, 2, 4.75]},
			"faces": {
				"north": {"uv": [1, 8.125, 1.125, 8.5], "texture": "#0"},
				"east": {"uv": [1.625, 7.625, 1.875, 8], "texture": "#0"},
				"south": {"uv": [1.125, 8.125, 1.25, 8.5], "texture": "#0"},
				"west": {"uv": [1.875, 7.625, 2.125, 8], "texture": "#0"},
				"up": {"uv": [6.5, 8.5, 6.375, 8.25], "texture": "#0"},
				"down": {"uv": [6.625, 8.25, 6.5, 8.5], "texture": "#0"}
			}
		}
	],
	"display": {
		"thirdperson_righthand": {
			"rotation": [0, 114, 0],
			"translation": [0.75, 1.5, 0],
			"scale": [0.16, 0.16, 0.16]
		},
		"thirdperson_lefthand": {
			"rotation": [0, 114, 0],
			"translation": [0.75, 1.5, 0],
			"scale": [0.16, 0.16, 0.16]
		},
		"firstperson_righthand": {
			"scale": [0.2, 0.2, 0.2]
		},
		"firstperson_lefthand": {
			"scale": [0.2, 0.2, 0.2]
		},
		"ground": {
			"rotation": [-1, -90, -90],
			"translation": [-12.5, 27.5, 7.5],
			"scale": [1.57, 1.57, 1.57]
		},
		"gui": {
			"rotation": [20, -61, 0],
			"translation": [-6.5, 1.25, 0],
			"scale": [0.73, 0.73, 0.73]
		},
		"head": {
			"translation": [-4.75, -1.25, 7.5],
			"scale": [1.12, 1.12, 1.12]
		}
	}
}