{
	"credit": "Made with Blockbench",
	"texture_size": [128, 128],
	"textures": {
		"0": "item/cart01",
		"particle": "item/cart01"
	},
	"elements": [
		{
			"name": "BASE",
			"from": [-12, 0, 2],
			"to": [30, 1, 15],
			"rotation": {"angle": 0, "axis": "y", "origin": [0, 0, 8]},
			"faces": {
				"north": {"uv": [7, 5.625, 12.25, 5.75], "texture": "#0"},
				"east": {"uv": [9.25, 9, 10.875, 9.125], "texture": "#0"},
				"south": {"uv": [7.25, 0, 12.5, 0.125], "texture": "#0"},
				"west": {"uv": [9.375, 6, 11, 6.125], "texture": "#0"},
				"up": {"uv": [5.25, 1.625, 0, 0], "texture": "#0"},
				"down": {"uv": [5.25, 1.625, 0, 3.25], "texture": "#0"}
			}
		},
		{
			"name": "hexadecagon",
			"from": [22.00202, -4.15737, -3.06666],
			"to": [23.68909, -2.76478, 2.2915],
			"rotation": {"angle": -45, "axis": "z", "origin": [23.19216, 0.42998, -0.75987]},
			"faces": {
				"north": {"uv": [0, 14.5, 0.1875, 14.6875], "texture": "#0"},
				"east": {"uv": [12.5, 3.25, 13.1875, 3.4375], "texture": "#0"},
				"south": {"uv": [14.5, 0.75, 14.6875, 0.9375], "texture": "#0"},
				"west": {"uv": [12.5, 6.625, 13.1875, 6.8125], "texture": "#0"},
				"up": {"uv": [11.6875, 13.0625, 11.5, 12.375], "texture": "#0"},
				"down": {"uv": [2.3125, 12.5, 2.125, 13.1875], "texture": "#0"}
			}
		},
		{
			"name": "hexadecagon",
			"from": [21.89576, -3.99834, -3.06666],
			"to": [23.58283, -2.60575, 2.2915],
			"rotation": {"angle": -22.5, "axis": "z", "origin": [23.19216, 0.42998, -0.75987]},
			"faces": {
				"north": {"uv": [1.25, 14.5, 1.4375, 14.6875], "texture": "#0"},
				"east": {"uv": [12.5, 7.25, 13.1875, 7.4375], "texture": "#0"},
				"south": {"uv": [14.5, 1.25, 14.6875, 1.4375], "texture": "#0"},
				"west": {"uv": [12.5, 7.5, 13.1875, 7.6875], "texture": "#0"},
				"up": {"uv": [7.6875, 13.1875, 7.5, 12.5], "texture": "#0"},
				"down": {"uv": [7.9375, 12.5, 7.75, 13.1875], "texture": "#0"}
			}
		},
		{
			"name": "hexadecagon",
			"from": [21.85845, -3.81076, -3.06666],
			"to": [23.54552, -2.41817, 2.2915],
			"rotation": {"angle": 0, "axis": "z", "origin": [23.19216, 0.42998, -0.75987]},
			"faces": {
				"north": {"uv": [14.5, 1.5, 14.6875, 1.6875], "texture": "#0"},
				"east": {"uv": [12.5, 8.125, 13.1875, 8.3125], "texture": "#0"},
				"south": {"uv": [1.625, 14.5, 1.8125, 14.6875], "texture": "#0"},
				"west": {"uv": [8.875, 12.5, 9.5625, 12.6875], "texture": "#0"},
				"up": {"uv": [12.6875, 12.6875, 12.5, 12], "texture": "#0"},
				"down": {"uv": [6.1875, 12.625, 6, 13.3125], "texture": "#0"}
			}
		},
		{
			"name": "hexadecagon",
			"from": [21.89576, -3.62318, -3.06666],
			"to": [23.58283, -2.23059, 2.2915],
			"rotation": {"angle": 22.5, "axis": "z", "origin": [23.19216, 0.42998, -0.75987]},
			"faces": {
				"north": {"uv": [1.875, 14.5, 2.0625, 14.6875], "texture": "#0"},
				"east": {"uv": [12.625, 2.125, 13.3125, 2.3125], "texture": "#0"},
				"south": {"uv": [14.5, 2.125, 14.6875, 2.3125], "texture": "#0"},
				"west": {"uv": [12.625, 5.125, 13.3125, 5.3125], "texture": "#0"},
				"up": {"uv": [6.4375, 13.3125, 6.25, 12.625], "texture": "#0"},
				"down": {"uv": [8.1875, 12.625, 8, 13.3125], "texture": "#0"}
			}
		},
		{
			"name": "hexadecagon",
			"from": [22.00202, -3.46415, -3.06666],
			"to": [23.68909, -2.07156, 2.2915],
			"rotation": {"angle": 45, "axis": "z", "origin": [23.19216, 0.42998, -0.75987]},
			"faces": {
				"north": {"uv": [2.375, 14.5, 2.5625, 14.6875], "texture": "#0"},
				"east": {"uv": [12.625, 6.875, 13.3125, 7.0625], "texture": "#0"},
				"south": {"uv": [14.5, 2.5, 14.6875, 2.6875], "texture": "#0"},
				"west": {"uv": [12.625, 9, 13.3125, 9.1875], "texture": "#0"},
				"up": {"uv": [8.4375, 13.3125, 8.25, 12.625], "texture": "#0"},
				"down": {"uv": [8.6875, 12.625, 8.5, 13.3125], "texture": "#0"}
			}
		},
		{
			"name": "hexadecagon",
			"from": [22.00202, 2.93152, -3.06666],
			"to": [23.68909, 4.32411, 2.2915],
			"rotation": {"angle": -45, "axis": "z", "origin": [23.19216, 0.42998, -0.75987]},
			"faces": {
				"north": {"uv": [2.625, 14.5, 2.8125, 14.6875], "texture": "#0"},
				"east": {"uv": [9.75, 12.625, 10.4375, 12.8125], "texture": "#0"},
				"south": {"uv": [14.5, 2.75, 14.6875, 2.9375], "texture": "#0"},
				"west": {"uv": [12.625, 11.5, 13.3125, 11.6875], "texture": "#0"},
				"up": {"uv": [12.4375, 13.3125, 12.25, 12.625], "texture": "#0"},
				"down": {"uv": [0.1875, 12.75, 0, 13.4375], "texture": "#0"}
			}
		},
		{
			"name": "hexadecagon",
			"from": [21.89576, 3.09054, -3.06666],
			"to": [23.58283, 4.48313, 2.2915],
			"rotation": {"angle": -22.5, "axis": "z", "origin": [23.19216, 0.42998, -0.75987]},
			"faces": {
				"north": {"uv": [2.875, 14.5, 3.0625, 14.6875], "texture": "#0"},
				"east": {"uv": [12.625, 11.75, 13.3125, 11.9375], "texture": "#0"},
				"south": {"uv": [3.25, 14.5, 3.4375, 14.6875], "texture": "#0"},
				"west": {"uv": [0.25, 12.75, 0.9375, 12.9375], "texture": "#0"},
				"up": {"uv": [1.4375, 13.4375, 1.25, 12.75], "texture": "#0"},
				"down": {"uv": [3.0625, 12.75, 2.875, 13.4375], "texture": "#0"}
			}
		},
		{
			"name": "hexadecagon",
			"from": [21.85845, 3.27813, -3.06666],
			"to": [23.54552, 4.67071, 2.2915],
			"rotation": {"angle": 0, "axis": "z", "origin": [23.19216, 0.42998, -0.75987]},
			"faces": {
				"north": {"uv": [14.5, 3.25, 14.6875, 3.4375], "texture": "#0"},
				"east": {"uv": [8.875, 12.75, 9.5625, 12.9375], "texture": "#0"},
				"south": {"uv": [14.5, 4.5, 14.6875, 4.6875], "texture": "#0"},
				"west": {"uv": [12.75, 9.5, 13.4375, 9.6875], "texture": "#0"},
				"up": {"uv": [3.4375, 13.4375, 3.25, 12.75], "texture": "#0"},
				"down": {"uv": [6.9375, 12.75, 6.75, 13.4375], "texture": "#0"}
			}
		},
		{
			"name": "hexadecagon",
			"from": [21.89576, 3.46571, -3.06666],
			"to": [23.58283, 4.8583, 2.2915],
			"rotation": {"angle": 22.5, "axis": "z", "origin": [23.19216, 0.42998, -0.75987]},
			"faces": {
				"north": {"uv": [14.5, 5.375, 14.6875, 5.5625], "texture": "#0"},
				"east": {"uv": [12.75, 9.75, 13.4375, 9.9375], "texture": "#0"},
				"south": {"uv": [14.5, 6, 14.6875, 6.1875], "texture": "#0"},
				"west": {"uv": [12.75, 12, 13.4375, 12.1875], "texture": "#0"},
				"up": {"uv": [7.1875, 13.4375, 7, 12.75], "texture": "#0"},
				"down": {"uv": [12.9375, 12.25, 12.75, 12.9375], "texture": "#0"}
			}
		},
		{
			"name": "hexadecagon",
			"from": [22.00202, 3.62473, -3.06666],
			"to": [23.68909, 5.01732, 2.2915],
			"rotation": {"angle": 45, "axis": "z", "origin": [23.19216, 0.42998, -0.75987]},
			"faces": {
				"north": {"uv": [14.5, 6.25, 14.6875, 6.4375], "texture": "#0"},
				"east": {"uv": [12.875, 0, 13.5625, 0.1875], "texture": "#0"},
				"south": {"uv": [14.5, 6.625, 14.6875, 6.8125], "texture": "#0"},
				"west": {"uv": [12.875, 0.25, 13.5625, 0.4375], "texture": "#0"},
				"up": {"uv": [12.6875, 13.4375, 12.5, 12.75], "texture": "#0"},
				"down": {"uv": [9.9375, 12.875, 9.75, 13.5625], "texture": "#0"}
			}
		},
		{
			"name": "hexadecagon",
			"from": [18.49856, -0.60114, -3.06666],
			"to": [19.89115, 1.08593, 2.2915],
			"rotation": {"angle": -22.5, "axis": "z", "origin": [23.19216, 0.42998, -0.75987]},
			"faces": {
				"north": {"uv": [6.75, 14.5, 6.9375, 14.6875], "texture": "#0"},
				"east": {"uv": [12.875, 0.5, 13.5625, 0.6875], "texture": "#0"},
				"south": {"uv": [7, 14.5, 7.1875, 14.6875], "texture": "#0"},
				"west": {"uv": [12.875, 1.125, 13.5625, 1.3125], "texture": "#0"},
				"up": {"uv": [10.1875, 13.5625, 10, 12.875], "texture": "#0"},
				"down": {"uv": [10.4375, 12.875, 10.25, 13.5625], "texture": "#0"}
			}
		},
		{
			"name": "hexadecagon",
			"from": [18.46125, -0.41356, -3.06666],
			"to": [19.85384, 1.27351, 2.2915],
			"rotation": {"angle": 0, "axis": "z", "origin": [23.19216, 0.42998, -0.75987]},
			"faces": {
				"north": {"uv": [14.5, 7.25, 14.6875, 7.4375], "texture": "#0"},
				"east": {"uv": [12.875, 10.25, 13.5625, 10.4375], "texture": "#0"},
				"south": {"uv": [7.5, 14.5, 7.6875, 14.6875], "texture": "#0"},
				"west": {"uv": [12.875, 10.5, 13.5625, 10.6875], "texture": "#0"},
				"up": {"uv": [0.4375, 13.6875, 0.25, 13], "texture": "#0"},
				"down": {"uv": [0.6875, 13, 0.5, 13.6875], "texture": "#0"}
			}
		},
		{
			"name": "hexadecagon",
			"from": [18.49856, -0.22597, -3.06666],
			"to": [19.89115, 1.4611, 2.2915],
			"rotation": {"angle": 22.5, "axis": "z", "origin": [23.19216, 0.42998, -0.75987]},
			"faces": {
				"north": {"uv": [14.5, 7.5, 14.6875, 7.6875], "texture": "#0"},
				"east": {"uv": [12.875, 10.75, 13.5625, 10.9375], "texture": "#0"},
				"south": {"uv": [7.75, 14.5, 7.9375, 14.6875], "texture": "#0"},
				"west": {"uv": [13, 0.75, 13.6875, 0.9375], "texture": "#0"},
				"up": {"uv": [0.9375, 13.6875, 0.75, 13], "texture": "#0"},
				"down": {"uv": [1.8125, 13, 1.625, 13.6875], "texture": "#0"}
			}
		},
		{
			"name": "hexadecagon",
			"from": [25.58744, -0.60114, -3.06666],
			"to": [26.98003, 1.08593, 2.2915],
			"rotation": {"angle": -22.5, "axis": "z", "origin": [23.19216, 0.42998, -0.75987]},
			"faces": {
				"north": {"uv": [14.5, 7.875, 14.6875, 8.0625], "texture": "#0"},
				"east": {"uv": [13, 1.375, 13.6875, 1.5625], "texture": "#0"},
				"south": {"uv": [14.5, 8.125, 14.6875, 8.3125], "texture": "#0"},
				"west": {"uv": [13, 1.625, 13.6875, 1.8125], "texture": "#0"},
				"up": {"uv": [2.0625, 13.6875, 1.875, 13], "texture": "#0"},
				"down": {"uv": [2.5625, 13, 2.375, 13.6875], "texture": "#0"}
			}
		},
		{
			"name": "hexadecagon",
			"from": [25.55013, -0.41356, -3.06666],
			"to": [26.94272, 1.27351, 2.2915],
			"rotation": {"angle": 0, "axis": "z", "origin": [23.19216, 0.42998, -0.75987]},
			"faces": {
				"north": {"uv": [14.5, 8.5, 14.6875, 8.6875], "texture": "#0"},
				"east": {"uv": [13, 4.5, 13.6875, 4.6875], "texture": "#0"},
				"south": {"uv": [14.5, 9.5, 14.6875, 9.6875], "texture": "#0"},
				"west": {"uv": [13, 5.375, 13.6875, 5.5625], "texture": "#0"},
				"up": {"uv": [2.8125, 13.6875, 2.625, 13], "texture": "#0"},
				"down": {"uv": [6.6875, 13, 6.5, 13.6875], "texture": "#0"}
			}
		},
		{
			"name": "hexadecagon",
			"from": [25.58744, -0.22597, -3.06666],
			"to": [26.98003, 1.4611, 2.2915],
			"rotation": {"angle": 22.5, "axis": "z", "origin": [23.19216, 0.42998, -0.75987]},
			"faces": {
				"north": {"uv": [14.5, 9.75, 14.6875, 9.9375], "texture": "#0"},
				"east": {"uv": [13, 6.125, 13.6875, 6.3125], "texture": "#0"},
				"south": {"uv": [14.5, 11, 14.6875, 11.1875], "texture": "#0"},
				"west": {"uv": [13, 7.875, 13.6875, 8.0625], "texture": "#0"},
				"up": {"uv": [9.0625, 13.6875, 8.875, 13], "texture": "#0"},
				"down": {"uv": [9.3125, 13, 9.125, 13.6875], "texture": "#0"}
			}
		},
		{
			"name": "hexadecagon",
			"from": [19.72861, -2.54541, -1.81539],
			"to": [25.67348, 3.34129, -1.00358],
			"rotation": {"angle": 0, "axis": "y", "origin": [22.83972, 0.36044, -2.18589]},
			"faces": {
				"north": {"uv": [14.75, 12.75, 15.5625, 13.5625], "texture": "#0"},
				"east": {"uv": [14.75, 14.625, 14.875, 15.4375], "texture": "#0"},
				"south": {"uv": [12.75, 14.75, 13.5625, 15.5625], "texture": "#0"},
				"west": {"uv": [14.625, 14.75, 14.75, 15.5625], "texture": "#0"},
				"up": {"uv": [15.6875, 0.125, 14.875, 0], "rotation": 180, "texture": "#0"},
				"down": {"uv": [15.6875, 0.125, 14.875, 0.25], "rotation": 180, "texture": "#0"}
			}
		},
		{
			"name": "hexadecagon",
			"from": [-10.04417, -4.97368, -4.86821],
			"to": [-8.08246, -3.02881, 1.94361],
			"rotation": {"angle": -45, "axis": "z", "origin": [-8.66028, 0.36044, -2.18589]},
			"faces": {
				"north": {"uv": [5.25, 3, 5.5, 3.25], "texture": "#0"},
				"east": {"uv": [9.875, 5.375, 10.75, 5.625], "texture": "#0"},
				"south": {"uv": [7.875, 6.125, 8.125, 6.375], "texture": "#0"},
				"west": {"uv": [10.25, 10, 11.125, 10.25], "texture": "#0"},
				"up": {"uv": [3.5, 10.125, 3.25, 9.25], "texture": "#0"},
				"down": {"uv": [7.5, 9.375, 7.25, 10.25], "texture": "#0"}
			}
		},
		{
			"name": "hexadecagon",
			"from": [-10.16772, -4.78877, -4.86821],
			"to": [-8.20601, -2.8439, 1.94361],
			"rotation": {"angle": -22.5, "axis": "z", "origin": [-8.66028, 0.36044, -2.18589]},
			"faces": {
				"north": {"uv": [14.125, 3, 14.375, 3.25], "texture": "#0"},
				"east": {"uv": [10.375, 1.875, 11.25, 2.125], "texture": "#0"},
				"south": {"uv": [14.125, 5.125, 14.375, 5.375], "texture": "#0"},
				"west": {"uv": [10.375, 5.75, 11.25, 6], "texture": "#0"},
				"up": {"uv": [6.25, 10.875, 6, 10], "texture": "#0"},
				"down": {"uv": [6.5, 10, 6.25, 10.875], "texture": "#0"}
			}
		},
		{
			"name": "hexadecagon",
			"from": [-10.21111, -4.57065, -4.86821],
			"to": [-8.2494, -2.62578, 1.94361],
			"rotation": {"angle": 0, "axis": "y", "origin": [-8.66028, 0.36044, -2.18589]},
			"faces": {
				"north": {"uv": [6, 14.125, 6.25, 14.375], "texture": "#0"},
				"east": {"uv": [4.375, 10.5, 5.25, 10.75], "texture": "#0"},
				"south": {"uv": [6.25, 14.125, 6.5, 14.375], "texture": "#0"},
				"west": {"uv": [8, 10.5, 8.875, 10.75], "texture": "#0"},
				"up": {"uv": [1, 11, 0.75, 10.125], "texture": "#0"},
				"down": {"uv": [3.5, 10.125, 3.25, 11], "texture": "#0"}
			}
		},
		{
			"name": "hexadecagon",
			"from": [-10.16772, -4.35253, -4.86821],
			"to": [-8.20601, -2.40766, 1.94361],
			"rotation": {"angle": 22.5, "axis": "z", "origin": [-8.66028, 0.36044, -2.18589]},
			"faces": {
				"north": {"uv": [14.125, 6.875, 14.375, 7.125], "texture": "#0"},
				"east": {"uv": [10.5, 10.25, 11.375, 10.5], "texture": "#0"},
				"south": {"uv": [8, 14.125, 8.25, 14.375], "texture": "#0"},
				"west": {"uv": [10.5, 10.5, 11.375, 10.75], "texture": "#0"},
				"up": {"uv": [7.5, 11.125, 7.25, 10.25], "texture": "#0"},
				"down": {"uv": [5.5, 10.5, 5.25, 11.375], "texture": "#0"}
			}
		},
		{
			"name": "hexadecagon",
			"from": [-10.04417, -4.16762, -4.86821],
			"to": [-8.08246, -2.22275, 1.94361],
			"rotation": {"angle": 45, "axis": "z", "origin": [-8.66028, 0.36044, -2.18589]},
			"faces": {
				"north": {"uv": [8.25, 14.125, 8.5, 14.375], "texture": "#0"},
				"east": {"uv": [10.625, 0.875, 11.5, 1.125], "texture": "#0"},
				"south": {"uv": [8.5, 14.125, 8.75, 14.375], "texture": "#0"},
				"west": {"uv": [10.625, 1.375, 11.5, 1.625], "texture": "#0"},
				"up": {"uv": [5.75, 11.375, 5.5, 10.5], "texture": "#0"},
				"down": {"uv": [6, 10.5, 5.75, 11.375], "texture": "#0"}
			}
		},
		{
			"name": "hexadecagon",
			"from": [-10.04417, 2.94362, -4.86821],
			"to": [-8.08246, 4.8885, 1.94361],
			"rotation": {"angle": -45, "axis": "z", "origin": [-8.66028, 0.36044, -2.18589]},
			"faces": {
				"north": {"uv": [14.125, 8.875, 14.375, 9.125], "texture": "#0"},
				"east": {"uv": [10.625, 1.625, 11.5, 1.875], "texture": "#0"},
				"south": {"uv": [14.125, 10.25, 14.375, 10.5], "texture": "#0"},
				"west": {"uv": [10.625, 8, 11.5, 8.25], "texture": "#0"},
				"up": {"uv": [1.875, 11.5, 1.625, 10.625], "texture": "#0"},
				"down": {"uv": [2.125, 10.625, 1.875, 11.5], "texture": "#0"}
			}
		},
		{
			"name": "hexadecagon",
			"from": [-10.16772, 3.12854, -4.86821],
			"to": [-8.20601, 5.07341, 1.94361],
			"rotation": {"angle": -22.5, "axis": "z", "origin": [-8.66028, 0.36044, -2.18589]},
			"faces": {
				"north": {"uv": [14.125, 10.5, 14.375, 10.75], "texture": "#0"},
				"east": {"uv": [10.625, 8.5, 11.5, 8.75], "texture": "#0"},
				"south": {"uv": [14.125, 10.75, 14.375, 11], "texture": "#0"},
				"west": {"uv": [10.625, 8.75, 11.5, 9], "texture": "#0"},
				"up": {"uv": [2.625, 11.5, 2.375, 10.625], "texture": "#0"},
				"down": {"uv": [2.875, 10.625, 2.625, 11.5], "texture": "#0"}
			}
		},
		{
			"name": "hexadecagon",
			"from": [-10.21111, 3.34666, -4.86821],
			"to": [-8.2494, 5.29153, 1.94361],
			"rotation": {"angle": 0, "axis": "y", "origin": [-8.66028, 0.36044, -2.18589]},
			"faces": {
				"north": {"uv": [14.125, 11.375, 14.375, 11.625], "texture": "#0"},
				"east": {"uv": [8.875, 10.625, 9.75, 10.875], "texture": "#0"},
				"south": {"uv": [14.125, 11.625, 14.375, 11.875], "texture": "#0"},
				"west": {"uv": [3.625, 10.75, 4.5, 11], "texture": "#0"},
				"up": {"uv": [10, 11.5, 9.75, 10.625], "texture": "#0"},
				"down": {"uv": [10.25, 10.625, 10, 11.5], "texture": "#0"}
			}
		},
		{
			"name": "hexadecagon",
			"from": [-10.16772, 3.56478, -4.86821],
			"to": [-8.20601, 5.50965, 1.94361],
			"rotation": {"angle": 22.5, "axis": "z", "origin": [-8.66028, 0.36044, -2.18589]},
			"faces": {
				"north": {"uv": [12.25, 14.125, 12.5, 14.375], "texture": "#0"},
				"east": {"uv": [10.75, 5.375, 11.625, 5.625], "texture": "#0"},
				"south": {"uv": [14, 14.125, 14.25, 14.375], "texture": "#0"},
				"west": {"uv": [10.75, 6.625, 11.625, 6.875], "texture": "#0"},
				"up": {"uv": [10.5, 11.5, 10.25, 10.625], "texture": "#0"},
				"down": {"uv": [0.25, 10.75, 0, 11.625], "texture": "#0"}
			}
		},
		{
			"name": "hexadecagon",
			"from": [-10.04417, 3.74969, -4.86821],
			"to": [-8.08246, 5.69456, 1.94361],
			"rotation": {"angle": 45, "axis": "z", "origin": [-8.66028, 0.36044, -2.18589]},
			"faces": {
				"north": {"uv": [0, 14.25, 0.25, 14.5], "texture": "#0"},
				"east": {"uv": [10.75, 7.375, 11.625, 7.625], "texture": "#0"},
				"south": {"uv": [1.25, 14.25, 1.5, 14.5], "texture": "#0"},
				"west": {"uv": [10.75, 7.625, 11.625, 7.875], "texture": "#0"},
				"up": {"uv": [0.5, 11.625, 0.25, 10.75], "texture": "#0"},
				"down": {"uv": [0.75, 10.75, 0.5, 11.625], "texture": "#0"}
			}
		},
		{
			"name": "hexadecagon",
			"from": [-14.11795, -0.83853, -4.86821],
			"to": [-12.17308, 1.12317, 1.94361],
			"rotation": {"angle": -22.5, "axis": "z", "origin": [-8.66028, 0.36044, -2.18589]},
			"faces": {
				"north": {"uv": [2.875, 14.25, 3.125, 14.5], "texture": "#0"},
				"east": {"uv": [8, 10.75, 8.875, 11], "texture": "#0"},
				"south": {"uv": [3.25, 14.25, 3.5, 14.5], "texture": "#0"},
				"west": {"uv": [10.75, 8.25, 11.625, 8.5], "texture": "#0"},
				"up": {"uv": [4.75, 11.625, 4.5, 10.75], "texture": "#0"},
				"down": {"uv": [5, 10.75, 4.75, 11.625], "texture": "#0"}
			}
		},
		{
			"name": "hexadecagon",
			"from": [-14.16134, -0.62041, -4.86821],
			"to": [-12.21647, 1.34129, 1.94361],
			"rotation": {"angle": 0, "axis": "y", "origin": [-8.66028, 0.36044, -2.18589]},
			"faces": {
				"north": {"uv": [14.25, 4.5, 14.5, 4.75], "texture": "#0"},
				"east": {"uv": [10.5, 10.75, 11.375, 11], "texture": "#0"},
				"south": {"uv": [14.25, 5.375, 14.5, 5.625], "texture": "#0"},
				"west": {"uv": [10.875, 5.125, 11.75, 5.375], "texture": "#0"},
				"up": {"uv": [5.25, 11.625, 5, 10.75], "texture": "#0"},
				"down": {"uv": [6.25, 10.875, 6, 11.75], "texture": "#0"}
			}
		},
		{
			"name": "hexadecagon",
			"from": [-14.11795, -0.4023, -4.86821],
			"to": [-12.17308, 1.55941, 1.94361],
			"rotation": {"angle": 22.5, "axis": "z", "origin": [-8.66028, 0.36044, -2.18589]},
			"faces": {
				"north": {"uv": [14.25, 6, 14.5, 6.25], "texture": "#0"},
				"east": {"uv": [10.875, 7, 11.75, 7.25], "texture": "#0"},
				"south": {"uv": [14.25, 6.25, 14.5, 6.5], "texture": "#0"},
				"west": {"uv": [8.875, 10.875, 9.75, 11.125], "texture": "#0"},
				"up": {"uv": [6.5, 11.75, 6.25, 10.875], "texture": "#0"},
				"down": {"uv": [1, 11, 0.75, 11.875], "texture": "#0"}
			}
		},
		{
			"name": "hexadecagon",
			"from": [-6.20065, -0.83853, -4.86821],
			"to": [-4.25578, 1.12317, 1.94361],
			"rotation": {"angle": -22.5, "axis": "z", "origin": [-8.66028, 0.36044, -2.18589]},
			"faces": {
				"north": {"uv": [6.75, 14.25, 7, 14.5], "texture": "#0"},
				"east": {"uv": [3.625, 11, 4.5, 11.25], "texture": "#0"},
				"south": {"uv": [7, 14.25, 7.25, 14.5], "texture": "#0"},
				"west": {"uv": [8, 11, 8.875, 11.25], "texture": "#0"},
				"up": {"uv": [3.5, 11.875, 3.25, 11], "texture": "#0"},
				"down": {"uv": [10.75, 11, 10.5, 11.875], "texture": "#0"}
			}
		},
		{
			"name": "hexadecagon",
			"from": [-6.24403, -0.62041, -4.86821],
			"to": [-4.29916, 1.34129, 1.94361],
			"rotation": {"angle": 0, "axis": "y", "origin": [-8.66028, 0.36044, -2.18589]},
			"faces": {
				"north": {"uv": [7.5, 14.25, 7.75, 14.5], "texture": "#0"},
				"east": {"uv": [11, 9.25, 11.875, 9.5], "texture": "#0"},
				"south": {"uv": [7.75, 14.25, 8, 14.5], "texture": "#0"},
				"west": {"uv": [11, 9.5, 11.875, 9.75], "texture": "#0"},
				"up": {"uv": [11, 11.875, 10.75, 11], "texture": "#0"},
				"down": {"uv": [11.25, 11, 11, 11.875], "texture": "#0"}
			}
		},
		{
			"name": "hexadecagon",
			"from": [-12.49403, -2.87041, -3.86821],
			"to": [-6.04916, 3.59129, -3.05639],
			"rotation": {"angle": 0, "axis": "y", "origin": [-8.66028, 0.36044, -2.18589]},
			"faces": {
				"north": {"uv": [11.875, 14.75, 12.6875, 15.5625], "texture": "#0"},
				"east": {"uv": [13.625, 14.75, 13.75, 15.5625], "texture": "#0"},
				"south": {"uv": [14.75, 11.875, 15.5625, 12.6875], "texture": "#0"},
				"west": {"uv": [14.75, 13.625, 14.875, 14.4375], "texture": "#0"},
				"up": {"uv": [14.5625, 14.875, 13.75, 14.75], "texture": "#0"},
				"down": {"uv": [15.5625, 14.5, 14.75, 14.625], "texture": "#0"}
			}
		},
		{
			"name": "hexadecagon",
			"from": [-6.20065, -0.4023, -4.86821],
			"to": [-4.25578, 1.55941, 1.94361],
			"rotation": {"angle": 22.5, "axis": "z", "origin": [-8.66028, 0.36044, -2.18589]},
			"faces": {
				"north": {"uv": [14.25, 7.875, 14.5, 8.125], "texture": "#0"},
				"east": {"uv": [11, 9.75, 11.875, 10], "texture": "#0"},
				"south": {"uv": [14.25, 8.5, 14.5, 8.75], "texture": "#0"},
				"west": {"uv": [8.875, 11.125, 9.75, 11.375], "texture": "#0"},
				"up": {"uv": [7.5, 12, 7.25, 11.125], "texture": "#0"},
				"down": {"uv": [3.875, 11.25, 3.625, 12.125], "texture": "#0"}
			}
		},
		{
			"name": "hexadecagon",
			"from": [-9.68897, -0.06, -4.2],
			"to": [-8.81103, 0.85, 21.05],
			"rotation": {"angle": 0, "axis": "z", "origin": [-9.25, 0.25, 11]},
			"faces": {
				"north": {"uv": [14, 6.375, 14.0625, 6.5], "texture": "#0"},
				"east": {"uv": [8.5, 3.75, 11.625, 3.875], "texture": "#0"},
				"south": {"uv": [14, 8.875, 14.0625, 9], "texture": "#0"},
				"west": {"uv": [8.5, 3.875, 11.625, 4], "texture": "#0"},
				"up": {"uv": [11.0625, 15, 11, 11.875], "texture": "#0"},
				"down": {"uv": [11.1875, 11.875, 11.125, 15], "texture": "#0"}
			}
		},
		{
			"name": "hexadecagon",
			"from": [22.31103, -0.06, -2.2],
			"to": [23.18897, 0.85, 19.55],
			"rotation": {"angle": 0, "axis": "z", "origin": [22.75, 0.25, 13]},
			"faces": {
				"north": {"uv": [7, 14.75, 7.0625, 14.875], "texture": "#0"},
				"east": {"uv": [9.25, 0.125, 11.9375, 0.25], "texture": "#0"},
				"south": {"uv": [7.125, 14.75, 7.1875, 14.875], "texture": "#0"},
				"west": {"uv": [9.25, 0.25, 11.9375, 0.375], "texture": "#0"},
				"up": {"uv": [5.3125, 14.9375, 5.25, 12.25], "texture": "#0"},
				"down": {"uv": [5.4375, 12.25, 5.375, 14.9375], "texture": "#0"}
			}
		},
		{
			"name": "hexadecagon",
			"from": [-10.04417, -4.97368, 15.13179],
			"to": [-8.08246, -3.02881, 21.94361],
			"rotation": {"angle": -45, "axis": "z", "origin": [-8.66028, 0.36044, 17.81411]},
			"faces": {
				"north": {"uv": [14.25, 9.5, 14.5, 9.75], "texture": "#0"},
				"east": {"uv": [11.125, 10, 12, 10.25], "texture": "#0"},
				"south": {"uv": [14.25, 9.75, 14.5, 10], "texture": "#0"},
				"west": {"uv": [11.25, 1.875, 12.125, 2.125], "texture": "#0"},
				"up": {"uv": [4.125, 12.125, 3.875, 11.25], "texture": "#0"},
				"down": {"uv": [4.375, 11.25, 4.125, 12.125], "texture": "#0"}
			}
		},
		{
			"name": "hexadecagon",
			"from": [-10.16772, -4.78877, 15.13179],
			"to": [-8.20601, -2.8439, 21.94361],
			"rotation": {"angle": -22.5, "axis": "z", "origin": [-8.66028, 0.36044, 17.81411]},
			"faces": {
				"north": {"uv": [14.25, 11, 14.5, 11.25], "texture": "#0"},
				"east": {"uv": [11.25, 5.75, 12.125, 6], "texture": "#0"},
				"south": {"uv": [11.5, 14.25, 11.75, 14.5], "texture": "#0"},
				"west": {"uv": [8, 11.25, 8.875, 11.5], "texture": "#0"},
				"up": {"uv": [11.5, 11.875, 11.25, 11], "texture": "#0"},
				"down": {"uv": [5.5, 11.375, 5.25, 12.25], "texture": "#0"}
			}
		},
		{
			"name": "hexadecagon",
			"from": [-10.21111, -4.57065, 15.13179],
			"to": [-8.2494, -2.62578, 21.94361],
			"rotation": {"angle": 0, "axis": "y", "origin": [-8.66028, 0.36044, 17.81411]},
			"faces": {
				"north": {"uv": [14.25, 11.875, 14.5, 12.125], "texture": "#0"},
				"east": {"uv": [11.375, 1.125, 12.25, 1.375], "texture": "#0"},
				"south": {"uv": [14.25, 12.125, 14.5, 12.375], "texture": "#0"},
				"west": {"uv": [8.875, 11.375, 9.75, 11.625], "texture": "#0"},
				"up": {"uv": [5.75, 12.25, 5.5, 11.375], "texture": "#0"},
				"down": {"uv": [6, 11.375, 5.75, 12.25], "texture": "#0"}
			}
		},
		{
			"name": "hexadecagon",
			"from": [-10.16772, -4.35253, 15.13179],
			"to": [-8.20601, -2.40766, 21.94361],
			"rotation": {"angle": 22.5, "axis": "z", "origin": [-8.66028, 0.36044, 17.81411]},
			"faces": {
				"north": {"uv": [14.25, 12.375, 14.5, 12.625], "texture": "#0"},
				"east": {"uv": [11.375, 10.25, 12.25, 10.5], "texture": "#0"},
				"south": {"uv": [12.5, 14.25, 12.75, 14.5], "texture": "#0"},
				"west": {"uv": [11.375, 10.5, 12.25, 10.75], "texture": "#0"},
				"up": {"uv": [1.875, 12.375, 1.625, 11.5], "texture": "#0"},
				"down": {"uv": [2.125, 11.5, 1.875, 12.375], "texture": "#0"}
			}
		},
		{
			"name": "hexadecagon",
			"from": [-10.04417, -4.16762, 15.13179],
			"to": [-8.08246, -2.22275, 21.94361],
			"rotation": {"angle": 45, "axis": "z", "origin": [-8.66028, 0.36044, 17.81411]},
			"faces": {
				"north": {"uv": [14.25, 12.625, 14.5, 12.875], "texture": "#0"},
				"east": {"uv": [11.375, 10.75, 12.25, 11], "texture": "#0"},
				"south": {"uv": [12.75, 14.25, 13, 14.5], "texture": "#0"},
				"west": {"uv": [11.5, 0.875, 12.375, 1.125], "texture": "#0"},
				"up": {"uv": [2.625, 12.375, 2.375, 11.5], "texture": "#0"},
				"down": {"uv": [2.875, 11.5, 2.625, 12.375], "texture": "#0"}
			}
		},
		{
			"name": "hexadecagon",
			"from": [-10.04417, 2.94362, 15.13179],
			"to": [-8.08246, 4.8885, 21.94361],
			"rotation": {"angle": -45, "axis": "z", "origin": [-8.66028, 0.36044, 17.81411]},
			"faces": {
				"north": {"uv": [14.25, 12.875, 14.5, 13.125], "texture": "#0"},
				"east": {"uv": [11.5, 1.375, 12.375, 1.625], "texture": "#0"},
				"south": {"uv": [14.25, 13.125, 14.5, 13.375], "texture": "#0"},
				"west": {"uv": [11.5, 1.625, 12.375, 1.875], "texture": "#0"},
				"up": {"uv": [6.75, 12.375, 6.5, 11.5], "texture": "#0"},
				"down": {"uv": [7, 11.5, 6.75, 12.375], "texture": "#0"}
			}
		},
		{
			"name": "hexadecagon",
			"from": [-10.16772, 3.12854, 15.13179],
			"to": [-8.20601, 5.07341, 21.94361],
			"rotation": {"angle": -22.5, "axis": "z", "origin": [-8.66028, 0.36044, 17.81411]},
			"faces": {
				"north": {"uv": [14.25, 13.375, 14.5, 13.625], "texture": "#0"},
				"east": {"uv": [11.5, 7.875, 12.375, 8.125], "texture": "#0"},
				"south": {"uv": [14.25, 13.625, 14.5, 13.875], "texture": "#0"},
				"west": {"uv": [8, 11.5, 8.875, 11.75], "texture": "#0"},
				"up": {"uv": [7.25, 12.375, 7, 11.5], "texture": "#0"},
				"down": {"uv": [10, 11.5, 9.75, 12.375], "texture": "#0"}
			}
		},
		{
			"name": "hexadecagon",
			"from": [-10.21111, 3.34666, 15.13179],
			"to": [-8.2494, 5.29153, 21.94361],
			"rotation": {"angle": 0, "axis": "y", "origin": [-8.66028, 0.36044, 17.81411]},
			"faces": {
				"north": {"uv": [14.25, 13.875, 14.5, 14.125], "texture": "#0"},
				"east": {"uv": [11.5, 8.5, 12.375, 8.75], "texture": "#0"},
				"south": {"uv": [14.25, 14.125, 14.5, 14.375], "texture": "#0"},
				"west": {"uv": [11.5, 8.75, 12.375, 9], "texture": "#0"},
				"up": {"uv": [10.25, 12.375, 10, 11.5], "texture": "#0"},
				"down": {"uv": [10.5, 11.5, 10.25, 12.375], "texture": "#0"}
			}
		},
		{
			"name": "hexadecagon",
			"from": [-10.16772, 3.56478, 15.13179],
			"to": [-8.20601, 5.50965, 21.94361],
			"rotation": {"angle": 22.5, "axis": "z", "origin": [-8.66028, 0.36044, 17.81411]},
			"faces": {
				"north": {"uv": [14.375, 0, 14.625, 0.25], "texture": "#0"},
				"east": {"uv": [11.5, 11, 12.375, 11.25], "texture": "#0"},
				"south": {"uv": [0.25, 14.375, 0.5, 14.625], "texture": "#0"},
				"west": {"uv": [11.5, 11.25, 12.375, 11.5], "texture": "#0"},
				"up": {"uv": [11.75, 12.375, 11.5, 11.5], "texture": "#0"},
				"down": {"uv": [0.25, 11.625, 0, 12.5], "texture": "#0"}
			}
		},
		{
			"name": "hexadecagon",
			"from": [-10.04417, 3.74969, 15.13179],
			"to": [-8.08246, 5.69456, 21.94361],
			"rotation": {"angle": 45, "axis": "z", "origin": [-8.66028, 0.36044, 17.81411]},
			"faces": {
				"north": {"uv": [14.375, 0.25, 14.625, 0.5], "texture": "#0"},
				"east": {"uv": [11.625, 2.5, 12.5, 2.75], "texture": "#0"},
				"south": {"uv": [0.5, 14.375, 0.75, 14.625], "texture": "#0"},
				"west": {"uv": [11.625, 2.75, 12.5, 3], "texture": "#0"},
				"up": {"uv": [0.5, 12.5, 0.25, 11.625], "texture": "#0"},
				"down": {"uv": [0.75, 11.625, 0.5, 12.5], "texture": "#0"}
			}
		},
		{
			"name": "hexadecagon",
			"from": [-14.11795, -0.83853, 15.13179],
			"to": [-12.17308, 1.12317, 21.94361],
			"rotation": {"angle": -22.5, "axis": "z", "origin": [-8.66028, 0.36044, 17.81411]},
			"faces": {
				"north": {"uv": [14.375, 0.5, 14.625, 0.75], "texture": "#0"},
				"east": {"uv": [11.625, 3, 12.5, 3.25], "texture": "#0"},
				"south": {"uv": [0.75, 14.375, 1, 14.625], "texture": "#0"},
				"west": {"uv": [11.625, 3.25, 12.5, 3.5], "texture": "#0"},
				"up": {"uv": [2.375, 12.5, 2.125, 11.625], "texture": "#0"},
				"down": {"uv": [11.875, 3.5, 11.625, 4.375], "texture": "#0"}
			}
		},
		{
			"name": "hexadecagon",
			"from": [-14.16134, -0.62041, 15.13179],
			"to": [-12.21647, 1.34129, 21.94361],
			"rotation": {"angle": 0, "axis": "y", "origin": [-8.66028, 0.36044, 17.81411]},
			"faces": {
				"north": {"uv": [14.375, 1, 14.625, 1.25], "texture": "#0"},
				"east": {"uv": [4.375, 11.625, 5.25, 11.875], "texture": "#0"},
				"south": {"uv": [2.125, 14.375, 2.375, 14.625], "texture": "#0"},
				"west": {"uv": [11.625, 5.375, 12.5, 5.625], "texture": "#0"},
				"up": {"uv": [7.75, 12.5, 7.5, 11.625], "texture": "#0"},
				"down": {"uv": [8, 11.625, 7.75, 12.5], "texture": "#0"}
			}
		},
		{
			"name": "hexadecagon",
			"from": [-14.11795, -0.4023, 15.13179],
			"to": [-12.17308, 1.55941, 21.94361],
			"rotation": {"angle": 22.5, "axis": "z", "origin": [-8.66028, 0.36044, 17.81411]},
			"faces": {
				"north": {"uv": [14.375, 3, 14.625, 3.25], "texture": "#0"},
				"east": {"uv": [11.625, 6.625, 12.5, 6.875], "texture": "#0"},
				"south": {"uv": [14.375, 5.125, 14.625, 5.375], "texture": "#0"},
				"west": {"uv": [11.625, 7.25, 12.5, 7.5], "texture": "#0"},
				"up": {"uv": [9.125, 12.5, 8.875, 11.625], "texture": "#0"},
				"down": {"uv": [9.375, 11.625, 9.125, 12.5], "texture": "#0"}
			}
		},
		{
			"name": "hexadecagon",
			"from": [-6.20065, -0.83853, 15.13179],
			"to": [-4.25578, 1.12317, 21.94361],
			"rotation": {"angle": -22.5, "axis": "z", "origin": [-8.66028, 0.36044, 17.81411]},
			"faces": {
				"north": {"uv": [6, 14.375, 6.25, 14.625], "texture": "#0"},
				"east": {"uv": [11.625, 7.5, 12.5, 7.75], "texture": "#0"},
				"south": {"uv": [6.25, 14.375, 6.5, 14.625], "texture": "#0"},
				"west": {"uv": [11.625, 8.125, 12.5, 8.375], "texture": "#0"},
				"up": {"uv": [9.625, 12.5, 9.375, 11.625], "texture": "#0"},
				"down": {"uv": [6.25, 11.75, 6, 12.625], "texture": "#0"}
			}
		},
		{
			"name": "hexadecagon",
			"from": [-6.24403, -0.62041, 15.13179],
			"to": [-4.29916, 1.34129, 21.94361],
			"rotation": {"angle": 0, "axis": "y", "origin": [-8.66028, 0.36044, 17.81411]},
			"faces": {
				"north": {"uv": [6.5, 14.375, 6.75, 14.625], "texture": "#0"},
				"east": {"uv": [11.75, 2.125, 12.625, 2.375], "texture": "#0"},
				"south": {"uv": [14.375, 6.875, 14.625, 7.125], "texture": "#0"},
				"west": {"uv": [11.75, 5.125, 12.625, 5.375], "texture": "#0"},
				"up": {"uv": [6.5, 12.625, 6.25, 11.75], "texture": "#0"},
				"down": {"uv": [8.25, 11.75, 8, 12.625], "texture": "#0"}
			}
		},
		{
			"name": "hexadecagon",
			"from": [-6.20065, -0.4023, 15.13179],
			"to": [-4.25578, 1.55941, 21.94361],
			"rotation": {"angle": 22.5, "axis": "z", "origin": [-8.66028, 0.36044, 17.81411]},
			"faces": {
				"north": {"uv": [8, 14.375, 8.25, 14.625], "texture": "#0"},
				"east": {"uv": [11.75, 6.875, 12.625, 7.125], "texture": "#0"},
				"south": {"uv": [8.25, 14.375, 8.5, 14.625], "texture": "#0"},
				"west": {"uv": [11.75, 9, 12.625, 9.25], "texture": "#0"},
				"up": {"uv": [8.5, 12.625, 8.25, 11.75], "texture": "#0"},
				"down": {"uv": [8.75, 11.75, 8.5, 12.625], "texture": "#0"}
			}
		},
		{
			"name": "hexadecagon",
			"from": [-12.49403, -2.87041, 19.88179],
			"to": [-6.04916, 3.59129, 20.69361],
			"rotation": {"angle": 0, "axis": "y", "origin": [-8.66028, 0.36044, -2.18589]},
			"faces": {
				"north": {"uv": [12.75, 14.75, 13.5625, 15.5625], "texture": "#0"},
				"east": {"uv": [14.625, 14.75, 14.75, 15.5625], "texture": "#0"},
				"south": {"uv": [14.75, 12.75, 15.5625, 13.5625], "texture": "#0"},
				"west": {"uv": [14.75, 14.625, 14.875, 15.4375], "texture": "#0"},
				"up": {"uv": [15.6875, 0.125, 14.875, 0], "texture": "#0"},
				"down": {"uv": [15.6875, 0.125, 14.875, 0.25], "texture": "#0"}
			}
		},
		{
			"name": "hexadecagon",
			"from": [22.00202, -4.15737, 14.93334],
			"to": [23.68909, -2.76478, 20.2915],
			"rotation": {"angle": -45, "axis": "z", "origin": [23.19216, 0.42998, 17.24013]},
			"faces": {
				"north": {"uv": [11.5, 14.5, 11.6875, 14.6875], "texture": "#0"},
				"east": {"uv": [13, 8.5, 13.6875, 8.6875], "texture": "#0"},
				"south": {"uv": [14.5, 11.75, 14.6875, 11.9375], "texture": "#0"},
				"west": {"uv": [13, 8.75, 13.6875, 8.9375], "texture": "#0"},
				"up": {"uv": [9.5625, 13.6875, 9.375, 13], "texture": "#0"},
				"down": {"uv": [13.1875, 12.25, 13, 12.9375], "texture": "#0"}
			}
		},
		{
			"name": "hexadecagon",
			"from": [21.89576, -3.99834, 14.93334],
			"to": [23.58283, -2.60575, 20.2915],
			"rotation": {"angle": -22.5, "axis": "z", "origin": [23.19216, 0.42998, 17.24013]},
			"faces": {
				"north": {"uv": [14.5, 12, 14.6875, 12.1875], "texture": "#0"},
				"east": {"uv": [13, 11, 13.6875, 11.1875], "texture": "#0"},
				"south": {"uv": [14.5, 12.25, 14.6875, 12.4375], "texture": "#0"},
				"west": {"uv": [13, 11.25, 13.6875, 11.4375], "texture": "#0"},
				"up": {"uv": [12.9375, 13.6875, 12.75, 13], "texture": "#0"},
				"down": {"uv": [13.1875, 13, 13, 13.6875], "texture": "#0"}
			}
		},
		{
			"name": "hexadecagon",
			"from": [21.85845, -3.81076, 14.93334],
			"to": [23.54552, -2.41817, 20.2915],
			"rotation": {"angle": 0, "axis": "y", "origin": [23.19216, 0.42998, 17.24013]},
			"faces": {
				"north": {"uv": [12.5, 14.5, 12.6875, 14.6875], "texture": "#0"},
				"east": {"uv": [13.125, 2.5, 13.8125, 2.6875], "texture": "#0"},
				"south": {"uv": [14.5, 12.5, 14.6875, 12.6875], "texture": "#0"},
				"west": {"uv": [13.125, 2.75, 13.8125, 2.9375], "texture": "#0"},
				"up": {"uv": [11.6875, 13.8125, 11.5, 13.125], "texture": "#0"},
				"down": {"uv": [2.3125, 13.25, 2.125, 13.9375], "texture": "#0"}
			}
		},
		{
			"name": "hexadecagon",
			"from": [21.89576, -3.62318, 14.93334],
			"to": [23.58283, -2.23059, 20.2915],
			"rotation": {"angle": 22.5, "axis": "z", "origin": [23.19216, 0.42998, 17.24013]},
			"faces": {
				"north": {"uv": [12.75, 14.5, 12.9375, 14.6875], "texture": "#0"},
				"east": {"uv": [13.125, 3, 13.8125, 3.1875], "texture": "#0"},
				"south": {"uv": [14.5, 12.75, 14.6875, 12.9375], "texture": "#0"},
				"west": {"uv": [13.25, 3.25, 13.9375, 3.4375], "texture": "#0"},
				"up": {"uv": [7.6875, 13.9375, 7.5, 13.25], "texture": "#0"},
				"down": {"uv": [7.9375, 13.25, 7.75, 13.9375], "texture": "#0"}
			}
		},
		{
			"name": "hexadecagon",
			"from": [22.00202, -3.46415, 14.93334],
			"to": [23.68909, -2.07156, 20.2915],
			"rotation": {"angle": 45, "axis": "z", "origin": [23.19216, 0.42998, 17.24013]},
			"faces": {
				"north": {"uv": [14.5, 13, 14.6875, 13.1875], "texture": "#0"},
				"east": {"uv": [13.25, 6.625, 13.9375, 6.8125], "texture": "#0"},
				"south": {"uv": [14.5, 13.25, 14.6875, 13.4375], "texture": "#0"},
				"west": {"uv": [13.25, 7.25, 13.9375, 7.4375], "texture": "#0"},
				"up": {"uv": [13.4375, 12.9375, 13.25, 12.25], "texture": "#0"},
				"down": {"uv": [13.4375, 13, 13.25, 13.6875], "texture": "#0"}
			}
		},
		{
			"name": "hexadecagon",
			"from": [22.00202, 2.93152, 14.93334],
			"to": [23.68909, 4.32411, 20.2915],
			"rotation": {"angle": -45, "axis": "z", "origin": [23.19216, 0.42998, 17.24013]},
			"faces": {
				"north": {"uv": [14.5, 13.5, 14.6875, 13.6875], "texture": "#0"},
				"east": {"uv": [13.25, 7.5, 13.9375, 7.6875], "texture": "#0"},
				"south": {"uv": [14.5, 13.75, 14.6875, 13.9375], "texture": "#0"},
				"west": {"uv": [13.25, 8.125, 13.9375, 8.3125], "texture": "#0"},
				"up": {"uv": [6.1875, 14.0625, 6, 13.375], "texture": "#0"},
				"down": {"uv": [6.4375, 13.375, 6.25, 14.0625], "texture": "#0"}
			}
		},
		{
			"name": "hexadecagon",
			"from": [21.89576, 3.09054, 14.93334],
			"to": [23.58283, 4.48313, 20.2915],
			"rotation": {"angle": -22.5, "axis": "z", "origin": [23.19216, 0.42998, 17.24013]},
			"faces": {
				"north": {"uv": [14.5, 14, 14.6875, 14.1875], "texture": "#0"},
				"east": {"uv": [13.375, 2.125, 14.0625, 2.3125], "texture": "#0"},
				"south": {"uv": [14.5, 14.25, 14.6875, 14.4375], "texture": "#0"},
				"west": {"uv": [13.375, 5.125, 14.0625, 5.3125], "texture": "#0"},
				"up": {"uv": [8.1875, 14.0625, 8, 13.375], "texture": "#0"},
				"down": {"uv": [8.4375, 13.375, 8.25, 14.0625], "texture": "#0"}
			}
		},
		{
			"name": "hexadecagon",
			"from": [21.85845, 3.27813, 14.93334],
			"to": [23.54552, 4.67071, 20.2915],
			"rotation": {"angle": 0, "axis": "y", "origin": [23.19216, 0.42998, 17.24013]},
			"faces": {
				"north": {"uv": [14.5, 14.5, 14.6875, 14.6875], "texture": "#0"},
				"east": {"uv": [13.375, 6.875, 14.0625, 7.0625], "texture": "#0"},
				"south": {"uv": [14.625, 0, 14.8125, 0.1875], "texture": "#0"},
				"west": {"uv": [13.375, 9, 14.0625, 9.1875], "texture": "#0"},
				"up": {"uv": [8.6875, 14.0625, 8.5, 13.375], "texture": "#0"},
				"down": {"uv": [12.4375, 13.375, 12.25, 14.0625], "texture": "#0"}
			}
		},
		{
			"name": "hexadecagon",
			"from": [21.89576, 3.46571, 14.93334],
			"to": [23.58283, 4.8583, 20.2915],
			"rotation": {"angle": 22.5, "axis": "z", "origin": [23.19216, 0.42998, 17.24013]},
			"faces": {
				"north": {"uv": [0.25, 14.625, 0.4375, 14.8125], "texture": "#0"},
				"east": {"uv": [13.375, 11.5, 14.0625, 11.6875], "texture": "#0"},
				"south": {"uv": [14.625, 0.25, 14.8125, 0.4375], "texture": "#0"},
				"west": {"uv": [13.375, 11.75, 14.0625, 11.9375], "texture": "#0"},
				"up": {"uv": [0.1875, 14.1875, 0, 13.5], "texture": "#0"},
				"down": {"uv": [1.4375, 13.5, 1.25, 14.1875], "texture": "#0"}
			}
		},
		{
			"name": "hexadecagon",
			"from": [22.00202, 3.62473, 14.93334],
			"to": [23.68909, 5.01732, 20.2915],
			"rotation": {"angle": 45, "axis": "z", "origin": [23.19216, 0.42998, 17.24013]},
			"faces": {
				"north": {"uv": [0.5, 14.625, 0.6875, 14.8125], "texture": "#0"},
				"east": {"uv": [13.5, 9.5, 14.1875, 9.6875], "texture": "#0"},
				"south": {"uv": [14.625, 0.5, 14.8125, 0.6875], "texture": "#0"},
				"west": {"uv": [13.5, 9.75, 14.1875, 9.9375], "texture": "#0"},
				"up": {"uv": [3.0625, 14.1875, 2.875, 13.5], "texture": "#0"},
				"down": {"uv": [3.4375, 13.5, 3.25, 14.1875], "texture": "#0"}
			}
		},
		{
			"name": "hexadecagon",
			"from": [18.49856, -0.60114, 14.93334],
			"to": [19.89115, 1.08593, 20.2915],
			"rotation": {"angle": -22.5, "axis": "z", "origin": [23.19216, 0.42998, 17.24013]},
			"faces": {
				"north": {"uv": [0.75, 14.625, 0.9375, 14.8125], "texture": "#0"},
				"east": {"uv": [13.5, 12, 14.1875, 12.1875], "texture": "#0"},
				"south": {"uv": [14.625, 1, 14.8125, 1.1875], "texture": "#0"},
				"west": {"uv": [13.5, 12.25, 14.1875, 12.4375], "texture": "#0"},
				"up": {"uv": [6.9375, 14.1875, 6.75, 13.5], "texture": "#0"},
				"down": {"uv": [7.1875, 13.5, 7, 14.1875], "texture": "#0"}
			}
		},
		{
			"name": "hexadecagon",
			"from": [18.46125, -0.41356, 14.93334],
			"to": [19.85384, 1.27351, 20.2915],
			"rotation": {"angle": 0, "axis": "y", "origin": [23.19216, 0.42998, 17.24013]},
			"faces": {
				"north": {"uv": [2.125, 14.625, 2.3125, 14.8125], "texture": "#0"},
				"east": {"uv": [13.5, 12.5, 14.1875, 12.6875], "texture": "#0"},
				"south": {"uv": [14.625, 3, 14.8125, 3.1875], "texture": "#0"},
				"west": {"uv": [13.5, 12.75, 14.1875, 12.9375], "texture": "#0"},
				"up": {"uv": [12.6875, 14.1875, 12.5, 13.5], "texture": "#0"},
				"down": {"uv": [13.6875, 13, 13.5, 13.6875], "texture": "#0"}
			}
		},
		{
			"name": "hexadecagon",
			"from": [18.49856, -0.22597, 14.93334],
			"to": [19.89115, 1.4611, 20.2915],
			"rotation": {"angle": 22.5, "axis": "z", "origin": [23.19216, 0.42998, 17.24013]},
			"faces": {
				"north": {"uv": [14.625, 4.75, 14.8125, 4.9375], "texture": "#0"},
				"east": {"uv": [13.625, 0, 14.3125, 0.1875], "texture": "#0"},
				"south": {"uv": [14.625, 5, 14.8125, 5.1875], "texture": "#0"},
				"west": {"uv": [13.625, 0.25, 14.3125, 0.4375], "texture": "#0"},
				"up": {"uv": [9.9375, 14.3125, 9.75, 13.625], "texture": "#0"},
				"down": {"uv": [10.1875, 13.625, 10, 14.3125], "texture": "#0"}
			}
		},
		{
			"name": "hexadecagon",
			"from": [25.58744, -0.60114, 14.93334],
			"to": [26.98003, 1.08593, 20.2915],
			"rotation": {"angle": -22.5, "axis": "z", "origin": [23.19216, 0.42998, 17.24013]},
			"faces": {
				"north": {"uv": [6, 14.625, 6.1875, 14.8125], "texture": "#0"},
				"east": {"uv": [13.625, 0.5, 14.3125, 0.6875], "texture": "#0"},
				"south": {"uv": [6.25, 14.625, 6.4375, 14.8125], "texture": "#0"},
				"west": {"uv": [13.625, 1, 14.3125, 1.1875], "texture": "#0"},
				"up": {"uv": [10.4375, 14.3125, 10.25, 13.625], "texture": "#0"},
				"down": {"uv": [13.8125, 10.25, 13.625, 10.9375], "texture": "#0"}
			}
		},
		{
			"name": "hexadecagon",
			"from": [25.55013, -0.41356, 14.93334],
			"to": [26.94272, 1.27351, 20.2915],
			"rotation": {"angle": 0, "axis": "y", "origin": [23.19216, 0.42998, 17.24013]},
			"faces": {
				"north": {"uv": [6.5, 14.625, 6.6875, 14.8125], "texture": "#0"},
				"east": {"uv": [0.25, 13.75, 0.9375, 13.9375], "texture": "#0"},
				"south": {"uv": [14.625, 6.875, 14.8125, 7.0625], "texture": "#0"},
				"west": {"uv": [13.75, 0.75, 14.4375, 0.9375], "texture": "#0"},
				"up": {"uv": [1.8125, 14.4375, 1.625, 13.75], "texture": "#0"},
				"down": {"uv": [2.0625, 13.75, 1.875, 14.4375], "texture": "#0"}
			}
		},
		{
			"name": "hexadecagon",
			"from": [25.58744, -0.22597, 14.93334],
			"to": [26.98003, 1.4611, 20.2915],
			"rotation": {"angle": 22.5, "axis": "z", "origin": [23.19216, 0.42998, 17.24013]},
			"faces": {
				"north": {"uv": [8, 14.625, 8.1875, 14.8125], "texture": "#0"},
				"east": {"uv": [13.75, 1.25, 14.4375, 1.4375], "texture": "#0"},
				"south": {"uv": [8.25, 14.625, 8.4375, 14.8125], "texture": "#0"},
				"west": {"uv": [13.75, 1.5, 14.4375, 1.6875], "texture": "#0"},
				"up": {"uv": [2.5625, 14.4375, 2.375, 13.75], "texture": "#0"},
				"down": {"uv": [2.8125, 13.75, 2.625, 14.4375], "texture": "#0"}
			}
		},
		{
			"name": "hexadecagon",
			"from": [19.75597, -2.54541, 18.38179],
			"to": [25.70084, 3.34129, 19.19361],
			"rotation": {"angle": 0, "axis": "y", "origin": [-8.66028, 0.36044, -2.18589]},
			"faces": {
				"north": {"uv": [12.75, 14.75, 13.5625, 15.5625], "texture": "#0"},
				"east": {"uv": [14.625, 14.75, 14.75, 15.5625], "texture": "#0"},
				"south": {"uv": [14.75, 12.75, 15.5625, 13.5625], "texture": "#0"},
				"west": {"uv": [14.75, 14.625, 14.875, 15.4375], "texture": "#0"},
				"up": {"uv": [15.6875, 0.125, 14.875, 0], "texture": "#0"},
				"down": {"uv": [15.6875, 0.125, 14.875, 0.25], "texture": "#0"}
			}
		},
		{
			"from": [-0.3, -2, -3],
			"to": [15.5, 2, 2],
			"rotation": {"angle": 0, "axis": "y", "origin": [0, -2, 8]},
			"faces": {
				"north": {"uv": [5.25, 2.5, 7.25, 3], "texture": "#0"},
				"east": {"uv": [3.75, 9.25, 4.375, 9.75], "texture": "#0"},
				"south": {"uv": [5, 5.25, 7, 5.75], "texture": "#0"},
				"west": {"uv": [4.375, 9.25, 5, 9.75], "texture": "#0"},
				"up": {"uv": [7, 5.25, 5, 4.625], "texture": "#0"},
				"down": {"uv": [7.25, 0, 5.25, 0.625], "texture": "#0"}
			}
		},
		{
			"from": [9, -2, -2.9],
			"to": [17, 2, 1.95],
			"rotation": {"angle": -22.5, "axis": "z", "origin": [17, 2, -3]},
			"faces": {
				"north": {"uv": [1, 8.125, 2, 8.625], "texture": "#0"},
				"east": {"uv": [9, 9.25, 9.625, 9.75], "texture": "#0"},
				"south": {"uv": [8.125, 6.125, 9.125, 6.625], "texture": "#0"},
				"west": {"uv": [1.625, 9.5, 2.25, 10], "texture": "#0"},
				"up": {"uv": [8.25, 0.75, 7.25, 0.125], "texture": "#0"},
				"down": {"uv": [8.25, 0.75, 7.25, 1.375], "texture": "#0"}
			}
		},
		{
			"from": [-10.475, -3.85, 15.125],
			"to": [0, -1.85, 19.975],
			"rotation": {"angle": -22.5, "axis": "z", "origin": [17, 2, -3]},
			"faces": {
				"north": {"uv": [9.25, 0.875, 10.5625, 1.125], "texture": "#0"},
				"east": {"uv": [12.125, 9.5, 12.75, 9.75], "texture": "#0"},
				"south": {"uv": [9.25, 8, 10.5625, 8.25], "texture": "#0"},
				"west": {"uv": [12.125, 9.75, 12.75, 10], "texture": "#0"},
				"up": {"uv": [3.6875, 7.25, 2.375, 6.625], "texture": "#0"},
				"down": {"uv": [8.0625, 6.375, 6.75, 7], "texture": "#0"}
			}
		},
		{
			"from": [-8.85, 18.5, 17.125],
			"to": [-6.85, 21.975, 18.225],
			"rotation": {"angle": 22.5, "axis": "z", "origin": [17, 2, -3]},
			"faces": {
				"north": {"uv": [7.25, 2.5, 7.5, 2.9375], "texture": "#0"},
				"east": {"uv": [2.125, 10, 2.25, 10.4375], "texture": "#0"},
				"south": {"uv": [13.75, 8.5, 14, 8.9375], "texture": "#0"},
				"west": {"uv": [7.5, 10.25, 7.625, 10.6875], "texture": "#0"},
				"up": {"uv": [5.25, 10.125, 5, 10], "texture": "#0"},
				"down": {"uv": [10.75, 8.25, 10.5, 8.375], "texture": "#0"}
			}
		},
		{
			"from": [-12.85, 18.5, 16.125],
			"to": [-10.85, 19.975, 19.225],
			"rotation": {"angle": 22.5, "axis": "z", "origin": [17, 2, -3]},
			"faces": {
				"north": {"uv": [14.375, 10.5, 14.625, 10.6875], "texture": "#0"},
				"east": {"uv": [1.625, 8.625, 2, 8.8125], "texture": "#0"},
				"south": {"uv": [14.375, 10.75, 14.625, 10.9375], "texture": "#0"},
				"west": {"uv": [14.125, 2.125, 14.5, 2.3125], "texture": "#0"},
				"up": {"uv": [4, 7, 3.75, 6.625], "texture": "#0"},
				"down": {"uv": [5, 9.75, 4.75, 10.125], "texture": "#0"}
			}
		},
		{
			"from": [-12.85, 18.5, -1.875],
			"to": [-10.85, 19.975, 1.225],
			"rotation": {"angle": 22.5, "axis": "z", "origin": [17, 2, -3]},
			"faces": {
				"north": {"uv": [14.375, 11.25, 14.625, 11.4375], "texture": "#0"},
				"east": {"uv": [14.125, 2.5, 14.5, 2.6875], "texture": "#0"},
				"south": {"uv": [14.375, 11.5, 14.625, 11.6875], "texture": "#0"},
				"west": {"uv": [14.125, 2.75, 14.5, 2.9375], "texture": "#0"},
				"up": {"uv": [14, 14, 13.75, 13.625], "texture": "#0"},
				"down": {"uv": [14.125, 2.5, 13.875, 2.875], "texture": "#0"}
			}
		},
		{
			"from": [-8.85, 18.5, -1.125],
			"to": [-6.85, 21.975, -0.025],
			"rotation": {"angle": 22.5, "axis": "z", "origin": [17, 2, -3]},
			"faces": {
				"north": {"uv": [13.75, 11, 14, 11.4375], "texture": "#0"},
				"east": {"uv": [2.125, 10.5, 2.25, 10.9375], "texture": "#0"},
				"south": {"uv": [12.75, 13.75, 13, 14.1875], "texture": "#0"},
				"west": {"uv": [7.5, 10.75, 7.625, 11.1875], "texture": "#0"},
				"up": {"uv": [11.125, 7.375, 10.875, 7.25], "texture": "#0"},
				"down": {"uv": [11.125, 9, 10.875, 9.125], "texture": "#0"}
			}
		},
		{
			"from": [-15.475, 10.15, -4.65],
			"to": [-12, 11.4, 21.725],
			"rotation": {"angle": 0, "axis": "z", "origin": [17, 2, -3]},
			"faces": {
				"north": {"uv": [14, 3.25, 14.4375, 3.4375], "texture": "#0"},
				"east": {"uv": [7.25, 1.375, 10.5625, 1.5625], "texture": "#0"},
				"south": {"uv": [14, 6.625, 14.4375, 6.8125], "texture": "#0"},
				"west": {"uv": [7.25, 1.625, 10.5625, 1.8125], "texture": "#0"},
				"up": {"uv": [0.4375, 8.3125, 0, 5], "texture": "#0"},
				"down": {"uv": [0.9375, 5, 0.5, 8.3125], "texture": "#0"}
			}
		},
		{
			"from": [-15.475, 0.05, 22.975],
			"to": [-12, 1.3, 25.25],
			"rotation": {"angle": -22.5, "axis": "x", "origin": [17, 2, -3]},
			"faces": {
				"north": {"uv": [14, 7.25, 14.4375, 7.4375], "texture": "#0"},
				"east": {"uv": [9.125, 14.375, 9.4375, 14.5625], "texture": "#0"},
				"south": {"uv": [7.5, 14, 7.9375, 14.1875], "texture": "#0"},
				"west": {"uv": [9.75, 14.375, 10.0625, 14.5625], "texture": "#0"},
				"up": {"uv": [7.1875, 12.6875, 6.75, 12.375], "texture": "#0"},
				"down": {"uv": [12.9375, 4.5, 12.5, 4.8125], "texture": "#0"}
			}
		},
		{
			"from": [-15.475, 8.925, -9.9],
			"to": [-12, 10.175, -7.625],
			"rotation": {"angle": 22.5, "axis": "x", "origin": [17, 2, -3]},
			"faces": {
				"north": {"uv": [14, 7.5, 14.4375, 7.6875], "texture": "#0"},
				"east": {"uv": [10.125, 14.375, 10.4375, 14.5625], "texture": "#0"},
				"south": {"uv": [14, 8.125, 14.4375, 8.3125], "texture": "#0"},
				"west": {"uv": [14.375, 10.25, 14.6875, 10.4375], "texture": "#0"},
				"up": {"uv": [12.9375, 5.6875, 12.5, 5.375], "texture": "#0"},
				"down": {"uv": [12.9375, 6.125, 12.5, 6.4375], "texture": "#0"}
			}
		},
		{
			"from": [-13.15, 16.775, 15.125],
			"to": [-5.15, 18.775, 19.975],
			"rotation": {"angle": 22.5, "axis": "z", "origin": [17, 2, -3]},
			"faces": {
				"north": {"uv": [4, 6, 5, 6.25], "texture": "#0"},
				"east": {"uv": [12.25, 0.125, 12.875, 0.375], "texture": "#0"},
				"south": {"uv": [9.375, 5.75, 10.375, 6], "texture": "#0"},
				"west": {"uv": [12.25, 0.375, 12.875, 0.625], "texture": "#0"},
				"up": {"uv": [2, 8.125, 1, 7.5], "texture": "#0"},
				"down": {"uv": [8.5, 2.5, 7.5, 3.125], "texture": "#0"}
			}
		},
		{
			"from": [-10.475, -3.85, -2.975],
			"to": [0, -1.85, 1.875],
			"rotation": {"angle": -22.5, "axis": "z", "origin": [17, 2, -21.1]},
			"faces": {
				"north": {"uv": [9.25, 8.5, 10.5625, 8.75], "texture": "#0"},
				"east": {"uv": [12.25, 0.625, 12.875, 0.875], "texture": "#0"},
				"south": {"uv": [9.25, 8.75, 10.5625, 9], "texture": "#0"},
				"west": {"uv": [12.25, 1.125, 12.875, 1.375], "texture": "#0"},
				"up": {"uv": [2.3125, 7.5, 1, 6.875], "texture": "#0"},
				"down": {"uv": [8.1875, 1.875, 6.875, 2.5], "texture": "#0"}
			}
		},
		{
			"from": [-13.15, 16.775, -2.975],
			"to": [-5.15, 18.775, 1.875],
			"rotation": {"angle": 22.5, "axis": "z", "origin": [17, 2, -21.1]},
			"faces": {
				"north": {"uv": [9.75, 6.625, 10.75, 6.875], "texture": "#0"},
				"east": {"uv": [12.25, 10.25, 12.875, 10.5], "texture": "#0"},
				"south": {"uv": [9.875, 5.125, 10.875, 5.375], "texture": "#0"},
				"west": {"uv": [12.25, 10.5, 12.875, 10.75], "texture": "#0"},
				"up": {"uv": [8.5, 3.75, 7.5, 3.125], "texture": "#0"},
				"down": {"uv": [8.5, 3.75, 7.5, 4.375], "texture": "#0"}
			}
		},
		{
			"from": [-2, 2, -3],
			"to": [9.625, 5.0625, 2],
			"rotation": {"angle": 0, "axis": "z", "origin": [17, 2, -3]},
			"faces": {
				"north": {"uv": [5.75, 7.625, 7.1875, 8], "texture": "#0"},
				"east": {"uv": [4.75, 10.125, 5.375, 10.5], "texture": "#0"},
				"south": {"uv": [7.25, 7.625, 8.6875, 8], "texture": "#0"},
				"west": {"uv": [5.375, 10.125, 6, 10.5], "texture": "#0"},
				"up": {"uv": [6.9375, 4.625, 5.5, 4], "texture": "#0"},
				"down": {"uv": [2.4375, 5.625, 1, 6.25], "texture": "#0"}
			}
		},
		{
			"from": [-0.3, -2, 15],
			"to": [15.5, 2, 20],
			"rotation": {"angle": 0, "axis": "y", "origin": [0, -2, 26]},
			"faces": {
				"north": {"uv": [5.5, 3, 7.5, 3.5], "texture": "#0"},
				"east": {"uv": [9.625, 7, 10.25, 7.5], "texture": "#0"},
				"south": {"uv": [5.5, 3.5, 7.5, 4], "texture": "#0"},
				"west": {"uv": [9.625, 9.25, 10.25, 9.75], "texture": "#0"},
				"up": {"uv": [7.25, 1.25, 5.25, 0.625], "texture": "#0"},
				"down": {"uv": [7.25, 1.25, 5.25, 1.875], "texture": "#0"}
			}
		},
		{
			"from": [-11.3, 1, 2.1],
			"to": [-7.5, 3, 15],
			"rotation": {"angle": 0, "axis": "y", "origin": [0, -2, 26]},
			"faces": {
				"north": {"uv": [13.75, 4.5, 14.25, 4.75], "texture": "#0"},
				"east": {"uv": [8, 7.375, 9.625, 7.625], "texture": "#0"},
				"south": {"uv": [13.75, 5.375, 14.25, 5.625], "texture": "#0"},
				"west": {"uv": [8.125, 6.625, 9.75, 6.875], "texture": "#0"},
				"up": {"uv": [4.25, 8.625, 3.75, 7], "texture": "#0"},
				"down": {"uv": [7.5, 4, 7, 5.625], "texture": "#0"}
			}
		},
		{
			"from": [-8.55, 3, 2.1],
			"to": [-4.75, 7.75, 15],
			"rotation": {"angle": 22.5, "axis": "z", "origin": [0, -2, 26]},
			"faces": {
				"north": {"uv": [3.75, 9.75, 4.25, 10.375], "texture": "#0"},
				"east": {"uv": [1, 5, 2.625, 5.625], "texture": "#0"},
				"south": {"uv": [4.25, 9.75, 4.75, 10.375], "texture": "#0"},
				"west": {"uv": [5.25, 1.875, 6.875, 2.5], "texture": "#0"},
				"up": {"uv": [4.75, 8.625, 4.25, 7], "texture": "#0"},
				"down": {"uv": [5.25, 7, 4.75, 8.625], "texture": "#0"}
			}
		},
		{
			"from": [-0.3, -1.9, 15.025],
			"to": [1.35, 2.5, 19.975],
			"rotation": {"angle": 22.5, "axis": "z", "origin": [0, -2, 26]},
			"faces": {
				"north": {"uv": [13, 13.75, 13.1875, 14.3125], "texture": "#0"},
				"east": {"uv": [3.75, 8.625, 4.375, 9.1875], "texture": "#0"},
				"south": {"uv": [13.75, 13, 13.9375, 13.5625], "texture": "#0"},
				"west": {"uv": [4.375, 8.625, 5, 9.1875], "texture": "#0"},
				"up": {"uv": [6.6875, 14.375, 6.5, 13.75], "texture": "#0"},
				"down": {"uv": [9.0625, 13.75, 8.875, 14.375], "texture": "#0"}
			}
		},
		{
			"from": [-0.3, -1.9, -2.975],
			"to": [1.35, 2.5, 1.975],
			"rotation": {"angle": 22.5, "axis": "z", "origin": [0, -2, 26]},
			"faces": {
				"north": {"uv": [13.25, 13.75, 13.4375, 14.3125], "texture": "#0"},
				"east": {"uv": [8.625, 8.5, 9.25, 9.0625], "texture": "#0"},
				"south": {"uv": [13.5, 13.75, 13.6875, 14.3125], "texture": "#0"},
				"west": {"uv": [1.625, 8.875, 2.25, 9.4375], "texture": "#0"},
				"up": {"uv": [9.3125, 14.375, 9.125, 13.75], "texture": "#0"},
				"down": {"uv": [9.5625, 13.75, 9.375, 14.375], "texture": "#0"}
			}
		},
		{
			"from": [-2, 2, 15],
			"to": [9.625, 5.0625, 20],
			"rotation": {"angle": 0, "axis": "z", "origin": [17, 2, 15]},
			"faces": {
				"north": {"uv": [7.875, 5.75, 9.3125, 6.125], "texture": "#0"},
				"east": {"uv": [10.125, 7.5, 10.75, 7.875], "texture": "#0"},
				"south": {"uv": [5.75, 8, 7.1875, 8.375], "texture": "#0"},
				"west": {"uv": [10.25, 7, 10.875, 7.375], "texture": "#0"},
				"up": {"uv": [6.4375, 6.375, 5, 5.75], "texture": "#0"},
				"down": {"uv": [3.9375, 6, 2.5, 6.625], "texture": "#0"}
			}
		},
		{
			"from": [9, -2, 15.1],
			"to": [17, 2, 19.975],
			"rotation": {"angle": -22.5, "axis": "z", "origin": [17, 2, 15]},
			"faces": {
				"north": {"uv": [8.25, 0.125, 9.25, 0.625], "texture": "#0"},
				"east": {"uv": [9, 9.75, 9.625, 10.25], "texture": "#0"},
				"south": {"uv": [8.25, 0.625, 9.25, 1.125], "texture": "#0"},
				"west": {"uv": [9.625, 9.75, 10.25, 10.25], "texture": "#0"},
				"up": {"uv": [8.5, 5, 7.5, 4.375], "texture": "#0"},
				"down": {"uv": [8.5, 5, 7.5, 5.625], "texture": "#0"}
			}
		},
		{
			"from": [30, -0.25, 2],
			"to": [32, 2.3125, 15],
			"rotation": {"angle": 0, "axis": "y", "origin": [0, 0, 8]},
			"faces": {
				"north": {"uv": [14, 8.5, 14.25, 8.8125], "texture": "#0"},
				"east": {"uv": [8, 7, 9.625, 7.3125], "texture": "#0"},
				"south": {"uv": [14, 11, 14.25, 11.3125], "texture": "#0"},
				"west": {"uv": [7.625, 8, 9.25, 8.3125], "texture": "#0"},
				"up": {"uv": [6.25, 10, 6, 8.375], "texture": "#0"},
				"down": {"uv": [6.5, 8.375, 6.25, 10], "texture": "#0"}
			}
		},
		{
			"from": [30, -0.25, -4],
			"to": [32, 2.3125, 2],
			"rotation": {"angle": 22.5, "axis": "y", "origin": [32, 0, 2]},
			"faces": {
				"north": {"uv": [14, 13, 14.25, 13.3125], "texture": "#0"},
				"east": {"uv": [9, 10.25, 9.75, 10.5625], "texture": "#0"},
				"south": {"uv": [14, 13.375, 14.25, 13.6875], "texture": "#0"},
				"west": {"uv": [10.25, 9.25, 11, 9.5625], "texture": "#0"},
				"up": {"uv": [12.125, 10, 11.875, 9.25], "texture": "#0"},
				"down": {"uv": [12.25, 0.125, 12, 0.875], "texture": "#0"}
			}
		},
		{
			"from": [24.25, -0.25, 16.125],
			"to": [26.25, 2.3125, 22.125],
			"rotation": {"angle": -22.5, "axis": "y", "origin": [32, 0, 30]},
			"faces": {
				"north": {"uv": [13.75, 14, 14, 14.3125], "texture": "#0"},
				"east": {"uv": [10.25, 9.625, 11, 9.9375], "texture": "#0"},
				"south": {"uv": [14, 13.75, 14.25, 14.0625], "texture": "#0"},
				"west": {"uv": [9.75, 10.25, 10.5, 10.5625], "texture": "#0"},
				"up": {"uv": [1.5, 12.75, 1.25, 12], "texture": "#0"},
				"down": {"uv": [3.125, 12, 2.875, 12.75], "texture": "#0"}
			}
		},
		{
			"from": [3, 1, 3],
			"to": [14, 3, 14],
			"rotation": {"angle": 0, "axis": "y", "origin": [0, 0, 8]},
			"faces": {
				"north": {"uv": [8.5, 5.125, 9.875, 5.375], "texture": "#0"},
				"east": {"uv": [8.5, 5.375, 9.875, 5.625], "texture": "#0"},
				"south": {"uv": [8.75, 7.625, 10.125, 7.875], "texture": "#0"},
				"west": {"uv": [9, 1.875, 10.375, 2.125], "texture": "#0"},
				"up": {"uv": [4.125, 4.625, 2.75, 3.25], "texture": "#0"},
				"down": {"uv": [5.5, 3.25, 4.125, 4.625], "texture": "#0"}
			}
		},
		{
			"from": [14, 1, 5],
			"to": [15, 3, 12],
			"rotation": {"angle": 0, "axis": "y", "origin": [0, 0, 8]},
			"faces": {
				"north": {"uv": [2.125, 11.375, 2.25, 11.625], "texture": "#0"},
				"east": {"uv": [11.75, 11.5, 12.625, 11.75], "texture": "#0"},
				"south": {"uv": [10.375, 12.375, 10.5, 12.625], "texture": "#0"},
				"west": {"uv": [11.75, 11.75, 12.625, 12], "texture": "#0"},
				"up": {"uv": [2.75, 5.875, 2.625, 5], "texture": "#0"},
				"down": {"uv": [7.625, 9.375, 7.5, 10.25], "texture": "#0"}
			}
		},
		{
			"from": [1, 3, 3],
			"to": [3, 17, 14],
			"rotation": {"angle": 22.5, "axis": "z", "origin": [3, 3, 8]},
			"faces": {
				"north": {"uv": [0.75, 8.375, 1, 10.125], "texture": "#0"},
				"east": {"uv": [0, 3.25, 1.375, 5], "texture": "#0"},
				"south": {"uv": [5.75, 8.375, 6, 10.125], "texture": "#0"},
				"west": {"uv": [1.375, 3.25, 2.75, 5], "texture": "#0"},
				"up": {"uv": [5.25, 10, 5, 8.625], "texture": "#0"},
				"down": {"uv": [0.25, 9, 0, 10.375], "texture": "#0"}
			}
		},
		{
			"from": [1, 17, 5],
			"to": [3, 18, 12],
			"rotation": {"angle": 22.5, "axis": "z", "origin": [3, 3, 8]},
			"faces": {
				"north": {"uv": [11.125, 7.25, 11.375, 7.375], "texture": "#0"},
				"east": {"uv": [4, 6.25, 4.875, 6.375], "texture": "#0"},
				"south": {"uv": [11.125, 9, 11.375, 9.125], "texture": "#0"},
				"west": {"uv": [9.25, 8.25, 10.125, 8.375], "texture": "#0"},
				"up": {"uv": [1, 12.75, 0.75, 11.875], "texture": "#0"},
				"down": {"uv": [3.5, 11.875, 3.25, 12.75], "texture": "#0"}
			}
		},
		{
			"from": [17, 7.25, 5.5],
			"to": [18, 10.25, 7.5],
			"rotation": {"angle": -22.5, "axis": "z", "origin": [3, 3, 8.25]},
			"faces": {
				"north": {"uv": [2.5, 5.625, 2.625, 6], "texture": "#0"},
				"east": {"uv": [13.875, 2.875, 14.125, 3.25], "texture": "#0"},
				"south": {"uv": [2.375, 6.25, 2.5, 6.625], "texture": "#0"},
				"west": {"uv": [13.875, 10.25, 14.125, 10.625], "texture": "#0"},
				"up": {"uv": [0.75, 12.75, 0.625, 12.5], "texture": "#0"},
				"down": {"uv": [3.625, 14.5, 3.5, 14.75], "texture": "#0"}
			}
		},
		{
			"from": [17, 7.25, 9.75],
			"to": [18, 10.25, 11.75],
			"rotation": {"angle": -22.5, "axis": "z", "origin": [3, 3, 8.25]},
			"faces": {
				"north": {"uv": [2.125, 11, 2.25, 11.375], "texture": "#0"},
				"east": {"uv": [13.875, 10.625, 14.125, 11], "texture": "#0"},
				"south": {"uv": [4.375, 11.25, 4.5, 11.625], "texture": "#0"},
				"west": {"uv": [11.5, 13.875, 11.75, 14.25], "texture": "#0"},
				"up": {"uv": [8.625, 14.875, 8.5, 14.625], "texture": "#0"},
				"down": {"uv": [8.75, 14.625, 8.625, 14.875], "texture": "#0"}
			}
		},
		{
			"from": [17, -5.75, 10.25],
			"to": [18, -3, 11.25],
			"rotation": {"angle": 22.5, "axis": "z", "origin": [3, 3, 8.25]},
			"faces": {
				"north": {"uv": [7.5, 11.25, 7.625, 11.625], "texture": "#0"},
				"east": {"uv": [9.5, 14.375, 9.625, 14.75], "texture": "#0"},
				"south": {"uv": [12.25, 14.375, 12.375, 14.75], "texture": "#0"},
				"west": {"uv": [12.375, 14.375, 12.5, 14.75], "texture": "#0"},
				"up": {"uv": [2.75, 6, 2.625, 5.875], "texture": "#0"},
				"down": {"uv": [5, 6.25, 4.875, 6.375], "texture": "#0"}
			}
		},
		{
			"from": [17, -5.75, 6],
			"to": [18, -3, 7],
			"rotation": {"angle": 22.5, "axis": "z", "origin": [3, 3, 8.25]},
			"faces": {
				"north": {"uv": [13, 14.375, 13.125, 14.75], "texture": "#0"},
				"east": {"uv": [13.125, 14.375, 13.25, 14.75], "texture": "#0"},
				"south": {"uv": [13.25, 14.375, 13.375, 14.75], "texture": "#0"},
				"west": {"uv": [13.375, 14.375, 13.5, 14.75], "texture": "#0"},
				"up": {"uv": [10.125, 7.625, 10, 7.5], "texture": "#0"},
				"down": {"uv": [9, 10.5, 8.875, 10.625], "texture": "#0"}
			}
		},
		{
			"from": [-2.75, -0.975, 4],
			"to": [-0.75, 10.025, 7],
			"rotation": {"angle": 22.5, "axis": "x", "origin": [3, 3, 8]},
			"faces": {
				"north": {"uv": [0.25, 9, 0.5, 10.375], "texture": "#0"},
				"east": {"uv": [2.875, 7.25, 3.25, 8.625], "texture": "#0"},
				"south": {"uv": [0.5, 9, 0.75, 10.375], "texture": "#0"},
				"west": {"uv": [3.25, 7.25, 3.625, 8.625], "texture": "#0"},
				"up": {"uv": [0.5, 14.375, 0.25, 14], "texture": "#0"},
				"down": {"uv": [0.75, 14, 0.5, 14.375], "texture": "#0"}
			}
		},
		{
			"from": [-2.75, -1.4, 10],
			"to": [-0.75, 9.6, 13],
			"rotation": {"angle": -22.5, "axis": "x", "origin": [3, 3, 8]},
			"faces": {
				"north": {"uv": [8, 9.125, 8.25, 10.5], "texture": "#0"},
				"east": {"uv": [2, 7.5, 2.375, 8.875], "texture": "#0"},
				"south": {"uv": [8.25, 9.125, 8.5, 10.5], "texture": "#0"},
				"west": {"uv": [7.25, 8, 7.625, 9.375], "texture": "#0"},
				"up": {"uv": [1, 14.375, 0.75, 14], "texture": "#0"},
				"down": {"uv": [2.375, 14, 2.125, 14.375], "texture": "#0"}
			}
		},
		{
			"from": [26, -9, 3],
			"to": [28, -4, 14],
			"rotation": {"angle": 22.5, "axis": "z", "origin": [3, 3, 8]},
			"faces": {
				"north": {"uv": [12.25, 12, 12.5, 12.625], "texture": "#0"},
				"east": {"uv": [1, 6.25, 2.375, 6.875], "texture": "#0"},
				"south": {"uv": [1.625, 12.375, 1.875, 13], "texture": "#0"},
				"west": {"uv": [4, 6.375, 5.375, 7], "texture": "#0"},
				"up": {"uv": [8.75, 10.5, 8.5, 9.125], "texture": "#0"},
				"down": {"uv": [9, 9.125, 8.75, 10.5], "texture": "#0"}
			}
		},
		{
			"from": [21.4375, -13, 6],
			"to": [23.4375, -8, 11],
			"rotation": {"angle": 45, "axis": "z", "origin": [3, 3, 8]},
			"faces": {
				"north": {"uv": [1.875, 12.375, 2.125, 13], "texture": "#0"},
				"east": {"uv": [8.5, 4.5, 9.125, 5.125], "texture": "#0"},
				"south": {"uv": [2.375, 12.375, 2.625, 13], "texture": "#0"},
				"west": {"uv": [8, 8.5, 8.625, 9.125], "texture": "#0"},
				"up": {"uv": [2.875, 13, 2.625, 12.375], "texture": "#0"},
				"down": {"uv": [6.75, 12.375, 6.5, 13], "texture": "#0"}
			}
		},
		{
			"from": [20.28984, 7.6814, 6],
			"to": [25.28984, 9.6814, 11],
			"rotation": {"angle": -22.5, "axis": "z", "origin": [25.25, 9.75, 8]},
			"faces": {
				"north": {"uv": [12.25, 10.75, 12.875, 11], "texture": "#0"},
				"east": {"uv": [12.375, 0.875, 13, 1.125], "texture": "#0"},
				"south": {"uv": [12.375, 1.375, 13, 1.625], "texture": "#0"},
				"west": {"uv": [12.375, 1.625, 13, 1.875], "texture": "#0"},
				"up": {"uv": [1.625, 9.25, 1, 8.625], "texture": "#0"},
				"down": {"uv": [3.5, 8.625, 2.875, 9.25], "texture": "#0"}
			}
		},
		{
			"from": [20.35234, 5.6814, 6],
			"to": [26.28984, 8.1814, 11],
			"rotation": {"angle": 0, "axis": "y", "origin": [25.25, 9.75, 8]},
			"faces": {
				"north": {"uv": [0, 10.375, 0.75, 10.6875], "texture": "#0"},
				"east": {"uv": [11.875, 4.5, 12.5, 4.8125], "texture": "#0"},
				"south": {"uv": [3.625, 10.375, 4.375, 10.6875], "texture": "#0"},
				"west": {"uv": [11.875, 6.125, 12.5, 6.4375], "texture": "#0"},
				"up": {"uv": [9, 2.5, 8.25, 1.875], "texture": "#0"},
				"down": {"uv": [0.75, 8.375, 0, 9], "texture": "#0"}
			}
		},
		{
			"from": [20.35234, 8.1814, 6],
			"to": [24.28984, 9.9314, 11],
			"rotation": {"angle": 0, "axis": "y", "origin": [25.25, 9.75, 8]},
			"faces": {
				"north": {"uv": [13.75, 6.125, 14.25, 6.375], "texture": "#0"},
				"east": {"uv": [12.375, 7.875, 13, 8.125], "texture": "#0"},
				"south": {"uv": [13.75, 7.875, 14.25, 8.125], "texture": "#0"},
				"west": {"uv": [12.375, 8.5, 13, 8.75], "texture": "#0"},
				"up": {"uv": [2.125, 10.625, 1.625, 10], "texture": "#0"},
				"down": {"uv": [2.875, 10, 2.375, 10.625], "texture": "#0"}
			}
		},
		{
			"from": [19.75, 1.125, 3],
			"to": [28.75, 6.125, 14],
			"rotation": {"angle": 0, "axis": "y", "origin": [3, 3, 8]},
			"faces": {
				"north": {"uv": [5.75, 7, 6.875, 7.625], "texture": "#0"},
				"east": {"uv": [5.375, 6.375, 6.75, 7], "texture": "#0"},
				"south": {"uv": [6.875, 7, 8, 7.625], "texture": "#0"},
				"west": {"uv": [6.5, 5.75, 7.875, 6.375], "texture": "#0"},
				"up": {"uv": [3.875, 6, 2.75, 4.625], "texture": "#0"},
				"down": {"uv": [5, 4.625, 3.875, 6], "texture": "#0"}
			}
		},
		{
			"from": [-13, -1.875, 5.5],
			"to": [-8.5, 0.125, 7.5],
			"rotation": {"angle": 0, "axis": "z", "origin": [3, 3, 8]},
			"faces": {
				"north": {"uv": [12.375, 8.75, 12.9375, 9], "texture": "#0"},
				"east": {"uv": [8.5, 14.375, 8.75, 14.625], "texture": "#0"},
				"south": {"uv": [9.75, 12.375, 10.3125, 12.625], "texture": "#0"},
				"west": {"uv": [14.375, 8.75, 14.625, 9], "texture": "#0"},
				"up": {"uv": [12.9375, 11.25, 12.375, 11], "texture": "#0"},
				"down": {"uv": [12.9375, 11.25, 12.375, 11.5], "texture": "#0"}
			}
		},
		{
			"from": [-13, -1.875, 9.75],
			"to": [-8.5, 0.125, 11.75],
			"rotation": {"angle": 0, "axis": "z", "origin": [3, 3, 8]},
			"faces": {
				"north": {"uv": [0, 12.5, 0.5625, 12.75], "texture": "#0"},
				"east": {"uv": [8.875, 14.375, 9.125, 14.625], "texture": "#0"},
				"south": {"uv": [12.5, 2.5, 13.0625, 2.75], "texture": "#0"},
				"west": {"uv": [14.375, 9, 14.625, 9.25], "texture": "#0"},
				"up": {"uv": [13.0625, 3, 12.5, 2.75], "texture": "#0"},
				"down": {"uv": [13.0625, 3, 12.5, 3.25], "texture": "#0"}
			}
		},
		{
			"name": "hexadecagon",
			"from": [18.76272, 9.89082, 4.61633],
			"to": [19.78654, 11.42918, 5.26986],
			"rotation": {"angle": -45, "axis": "x", "origin": [80.63331, 10.66, 8.48324]},
			"faces": {
				"north": {"uv": [14.625, 8.75, 14.75, 8.9375], "texture": "#0"},
				"east": {"uv": [14.75, 2.5, 14.8125, 2.6875], "texture": "#0"},
				"south": {"uv": [8.875, 14.625, 9, 14.8125], "texture": "#0"},
				"west": {"uv": [2.625, 14.75, 2.6875, 14.9375], "texture": "#0"},
				"up": {"uv": [14.875, 8.3125, 14.75, 8.25], "texture": "#0"},
				"down": {"uv": [14.875, 8.375, 14.75, 8.4375], "texture": "#0"}
			}
		},
		{
			"name": "hexadecagon",
			"from": [18.76272, 9.89082, 4.61633],
			"to": [19.78654, 11.42918, 5.26986],
			"rotation": {"angle": -22.5, "axis": "x", "origin": [80.63331, 10.66, 8.48324]},
			"faces": {
				"north": {"uv": [9, 14.625, 9.125, 14.8125], "texture": "#0"},
				"east": {"uv": [2.75, 14.75, 2.8125, 14.9375], "texture": "#0"},
				"south": {"uv": [14.625, 9, 14.75, 9.1875], "texture": "#0"},
				"west": {"uv": [14.75, 2.75, 14.8125, 2.9375], "texture": "#0"},
				"up": {"uv": [14.875, 8.5625, 14.75, 8.5], "texture": "#0"},
				"down": {"uv": [14.875, 8.625, 14.75, 8.6875], "texture": "#0"}
			}
		},
		{
			"name": "hexadecagon",
			"from": [18.76272, 9.89082, 4.61633],
			"to": [19.78654, 11.42918, 5.23936],
			"rotation": {"angle": 0, "axis": "y", "origin": [80.63331, 10.66, 8.48324]},
			"faces": {
				"north": {"uv": [9.125, 14.625, 9.25, 14.8125], "texture": "#0"},
				"east": {"uv": [2.875, 14.75, 2.9375, 14.9375], "texture": "#0"},
				"south": {"uv": [9.25, 14.625, 9.375, 14.8125], "texture": "#0"},
				"west": {"uv": [3, 14.75, 3.0625, 14.9375], "texture": "#0"},
				"up": {"uv": [14.875, 8.8125, 14.75, 8.75], "texture": "#0"},
				"down": {"uv": [14.875, 8.875, 14.75, 8.9375], "texture": "#0"}
			}
		},
		{
			"name": "hexadecagon",
			"from": [18.76272, 10.19582, 5.22633],
			"to": [19.78654, 11.12418, 8.47236],
			"rotation": {"angle": 0, "axis": "y", "origin": [80.63331, 10.66, 8.48324]},
			"faces": {
				"north": {"uv": [10.625, 7.375, 10.75, 7.5], "texture": "#0"},
				"east": {"uv": [9.625, 7.5, 9.9375, 7.625], "texture": "#0"},
				"south": {"uv": [11.5, 8.125, 11.625, 8.25], "texture": "#0"},
				"west": {"uv": [10.125, 8.25, 10.4375, 8.375], "texture": "#0"},
				"up": {"uv": [13.625, 14.6875, 13.5, 14.375], "texture": "#0"},
				"down": {"uv": [13.75, 14.375, 13.625, 14.6875], "texture": "#0"}
			}
		},
		{
			"name": "hexadecagon",
			"from": [18.76272, 9.89082, 4.61633],
			"to": [19.78654, 11.42918, 5.26986],
			"rotation": {"angle": 22.5, "axis": "x", "origin": [80.63331, 10.66, 8.48324]},
			"faces": {
				"north": {"uv": [9.375, 14.625, 9.5, 14.8125], "texture": "#0"},
				"east": {"uv": [3.125, 14.75, 3.1875, 14.9375], "texture": "#0"},
				"south": {"uv": [9.75, 14.625, 9.875, 14.8125], "texture": "#0"},
				"west": {"uv": [3.25, 14.75, 3.3125, 14.9375], "texture": "#0"},
				"up": {"uv": [14.875, 9.0625, 14.75, 9], "texture": "#0"},
				"down": {"uv": [14.875, 9.125, 14.75, 9.1875], "texture": "#0"}
			}
		},
		{
			"name": "hexadecagon",
			"from": [18.76272, 9.89082, 4.61633],
			"to": [19.78654, 11.42918, 5.26986],
			"rotation": {"angle": 45, "axis": "x", "origin": [80.63331, 10.66, 8.48324]},
			"faces": {
				"north": {"uv": [9.875, 14.625, 10, 14.8125], "texture": "#0"},
				"east": {"uv": [14.75, 3.25, 14.8125, 3.4375], "texture": "#0"},
				"south": {"uv": [10, 14.625, 10.125, 14.8125], "texture": "#0"},
				"west": {"uv": [3.375, 14.75, 3.4375, 14.9375], "texture": "#0"},
				"up": {"uv": [9.625, 14.8125, 9.5, 14.75], "texture": "#0"},
				"down": {"uv": [14.875, 9.5, 14.75, 9.5625], "texture": "#0"}
			}
		},
		{
			"name": "hexadecagon",
			"from": [18.76272, 9.89082, 11.69662],
			"to": [19.78654, 11.42918, 12.35015],
			"rotation": {"angle": -45, "axis": "x", "origin": [80.63331, 10.66, 8.48324]},
			"faces": {
				"north": {"uv": [10.125, 14.625, 10.25, 14.8125], "texture": "#0"},
				"east": {"uv": [3.5, 14.75, 3.5625, 14.9375], "texture": "#0"},
				"south": {"uv": [10.25, 14.625, 10.375, 14.8125], "texture": "#0"},
				"west": {"uv": [14.75, 4.25, 14.8125, 4.4375], "texture": "#0"},
				"up": {"uv": [9.75, 14.8125, 9.625, 14.75], "texture": "#0"},
				"down": {"uv": [14.875, 9.625, 14.75, 9.6875], "texture": "#0"}
			}
		},
		{
			"name": "hexadecagon",
			"from": [18.76272, 9.89082, 11.69662],
			"to": [19.78654, 11.42918, 12.35015],
			"rotation": {"angle": -22.5, "axis": "x", "origin": [80.63331, 10.66, 8.48324]},
			"faces": {
				"north": {"uv": [10.375, 14.625, 10.5, 14.8125], "texture": "#0"},
				"east": {"uv": [14.75, 4.5, 14.8125, 4.6875], "texture": "#0"},
				"south": {"uv": [14.625, 10.5, 14.75, 10.6875], "texture": "#0"},
				"west": {"uv": [14.75, 5.25, 14.8125, 5.4375], "texture": "#0"},
				"up": {"uv": [14.875, 9.8125, 14.75, 9.75], "texture": "#0"},
				"down": {"uv": [14.875, 9.875, 14.75, 9.9375], "texture": "#0"}
			}
		},
		{
			"name": "hexadecagon",
			"from": [18.76272, 9.89082, 11.69662],
			"to": [19.78654, 11.42918, 12.35015],
			"rotation": {"angle": 0, "axis": "y", "origin": [80.63331, 10.66, 8.48324]},
			"faces": {
				"north": {"uv": [14.625, 10.75, 14.75, 10.9375], "texture": "#0"},
				"east": {"uv": [14.75, 5.5, 14.8125, 5.6875], "texture": "#0"},
				"south": {"uv": [14.625, 11.25, 14.75, 11.4375], "texture": "#0"},
				"west": {"uv": [14.75, 6, 14.8125, 6.1875], "texture": "#0"},
				"up": {"uv": [14.875, 10.0625, 14.75, 10], "texture": "#0"},
				"down": {"uv": [14.875, 10.125, 14.75, 10.1875], "texture": "#0"}
			}
		},
		{
			"name": "hexadecagon",
			"from": [18.76272, 10.19582, 8.46362],
			"to": [19.78654, 11.12418, 11.74015],
			"rotation": {"angle": 0, "axis": "y", "origin": [80.63331, 10.66, 8.48324]},
			"faces": {
				"north": {"uv": [11.625, 9, 11.75, 9.125], "texture": "#0"},
				"east": {"uv": [10.25, 7.375, 10.5625, 7.5], "texture": "#0"},
				"south": {"uv": [12.25, 5.625, 12.375, 5.75], "texture": "#0"},
				"west": {"uv": [4.375, 10.375, 4.6875, 10.5], "texture": "#0"},
				"up": {"uv": [13.875, 14.6875, 13.75, 14.375], "texture": "#0"},
				"down": {"uv": [14, 14.375, 13.875, 14.6875], "texture": "#0"}
			}
		},
		{
			"name": "hexadecagon",
			"from": [18.76272, 9.89082, 11.69662],
			"to": [19.78654, 11.42918, 12.35015],
			"rotation": {"angle": 22.5, "axis": "x", "origin": [80.63331, 10.66, 8.48324]},
			"faces": {
				"north": {"uv": [14.625, 11.5, 14.75, 11.6875], "texture": "#0"},
				"east": {"uv": [14.75, 6.25, 14.8125, 6.4375], "texture": "#0"},
				"south": {"uv": [0, 14.75, 0.125, 14.9375], "texture": "#0"},
				"west": {"uv": [14.75, 6.5, 14.8125, 6.6875], "texture": "#0"},
				"up": {"uv": [14.875, 10.3125, 14.75, 10.25], "texture": "#0"},
				"down": {"uv": [14.875, 10.375, 14.75, 10.4375], "texture": "#0"}
			}
		},
		{
			"name": "hexadecagon",
			"from": [18.76272, 9.89082, 11.69662],
			"to": [19.78654, 11.42918, 12.35015],
			"rotation": {"angle": 45, "axis": "x", "origin": [80.63331, 10.66, 8.48324]},
			"faces": {
				"north": {"uv": [0.125, 14.75, 0.25, 14.9375], "texture": "#0"},
				"east": {"uv": [6.75, 14.75, 6.8125, 14.9375], "texture": "#0"},
				"south": {"uv": [14.75, 0.75, 14.875, 0.9375], "texture": "#0"},
				"west": {"uv": [6.875, 14.75, 6.9375, 14.9375], "texture": "#0"},
				"up": {"uv": [14.875, 10.5625, 14.75, 10.5], "texture": "#0"},
				"down": {"uv": [14.875, 10.625, 14.75, 10.6875], "texture": "#0"}
			}
		},
		{
			"name": "hexadecagon",
			"from": [18.76272, 6.79309, 7.71406],
			"to": [19.78654, 7.44662, 9.25242],
			"rotation": {"angle": -22.5, "axis": "x", "origin": [80.63331, 10.66, 8.48324]},
			"faces": {
				"north": {"uv": [14.75, 10.75, 14.875, 10.8125], "texture": "#0"},
				"east": {"uv": [12.625, 0, 12.8125, 0.0625], "texture": "#0"},
				"south": {"uv": [14.75, 10.875, 14.875, 10.9375], "texture": "#0"},
				"west": {"uv": [13, 1, 13.1875, 1.0625], "texture": "#0"},
				"up": {"uv": [1.375, 14.9375, 1.25, 14.75], "texture": "#0"},
				"down": {"uv": [14.875, 1.25, 14.75, 1.4375], "texture": "#0"}
			}
		},
		{
			"name": "hexadecagon",
			"from": [18.76272, 6.79309, 7.71406],
			"to": [19.78654, 7.44662, 9.25242],
			"rotation": {"angle": 0, "axis": "y", "origin": [80.63331, 10.66, 8.48324]},
			"faces": {
				"north": {"uv": [14.75, 11, 14.875, 11.0625], "texture": "#0"},
				"east": {"uv": [13, 4.75, 13.1875, 4.8125], "texture": "#0"},
				"south": {"uv": [14.75, 11.125, 14.875, 11.1875], "texture": "#0"},
				"west": {"uv": [13, 5.625, 13.1875, 5.6875], "texture": "#0"},
				"up": {"uv": [1.5, 14.9375, 1.375, 14.75], "texture": "#0"},
				"down": {"uv": [1.625, 14.75, 1.5, 14.9375], "texture": "#0"}
			}
		},
		{
			"name": "hexadecagon",
			"from": [18.76272, 7.40309, 8.01906],
			"to": [19.78654, 10.22212, 8.94742],
			"rotation": {"angle": 0, "axis": "y", "origin": [80.63331, 10.66, 8.48324]},
			"faces": {
				"north": {"uv": [14, 14.375, 14.125, 14.6875], "texture": "#0"},
				"east": {"uv": [14.125, 14.375, 14.25, 14.6875], "texture": "#0"},
				"south": {"uv": [14.25, 14.375, 14.375, 14.6875], "texture": "#0"},
				"west": {"uv": [14.375, 14.375, 14.5, 14.6875], "texture": "#0"},
				"up": {"uv": [12.5, 5.75, 12.375, 5.625], "texture": "#0"},
				"down": {"uv": [12.625, 0, 12.5, 0.125], "texture": "#0"}
			}
		},
		{
			"name": "hexadecagon",
			"from": [18.76272, 6.79309, 7.71406],
			"to": [19.78654, 7.44662, 9.25242],
			"rotation": {"angle": 22.5, "axis": "x", "origin": [80.63331, 10.66, 8.48324]},
			"faces": {
				"north": {"uv": [14.75, 11.25, 14.875, 11.3125], "texture": "#0"},
				"east": {"uv": [13, 6.375, 13.1875, 6.4375], "texture": "#0"},
				"south": {"uv": [14.75, 11.375, 14.875, 11.4375], "texture": "#0"},
				"west": {"uv": [13.25, 1, 13.4375, 1.0625], "texture": "#0"},
				"up": {"uv": [14.875, 1.6875, 14.75, 1.5], "texture": "#0"},
				"down": {"uv": [1.75, 14.75, 1.625, 14.9375], "texture": "#0"}
			}
		},
		{
			"name": "hexadecagon",
			"from": [18.76272, 13.87338, 7.71406],
			"to": [19.78654, 14.52691, 9.25242],
			"rotation": {"angle": -22.5, "axis": "x", "origin": [80.63331, 10.66, 8.48324]},
			"faces": {
				"north": {"uv": [11.5, 14.75, 11.625, 14.8125], "texture": "#0"},
				"east": {"uv": [13.25, 4.75, 13.4375, 4.8125], "texture": "#0"},
				"south": {"uv": [14.75, 11.5, 14.875, 11.5625], "texture": "#0"},
				"west": {"uv": [13.25, 5.625, 13.4375, 5.6875], "texture": "#0"},
				"up": {"uv": [1.875, 14.9375, 1.75, 14.75], "texture": "#0"},
				"down": {"uv": [2, 14.75, 1.875, 14.9375], "texture": "#0"}
			}
		},
		{
			"name": "hexadecagon",
			"from": [18.76272, 13.87338, 7.71406],
			"to": [19.78654, 14.52691, 9.25242],
			"rotation": {"angle": 0, "axis": "y", "origin": [80.63331, 10.66, 8.48324]},
			"faces": {
				"north": {"uv": [11.625, 14.75, 11.75, 14.8125], "texture": "#0"},
				"east": {"uv": [13.25, 6.375, 13.4375, 6.4375], "texture": "#0"},
				"south": {"uv": [14.75, 11.625, 14.875, 11.6875], "texture": "#0"},
				"west": {"uv": [13.5, 4.75, 13.6875, 4.8125], "texture": "#0"},
				"up": {"uv": [2.125, 14.9375, 2, 14.75], "texture": "#0"},
				"down": {"uv": [14.875, 2.125, 14.75, 2.3125], "texture": "#0"}
			}
		},
		{
			"name": "hexadecagon",
			"from": [18.76272, 13.87338, 7.71406],
			"to": [19.78654, 14.52691, 9.25242],
			"rotation": {"angle": 22.5, "axis": "x", "origin": [80.63331, 10.66, 8.48324]},
			"faces": {
				"north": {"uv": [11.75, 14.75, 11.875, 14.8125], "texture": "#0"},
				"east": {"uv": [13.5, 5.625, 13.6875, 5.6875], "texture": "#0"},
				"south": {"uv": [14.75, 11.75, 14.875, 11.8125], "texture": "#0"},
				"west": {"uv": [13.5, 6.375, 13.6875, 6.4375], "texture": "#0"},
				"up": {"uv": [2.5, 14.9375, 2.375, 14.75], "texture": "#0"},
				"down": {"uv": [2.625, 14.75, 2.5, 14.9375], "texture": "#0"}
			}
		}
	],
	"display": {
		"thirdperson_righthand": {
			"rotation": [0, 114, 0],
			"translation": [0.75, 1.5, 0],
			"scale": [0.16, 0.16, 0.16]
		},
		"thirdperson_lefthand": {
			"rotation": [0, 114, 0],
			"translation": [0.75, 1.5, 0],
			"scale": [0.16, 0.16, 0.16]
		},
		"firstperson_righthand": {
			"scale": [0.2, 0.2, 0.2]
		},
		"firstperson_lefthand": {
			"scale": [0.2, 0.2, 0.2]
		},
		"ground": {
			"rotation": [91, -90, 0],
			"translation": [0.25, 8.75, 10],
			"scale": [1.04, 1.04, 1.04]
		},
		"gui": {
			"rotation": [23, -70, 0],
			"translation": [0.85, 1, 0],
			"scale": [0.38, 0.38, 0.38]
		},
		"fixed": {
			"rotation": [-90, 0, 0],
			"translation": [0, 0, -23.25],
			"scale": [2.05, 2.05, 2.05]
		}
	},
	"groups": [
		0,
		{
			"name": "WHEELFRONT1",
			"origin": [8, 8, 8],
			"color": 0,
			"nbt": "{}",
			"children": [1, 2, 3, 4, 5, 6, 7, 8, 9, 10, 11, 12, 13, 14, 15, 16, 17]
		},
		{
			"name": "WHEELBACK1",
			"origin": [8, 8, 8],
			"color": 0,
			"nbt": "{}",
			"children": [18, 19, 20, 21, 22, 23, 24, 25, 26, 27, 28, 29, 30, 31, 32, 33, 34]
		},
		{
			"name": "AXISBACK",
			"origin": [8, 8, 8],
			"color": 0,
			"nbt": "{}",
			"children": [35]
		},
		{
			"name": "AXISFRONT",
			"origin": [8, 8, 8],
			"color": 0,
			"nbt": "{}",
			"children": [36]
		},
		{
			"name": "WHEELBACK2",
			"origin": [8, 8, 8],
			"color": 0,
			"nbt": "{}",
			"children": [37, 38, 39, 40, 41, 42, 43, 44, 45, 46, 47, 48, 49, 50, 51, 52, 53]
		},
		{
			"name": "WHEELFRONT2",
			"origin": [8, 8, 8],
			"color": 0,
			"nbt": "{}",
			"children": [54, 55, 56, 57, 58, 59, 60, 61, 62, 63, 64, 65, 66, 67, 68, 69, 70]
		},
		{
			"name": "SIDE + BACK",
			"origin": [17, 2, 15],
			"color": 0,
			"nbt": "{}",
			"children": [71, 72, 73, 74, 75, 76, 77, 78, 79, 80, 81, 82, 83, 84, 85, 86, 87, 88, 89, 90, 91]
		},
		{
			"name": "STOßSTANGE",
			"origin": [32, 0, 30],
			"color": 0,
			"nbt": "{}",
			"children": [92, 93, 94]
		},
		{
			"name": "SEAT + PEDAL",
			"origin": [3, 3, 8],
			"color": 0,
			"nbt": "{}",
			"children": [95, 96, 97, 98, 99, 100, 101, 102, 103, 104]
		},
		{
			"name": "FRONT PANEL",
			"origin": [8, 8, 8],
			"color": 0,
			"nbt": "{}",
			"children": [105, 106, 107, 108, 109, 110]
		},
		{
			"name": "POOF",
			"origin": [3, 3, 8],
			"color": 0,
			"nbt": "{}",
			"children": [111, 112]
		},
		{
			"name": "LENKRAD",
			"origin": [8, 8, 8],
			"color": 0,
			"nbt": "{}",
			"children": [113, 114, 115, 116, 117, 118, 119, 120, 121, 122, 123, 124, 125, 126, 127, 128, 129, 130, 131]
		}
	]
}