{
	"credit": "Made with Blockbench",
	"texture_size": [128, 128],
	"textures": {
		"0": "item/cart02",
		"particle": "item/cart02"
	},
	"elements": [
		{
			"from": [-4, 4, -16],
			"to": [5, 12, -14],
			"faces": {
				"north": {"uv": [5.375, 3.375, 6.5, 4.375], "texture": "#0"},
				"east": {"uv": [1.5, 9.625, 1.75, 10.625], "texture": "#0"},
				"south": {"uv": [5.625, 2.25, 6.75, 3.25], "texture": "#0"},
				"west": {"uv": [9, 10, 9.25, 11], "texture": "#0"},
				"up": {"uv": [4.375, 9.75, 3.25, 9.5], "texture": "#0"},
				"down": {"uv": [5.5, 9.5, 4.375, 9.75], "texture": "#0"}
			}
		},
		{
			"from": [-8, 9.1875, -15.625],
			"to": [9, 11.0625, -13.5],
			"faces": {
				"north": {"uv": [7.5, 0.25, 9.625, 0.5], "texture": "#0"},
				"east": {"uv": [11.125, 6.5, 11.40625, 6.75], "texture": "#0"},
				"south": {"uv": [7.5, 0.5, 9.625, 0.75], "texture": "#0"},
				"west": {"uv": [11.125, 7.25, 11.40625, 7.5], "texture": "#0"},
				"up": {"uv": [8.875, 6.03125, 6.75, 5.75], "texture": "#0"},
				"down": {"uv": [9, 4.875, 6.875, 5.15625], "texture": "#0"}
			}
		},
		{
			"from": [-4, 10, -16],
			"to": [5, 12, -10],
			"rotation": {"angle": -22.5, "axis": "x", "origin": [0, 12, -16]},
			"faces": {
				"north": {"uv": [6, 9.5, 7.125, 9.75], "texture": "#0"},
				"east": {"uv": [3.5, 4.25, 4.25, 4.5], "texture": "#0"},
				"south": {"uv": [9.5, 6.625, 10.625, 6.875], "texture": "#0"},
				"west": {"uv": [0, 10.375, 0.75, 10.625], "texture": "#0"},
				"up": {"uv": [6.25, 7, 5.125, 6.25], "texture": "#0"},
				"down": {"uv": [7.375, 6.25, 6.25, 7], "texture": "#0"}
			}
		},
		{
			"from": [-8, 9, -16],
			"to": [9, 11, -9.9375],
			"rotation": {"angle": -22.5, "axis": "x", "origin": [0, 12, -16]},
			"faces": {
				"north": {"uv": [7.375, 6.625, 9.5, 6.875], "texture": "#0"},
				"east": {"uv": [2.5, 10.375, 3.25, 10.625], "texture": "#0"},
				"south": {"uv": [7.5, 0, 9.625, 0.25], "texture": "#0"},
				"west": {"uv": [10.375, 2.75, 11.125, 3], "texture": "#0"},
				"up": {"uv": [2.125, 5, 0, 4.25], "texture": "#0"},
				"down": {"uv": [6.375, 0, 4.25, 0.75], "texture": "#0"}
			}
		},
		{
			"from": [-4, 8, -13.5],
			"to": [5, 10, -9],
			"rotation": {"angle": -22.5, "axis": "x", "origin": [0, 12, -16]},
			"faces": {
				"north": {"uv": [0, 9.875, 1.125, 10.125], "texture": "#0"},
				"east": {"uv": [5.75, 8.625, 6.3125, 8.875], "texture": "#0"},
				"south": {"uv": [2.125, 9.875, 3.25, 10.125], "texture": "#0"},
				"west": {"uv": [9.625, 10.5, 10.1875, 10.75], "texture": "#0"},
				"up": {"uv": [7.625, 3.8125, 6.5, 3.25], "texture": "#0"},
				"down": {"uv": [7.875, 2.125, 6.75, 2.6875], "texture": "#0"}
			}
		},
		{
			"from": [-4, -3.5, 4.25],
			"to": [5, -1.5, 10.25],
			"rotation": {"angle": -22.5, "axis": "x", "origin": [0, 12, -16]},
			"faces": {
				"north": {"uv": [9.625, 0.5, 10.75, 0.75], "texture": "#0"},
				"east": {"uv": [0.75, 10.375, 1.5, 10.625], "texture": "#0"},
				"south": {"uv": [9.625, 0.75, 10.75, 1], "texture": "#0"},
				"west": {"uv": [1.75, 10.375, 2.5, 10.625], "texture": "#0"},
				"up": {"uv": [7.5, 0.75, 6.375, 0], "texture": "#0"},
				"down": {"uv": [7.5, 0.75, 6.375, 1.5], "texture": "#0"}
			}
		},
		{
			"from": [-8, -4.6875, 3.75],
			"to": [9, -2.6875, 10.0625],
			"rotation": {"angle": -22.5, "axis": "x", "origin": [0, 12, -16]},
			"faces": {
				"north": {"uv": [7.5, 1.25, 9.625, 1.5], "texture": "#0"},
				"east": {"uv": [10, 5.625, 10.78125, 5.875], "texture": "#0"},
				"south": {"uv": [7.5, 1.5, 9.625, 1.75], "texture": "#0"},
				"west": {"uv": [9.25, 10, 10.03125, 10.25], "texture": "#0"},
				"up": {"uv": [2.125, 4.15625, 0, 3.375], "texture": "#0"},
				"down": {"uv": [4.25, 3.375, 2.125, 4.15625], "texture": "#0"}
			}
		},
		{
			"from": [-4, 10.77603, -8.44238],
			"to": [5, 14.27603, 0.93262],
			"rotation": {"angle": 0, "axis": "x", "origin": [0, 14.25, -10.5]},
			"faces": {
				"north": {"uv": [2.5, 8.5, 3.625, 8.9375], "texture": "#0"},
				"east": {"uv": [0, 8.5, 1.1875, 8.9375], "texture": "#0"},
				"south": {"uv": [8.5, 6.125, 9.625, 6.5625], "texture": "#0"},
				"west": {"uv": [1.25, 8.5, 2.4375, 8.9375], "texture": "#0"},
				"up": {"uv": [5.375, 4.5625, 4.25, 3.375], "texture": "#0"},
				"down": {"uv": [4.625, 4.625, 3.5, 5.8125], "texture": "#0"}
			}
		},
		{
			"from": [-2, 7.27603, -14.19238],
			"to": [3, 10.77603, -2.94238],
			"rotation": {"angle": 0, "axis": "x", "origin": [0, 14.25, -10.5]},
			"faces": {
				"north": {"uv": [7.375, 9.25, 8, 9.6875], "texture": "#0"},
				"east": {"uv": [6.5, 3.875, 7.90625, 4.3125], "texture": "#0"},
				"south": {"uv": [10, 2.25, 10.625, 2.6875], "texture": "#0"},
				"west": {"uv": [6.75, 2.75, 8.15625, 3.1875], "texture": "#0"},
				"up": {"uv": [0.625, 7.53125, 0, 6.125], "texture": "#0"},
				"down": {"uv": [5.125, 6.25, 4.5, 7.65625], "texture": "#0"}
			}
		},
		{
			"from": [-8, 11.27603, -10.00488],
			"to": [9, 13.40103, -1.75488],
			"rotation": {"angle": 0, "axis": "x", "origin": [0, 14.25, -10.5]},
			"faces": {
				"north": {"uv": [6.875, 5.25, 9, 5.53125], "texture": "#0"},
				"east": {"uv": [9.375, 6.875, 10.40625, 7.15625], "texture": "#0"},
				"south": {"uv": [5.125, 7, 7.25, 7.28125], "texture": "#0"},
				"west": {"uv": [2.125, 9.5, 3.15625, 9.78125], "texture": "#0"},
				"up": {"uv": [2.125, 3.28125, 0, 2.25], "texture": "#0"},
				"down": {"uv": [4.25, 2.25, 2.125, 3.28125], "texture": "#0"}
			}
		},
		{
			"from": [-7, 12.77603, -11.25488],
			"to": [-5, 14.21353, -9.50488],
			"rotation": {"angle": 0, "axis": "x", "origin": [0, 14.25, -10.5]},
			"faces": {
				"north": {"uv": [10.75, 11.5, 11, 11.6875], "texture": "#0"},
				"east": {"uv": [2, 11.625, 2.21875, 11.8125], "texture": "#0"},
				"south": {"uv": [11.5, 10.75, 11.75, 10.9375], "texture": "#0"},
				"west": {"uv": [2.25, 11.625, 2.46875, 11.8125], "texture": "#0"},
				"up": {"uv": [11.625, 9.59375, 11.375, 9.375], "texture": "#0"},
				"down": {"uv": [11.625, 10, 11.375, 10.21875], "texture": "#0"}
			}
		},
		{
			"from": [-4, 5.27603, 0.80762],
			"to": [5, 7.27603, 9.80762],
			"rotation": {"angle": 0, "axis": "x", "origin": [0, 14.25, -10.5]},
			"faces": {
				"north": {"uv": [9, 9.5, 10.125, 9.75], "texture": "#0"},
				"east": {"uv": [0, 9.625, 1.125, 9.875], "texture": "#0"},
				"south": {"uv": [9.625, 0, 10.75, 0.25], "texture": "#0"},
				"west": {"uv": [9.625, 0.25, 10.75, 0.5], "texture": "#0"},
				"up": {"uv": [2.25, 6.5, 1.125, 5.375], "texture": "#0"},
				"down": {"uv": [3.375, 5.375, 2.25, 6.5], "texture": "#0"}
			}
		},
		{
			"from": [-8, 4.15103, -0.37988],
			"to": [9, 6.15103, 8.62012],
			"rotation": {"angle": 0, "axis": "x", "origin": [0, 14.25, -10.5]},
			"faces": {
				"north": {"uv": [7.5, 0.75, 9.625, 1], "texture": "#0"},
				"east": {"uv": [9.875, 8.875, 11, 9.125], "texture": "#0"},
				"south": {"uv": [7.5, 1, 9.625, 1.25], "texture": "#0"},
				"west": {"uv": [10, 2, 11.125, 2.25], "texture": "#0"},
				"up": {"uv": [4.25, 1.125, 2.125, 0], "texture": "#0"},
				"down": {"uv": [4.25, 1.125, 2.125, 2.25], "texture": "#0"}
			}
		},
		{
			"from": [-8, 2.52603, 1.12012],
			"to": [9, 4.15103, 6.55762],
			"rotation": {"angle": 0, "axis": "x", "origin": [0, 14.25, -10.5]},
			"faces": {
				"north": {"uv": [3.625, 8.625, 5.75, 8.84375], "texture": "#0"},
				"east": {"uv": [10.375, 3, 11.0625, 3.21875], "texture": "#0"},
				"south": {"uv": [8.625, 8.375, 10.75, 8.59375], "texture": "#0"},
				"west": {"uv": [10.375, 9.125, 11.0625, 9.34375], "texture": "#0"},
				"up": {"uv": [6.375, 1.4375, 4.25, 0.75], "texture": "#0"},
				"down": {"uv": [6.375, 1.5, 4.25, 2.1875], "texture": "#0"}
			}
		},
		{
			"from": [-5, 4.77603, 10.12012],
			"to": [6, 6.40103, 18.55762],
			"rotation": {"angle": 0, "axis": "x", "origin": [0, 14.25, -10.5]},
			"faces": {
				"north": {"uv": [6, 9.25, 7.375, 9.46875], "texture": "#0"},
				"east": {"uv": [10, 4.25, 11.0625, 4.46875], "texture": "#0"},
				"south": {"uv": [9, 9.25, 10.375, 9.46875], "texture": "#0"},
				"west": {"uv": [10, 4.5, 11.0625, 4.71875], "texture": "#0"},
				"up": {"uv": [3.5, 5.3125, 2.125, 4.25], "texture": "#0"},
				"down": {"uv": [5.625, 2.25, 4.25, 3.3125], "texture": "#0"}
			}
		},
		{
			"from": [-4, 7.58853, 13.43262],
			"to": [5, 9.58853, 17.43262],
			"rotation": {"angle": 0, "axis": "x", "origin": [0, 14.25, -10.5]},
			"faces": {
				"north": {"uv": [9.625, 1, 10.75, 1.25], "texture": "#0"},
				"east": {"uv": [4, 7.5, 4.5, 7.75], "texture": "#0"},
				"south": {"uv": [9.625, 1.25, 10.75, 1.5], "texture": "#0"},
				"west": {"uv": [10.625, 6.5, 11.125, 6.75], "texture": "#0"},
				"up": {"uv": [6.25, 7.875, 5.125, 7.375], "texture": "#0"},
				"down": {"uv": [8.5, 6.125, 7.375, 6.625], "texture": "#0"}
			}
		},
		{
			"from": [-8, 6.52603, 13.68262],
			"to": [9, 8.40103, 17.68262],
			"rotation": {"angle": 0, "axis": "x", "origin": [0, 14.25, -10.5]},
			"faces": {
				"north": {"uv": [7.5, 1.75, 9.625, 2], "texture": "#0"},
				"east": {"uv": [10.75, 1.5, 11.25, 1.75], "texture": "#0"},
				"south": {"uv": [1.875, 7.5, 4, 7.75], "texture": "#0"},
				"west": {"uv": [10.75, 1.75, 11.25, 2], "texture": "#0"},
				"up": {"uv": [7.875, 4.875, 5.75, 4.375], "texture": "#0"},
				"down": {"uv": [6.75, 5.75, 4.625, 6.25], "texture": "#0"}
			}
		},
		{
			"from": [-8, 3.15103, 13.49512],
			"to": [9, 5.02603, 15.49512],
			"rotation": {"angle": 0, "axis": "x", "origin": [0, 14.25, -10.5]},
			"faces": {
				"north": {"uv": [8, 4, 10.125, 4.25], "texture": "#0"},
				"east": {"uv": [7.375, 11.375, 7.625, 11.625], "texture": "#0"},
				"south": {"uv": [4.25, 8.125, 6.375, 8.375], "texture": "#0"},
				"west": {"uv": [11.375, 7.5, 11.625, 7.75], "texture": "#0"},
				"up": {"uv": [8.5, 8.375, 6.375, 8.125], "texture": "#0"},
				"down": {"uv": [2.125, 8.25, 0, 8.5], "texture": "#0"}
			}
		},
		{
			"from": [-8, 5.65103, -9.00488],
			"to": [9, 7.52603, -7.00488],
			"rotation": {"angle": 0, "axis": "x", "origin": [0, 14.25, -10.5]},
			"faces": {
				"north": {"uv": [2.125, 8.25, 4.25, 8.5], "texture": "#0"},
				"east": {"uv": [7.625, 11.375, 7.875, 11.625], "texture": "#0"},
				"south": {"uv": [8.25, 2.75, 10.375, 3], "texture": "#0"},
				"west": {"uv": [7.875, 11.375, 8.125, 11.625], "texture": "#0"},
				"up": {"uv": [10.375, 3.25, 8.25, 3], "texture": "#0"},
				"down": {"uv": [6.375, 8.375, 4.25, 8.625], "texture": "#0"}
			}
		},
		{
			"from": [-4, 7.58853, 17.43262],
			"to": [5, 9.58853, 19.43262],
			"rotation": {"angle": 22.5, "axis": "x", "origin": [0, 9.75, 17.5]},
			"faces": {
				"north": {"uv": [9.625, 1.5, 10.75, 1.75], "texture": "#0"},
				"east": {"uv": [7.125, 9.5, 7.375, 9.75], "texture": "#0"},
				"south": {"uv": [9.625, 1.75, 10.75, 2], "texture": "#0"},
				"west": {"uv": [0.875, 10.125, 1.125, 10.375], "texture": "#0"},
				"up": {"uv": [10.75, 6.25, 9.625, 6], "texture": "#0"},
				"down": {"uv": [10.75, 6.25, 9.625, 6.5], "texture": "#0"}
			}
		},
		{
			"from": [-8, 6.58853, 18.18262],
			"to": [9, 8.58853, 19.43262],
			"rotation": {"angle": 22.5, "axis": "x", "origin": [0, 9.75, 17.5]},
			"faces": {
				"north": {"uv": [7.625, 3.25, 9.75, 3.5], "texture": "#0"},
				"east": {"uv": [11.625, 11.25, 11.78125, 11.5], "texture": "#0"},
				"south": {"uv": [7.625, 3.5, 9.75, 3.75], "texture": "#0"},
				"west": {"uv": [11.625, 11.5, 11.78125, 11.75], "texture": "#0"},
				"up": {"uv": [2.125, 9.15625, 0, 9], "texture": "#0"},
				"down": {"uv": [11.125, 4.875, 9, 5.03125], "texture": "#0"}
			}
		},
		{
			"from": [-3.9375, 4.90103, 0.43262],
			"to": [4.9375, 7.58853, 3.99512],
			"rotation": {"angle": 22.5, "axis": "x", "origin": [0, 9.75, 17.5]},
			"faces": {
				"north": {"uv": [5.75, 8.875, 6.875, 9.21875], "texture": "#0"},
				"east": {"uv": [0.625, 6.125, 1.0625, 6.46875], "texture": "#0"},
				"south": {"uv": [6.875, 8.875, 8, 9.21875], "texture": "#0"},
				"west": {"uv": [10.5, 6.875, 10.9375, 7.21875], "texture": "#0"},
				"up": {"uv": [9.625, 7.8125, 8.5, 7.375], "texture": "#0"},
				"down": {"uv": [9.625, 7.875, 8.5, 8.3125], "texture": "#0"}
			}
		},
		{
			"from": [-0.5, 4.58853, -5.81738],
			"to": [1.5, 6.58853, -3.81738],
			"rotation": {"angle": 22.5, "axis": "x", "origin": [0, 9.75, 17.5]},
			"faces": {
				"north": {"uv": [5.375, 11.375, 5.625, 11.625], "texture": "#0"},
				"east": {"uv": [5.625, 11.375, 5.875, 11.625], "texture": "#0"},
				"south": {"uv": [5.875, 11.375, 6.125, 11.625], "texture": "#0"},
				"west": {"uv": [11.375, 6.125, 11.625, 6.375], "texture": "#0"},
				"up": {"uv": [6.875, 11.625, 6.625, 11.375], "texture": "#0"},
				"down": {"uv": [11.625, 6.75, 11.375, 7], "texture": "#0"}
			}
		},
		{
			"from": [-0.5, 9.58853, -5.81738],
			"to": [1.5, 10.58853, -3.81738],
			"rotation": {"angle": 22.5, "axis": "x", "origin": [0, 9.75, 17.5]},
			"faces": {
				"north": {"uv": [8.875, 6.875, 9.125, 7], "texture": "#0"},
				"east": {"uv": [3, 9, 3.25, 9.125], "texture": "#0"},
				"south": {"uv": [3.25, 9, 3.5, 9.125], "texture": "#0"},
				"west": {"uv": [9, 4.25, 9.25, 4.375], "texture": "#0"},
				"up": {"uv": [7.125, 11.625, 6.875, 11.375], "texture": "#0"},
				"down": {"uv": [11.625, 7, 11.375, 7.25], "texture": "#0"}
			}
		},
		{
			"from": [-0.75, 8.83853, -6.06738],
			"to": [1.75, 10.08853, -3.56738],
			"rotation": {"angle": 22.5, "axis": "x", "origin": [0, 9.75, 17.5]},
			"faces": {
				"north": {"uv": [6.125, 11.5, 6.4375, 11.65625], "texture": "#0"},
				"east": {"uv": [11.5, 6.375, 11.8125, 6.53125], "texture": "#0"},
				"south": {"uv": [11.5, 7.25, 11.8125, 7.40625], "texture": "#0"},
				"west": {"uv": [11.5, 7.75, 11.8125, 7.90625], "texture": "#0"},
				"up": {"uv": [7.4375, 11.0625, 7.125, 10.75], "texture": "#0"},
				"down": {"uv": [11.0625, 7.25, 10.75, 7.5625], "texture": "#0"}
			}
		},
		{
			"from": [-0.25, 6.58853, -5.56738],
			"to": [1.25, 8.58853, -4.06738],
			"rotation": {"angle": 22.5, "axis": "x", "origin": [0, 9.75, 17.5]},
			"faces": {
				"north": {"uv": [0.5, 11.625, 0.6875, 11.875], "texture": "#0"},
				"east": {"uv": [0.75, 11.625, 0.9375, 11.875], "texture": "#0"},
				"south": {"uv": [11.625, 0.875, 11.8125, 1.125], "texture": "#0"},
				"west": {"uv": [1, 11.625, 1.1875, 11.875], "texture": "#0"},
				"up": {"uv": [11.9375, 1.5625, 11.75, 1.375], "texture": "#0"},
				"down": {"uv": [1.6875, 11.75, 1.5, 11.9375], "texture": "#0"}
			}
		},
		{
			"from": [-0.25, 8.58853, -8.44238],
			"to": [1.25, 9.52603, -4.06738],
			"rotation": {"angle": 22.5, "axis": "x", "origin": [0, 9.75, 17.5]},
			"faces": {
				"north": {"uv": [2.375, 9.375, 2.5625, 9.5], "texture": "#0"},
				"east": {"uv": [6.75, 6.125, 7.3125, 6.25], "texture": "#0"},
				"south": {"uv": [2.625, 9.375, 2.8125, 9.5], "texture": "#0"},
				"west": {"uv": [3.625, 8.5, 4.1875, 8.625], "texture": "#0"},
				"up": {"uv": [6.8125, 11.3125, 6.625, 10.75], "texture": "#0"},
				"down": {"uv": [7.0625, 10.75, 6.875, 11.3125], "texture": "#0"}
			}
		},
		{
			"from": [-2.25, 18.27603, -7.75488],
			"to": [3.25, 19.46353, -6.37988],
			"rotation": {"angle": 0, "axis": "x", "origin": [0, 9.75, 17.5]},
			"faces": {
				"north": {"uv": [3.5, 10.75, 4.1875, 10.90625], "texture": "#0"},
				"east": {"uv": [3, 11.75, 3.1875, 11.90625], "texture": "#0"},
				"south": {"uv": [4.25, 10.75, 4.9375, 10.90625], "texture": "#0"},
				"west": {"uv": [11.75, 3, 11.9375, 3.15625], "texture": "#0"},
				"up": {"uv": [2.1875, 10.8125, 1.5, 10.625], "texture": "#0"},
				"down": {"uv": [2.9375, 10.625, 2.25, 10.8125], "texture": "#0"}
			}
		},
		{
			"from": [-2.1875, 17.15103, 0.49512],
			"to": [3.1875, 18.15103, 1.87012],
			"rotation": {"angle": 0, "axis": "x", "origin": [0, 9.75, 17.5]},
			"faces": {
				"north": {"uv": [8, 4.25, 8.6875, 4.375], "texture": "#0"},
				"east": {"uv": [10.125, 8.25, 10.3125, 8.375], "texture": "#0"},
				"south": {"uv": [8.125, 6.875, 8.8125, 7], "texture": "#0"},
				"west": {"uv": [10.125, 9.125, 10.3125, 9.25], "texture": "#0"},
				"up": {"uv": [11.3125, 2.4375, 10.625, 2.25], "texture": "#0"},
				"down": {"uv": [11.3125, 2.5, 10.625, 2.6875], "texture": "#0"}
			}
		},
		{
			"from": [3, 17.15103, 0.12012],
			"to": [4.125, 18.15103, 1.74512],
			"rotation": {"angle": 45, "axis": "y", "origin": [3.25, 18.125, 1.625]},
			"faces": {
				"north": {"uv": [10.375, 9.375, 10.53125, 9.5], "texture": "#0"},
				"east": {"uv": [9.125, 6, 9.34375, 6.125], "texture": "#0"},
				"south": {"uv": [10.5, 4.75, 10.65625, 4.875], "texture": "#0"},
				"west": {"uv": [9.125, 6.875, 9.34375, 7], "texture": "#0"},
				"up": {"uv": [11.90625, 1.84375, 11.75, 1.625], "texture": "#0"},
				"down": {"uv": [1.90625, 11.75, 1.75, 11.96875], "texture": "#0"}
			}
		},
		{
			"from": [1.1875, 17.15103, 10.68262],
			"to": [2.3125, 18.15103, 12.30762],
			"rotation": {"angle": -45, "axis": "y", "origin": [12.75, 18.125, 1.625]},
			"faces": {
				"north": {"uv": [10.5, 5.875, 10.65625, 6], "texture": "#0"},
				"east": {"uv": [9.25, 4.25, 9.46875, 4.375], "texture": "#0"},
				"south": {"uv": [10.625, 6.75, 10.78125, 6.875], "texture": "#0"},
				"west": {"uv": [2.125, 9.375, 2.34375, 9.5], "texture": "#0"},
				"up": {"uv": [11.90625, 2.09375, 11.75, 1.875], "texture": "#0"},
				"down": {"uv": [11.90625, 2.75, 11.75, 2.96875], "texture": "#0"}
			}
		},
		{
			"from": [-4.34082, 17.16196, -4.125],
			"to": [1.15918, 18.16196, -2.625],
			"rotation": {"angle": 22.5, "axis": "y", "origin": [0.375, 18.0625, -3.25]},
			"faces": {
				"north": {"uv": [3.5, 4.5, 4.1875, 4.625], "texture": "#0"},
				"east": {"uv": [9.375, 6, 9.5625, 6.125], "texture": "#0"},
				"south": {"uv": [5.625, 3.25, 6.3125, 3.375], "texture": "#0"},
				"west": {"uv": [9.375, 7.25, 9.5625, 7.375], "texture": "#0"},
				"up": {"uv": [11.1875, 9.9375, 10.5, 9.75], "texture": "#0"},
				"down": {"uv": [10.9375, 10.5, 10.25, 10.6875], "texture": "#0"}
			}
		},
		{
			"from": [-4.34082, 17.16196, -6.125],
			"to": [-2.84082, 18.16196, -0.625],
			"rotation": {"angle": 22.5, "axis": "y", "origin": [0.375, 18.0625, -3.25]},
			"faces": {
				"north": {"uv": [9.625, 8.25, 9.8125, 8.375], "texture": "#0"},
				"east": {"uv": [0, 7.625, 0.6875, 7.75], "texture": "#0"},
				"south": {"uv": [9.75, 4.25, 9.9375, 4.375], "texture": "#0"},
				"west": {"uv": [0.75, 7.625, 1.4375, 7.75], "texture": "#0"},
				"up": {"uv": [3.1875, 11.3125, 3, 10.625], "texture": "#0"},
				"down": {"uv": [10.9375, 0, 10.75, 0.6875], "texture": "#0"}
			}
		},
		{
			"from": [1.25, 18.22446, -8.47168],
			"to": [4.25, 19.41196, -6.97168],
			"rotation": {"angle": -22.5, "axis": "y", "origin": [0.375, 18.0625, -3.25]},
			"faces": {
				"north": {"uv": [11.375, 8.375, 11.75, 8.53125], "texture": "#0"},
				"east": {"uv": [3.25, 11.75, 3.4375, 11.90625], "texture": "#0"},
				"south": {"uv": [11.375, 8.625, 11.75, 8.78125], "texture": "#0"},
				"west": {"uv": [11.75, 3.25, 11.9375, 3.40625], "texture": "#0"},
				"up": {"uv": [7.75, 11.3125, 7.375, 11.125], "texture": "#0"},
				"down": {"uv": [8.125, 11.125, 7.75, 11.3125], "texture": "#0"}
			}
		},
		{
			"from": [4.47168, 16.91196, -6.4375],
			"to": [5.97168, 17.91196, -3.6875],
			"rotation": {"angle": 22.5, "axis": "x", "origin": [0.375, 18.0625, -3.25]},
			"faces": {
				"north": {"uv": [9.875, 9.125, 10.0625, 9.25], "texture": "#0"},
				"east": {"uv": [6.375, 2.125, 6.71875, 2.25], "texture": "#0"},
				"south": {"uv": [10, 4.75, 10.1875, 4.875], "texture": "#0"},
				"west": {"uv": [7.5, 2, 7.84375, 2.125], "texture": "#0"},
				"up": {"uv": [11.3125, 8.71875, 11.125, 8.375], "texture": "#0"},
				"down": {"uv": [11.3125, 9, 11.125, 9.34375], "texture": "#0"}
			}
		},
		{
			"from": [-3.25, 18.22446, -8.47168],
			"to": [-0.25, 19.41196, -6.97168],
			"rotation": {"angle": 22.5, "axis": "y", "origin": [0.625, 18.0625, -3.25]},
			"faces": {
				"north": {"uv": [11.375, 8.875, 11.75, 9.03125], "texture": "#0"},
				"east": {"uv": [3.5, 11.75, 3.6875, 11.90625], "texture": "#0"},
				"south": {"uv": [11.375, 9.125, 11.75, 9.28125], "texture": "#0"},
				"west": {"uv": [11.75, 4, 11.9375, 4.15625], "texture": "#0"},
				"up": {"uv": [11.5, 8.0625, 11.125, 7.875], "texture": "#0"},
				"down": {"uv": [11.5, 8.125, 11.125, 8.3125], "texture": "#0"}
			}
		},
		{
			"from": [-4.97168, 16.91196, -6.4375],
			"to": [-3.47168, 17.91196, -3.6875],
			"rotation": {"angle": 22.5, "axis": "x", "origin": [0.625, 18.0625, -3.25]},
			"faces": {
				"north": {"uv": [10, 5.875, 10.1875, 6], "texture": "#0"},
				"east": {"uv": [1.5, 7.625, 1.84375, 7.75], "texture": "#0"},
				"south": {"uv": [10.125, 6.5, 10.3125, 6.625], "texture": "#0"},
				"west": {"uv": [7.625, 3.75, 7.96875, 3.875], "texture": "#0"},
				"up": {"uv": [11.4375, 1.84375, 11.25, 1.5], "texture": "#0"},
				"down": {"uv": [11.4375, 3.25, 11.25, 3.59375], "texture": "#0"}
			}
		},
		{
			"from": [-0.15918, 17.16196, -4.125],
			"to": [5.34082, 18.16196, -2.625],
			"rotation": {"angle": -22.5, "axis": "y", "origin": [0.375, 18.0625, -3.25]},
			"faces": {
				"north": {"uv": [6.875, 5.625, 7.5625, 5.75], "texture": "#0"},
				"east": {"uv": [9.5, 4.25, 9.6875, 4.375], "texture": "#0"},
				"south": {"uv": [7.375, 6.875, 8.0625, 7], "texture": "#0"},
				"west": {"uv": [9.625, 6.5, 9.8125, 6.625], "texture": "#0"},
				"up": {"uv": [0.6875, 10.8125, 0, 10.625], "texture": "#0"},
				"down": {"uv": [1.4375, 10.625, 0.75, 10.8125], "texture": "#0"}
			}
		},
		{
			"from": [3.84082, 17.16196, -6.125],
			"to": [5.34082, 18.16196, -0.625],
			"rotation": {"angle": -22.5, "axis": "y", "origin": [0.375, 18.0625, -3.25]},
			"faces": {
				"north": {"uv": [9.875, 6.5, 10.0625, 6.625], "texture": "#0"},
				"east": {"uv": [7.625, 5.625, 8.3125, 5.75], "texture": "#0"},
				"south": {"uv": [9.875, 8.25, 10.0625, 8.375], "texture": "#0"},
				"west": {"uv": [4.25, 7.75, 4.9375, 7.875], "texture": "#0"},
				"up": {"uv": [10.9375, 1.4375, 10.75, 0.75], "texture": "#0"},
				"down": {"uv": [3.4375, 10.75, 3.25, 11.4375], "texture": "#0"}
			}
		},
		{
			"from": [-8, -1.09897, 8.93262],
			"to": [9, 0.90103, 10.18262],
			"rotation": {"angle": 22.5, "axis": "x", "origin": [0, 9.75, 17.5]},
			"faces": {
				"north": {"uv": [2.125, 8, 4.25, 8.25], "texture": "#0"},
				"east": {"uv": [0, 11.75, 0.15625, 12], "texture": "#0"},
				"south": {"uv": [8, 3.75, 10.125, 4], "texture": "#0"},
				"west": {"uv": [0.25, 11.75, 0.40625, 12], "texture": "#0"},
				"up": {"uv": [11.125, 5.28125, 9, 5.125], "texture": "#0"},
				"down": {"uv": [11.125, 5.375, 9, 5.53125], "texture": "#0"}
			}
		},
		{
			"from": [-4, -3.41147, -12.31738],
			"to": [5, 0.58853, -9.56738],
			"rotation": {"angle": 22.5, "axis": "x", "origin": [0, 9.75, 17.5]},
			"faces": {
				"north": {"uv": [6.25, 7.375, 7.375, 7.875], "texture": "#0"},
				"east": {"uv": [5.5, 10.375, 5.84375, 10.875], "texture": "#0"},
				"south": {"uv": [7.375, 7.375, 8.5, 7.875], "texture": "#0"},
				"west": {"uv": [9.25, 10.5, 9.59375, 11], "texture": "#0"},
				"up": {"uv": [4.125, 7.09375, 3, 6.75], "texture": "#0"},
				"down": {"uv": [10, 5.625, 8.875, 5.96875], "texture": "#0"}
			}
		},
		{
			"from": [2, 8.83853, 16.43262],
			"to": [4, 11.08853, 19.43262],
			"rotation": {"angle": 22.5, "axis": "x", "origin": [0, 9.75, 17.5]},
			"faces": {
				"north": {"uv": [6.125, 11.125, 6.375, 11.40625], "texture": "#0"},
				"east": {"uv": [5, 10.75, 5.375, 11.03125], "texture": "#0"},
				"south": {"uv": [11.125, 6.125, 11.375, 6.40625], "texture": "#0"},
				"west": {"uv": [5.875, 10.75, 6.25, 11.03125], "texture": "#0"},
				"up": {"uv": [7.75, 11.125, 7.5, 10.75], "texture": "#0"},
				"down": {"uv": [11, 7.625, 10.75, 8], "texture": "#0"}
			}
		},
		{
			"from": [-3, 8.83853, 16.43262],
			"to": [-1, 11.08853, 19.43262],
			"rotation": {"angle": 22.5, "axis": "x", "origin": [0, 9.75, 17.5]},
			"faces": {
				"north": {"uv": [6.375, 11.125, 6.625, 11.40625], "texture": "#0"},
				"east": {"uv": [10.75, 5.875, 11.125, 6.15625], "texture": "#0"},
				"south": {"uv": [7.125, 11.125, 7.375, 11.40625], "texture": "#0"},
				"west": {"uv": [6.25, 10.75, 6.625, 11.03125], "texture": "#0"},
				"up": {"uv": [8, 11.125, 7.75, 10.75], "texture": "#0"},
				"down": {"uv": [8.25, 10.75, 8, 11.125], "texture": "#0"}
			}
		},
		{
			"from": [-4, 6.85223, 19.23099],
			"to": [5, 8.85223, 21.23099],
			"rotation": {"angle": 45, "axis": "x", "origin": [0, 8.875, 19.25]},
			"faces": {
				"north": {"uv": [9.625, 7.25, 10.75, 7.5], "texture": "#0"},
				"east": {"uv": [3, 10.125, 3.25, 10.375], "texture": "#0"},
				"south": {"uv": [9.625, 7.5, 10.75, 7.75], "texture": "#0"},
				"west": {"uv": [11.375, 2.25, 11.625, 2.5], "texture": "#0"},
				"up": {"uv": [10.75, 8, 9.625, 7.75], "texture": "#0"},
				"down": {"uv": [10.75, 8, 9.625, 8.25], "texture": "#0"}
			}
		},
		{
			"from": [-8, 5.91473, 19.60599],
			"to": [9, 7.91473, 21.10599],
			"rotation": {"angle": 45, "axis": "x", "origin": [0, 8.875, 19.25]},
			"faces": {
				"north": {"uv": [0, 7.75, 2.125, 8], "texture": "#0"},
				"east": {"uv": [10.25, 11.5, 10.4375, 11.75], "texture": "#0"},
				"south": {"uv": [2.125, 7.75, 4.25, 8], "texture": "#0"},
				"west": {"uv": [10.5, 11.5, 10.6875, 11.75], "texture": "#0"},
				"up": {"uv": [10.75, 8.8125, 8.625, 8.625], "texture": "#0"},
				"down": {"uv": [5.75, 8.875, 3.625, 9.0625], "texture": "#0"}
			}
		},
		{
			"from": [-4, 5.48944, 18.66473],
			"to": [5, 7.48944, 20.66473],
			"rotation": {"angle": -22.5, "axis": "x", "origin": [0, 7.4375, 20.6875]},
			"faces": {
				"north": {"uv": [3.25, 9.75, 4.375, 10], "texture": "#0"},
				"east": {"uv": [2.375, 11.375, 2.625, 11.625], "texture": "#0"},
				"south": {"uv": [9.75, 3.25, 10.875, 3.5], "texture": "#0"},
				"west": {"uv": [11.375, 2.5, 11.625, 2.75], "texture": "#0"},
				"up": {"uv": [10.875, 3.75, 9.75, 3.5], "texture": "#0"},
				"down": {"uv": [5.5, 9.75, 4.375, 10], "texture": "#0"}
			}
		},
		{
			"from": [-8, 5.17694, 17.72723],
			"to": [9, 7.23944, 19.72723],
			"rotation": {"angle": -22.5, "axis": "x", "origin": [0, 7.4375, 20.6875]},
			"faces": {
				"north": {"uv": [7.875, 2, 10, 2.25], "texture": "#0"},
				"east": {"uv": [11.375, 3.625, 11.625, 3.875], "texture": "#0"},
				"south": {"uv": [7.875, 2.25, 10, 2.5], "texture": "#0"},
				"west": {"uv": [11.375, 3.875, 11.625, 4.125], "texture": "#0"},
				"up": {"uv": [10, 2.75, 7.875, 2.5], "texture": "#0"},
				"down": {"uv": [6.375, 7.875, 4.25, 8.125], "texture": "#0"}
			}
		},
		{
			"from": [-8, 10.42694, 0.72723],
			"to": [9, 12.48944, 2.72723],
			"rotation": {"angle": -22.5, "axis": "x", "origin": [0, 7.4375, 20.6875]},
			"faces": {
				"north": {"uv": [7.875, 4.375, 10, 4.625], "texture": "#0"},
				"east": {"uv": [4.875, 11.375, 5.125, 11.625], "texture": "#0"},
				"south": {"uv": [7.875, 4.625, 10, 4.875], "texture": "#0"},
				"west": {"uv": [5.125, 11.375, 5.375, 11.625], "texture": "#0"},
				"up": {"uv": [8.5, 8.125, 6.375, 7.875], "texture": "#0"},
				"down": {"uv": [2.125, 8, 0, 8.25], "texture": "#0"}
			}
		},
		{
			"from": [-4, 20.61444, -11.83527],
			"to": [5, 22.61444, -9.83527],
			"rotation": {"angle": -22.5, "axis": "x", "origin": [0, 7.4375, 20.6875]},
			"faces": {
				"north": {"uv": [6, 9.75, 7.125, 10], "texture": "#0"},
				"east": {"uv": [2.625, 11.375, 2.875, 11.625], "texture": "#0"},
				"south": {"uv": [7.125, 9.75, 8.25, 10], "texture": "#0"},
				"west": {"uv": [2.875, 11.375, 3.125, 11.625], "texture": "#0"},
				"up": {"uv": [9.375, 10, 8.25, 9.75], "texture": "#0"},
				"down": {"uv": [10.5, 9.75, 9.375, 10], "texture": "#0"}
			}
		},
		{
			"from": [-3.9375, 5.31738, -5.41147],
			"to": [4.9375, 14.31738, -0.41147],
			"rotation": {"angle": -22.5, "axis": "x", "origin": [0, 14.25, -0.25]},
			"faces": {
				"north": {"uv": [4.625, 4.625, 5.75, 5.75], "texture": "#0"},
				"east": {"uv": [0.625, 6.5, 1.25, 7.625], "texture": "#0"},
				"south": {"uv": [0, 5, 1.125, 6.125], "texture": "#0"},
				"west": {"uv": [1.25, 6.5, 1.875, 7.625], "texture": "#0"},
				"up": {"uv": [7.5, 2.125, 6.375, 1.5], "texture": "#0"},
				"down": {"uv": [3, 6.5, 1.875, 7.125], "texture": "#0"}
			}
		},
		{
			"from": [-4, 4.81738, -0.41147],
			"to": [5, 11.31738, 3.33853],
			"rotation": {"angle": -22.5, "axis": "x", "origin": [0, 14.25, -0.25]},
			"faces": {
				"north": {"uv": [5.75, 4.875, 6.875, 5.6875], "texture": "#0"},
				"east": {"uv": [8, 8.875, 8.46875, 9.6875], "texture": "#0"},
				"south": {"uv": [3.375, 5.875, 4.5, 6.6875], "texture": "#0"},
				"west": {"uv": [8.5, 8.875, 8.96875, 9.6875], "texture": "#0"},
				"up": {"uv": [7.5, 8.84375, 6.375, 8.375], "texture": "#0"},
				"down": {"uv": [8.625, 8.375, 7.5, 8.84375], "texture": "#0"}
			}
		},
		{
			"from": [-8, 5.00488, -4.22397],
			"to": [9, 14.00488, -1.97397],
			"rotation": {"angle": -22.5, "axis": "x", "origin": [0, 14.25, -0.25]},
			"faces": {
				"north": {"uv": [0, 0, 2.125, 1.125], "texture": "#0"},
				"east": {"uv": [1.75, 9.25, 2.03125, 10.375], "texture": "#0"},
				"south": {"uv": [0, 1.125, 2.125, 2.25], "texture": "#0"},
				"west": {"uv": [5.625, 9.25, 5.90625, 10.375], "texture": "#0"},
				"up": {"uv": [4, 7.40625, 1.875, 7.125], "texture": "#0"},
				"down": {"uv": [9.375, 7, 7.25, 7.28125], "texture": "#0"}
			}
		},
		{
			"from": [-7, 16.69238, -10.03647],
			"to": [-5, 17.75488, -8.78647],
			"rotation": {"angle": -22.5, "axis": "x", "origin": [0, 14.25, -0.25]},
			"faces": {
				"north": {"uv": [8.375, 5.625, 8.625, 5.75], "texture": "#0"},
				"east": {"uv": [10.25, 4.75, 10.40625, 4.875], "texture": "#0"},
				"south": {"uv": [8.625, 5.625, 8.875, 5.75], "texture": "#0"},
				"west": {"uv": [10.25, 5.875, 10.40625, 6], "texture": "#0"},
				"up": {"uv": [12, 0.40625, 11.75, 0.25], "texture": "#0"},
				"down": {"uv": [12, 0.5, 11.75, 0.65625], "texture": "#0"}
			}
		},
		{
			"from": [6, 16.69238, -10.03647],
			"to": [8, 17.75488, -8.78647],
			"rotation": {"angle": -22.5, "axis": "x", "origin": [13, 14.25, -0.25]},
			"faces": {
				"north": {"uv": [8.75, 4.25, 9, 4.375], "texture": "#0"},
				"east": {"uv": [10.375, 6.5, 10.53125, 6.625], "texture": "#0"},
				"south": {"uv": [8.875, 6, 9.125, 6.125], "texture": "#0"},
				"west": {"uv": [10.375, 8.25, 10.53125, 8.375], "texture": "#0"},
				"up": {"uv": [12, 1.28125, 11.75, 1.125], "texture": "#0"},
				"down": {"uv": [1.5, 11.75, 1.25, 11.90625], "texture": "#0"}
			}
		},
		{
			"from": [6, 12.77603, -11.25488],
			"to": [8, 14.21353, -9.50488],
			"rotation": {"angle": 0, "axis": "x", "origin": [13, 14.25, -10.5]},
			"faces": {
				"north": {"uv": [11.375, 11.5, 11.625, 11.6875], "texture": "#0"},
				"east": {"uv": [11.625, 2.25, 11.84375, 2.4375], "texture": "#0"},
				"south": {"uv": [11.625, 0, 11.875, 0.1875], "texture": "#0"},
				"west": {"uv": [2.5, 11.625, 2.71875, 11.8125], "texture": "#0"},
				"up": {"uv": [11.625, 10.46875, 11.375, 10.25], "texture": "#0"},
				"down": {"uv": [11.625, 10.5, 11.375, 10.71875], "texture": "#0"}
			}
		},
		{
			"from": [-11.25, 1.25, 13],
			"to": [-4.25, 3, 16],
			"rotation": {"angle": 0, "axis": "z", "origin": [2.75, 2, 1]},
			"faces": {
				"north": {"uv": [0, 10.125, 0.875, 10.34375], "texture": "#0"},
				"east": {"uv": [1.5, 10.875, 1.875, 11.09375], "texture": "#0"},
				"south": {"uv": [2.125, 10.125, 3, 10.34375], "texture": "#0"},
				"west": {"uv": [1.875, 10.875, 2.25, 11.09375], "texture": "#0"},
				"up": {"uv": [2, 5.375, 1.125, 5], "texture": "#0"},
				"down": {"uv": [3, 9, 2.125, 9.375], "texture": "#0"}
			}
		},
		{
			"from": [-8.5, 3, 13.625],
			"to": [-6.75, 3.25, 15.375],
			"rotation": {"angle": 0, "axis": "z", "origin": [2.75, 2, 1]},
			"faces": {
				"north": {"uv": [10.625, 9.375, 10.84375, 9.40625], "texture": "#0"},
				"east": {"uv": [10.75, 4.75, 10.96875, 4.78125], "texture": "#0"},
				"south": {"uv": [10.75, 8.75, 10.96875, 8.78125], "texture": "#0"},
				"west": {"uv": [11, 9.625, 11.21875, 9.65625], "texture": "#0"},
				"up": {"uv": [7.34375, 11.71875, 7.125, 11.5], "texture": "#0"},
				"down": {"uv": [11.71875, 8, 11.5, 8.21875], "texture": "#0"}
			}
		},
		{
			"from": [-9.25, 1.25, 16],
			"to": [-6.25, 3, 18],
			"rotation": {"angle": 0, "axis": "z", "origin": [2.75, 2, 1]},
			"faces": {
				"north": {"uv": [2.25, 10.875, 2.625, 11.09375], "texture": "#0"},
				"east": {"uv": [11.375, 11.25, 11.625, 11.46875], "texture": "#0"},
				"south": {"uv": [2.625, 10.875, 3, 11.09375], "texture": "#0"},
				"west": {"uv": [11.5, 1.5, 11.75, 1.71875], "texture": "#0"},
				"up": {"uv": [5.75, 4.625, 5.375, 4.375], "texture": "#0"},
				"down": {"uv": [3.375, 6.5, 3, 6.75], "texture": "#0"}
			}
		},
		{
			"from": [-6.25, 1.25, 16.5625],
			"to": [-3.4375, 2.9375, 18],
			"rotation": {"angle": 45, "axis": "y", "origin": [-6.25, 2, 18]},
			"faces": {
				"north": {"uv": [8.625, 11, 8.96875, 11.21875], "texture": "#0"},
				"east": {"uv": [11.625, 2.5, 11.8125, 2.71875], "texture": "#0"},
				"south": {"uv": [11, 8.75, 11.34375, 8.96875], "texture": "#0"},
				"west": {"uv": [2.75, 11.625, 2.9375, 11.84375], "texture": "#0"},
				"up": {"uv": [11.46875, 10.9375, 11.125, 10.75], "texture": "#0"},
				"down": {"uv": [3.84375, 11.25, 3.5, 11.4375], "texture": "#0"}
			}
		},
		{
			"from": [-6.25, 1.25, 10.9375],
			"to": [-3.4375, 2.9375, 12.375],
			"rotation": {"angle": 45, "axis": "y", "origin": [-6.25, 2, 18]},
			"faces": {
				"north": {"uv": [11, 10, 11.34375, 10.21875], "texture": "#0"},
				"east": {"uv": [4.375, 11.625, 4.5625, 11.84375], "texture": "#0"},
				"south": {"uv": [10.125, 11, 10.46875, 11.21875], "texture": "#0"},
				"west": {"uv": [4.625, 11.625, 4.8125, 11.84375], "texture": "#0"},
				"up": {"uv": [11.59375, 5.6875, 11.25, 5.5], "texture": "#0"},
				"down": {"uv": [8.46875, 11.25, 8.125, 11.4375], "texture": "#0"}
			}
		},
		{
			"from": [-8.375, 1.25, 13.0625],
			"to": [-6.9375, 2.9375, 15.875],
			"rotation": {"angle": 45, "axis": "y", "origin": [-6.25, 2, 18]},
			"faces": {
				"north": {"uv": [11.625, 3.5, 11.8125, 3.71875], "texture": "#0"},
				"east": {"uv": [9, 11, 9.34375, 11.21875], "texture": "#0"},
				"south": {"uv": [11.625, 3.75, 11.8125, 3.96875], "texture": "#0"},
				"west": {"uv": [9.375, 11, 9.71875, 11.21875], "texture": "#0"},
				"up": {"uv": [4.0625, 11.59375, 3.875, 11.25], "texture": "#0"},
				"down": {"uv": [4.3125, 11.25, 4.125, 11.59375], "texture": "#0"}
			}
		},
		{
			"from": [-2.75, 1.25, 13.0625],
			"to": [-1.3125, 2.9375, 15.875],
			"rotation": {"angle": 45, "axis": "y", "origin": [-6.25, 2, 18]},
			"faces": {
				"north": {"uv": [3.875, 11.625, 4.0625, 11.84375], "texture": "#0"},
				"east": {"uv": [11, 9.375, 11.34375, 9.59375], "texture": "#0"},
				"south": {"uv": [4.125, 11.625, 4.3125, 11.84375], "texture": "#0"},
				"west": {"uv": [9.75, 11, 10.09375, 11.21875], "texture": "#0"},
				"up": {"uv": [4.5625, 11.59375, 4.375, 11.25], "texture": "#0"},
				"down": {"uv": [4.8125, 11.25, 4.625, 11.59375], "texture": "#0"}
			}
		},
		{
			"from": [-9.25, 1.25, 11],
			"to": [-6.25, 3, 13],
			"rotation": {"angle": 0, "axis": "z", "origin": [2.75, 2, 1]},
			"faces": {
				"north": {"uv": [10.875, 3.25, 11.25, 3.46875], "texture": "#0"},
				"east": {"uv": [11.5, 1.75, 11.75, 1.96875], "texture": "#0"},
				"south": {"uv": [10.875, 3.5, 11.25, 3.71875], "texture": "#0"},
				"west": {"uv": [11.5, 2, 11.75, 2.21875], "texture": "#0"},
				"up": {"uv": [11.125, 6.5, 10.75, 6.25], "texture": "#0"},
				"down": {"uv": [11.125, 8, 10.75, 8.25], "texture": "#0"}
			}
		},
		{
			"from": [5, 1.25, 13],
			"to": [12, 3, 16],
			"rotation": {"angle": 0, "axis": "z", "origin": [19, 2, 1]},
			"faces": {
				"north": {"uv": [10.125, 3.75, 11, 3.96875], "texture": "#0"},
				"east": {"uv": [11, 0.5, 11.375, 0.71875], "texture": "#0"},
				"south": {"uv": [10.125, 4, 11, 4.21875], "texture": "#0"},
				"west": {"uv": [11, 0.75, 11.375, 0.96875], "texture": "#0"},
				"up": {"uv": [9.875, 9.25, 9, 8.875], "texture": "#0"},
				"down": {"uv": [3.875, 9.125, 3, 9.5], "texture": "#0"}
			}
		},
		{
			"from": [7, 1.25, 16],
			"to": [10, 3, 18],
			"rotation": {"angle": 0, "axis": "z", "origin": [19, 2, 1]},
			"faces": {
				"north": {"uv": [11, 0, 11.375, 0.21875], "texture": "#0"},
				"east": {"uv": [3.125, 11.5, 3.375, 11.71875], "texture": "#0"},
				"south": {"uv": [11, 0.25, 11.375, 0.46875], "texture": "#0"},
				"west": {"uv": [11.5, 3.25, 11.75, 3.46875], "texture": "#0"},
				"up": {"uv": [11.125, 8.75, 10.75, 8.5], "texture": "#0"},
				"down": {"uv": [9, 10.75, 8.625, 11], "texture": "#0"}
			}
		},
		{
			"from": [7, 1.25, 11],
			"to": [10, 3, 13],
			"rotation": {"angle": 0, "axis": "z", "origin": [19, 2, 1]},
			"faces": {
				"north": {"uv": [5.375, 10.875, 5.75, 11.09375], "texture": "#0"},
				"east": {"uv": [11.5, 2.75, 11.75, 2.96875], "texture": "#0"},
				"south": {"uv": [10.875, 5.625, 11.25, 5.84375], "texture": "#0"},
				"west": {"uv": [11.5, 3, 11.75, 3.21875], "texture": "#0"},
				"up": {"uv": [8.625, 11, 8.25, 10.75], "texture": "#0"},
				"down": {"uv": [11.125, 8.25, 10.75, 8.5], "texture": "#0"}
			}
		},
		{
			"from": [10, 1.25, 16.5625],
			"to": [12.8125, 2.9375, 18],
			"rotation": {"angle": 45, "axis": "y", "origin": [10, 2, 18]},
			"faces": {
				"north": {"uv": [0.75, 11.125, 1.09375, 11.34375], "texture": "#0"},
				"east": {"uv": [11.625, 6, 11.8125, 6.21875], "texture": "#0"},
				"south": {"uv": [1.125, 11.125, 1.46875, 11.34375], "texture": "#0"},
				"west": {"uv": [6.5, 11.625, 6.6875, 11.84375], "texture": "#0"},
				"up": {"uv": [10.34375, 11.4375, 10, 11.25], "texture": "#0"},
				"down": {"uv": [10.71875, 11.25, 10.375, 11.4375], "texture": "#0"}
			}
		},
		{
			"from": [7.875, 1.25, 13.0625],
			"to": [9.3125, 2.9375, 15.875],
			"rotation": {"angle": 45, "axis": "y", "origin": [10, 2, 18]},
			"faces": {
				"north": {"uv": [5.625, 11.625, 5.8125, 11.84375], "texture": "#0"},
				"east": {"uv": [0, 11.125, 0.34375, 11.34375], "texture": "#0"},
				"south": {"uv": [5.875, 11.625, 6.0625, 11.84375], "texture": "#0"},
				"west": {"uv": [0.375, 11.125, 0.71875, 11.34375], "texture": "#0"},
				"up": {"uv": [11.4375, 9.96875, 11.25, 9.625], "texture": "#0"},
				"down": {"uv": [9.9375, 11.25, 9.75, 11.59375], "texture": "#0"}
			}
		},
		{
			"from": [13.5, 1.25, 13.0625],
			"to": [14.9375, 2.9375, 15.875],
			"rotation": {"angle": 45, "axis": "y", "origin": [10, 2, 18]},
			"faces": {
				"north": {"uv": [5.375, 11.625, 5.5625, 11.84375], "texture": "#0"},
				"east": {"uv": [11, 10.5, 11.34375, 10.71875], "texture": "#0"},
				"south": {"uv": [11.625, 5.375, 11.8125, 5.59375], "texture": "#0"},
				"west": {"uv": [10.875, 11, 11.21875, 11.21875], "texture": "#0"},
				"up": {"uv": [9.4375, 11.59375, 9.25, 11.25], "texture": "#0"},
				"down": {"uv": [9.6875, 11.25, 9.5, 11.59375], "texture": "#0"}
			}
		},
		{
			"from": [10, 1.25, 10.9375],
			"to": [12.8125, 2.9375, 12.375],
			"rotation": {"angle": 45, "axis": "y", "origin": [10, 2, 18]},
			"faces": {
				"north": {"uv": [11, 10.25, 11.34375, 10.46875], "texture": "#0"},
				"east": {"uv": [4.875, 11.625, 5.0625, 11.84375], "texture": "#0"},
				"south": {"uv": [10.5, 11, 10.84375, 11.21875], "texture": "#0"},
				"west": {"uv": [5.125, 11.625, 5.3125, 11.84375], "texture": "#0"},
				"up": {"uv": [8.84375, 11.4375, 8.5, 11.25], "texture": "#0"},
				"down": {"uv": [9.21875, 11.25, 8.875, 11.4375], "texture": "#0"}
			}
		},
		{
			"from": [-11.25, 3.6875, -9.5],
			"to": [-4.25, 5.4375, -6.5],
			"rotation": {"angle": 0, "axis": "z", "origin": [2.75, 4.4375, -21.5]},
			"faces": {
				"north": {"uv": [9.25, 10.25, 10.125, 10.46875], "texture": "#0"},
				"east": {"uv": [11, 7.625, 11.375, 7.84375], "texture": "#0"},
				"south": {"uv": [10.125, 10.25, 11, 10.46875], "texture": "#0"},
				"west": {"uv": [8.25, 11, 8.625, 11.21875], "texture": "#0"},
				"up": {"uv": [0.875, 9.625, 0, 9.25], "texture": "#0"},
				"down": {"uv": [1.75, 9.25, 0.875, 9.625], "texture": "#0"}
			}
		},
		{
			"from": [-9.25, 3.6875, -6.5],
			"to": [-6.25, 5.4375, -4.5],
			"rotation": {"angle": 0, "axis": "z", "origin": [2.75, 4.4375, -21.5]},
			"faces": {
				"north": {"uv": [11, 6.75, 11.375, 6.96875], "texture": "#0"},
				"east": {"uv": [11.5, 5.125, 11.75, 5.34375], "texture": "#0"},
				"south": {"uv": [11, 7, 11.375, 7.21875], "texture": "#0"},
				"west": {"uv": [11.5, 5.75, 11.75, 5.96875], "texture": "#0"},
				"up": {"uv": [1.125, 11.125, 0.75, 10.875], "texture": "#0"},
				"down": {"uv": [1.5, 10.875, 1.125, 11.125], "texture": "#0"}
			}
		},
		{
			"from": [-9.25, 3.6875, -11.5],
			"to": [-6.25, 5.4375, -9.5],
			"rotation": {"angle": 0, "axis": "z", "origin": [2.75, 4.4375, -21.5]},
			"faces": {
				"north": {"uv": [4.25, 11, 4.625, 11.21875], "texture": "#0"},
				"east": {"uv": [11.5, 4.625, 11.75, 4.84375], "texture": "#0"},
				"south": {"uv": [4.625, 11, 5, 11.21875], "texture": "#0"},
				"west": {"uv": [11.5, 4.875, 11.75, 5.09375], "texture": "#0"},
				"up": {"uv": [0.375, 11.125, 0, 10.875], "texture": "#0"},
				"down": {"uv": [0.75, 10.875, 0.375, 11.125], "texture": "#0"}
			}
		},
		{
			"from": [-6.25, 3.6875, -5.9375],
			"to": [-3.4375, 5.375, -4.5],
			"rotation": {"angle": 45, "axis": "y", "origin": [-6.25, 4.4375, -4.5]},
			"faces": {
				"north": {"uv": [5.75, 11.125, 6.09375, 11.34375], "texture": "#0"},
				"east": {"uv": [11, 11.625, 11.1875, 11.84375], "texture": "#0"},
				"south": {"uv": [11.125, 5.875, 11.46875, 6.09375], "texture": "#0"},
				"west": {"uv": [11.625, 11, 11.8125, 11.21875], "texture": "#0"},
				"up": {"uv": [11.71875, 1.4375, 11.375, 1.25], "texture": "#0"},
				"down": {"uv": [2.34375, 11.375, 2, 11.5625], "texture": "#0"}
			}
		},
		{
			"from": [-8.375, 3.6875, -9.4375],
			"to": [-6.9375, 5.375, -6.625],
			"rotation": {"angle": 45, "axis": "y", "origin": [-6.25, 4.4375, -4.5]},
			"faces": {
				"north": {"uv": [11.625, 10.125, 11.8125, 10.34375], "texture": "#0"},
				"east": {"uv": [11.125, 5.25, 11.46875, 5.46875], "texture": "#0"},
				"south": {"uv": [11.625, 10.375, 11.8125, 10.59375], "texture": "#0"},
				"west": {"uv": [5.375, 11.125, 5.71875, 11.34375], "texture": "#0"},
				"up": {"uv": [1.6875, 11.71875, 1.5, 11.375], "texture": "#0"},
				"down": {"uv": [1.9375, 11.375, 1.75, 11.71875], "texture": "#0"}
			}
		},
		{
			"from": [-2.75, 3.6875, -9.4375],
			"to": [-1.3125, 5.375, -6.625],
			"rotation": {"angle": 45, "axis": "y", "origin": [-6.25, 4.4375, -4.5]},
			"faces": {
				"north": {"uv": [9.625, 11.625, 9.8125, 11.84375], "texture": "#0"},
				"east": {"uv": [5, 11.125, 5.34375, 11.34375], "texture": "#0"},
				"south": {"uv": [11.625, 9.875, 11.8125, 10.09375], "texture": "#0"},
				"west": {"uv": [11.125, 5, 11.46875, 5.21875], "texture": "#0"},
				"up": {"uv": [11.5625, 1.21875, 11.375, 0.875], "texture": "#0"},
				"down": {"uv": [1.4375, 11.375, 1.25, 11.71875], "texture": "#0"}
			}
		},
		{
			"from": [-6.25, 3.6875, -11.5625],
			"to": [-3.4375, 5.375, -10.125],
			"rotation": {"angle": 45, "axis": "y", "origin": [-6.25, 4.4375, -4.5]},
			"faces": {
				"north": {"uv": [11.125, 4.5, 11.46875, 4.71875], "texture": "#0"},
				"east": {"uv": [9.375, 11.625, 9.5625, 11.84375], "texture": "#0"},
				"south": {"uv": [11.125, 4.75, 11.46875, 4.96875], "texture": "#0"},
				"west": {"uv": [11.625, 9.375, 11.8125, 9.59375], "texture": "#0"},
				"up": {"uv": [11.71875, 0.8125, 11.375, 0.625], "texture": "#0"},
				"down": {"uv": [1.21875, 11.375, 0.875, 11.5625], "texture": "#0"}
			}
		},
		{
			"from": [10, 3.6875, -11.5625],
			"to": [12.8125, 5.375, -10.125],
			"rotation": {"angle": 45, "axis": "y", "origin": [10, 4.4375, -4.5]},
			"faces": {
				"north": {"uv": [11.125, 3, 11.46875, 3.21875], "texture": "#0"},
				"east": {"uv": [7.875, 11.625, 8.0625, 11.84375], "texture": "#0"},
				"south": {"uv": [11.125, 4.25, 11.46875, 4.46875], "texture": "#0"},
				"west": {"uv": [9.125, 11.625, 9.3125, 11.84375], "texture": "#0"},
				"up": {"uv": [11.71875, 0.5625, 11.375, 0.375], "texture": "#0"},
				"down": {"uv": [0.84375, 11.375, 0.5, 11.5625], "texture": "#0"}
			}
		},
		{
			"from": [13.5, 3.6875, -9.4375],
			"to": [14.9375, 5.375, -6.625],
			"rotation": {"angle": 45, "axis": "y", "origin": [10, 4.4375, -4.5]},
			"faces": {
				"north": {"uv": [11.625, 7.5, 11.8125, 7.71875], "texture": "#0"},
				"east": {"uv": [2.625, 11.125, 2.96875, 11.34375], "texture": "#0"},
				"south": {"uv": [7.625, 11.625, 7.8125, 11.84375], "texture": "#0"},
				"west": {"uv": [11.125, 2.75, 11.46875, 2.96875], "texture": "#0"},
				"up": {"uv": [11.5625, 0.34375, 11.375, 0], "texture": "#0"},
				"down": {"uv": [0.4375, 11.375, 0.25, 11.71875], "texture": "#0"}
			}
		},
		{
			"from": [7.875, 3.6875, -9.4375],
			"to": [9.3125, 5.375, -6.625],
			"rotation": {"angle": 45, "axis": "y", "origin": [10, 4.4375, -4.5]},
			"faces": {
				"north": {"uv": [11.625, 6.875, 11.8125, 7.09375], "texture": "#0"},
				"east": {"uv": [11.125, 2, 11.46875, 2.21875], "texture": "#0"},
				"south": {"uv": [7.375, 11.625, 7.5625, 11.84375], "texture": "#0"},
				"west": {"uv": [2.25, 11.125, 2.59375, 11.34375], "texture": "#0"},
				"up": {"uv": [11.3125, 11.59375, 11.125, 11.25], "texture": "#0"},
				"down": {"uv": [0.1875, 11.375, 0, 11.71875], "texture": "#0"}
			}
		},
		{
			"from": [10, 3.6875, -5.9375],
			"to": [12.8125, 5.375, -4.5],
			"rotation": {"angle": 45, "axis": "y", "origin": [10, 4.4375, -4.5]},
			"faces": {
				"north": {"uv": [1.5, 11.125, 1.84375, 11.34375], "texture": "#0"},
				"east": {"uv": [11.625, 6.625, 11.8125, 6.84375], "texture": "#0"},
				"south": {"uv": [1.875, 11.125, 2.21875, 11.34375], "texture": "#0"},
				"west": {"uv": [6.75, 11.625, 6.9375, 11.84375], "texture": "#0"},
				"up": {"uv": [11.09375, 11.4375, 10.75, 11.25], "texture": "#0"},
				"down": {"uv": [11.59375, 11, 11.25, 11.1875], "texture": "#0"}
			}
		},
		{
			"from": [7, 3.6875, -11.5],
			"to": [10, 5.4375, -9.5],
			"rotation": {"angle": 0, "axis": "z", "origin": [19, 4.4375, -21.5]},
			"faces": {
				"north": {"uv": [3.875, 11, 4.25, 11.21875], "texture": "#0"},
				"east": {"uv": [11.5, 4.125, 11.75, 4.34375], "texture": "#0"},
				"south": {"uv": [11, 4, 11.375, 4.21875], "texture": "#0"},
				"west": {"uv": [11.5, 4.375, 11.75, 4.59375], "texture": "#0"},
				"up": {"uv": [10.75, 11, 10.375, 10.75], "texture": "#0"},
				"down": {"uv": [11.125, 10.75, 10.75, 11], "texture": "#0"}
			}
		},
		{
			"from": [7, 3.6875, -6.5],
			"to": [10, 5.4375, -4.5],
			"rotation": {"angle": 0, "axis": "z", "origin": [19, 4.4375, -21.5]},
			"faces": {
				"north": {"uv": [3.5, 11, 3.875, 11.21875], "texture": "#0"},
				"east": {"uv": [3.375, 11.5, 3.625, 11.71875], "texture": "#0"},
				"south": {"uv": [11, 3.75, 11.375, 3.96875], "texture": "#0"},
				"west": {"uv": [3.625, 11.5, 3.875, 11.71875], "texture": "#0"},
				"up": {"uv": [10, 11, 9.625, 10.75], "texture": "#0"},
				"down": {"uv": [10.375, 10.75, 10, 11], "texture": "#0"}
			}
		},
		{
			"from": [5, 3.6875, -9.5],
			"to": [12, 5.4375, -6.5],
			"rotation": {"angle": 0, "axis": "z", "origin": [19, 4.4375, -21.5]},
			"faces": {
				"north": {"uv": [10.125, 9.5, 11, 9.71875], "texture": "#0"},
				"east": {"uv": [11, 1, 11.375, 1.21875], "texture": "#0"},
				"south": {"uv": [10.125, 10, 11, 10.21875], "texture": "#0"},
				"west": {"uv": [11, 1.25, 11.375, 1.46875], "texture": "#0"},
				"up": {"uv": [4.75, 9.5, 3.875, 9.125], "texture": "#0"},
				"down": {"uv": [5.625, 9.125, 4.75, 9.5], "texture": "#0"}
			}
		},
		{
			"from": [7.75, 3, 13.625],
			"to": [9.5, 3.25, 15.375],
			"rotation": {"angle": 0, "axis": "z", "origin": [19, 2, 1]},
			"faces": {
				"north": {"uv": [11.125, 7.5, 11.34375, 7.53125], "texture": "#0"},
				"east": {"uv": [11.25, 1.875, 11.46875, 1.90625], "texture": "#0"},
				"south": {"uv": [11.25, 5.75, 11.46875, 5.78125], "texture": "#0"},
				"west": {"uv": [11.5, 8.25, 11.71875, 8.28125], "texture": "#0"},
				"up": {"uv": [8.34375, 11.71875, 8.125, 11.5], "texture": "#0"},
				"down": {"uv": [8.59375, 11.5, 8.375, 11.71875], "texture": "#0"}
			}
		},
		{
			"from": [-8.5, 5.5, -8.875],
			"to": [-6.75, 5.75, -7.125],
			"rotation": {"angle": 0, "axis": "z", "origin": [2.75, 2, 1]},
			"faces": {
				"north": {"uv": [11.75, 0.75, 11.96875, 0.78125], "texture": "#0"},
				"east": {"uv": [11.75, 2.125, 11.96875, 2.15625], "texture": "#0"},
				"south": {"uv": [11.75, 4.25, 11.96875, 4.28125], "texture": "#0"},
				"west": {"uv": [11.75, 4.375, 11.96875, 4.40625], "texture": "#0"},
				"up": {"uv": [11.71875, 9.84375, 11.5, 9.625], "texture": "#0"},
				"down": {"uv": [10.21875, 11.5, 10, 11.71875], "texture": "#0"}
			}
		},
		{
			"from": [7.75, 5.5, -8.875],
			"to": [9.5, 5.75, -7.125],
			"rotation": {"angle": 0, "axis": "z", "origin": [19, 2, 1]},
			"faces": {
				"north": {"uv": [11.625, 5.625, 11.84375, 5.65625], "texture": "#0"},
				"east": {"uv": [11.625, 6.25, 11.84375, 6.28125], "texture": "#0"},
				"south": {"uv": [11.625, 7.125, 11.84375, 7.15625], "texture": "#0"},
				"west": {"uv": [11.625, 10.625, 11.84375, 10.65625], "texture": "#0"},
				"up": {"uv": [8.84375, 11.71875, 8.625, 11.5], "texture": "#0"},
				"down": {"uv": [9.09375, 11.5, 8.875, 11.71875], "texture": "#0"}
			}
		},
		{
			"from": [-7.8125, -2, -9.75],
			"to": [-7.8125, 4, -6.75],
			"faces": {
				"north": {"uv": [0, 0, 0, 0.75], "texture": "#0"},
				"east": {"uv": [4.125, 6.75, 4.5, 7.5], "texture": "#0"},
				"south": {"uv": [0, 0, 0, 0.75], "texture": "#0"},
				"west": {"uv": [1.125, 9.625, 1.5, 10.375], "texture": "#0"},
				"up": {"uv": [0, 0.375, 0, 0], "texture": "#0"},
				"down": {"uv": [0, 0, 0, 0.375], "texture": "#0"}
			}
		},
		{
			"from": [-9.3125, -2, -8.125],
			"to": [-6.3125, 4, -8.125],
			"rotation": {"angle": 0, "axis": "y", "origin": [-7.5625, 0, -8]},
			"faces": {
				"north": {"uv": [3.25, 10, 3.625, 10.75], "texture": "#0"},
				"east": {"uv": [0, 0, 0, 0.75], "texture": "#0"},
				"south": {"uv": [3.625, 10, 4, 10.75], "texture": "#0"},
				"west": {"uv": [0, 0, 0, 0.75], "texture": "#0"},
				"up": {"uv": [0.375, 0, 0, 0], "texture": "#0"},
				"down": {"uv": [0.375, 0, 0, 0], "texture": "#0"}
			}
		},
		{
			"from": [8.4375, -2, -9.75],
			"to": [8.4375, 4, -6.75],
			"faces": {
				"north": {"uv": [0, 0, 0, 0.75], "texture": "#0"},
				"east": {"uv": [4.75, 10, 5.125, 10.75], "texture": "#0"},
				"south": {"uv": [0, 0, 0, 0.75], "texture": "#0"},
				"west": {"uv": [5.125, 10, 5.5, 10.75], "texture": "#0"},
				"up": {"uv": [0, 0.375, 0, 0], "texture": "#0"},
				"down": {"uv": [0, 0, 0, 0.375], "texture": "#0"}
			}
		},
		{
			"from": [6.9375, -2, -8.125],
			"to": [9.9375, 4, -8.125],
			"rotation": {"angle": 0, "axis": "y", "origin": [-7.5625, 0, -8]},
			"faces": {
				"north": {"uv": [4, 10, 4.375, 10.75], "texture": "#0"},
				"east": {"uv": [0, 0, 0, 0.75], "texture": "#0"},
				"south": {"uv": [4.375, 10, 4.75, 10.75], "texture": "#0"},
				"west": {"uv": [0, 0, 0, 0.75], "texture": "#0"},
				"up": {"uv": [0.375, 0, 0, 0], "texture": "#0"},
				"down": {"uv": [0.375, 0, 0, 0], "texture": "#0"}
			}
		},
		{
			"from": [8.4375, -4.75, 13],
			"to": [8.4375, 1.25, 16],
			"faces": {
				"north": {"uv": [0, 0, 0, 0.75], "texture": "#0"},
				"east": {"uv": [8.25, 10, 8.625, 10.75], "texture": "#0"},
				"south": {"uv": [0, 0, 0, 0.75], "texture": "#0"},
				"west": {"uv": [8.625, 10, 9, 10.75], "texture": "#0"},
				"up": {"uv": [0, 0.375, 0, 0], "texture": "#0"},
				"down": {"uv": [0, 0, 0, 0.375], "texture": "#0"}
			}
		},
		{
			"from": [6.9375, -4.75, 14.625],
			"to": [9.9375, 1.25, 14.625],
			"rotation": {"angle": 0, "axis": "y", "origin": [-7.5625, 0, -8]},
			"faces": {
				"north": {"uv": [7.5, 10, 7.875, 10.75], "texture": "#0"},
				"east": {"uv": [0, 0, 0, 0.75], "texture": "#0"},
				"south": {"uv": [7.875, 10, 8.25, 10.75], "texture": "#0"},
				"west": {"uv": [0, 0, 0, 0.75], "texture": "#0"},
				"up": {"uv": [0.375, 0, 0, 0], "texture": "#0"},
				"down": {"uv": [0.375, 0, 0, 0], "texture": "#0"}
			}
		},
		{
			"from": [-9.3125, -4.75, 14.625],
			"to": [-6.3125, 1.25, 14.625],
			"rotation": {"angle": 0, "axis": "y", "origin": [-7.5625, 0, -8]},
			"faces": {
				"north": {"uv": [6.75, 10, 7.125, 10.75], "texture": "#0"},
				"east": {"uv": [0, 0, 0, 0.75], "texture": "#0"},
				"south": {"uv": [7.125, 10, 7.5, 10.75], "texture": "#0"},
				"west": {"uv": [0, 0, 0, 0.75], "texture": "#0"},
				"up": {"uv": [0.375, 0, 0, 0], "texture": "#0"},
				"down": {"uv": [0.375, 0, 0, 0], "texture": "#0"}
			}
		},
		{
			"from": [-7.8125, -4.75, 13],
			"to": [-7.8125, 1.25, 16],
			"faces": {
				"north": {"uv": [0, 0, 0, 0.75], "texture": "#0"},
				"east": {"uv": [6, 10, 6.375, 10.75], "texture": "#0"},
				"south": {"uv": [0, 0, 0, 0.75], "texture": "#0"},
				"west": {"uv": [6.375, 10, 6.75, 10.75], "texture": "#0"},
				"up": {"uv": [0, 0.375, 0, 0], "texture": "#0"},
				"down": {"uv": [0, 0, 0, 0.375], "texture": "#0"}
			}
		}
	],
	"display": {
		"thirdperson_righthand": {
			"rotation": [0, 114, 0],
			"translation": [0.75, 1.5, 0],
			"scale": [0.16, 0.16, 0.16]
		},
		"thirdperson_lefthand": {
			"rotation": [0, 114, 0],
			"translation": [0.75, 1.5, 0],
			"scale": [0.16, 0.16, 0.16]
		},
		"firstperson_righthand": {
			"scale": [0.2, 0.2, 0.2]
		},
		"firstperson_lefthand": {
			"scale": [0.2, 0.2, 0.2]
		},
		"ground": {
			"rotation": [90, -180, 0],
			"translation": [-7.5, 13.75, 7.75]
		},
		"gui": {
			"rotation": [29, -152, 0],
			"translation": [-4.25, 0.75, 0],
			"scale": [0.47, 0.47, 0.47]
		},
		"head": {
			"translation": [7.5, 0, 5.25],
			"scale": [0.94, 0.94, 0.94]
		}
	}
}