{
	"credit": "Made with Blockbench",
	"texture_size": [128, 128],
	"textures": {
		"0": "item/carts/challenger2",
		"particle": "item/carts/challenger2"
	},
	"elements": [
		{
			"name": "BASE",
			"from": [-6, -1, -1],
			"to": [-3, 1, 2],
			"rotation": {"angle": 0, "axis": "y", "origin": [16, -5, 8]},
			"faces": {
				"north": {"uv": [1.375, 5, 1, 5.25], "texture": "#0"},
				"east": {"uv": [4.5, 6.5, 4.125, 6.75], "texture": "#0"},
				"south": {"uv": [4.125, 6.5, 3.75, 6.75], "texture": "#0"},
				"west": {"uv": [3.5, 6.5, 3.125, 6.75], "texture": "#0"},
				"up": {"uv": [1.25, 6.125, 1.625, 5.75], "texture": "#0"},
				"down": {"uv": [1.625, 5.75, 2, 6.125], "texture": "#0"}
			}
		},
		{
			"name": "BASE",
			"from": [-6, 1, -1],
			"to": [22, 1.5, 2],
			"rotation": {"angle": 0, "axis": "y", "origin": [16, -5, 8]},
			"faces": {
				"north": {"uv": [8.25, 4.5, 4.75, 4.5625], "texture": "#0"},
				"east": {"uv": [7.125, 7.125, 6.75, 7.1875], "texture": "#0"},
				"south": {"uv": [8.25, 4.625, 4.75, 4.6875], "texture": "#0"},
				"west": {"uv": [6.75, 7.125, 6.375, 7.1875], "texture": "#0"},
				"up": {"uv": [0, 1.875, 3.5, 1.5], "texture": "#0"},
				"down": {"uv": [0, 1.875, 3.5, 2.25], "texture": "#0"}
			}
		},
		{
			"name": "BASE",
			"from": [-6, 1, 14],
			"to": [22, 1.5, 17],
			"rotation": {"angle": 0, "axis": "y", "origin": [16, -5, 8]},
			"faces": {
				"north": {"uv": [8.25, 4.75, 4.75, 4.8125], "texture": "#0"},
				"east": {"uv": [7.5, 7.125, 7.125, 7.1875], "texture": "#0"},
				"south": {"uv": [8.25, 4.875, 4.75, 4.9375], "texture": "#0"},
				"west": {"uv": [7.5, 7, 7.125, 7.0625], "texture": "#0"},
				"up": {"uv": [0, 2.625, 3.5, 2.25], "texture": "#0"},
				"down": {"uv": [0, 2.625, 3.5, 3], "texture": "#0"}
			}
		},
		{
			"name": "BASE",
			"from": [-6, 1.5, 14],
			"to": [22, 2, 17],
			"rotation": {"angle": 0, "axis": "y", "origin": [16, -5, 8]},
			"faces": {
				"north": {"uv": [8.25, 5, 4.75, 5.0625], "texture": "#0"},
				"east": {"uv": [7.625, 3.125, 7.25, 3.1875], "texture": "#0"},
				"south": {"uv": [8.25, 5.125, 4.75, 5.1875], "texture": "#0"},
				"west": {"uv": [2.75, 7.25, 2.375, 7.3125], "texture": "#0"},
				"up": {"uv": [0, 3.375, 3.5, 3], "texture": "#0"},
				"down": {"uv": [0, 3.375, 3.5, 3.75], "texture": "#0"}
			}
		},
		{
			"name": "BASE",
			"from": [-6, 1.5, -1],
			"to": [22, 2, 2],
			"rotation": {"angle": 0, "axis": "y", "origin": [16, -5, 8]},
			"faces": {
				"north": {"uv": [3.5, 5.25, 0, 5.3125], "texture": "#0"},
				"east": {"uv": [7.625, 3.25, 7.25, 3.3125], "texture": "#0"},
				"south": {"uv": [8.25, 5.25, 4.75, 5.3125], "texture": "#0"},
				"west": {"uv": [3.625, 7.25, 3.25, 7.3125], "texture": "#0"},
				"up": {"uv": [3.5, 0.375, 7, 0], "texture": "#0"},
				"down": {"uv": [3.5, 0.375, 7, 0.75], "texture": "#0"}
			}
		},
		{
			"name": "BASE",
			"from": [-6, 1.5, 3],
			"to": [22, 2, 6],
			"rotation": {"angle": 0, "axis": "y", "origin": [16, -5, 8]},
			"faces": {
				"north": {"uv": [3.5, 5.375, 0, 5.4375], "texture": "#0"},
				"east": {"uv": [7.625, 3.5, 7.25, 3.5625], "texture": "#0"},
				"south": {"uv": [8.25, 5.375, 4.75, 5.4375], "texture": "#0"},
				"west": {"uv": [7.625, 3.375, 7.25, 3.4375], "texture": "#0"},
				"up": {"uv": [3.5, 1.125, 7, 0.75], "texture": "#0"},
				"down": {"uv": [3.5, 1.125, 7, 1.5], "texture": "#0"}
			}
		},
		{
			"name": "BASE",
			"from": [-6, 1.5, 10],
			"to": [22, 2, 13],
			"rotation": {"angle": 0, "axis": "y", "origin": [16, -5, 8]},
			"faces": {
				"north": {"uv": [3.5, 5.5, 0, 5.5625], "texture": "#0"},
				"east": {"uv": [7.625, 3.875, 7.25, 3.9375], "texture": "#0"},
				"south": {"uv": [8.25, 5.5, 4.75, 5.5625], "texture": "#0"},
				"west": {"uv": [7.625, 3.75, 7.25, 3.8125], "texture": "#0"},
				"up": {"uv": [3.5, 1.875, 7, 1.5], "texture": "#0"},
				"down": {"uv": [3.5, 1.875, 7, 2.25], "texture": "#0"}
			}
		},
		{
			"name": "BASE",
			"from": [-6, 1.5, 6.5],
			"to": [22, 2, 9.5],
			"rotation": {"angle": 0, "axis": "y", "origin": [16, -5, 8]},
			"faces": {
				"north": {"uv": [3.5, 5.625, 0, 5.6875], "texture": "#0"},
				"east": {"uv": [7.625, 4.125, 7.25, 4.1875], "texture": "#0"},
				"south": {"uv": [8.25, 5.625, 4.75, 5.6875], "texture": "#0"},
				"west": {"uv": [7.625, 4, 7.25, 4.0625], "texture": "#0"},
				"up": {"uv": [3.5, 2.625, 7, 2.25], "texture": "#0"},
				"down": {"uv": [3.5, 2.625, 7, 3], "texture": "#0"}
			}
		},
		{
			"name": "BASE",
			"from": [-6, -2, 6.5],
			"to": [22, -1, 9.5],
			"rotation": {"angle": 0, "axis": "y", "origin": [16, -5, 8]},
			"faces": {
				"north": {"uv": [7.25, 4.25, 3.75, 4.375], "texture": "#0"},
				"east": {"uv": [7.125, 7, 6.75, 7.125], "texture": "#0"},
				"south": {"uv": [7.25, 4.375, 3.75, 4.5], "texture": "#0"},
				"west": {"uv": [6.75, 7, 6.375, 7.125], "texture": "#0"},
				"up": {"uv": [3.5, 3.375, 7, 3], "texture": "#0"},
				"down": {"uv": [3.5, 3.375, 7, 3.75], "texture": "#0"}
			}
		},
		{
			"name": "BASE",
			"from": [-6, -2, 14],
			"to": [22, -1, 17],
			"rotation": {"angle": 0, "axis": "y", "origin": [16, -5, 8]},
			"faces": {
				"north": {"uv": [7.25, 3.75, 3.75, 3.875], "texture": "#0"},
				"east": {"uv": [6.375, 7, 6, 7.125], "texture": "#0"},
				"south": {"uv": [7.25, 3.875, 3.75, 4], "texture": "#0"},
				"west": {"uv": [7.375, 3.625, 7, 3.75], "texture": "#0"},
				"up": {"uv": [0, 0.375, 3.5, 0], "texture": "#0"},
				"down": {"uv": [0, 0.375, 3.5, 0.75], "texture": "#0"}
			}
		},
		{
			"name": "BASE",
			"from": [-6, -2, -1],
			"to": [22, -1, 2],
			"rotation": {"angle": 0, "axis": "y", "origin": [16, -5, 8]},
			"faces": {
				"north": {"uv": [7.25, 4, 3.75, 4.125], "texture": "#0"},
				"east": {"uv": [7.375, 6.25, 7, 6.375], "texture": "#0"},
				"south": {"uv": [7.25, 4.125, 3.75, 4.25], "texture": "#0"},
				"west": {"uv": [7.375, 6.125, 7, 6.25], "texture": "#0"},
				"up": {"uv": [0, 1.125, 3.5, 0.75], "texture": "#0"},
				"down": {"uv": [0, 1.125, 3.5, 1.5], "texture": "#0"}
			}
		},
		{
			"name": "BASE",
			"from": [-6, 1, 2],
			"to": [-3, 1.5, 14],
			"rotation": {"angle": 0, "axis": "y", "origin": [16, -5, 8]},
			"faces": {
				"north": {"uv": [0.875, 7.25, 0.5, 7.3125], "texture": "#0"},
				"east": {"uv": [7.25, 6.75, 5.75, 6.8125], "texture": "#0"},
				"south": {"uv": [1.625, 7.25, 1.25, 7.3125], "texture": "#0"},
				"west": {"uv": [8.125, 6.375, 6.625, 6.4375], "texture": "#0"},
				"up": {"uv": [1.5, 5.25, 1.875, 3.75], "texture": "#0"},
				"down": {"uv": [1.875, 3.75, 2.25, 5.25], "texture": "#0"}
			}
		},
		{
			"name": "BASE",
			"from": [19, 1, 2],
			"to": [22, 1.5, 14],
			"rotation": {"angle": 0, "axis": "y", "origin": [16, -5, 8]},
			"faces": {
				"north": {"uv": [2, 7.25, 1.625, 7.3125], "texture": "#0"},
				"east": {"uv": [7.25, 6.875, 5.75, 6.9375], "texture": "#0"},
				"south": {"uv": [2.375, 7.25, 2, 7.3125], "texture": "#0"},
				"west": {"uv": [2.75, 6.875, 1.25, 6.9375], "texture": "#0"},
				"up": {"uv": [2.25, 5.25, 2.625, 3.75], "texture": "#0"},
				"down": {"uv": [2.625, 3.75, 3, 5.25], "texture": "#0"}
			}
		},
		{
			"name": "BASE",
			"from": [6.25, 1, 2],
			"to": [9.25, 1.5, 14],
			"rotation": {"angle": 0, "axis": "y", "origin": [16, -5, 8]},
			"faces": {
				"north": {"uv": [5, 7.25, 4.625, 7.3125], "texture": "#0"},
				"east": {"uv": [4.625, 7, 3.125, 7.0625], "texture": "#0"},
				"south": {"uv": [5.375, 7.25, 5, 7.3125], "texture": "#0"},
				"west": {"uv": [8.5, 3, 7, 3.0625], "texture": "#0"},
				"up": {"uv": [3, 5.25, 3.375, 3.75], "texture": "#0"},
				"down": {"uv": [3.375, 3.75, 3.75, 5.25], "texture": "#0"}
			}
		},
		{
			"name": "BASE",
			"from": [6.25, -1, 14],
			"to": [9.25, 1, 17],
			"rotation": {"angle": 0, "axis": "y", "origin": [16, -5, 8]},
			"faces": {
				"north": {"uv": [7.375, 0, 7, 0.25], "texture": "#0"},
				"east": {"uv": [7.375, 0.75, 7, 1], "texture": "#0"},
				"south": {"uv": [7.375, 0.5, 7, 0.75], "texture": "#0"},
				"west": {"uv": [7.375, 0.25, 7, 0.5], "texture": "#0"},
				"up": {"uv": [1.25, 6.5, 1.625, 6.125], "texture": "#0"},
				"down": {"uv": [1.625, 6.125, 2, 6.5], "texture": "#0"}
			}
		},
		{
			"name": "BASE",
			"from": [6.25, -1, -1],
			"to": [9.25, 1, 2],
			"rotation": {"angle": 0, "axis": "y", "origin": [16, -5, 8]},
			"faces": {
				"north": {"uv": [4.5, 6.75, 4.125, 7], "texture": "#0"},
				"east": {"uv": [7.25, 6.5, 6.875, 6.75], "texture": "#0"},
				"south": {"uv": [5.5, 6.75, 5.125, 7], "texture": "#0"},
				"west": {"uv": [5.125, 6.75, 4.75, 7], "texture": "#0"},
				"up": {"uv": [5.5, 6.125, 5.875, 5.75], "texture": "#0"},
				"down": {"uv": [5.875, 5.75, 6.25, 6.125], "texture": "#0"}
			}
		},
		{
			"name": "BASE",
			"from": [6.25, -1, 6.5],
			"to": [9.25, 1, 9.5],
			"rotation": {"angle": 0, "axis": "y", "origin": [16, -5, 8]},
			"faces": {
				"north": {"uv": [7.375, 2.25, 7, 2.5], "texture": "#0"},
				"east": {"uv": [7.375, 2.75, 7, 3], "texture": "#0"},
				"south": {"uv": [7.375, 2.5, 7, 2.75], "texture": "#0"},
				"west": {"uv": [2.75, 7, 2.375, 7.25], "texture": "#0"},
				"up": {"uv": [4.75, 6.5, 5.125, 6.125], "texture": "#0"},
				"down": {"uv": [5.125, 6.125, 5.5, 6.5], "texture": "#0"}
			}
		},
		{
			"name": "BASE",
			"from": [19, -1, -1],
			"to": [22, 1, 2],
			"rotation": {"angle": 0, "axis": "y", "origin": [16, -5, 8]},
			"faces": {
				"north": {"uv": [2.75, 6.625, 2.375, 6.875], "texture": "#0"},
				"east": {"uv": [4.125, 6.75, 3.75, 7], "texture": "#0"},
				"south": {"uv": [3.5, 6.75, 3.125, 7], "texture": "#0"},
				"west": {"uv": [7, 6.125, 6.625, 6.375], "texture": "#0"},
				"up": {"uv": [4.75, 6.125, 5.125, 5.75], "texture": "#0"},
				"down": {"uv": [5.125, 5.75, 5.5, 6.125], "texture": "#0"}
			}
		},
		{
			"name": "BASE",
			"from": [19.75, -0.5, 2],
			"to": [21.25, 0.5, 16],
			"rotation": {"angle": 0, "axis": "y", "origin": [16, -5, 8]},
			"faces": {
				"north": {"uv": [0.6875, 7.125, 0.5, 7.25], "texture": "#0"},
				"east": {"uv": [9.125, 2.875, 7.375, 3], "texture": "#0"},
				"south": {"uv": [0.9375, 7.125, 0.75, 7.25], "texture": "#0"},
				"west": {"uv": [8.875, 6, 7.125, 6.125], "texture": "#0"},
				"up": {"uv": [0.5, 9.125, 0.6875, 7.375], "texture": "#0"},
				"down": {"uv": [4.625, 7.375, 4.8125, 9.125], "texture": "#0"}
			}
		},
		{
			"name": "BASE",
			"from": [-5.25, -0.5, 2],
			"to": [-3.75, 0.5, 16],
			"rotation": {"angle": 0, "axis": "y", "origin": [16, -5, 8]},
			"faces": {
				"north": {"uv": [4.9375, 7, 4.75, 7.125], "texture": "#0"},
				"east": {"uv": [8.875, 5.875, 7.125, 6], "texture": "#0"},
				"south": {"uv": [5.9375, 7, 5.75, 7.125], "texture": "#0"},
				"west": {"uv": [8.875, 5.75, 7.125, 5.875], "texture": "#0"},
				"up": {"uv": [3.75, 8.875, 3.9375, 7.125], "texture": "#0"},
				"down": {"uv": [4, 7.125, 4.1875, 8.875], "texture": "#0"}
			}
		},
		{
			"name": "BASE",
			"from": [19, -1, 14],
			"to": [22, 1, 17],
			"rotation": {"angle": 0, "axis": "y", "origin": [16, -5, 8]},
			"faces": {
				"north": {"uv": [6.875, 6.5, 6.5, 6.75], "texture": "#0"},
				"east": {"uv": [2.375, 6.625, 2, 6.875], "texture": "#0"},
				"south": {"uv": [2, 6.625, 1.625, 6.875], "texture": "#0"},
				"west": {"uv": [1.625, 6.625, 1.25, 6.875], "texture": "#0"},
				"up": {"uv": [2.75, 6.125, 3.125, 5.75], "texture": "#0"},
				"down": {"uv": [3.125, 5.75, 3.5, 6.125], "texture": "#0"}
			}
		},
		{
			"name": "BASE",
			"from": [19, -1, 6.5],
			"to": [22, 1, 9.5],
			"rotation": {"angle": 0, "axis": "y", "origin": [16, -5, 8]},
			"faces": {
				"north": {"uv": [7.375, 1, 7, 1.25], "texture": "#0"},
				"east": {"uv": [7.375, 1.5, 7, 1.75], "texture": "#0"},
				"south": {"uv": [7.375, 1.25, 7, 1.5], "texture": "#0"},
				"west": {"uv": [1.625, 7, 1.25, 7.25], "texture": "#0"},
				"up": {"uv": [2, 6.5, 2.375, 6.125], "texture": "#0"},
				"down": {"uv": [2.375, 6.125, 2.75, 6.5], "texture": "#0"}
			}
		},
		{
			"name": "BASE",
			"from": [-6, -1, 6.5],
			"to": [-3, 1, 9.5],
			"rotation": {"angle": 0, "axis": "y", "origin": [16, -5, 8]},
			"faces": {
				"north": {"uv": [2, 7, 1.625, 7.25], "texture": "#0"},
				"east": {"uv": [7.375, 2, 7, 2.25], "texture": "#0"},
				"south": {"uv": [2.375, 7, 2, 7.25], "texture": "#0"},
				"west": {"uv": [7.375, 1.75, 7, 2], "texture": "#0"},
				"up": {"uv": [2.75, 6.5, 3.125, 6.125], "texture": "#0"},
				"down": {"uv": [3.125, 6.125, 3.5, 6.5], "texture": "#0"}
			}
		},
		{
			"name": "BASE",
			"from": [-6, -1, 14],
			"to": [-3, 1, 17],
			"rotation": {"angle": 0, "axis": "y", "origin": [16, -5, 8]},
			"faces": {
				"north": {"uv": [5.125, 6.5, 4.75, 6.75], "texture": "#0"},
				"east": {"uv": [6.5, 6.5, 6.125, 6.75], "texture": "#0"},
				"south": {"uv": [6.125, 6.5, 5.75, 6.75], "texture": "#0"},
				"west": {"uv": [5.5, 6.5, 5.125, 6.75], "texture": "#0"},
				"up": {"uv": [2, 6.125, 2.375, 5.75], "texture": "#0"},
				"down": {"uv": [2.375, 5.75, 2.75, 6.125], "texture": "#0"}
			}
		},
		{
			"from": [-3.75, 2.675, 4],
			"to": [-2.75, 13.675, 5],
			"rotation": {"angle": -22.5, "axis": "z", "origin": [-4.25, -5, 0]},
			"faces": {
				"north": {"uv": [0.375, 5.75, 0.25, 7.125], "texture": "#0"},
				"east": {"uv": [0.75, 5.75, 0.625, 7.125], "texture": "#0"},
				"south": {"uv": [0.625, 5.75, 0.5, 7.125], "texture": "#0"},
				"west": {"uv": [0.5, 5.75, 0.375, 7.125], "texture": "#0"},
				"up": {"uv": [7.25, 6.625, 7.375, 6.5], "texture": "#0"},
				"down": {"uv": [6.625, 7.25, 6.75, 7.375], "texture": "#0"}
			}
		},
		{
			"from": [10.25, 2.675, 3.75],
			"to": [11.25, 16.675, 5.25],
			"rotation": {"angle": 22.5, "axis": "z", "origin": [11.75, -5, 0]},
			"faces": {
				"north": {"uv": [3.625, 5.25, 3.5, 7], "texture": "#0"},
				"east": {"uv": [4.1875, 4.5, 4, 6.25], "texture": "#0"},
				"south": {"uv": [3.75, 5.25, 3.625, 7], "texture": "#0"},
				"west": {"uv": [3.9375, 4.5, 3.75, 6.25], "texture": "#0"},
				"up": {"uv": [0.875, 7.4375, 1, 7.25], "texture": "#0"},
				"down": {"uv": [3.625, 7.25, 3.75, 7.4375], "texture": "#0"}
			}
		},
		{
			"from": [10.25, 2.675, 10.75],
			"to": [11.25, 16.675, 12.25],
			"rotation": {"angle": 22.5, "axis": "z", "origin": [11.75, -5, 0]},
			"faces": {
				"north": {"uv": [0.125, 5.75, 0, 7.5], "texture": "#0"},
				"east": {"uv": [4.6875, 4.5, 4.5, 6.25], "texture": "#0"},
				"south": {"uv": [0.25, 5.75, 0.125, 7.5], "texture": "#0"},
				"west": {"uv": [4.4375, 4.5, 4.25, 6.25], "texture": "#0"},
				"up": {"uv": [4.25, 7.4375, 4.375, 7.25], "texture": "#0"},
				"down": {"uv": [7.25, 4.25, 7.375, 4.4375], "texture": "#0"}
			}
		},
		{
			"from": [-3.75, 2.675, 11],
			"to": [-2.75, 13.675, 12],
			"rotation": {"angle": -22.5, "axis": "z", "origin": [-4.25, -5, 0]},
			"faces": {
				"north": {"uv": [0.875, 5.75, 0.75, 7.125], "texture": "#0"},
				"east": {"uv": [1.25, 5.75, 1.125, 7.125], "texture": "#0"},
				"south": {"uv": [1.125, 5.75, 1, 7.125], "texture": "#0"},
				"west": {"uv": [1, 5.75, 0.875, 7.125], "texture": "#0"},
				"up": {"uv": [7.25, 6.75, 7.375, 6.625], "texture": "#0"},
				"down": {"uv": [6.75, 7.25, 6.875, 7.375], "texture": "#0"}
			}
		},
		{
			"from": [1.675, 7, 11.1],
			"to": [8.675, 8, 11.9],
			"rotation": {"angle": 0, "axis": "z", "origin": [-4.25, -5, 0]},
			"faces": {
				"north": {"uv": [6.625, 6.125, 5.75, 6.25], "texture": "#0"},
				"east": {"uv": [7, 7.25, 6.875, 7.375], "texture": "#0"},
				"south": {"uv": [4.625, 6.25, 3.75, 6.375], "texture": "#0"},
				"west": {"uv": [7.375, 6.75, 7.25, 6.875], "texture": "#0"},
				"up": {"uv": [5.75, 6.375, 6.625, 6.25], "texture": "#0"},
				"down": {"uv": [6.25, 5.75, 7.125, 5.875], "texture": "#0"}
			}
		},
		{
			"from": [1.675, 7, 4.1],
			"to": [8.675, 8, 4.9],
			"rotation": {"angle": 0, "axis": "z", "origin": [-4.25, -5, 0]},
			"faces": {
				"north": {"uv": [7.125, 5.875, 6.25, 6], "texture": "#0"},
				"east": {"uv": [7.125, 7.25, 7, 7.375], "texture": "#0"},
				"south": {"uv": [7.125, 6, 6.25, 6.125], "texture": "#0"},
				"west": {"uv": [7.375, 6.875, 7.25, 7], "texture": "#0"},
				"up": {"uv": [3.75, 6.5, 4.625, 6.375], "texture": "#0"},
				"down": {"uv": [5.75, 6.375, 6.625, 6.5], "texture": "#0"}
			}
		},
		{
			"from": [1.675, 7, 4.85],
			"to": [2.675, 8, 11.15],
			"rotation": {"angle": 0, "axis": "z", "origin": [-4.25, -5, 0]},
			"faces": {
				"north": {"uv": [7.25, 7.25, 7.125, 7.375], "texture": "#0"},
				"east": {"uv": [2.9375, 6.5, 2.125, 6.625], "texture": "#0"},
				"south": {"uv": [7.375, 7.25, 7.25, 7.375], "texture": "#0"},
				"west": {"uv": [2.0625, 6.5, 1.25, 6.625], "texture": "#0"},
				"up": {"uv": [4.625, 7.0625, 4.75, 6.25], "texture": "#0"},
				"down": {"uv": [3, 6.5, 3.125, 7.3125], "texture": "#0"}
			}
		},
		{
			"from": [2.675, 7.75, 4.85],
			"to": [8.675, 7.75, 11.15],
			"rotation": {"angle": 0, "axis": "z", "origin": [-4.25, -5, 0]},
			"faces": {
				"north": {"uv": [0.75, 0, 0, 0], "texture": "#0"},
				"east": {"uv": [0.8125, 0, 0, 0], "texture": "#0"},
				"south": {"uv": [0.75, 0, 0, 0], "texture": "#0"},
				"west": {"uv": [0.8125, 0, 0, 0], "texture": "#0"},
				"up": {"uv": [0, 4.5625, 0.75, 3.75], "texture": "#0"},
				"down": {"uv": [0.75, 3.75, 0, 4.5625], "texture": "#0"}
			}
		},
		{
			"from": [8.675, 7, 4.1],
			"to": [9.675, 8, 11.9],
			"rotation": {"angle": 0, "axis": "z", "origin": [-4.25, -5, 0]},
			"faces": {
				"north": {"uv": [7.5, 0, 7.375, 0.125], "texture": "#0"},
				"east": {"uv": [1, 5.125, 0, 5.25], "texture": "#0"},
				"south": {"uv": [7.5, 0.125, 7.375, 0.25], "texture": "#0"},
				"west": {"uv": [1, 5, 0, 5.125], "texture": "#0"},
				"up": {"uv": [5.5, 7.125, 5.625, 6.125], "texture": "#0"},
				"down": {"uv": [5.625, 6.125, 5.75, 7.125], "texture": "#0"}
			}
		},
		{
			"from": [9.275, 7.4, 5.25],
			"to": [9.775, 10.4, 10.75],
			"rotation": {"angle": 22.5, "axis": "z", "origin": [-4.25, -5, 0]},
			"faces": {
				"north": {"uv": [4.4375, 7.25, 4.375, 7.625], "texture": "#0"},
				"east": {"uv": [1.4375, 4.625, 0.75, 5], "texture": "#0"},
				"south": {"uv": [4.5625, 7.25, 4.5, 7.625], "texture": "#0"},
				"west": {"uv": [0.6875, 4.625, 0, 5], "texture": "#0"},
				"up": {"uv": [0.25, 7.8125, 0.3125, 7.125], "texture": "#0"},
				"down": {"uv": [0.375, 7.125, 0.4375, 7.8125], "texture": "#0"}
			}
		},
		{
			"name": "hexadecagon",
			"from": [18.08246, -4.97368, -7.86821],
			"to": [20.04417, -3.02881, -1.05639],
			"rotation": {"angle": 45, "axis": "z", "origin": [18.66028, 0.36044, -5.18589]},
			"faces": {
				"north": {"uv": [3, 6.625, 2.75, 6.875], "texture": "#0"},
				"east": {"uv": [8.25, 6.125, 7.375, 6.375], "texture": "#0"},
				"south": {"uv": [3, 6.875, 2.75, 7.125], "texture": "#0"},
				"west": {"uv": [8.25, 4.25, 7.375, 4.5], "texture": "#0"},
				"up": {"uv": [0.75, 4.625, 1, 3.75], "texture": "#0"},
				"down": {"uv": [1, 3.75, 1.25, 4.625], "texture": "#0"}
			}
		},
		{
			"name": "hexadecagon",
			"from": [18.20601, -4.78877, -7.86821],
			"to": [20.16772, -2.8439, -1.05639],
			"rotation": {"angle": 22.5, "axis": "z", "origin": [18.66028, 0.36044, -5.18589]},
			"faces": {
				"north": {"uv": [7.25, 3.125, 7, 3.375], "texture": "#0"},
				"east": {"uv": [8.25, 6.75, 7.375, 7], "texture": "#0"},
				"south": {"uv": [7.25, 3.375, 7, 3.625], "texture": "#0"},
				"west": {"uv": [8.25, 6.5, 7.375, 6.75], "texture": "#0"},
				"up": {"uv": [1.25, 4.625, 1.5, 3.75], "texture": "#0"},
				"down": {"uv": [4.875, 7.375, 5.125, 8.25], "texture": "#0"}
			}
		},
		{
			"name": "hexadecagon",
			"from": [18.2494, -4.57065, -7.86821],
			"to": [20.21111, -2.62578, -1.05639],
			"rotation": {"angle": 0, "axis": "y", "origin": [18.66028, 0.36044, -5.18589]},
			"faces": {
				"north": {"uv": [5.375, 7, 5.125, 7.25], "texture": "#0"},
				"east": {"uv": [8.375, 0, 7.5, 0.25], "texture": "#0"},
				"south": {"uv": [1.25, 7.125, 1, 7.375], "texture": "#0"},
				"west": {"uv": [8, 7.375, 7.125, 7.625], "texture": "#0"},
				"up": {"uv": [5.125, 8.25, 5.375, 7.375], "texture": "#0"},
				"down": {"uv": [0, 7.5, 0.25, 8.375], "texture": "#0"}
			}
		},
		{
			"name": "hexadecagon",
			"from": [18.20601, -4.35253, -7.86821],
			"to": [20.16772, -2.40766, -1.05639],
			"rotation": {"angle": -22.5, "axis": "z", "origin": [18.66028, 0.36044, -5.18589]},
			"faces": {
				"north": {"uv": [3, 7.125, 2.75, 7.375], "texture": "#0"},
				"east": {"uv": [8.5, 3.125, 7.625, 3.375], "texture": "#0"},
				"south": {"uv": [11, 4.625, 10.75, 4.875], "texture": "#0"},
				"west": {"uv": [8.375, 7, 7.5, 7.25], "texture": "#0"},
				"up": {"uv": [0.75, 8.375, 1, 7.5], "texture": "#0"},
				"down": {"uv": [7.625, 3.375, 7.875, 4.25], "texture": "#0"}
			}
		},
		{
			"name": "hexadecagon",
			"from": [18.08246, -4.16762, -7.86821],
			"to": [20.04417, -2.22275, -1.05639],
			"rotation": {"angle": -45, "axis": "z", "origin": [18.66028, 0.36044, -5.18589]},
			"faces": {
				"north": {"uv": [6.375, 10.75, 6.125, 11], "texture": "#0"},
				"east": {"uv": [8.75, 3.375, 7.875, 3.625], "texture": "#0"},
				"south": {"uv": [6.625, 10.75, 6.375, 11], "texture": "#0"},
				"west": {"uv": [8, 7.625, 7.125, 7.875], "texture": "#0"},
				"up": {"uv": [4.25, 8.5, 4.5, 7.625], "texture": "#0"},
				"down": {"uv": [0.25, 7.875, 0.5, 8.75], "texture": "#0"}
			}
		},
		{
			"name": "hexadecagon",
			"from": [18.08246, 2.94362, -7.86821],
			"to": [20.04417, 4.8885, -1.05639],
			"rotation": {"angle": 45, "axis": "z", "origin": [18.66028, 0.36044, -5.18589]},
			"faces": {
				"north": {"uv": [6.875, 10.75, 6.625, 11], "texture": "#0"},
				"east": {"uv": [8.75, 3.875, 7.875, 4.125], "texture": "#0"},
				"south": {"uv": [7.75, 10.75, 7.5, 11], "texture": "#0"},
				"west": {"uv": [8.75, 3.625, 7.875, 3.875], "texture": "#0"},
				"up": {"uv": [7.125, 8.75, 7.375, 7.875], "texture": "#0"},
				"down": {"uv": [7.375, 7.875, 7.625, 8.75], "texture": "#0"}
			}
		},
		{
			"name": "hexadecagon",
			"from": [18.20601, 3.12854, -7.86821],
			"to": [20.16772, 5.07341, -1.05639],
			"rotation": {"angle": 22.5, "axis": "z", "origin": [18.66028, 0.36044, -5.18589]},
			"faces": {
				"north": {"uv": [11, 8.625, 10.75, 8.875], "texture": "#0"},
				"east": {"uv": [6.25, 8, 5.375, 8.25], "texture": "#0"},
				"south": {"uv": [11, 8.875, 10.75, 9.125], "texture": "#0"},
				"west": {"uv": [8.5, 7.875, 7.625, 8.125], "texture": "#0"},
				"up": {"uv": [7.625, 9, 7.875, 8.125], "texture": "#0"},
				"down": {"uv": [7.875, 8.125, 8.125, 9], "texture": "#0"}
			}
		},
		{
			"name": "hexadecagon",
			"from": [18.2494, 3.34666, -7.86821],
			"to": [20.21111, 5.29153, -1.05639],
			"rotation": {"angle": 0, "axis": "y", "origin": [18.66028, 0.36044, -5.18589]},
			"faces": {
				"north": {"uv": [11, 9.125, 10.75, 9.375], "texture": "#0"},
				"east": {"uv": [8.875, 7.5, 8, 7.75], "texture": "#0"},
				"south": {"uv": [11, 9.375, 10.75, 9.625], "texture": "#0"},
				"west": {"uv": [8.875, 7.25, 8, 7.5], "texture": "#0"},
				"up": {"uv": [8.125, 9, 8.375, 8.125], "texture": "#0"},
				"down": {"uv": [8.25, 0.25, 8.5, 1.125], "texture": "#0"}
			}
		},
		{
			"name": "hexadecagon",
			"from": [18.20601, 3.56478, -7.86821],
			"to": [20.16772, 5.50965, -1.05639],
			"rotation": {"angle": -22.5, "axis": "z", "origin": [18.66028, 0.36044, -5.18589]},
			"faces": {
				"north": {"uv": [0.75, 10.875, 0.5, 11.125], "texture": "#0"},
				"east": {"uv": [9.125, 1.125, 8.25, 1.375], "texture": "#0"},
				"south": {"uv": [11.125, 1, 10.875, 1.25], "texture": "#0"},
				"west": {"uv": [1.875, 8.25, 1, 8.5], "texture": "#0"},
				"up": {"uv": [8.25, 2.25, 8.5, 1.375], "texture": "#0"},
				"down": {"uv": [1.875, 8.25, 2.125, 9.125], "texture": "#0"}
			}
		},
		{
			"name": "hexadecagon",
			"from": [18.08246, 3.74969, -7.86821],
			"to": [20.04417, 5.69456, -1.05639],
			"rotation": {"angle": -45, "axis": "z", "origin": [18.66028, 0.36044, -5.18589]},
			"faces": {
				"north": {"uv": [2, 10.875, 1.75, 11.125], "texture": "#0"},
				"east": {"uv": [9.125, 2.25, 8.25, 2.5], "texture": "#0"},
				"south": {"uv": [11.125, 2.125, 10.875, 2.375], "texture": "#0"},
				"west": {"uv": [3, 8.25, 2.125, 8.5], "texture": "#0"},
				"up": {"uv": [3, 9.125, 3.25, 8.25], "texture": "#0"},
				"down": {"uv": [3.25, 8.25, 3.5, 9.125], "texture": "#0"}
			}
		},
		{
			"name": "hexadecagon",
			"from": [22.17308, -0.83853, -7.86821],
			"to": [24.11795, 1.12317, -1.05639],
			"rotation": {"angle": 22.5, "axis": "z", "origin": [18.66028, 0.36044, -5.18589]},
			"faces": {
				"north": {"uv": [11.125, 2.375, 10.875, 2.625], "texture": "#0"},
				"east": {"uv": [9.125, 4.125, 8.25, 4.375], "texture": "#0"},
				"south": {"uv": [11.125, 2.625, 10.875, 2.875], "texture": "#0"},
				"west": {"uv": [9.125, 2.5, 8.25, 2.75], "texture": "#0"},
				"up": {"uv": [3.5, 9.125, 3.75, 8.25], "texture": "#0"},
				"down": {"uv": [8.25, 4.375, 8.5, 5.25], "texture": "#0"}
			}
		},
		{
			"name": "hexadecagon",
			"from": [22.21647, -0.62041, -7.86821],
			"to": [24.16134, 1.34129, -1.05639],
			"rotation": {"angle": 0, "axis": "y", "origin": [18.66028, 0.36044, -5.18589]},
			"faces": {
				"north": {"uv": [3, 10.875, 2.75, 11.125], "texture": "#0"},
				"east": {"uv": [9.125, 5.25, 8.25, 5.5], "texture": "#0"},
				"south": {"uv": [3.25, 10.875, 3, 11.125], "texture": "#0"},
				"west": {"uv": [5.75, 8.25, 4.875, 8.5], "texture": "#0"},
				"up": {"uv": [5.75, 9.125, 6, 8.25], "texture": "#0"},
				"down": {"uv": [6, 8.25, 6.25, 9.125], "texture": "#0"}
			}
		},
		{
			"name": "hexadecagon",
			"from": [22.17308, -0.4023, -7.86821],
			"to": [24.11795, 1.55941, -1.05639],
			"rotation": {"angle": -22.5, "axis": "z", "origin": [18.66028, 0.36044, -5.18589]},
			"faces": {
				"north": {"uv": [3.5, 10.875, 3.25, 11.125], "texture": "#0"},
				"east": {"uv": [9.125, 6.125, 8.25, 6.375], "texture": "#0"},
				"south": {"uv": [11.125, 3.875, 10.875, 4.125], "texture": "#0"},
				"west": {"uv": [9.125, 5.5, 8.25, 5.75], "texture": "#0"},
				"up": {"uv": [6.25, 9.125, 6.5, 8.25], "texture": "#0"},
				"down": {"uv": [6.5, 8.25, 6.75, 9.125], "texture": "#0"}
			}
		},
		{
			"name": "hexadecagon",
			"from": [14.25578, -0.83853, -7.86821],
			"to": [16.20065, 1.12317, -1.05639],
			"rotation": {"angle": 22.5, "axis": "z", "origin": [18.66028, 0.36044, -5.18589]},
			"faces": {
				"north": {"uv": [4.75, 10.875, 4.5, 11.125], "texture": "#0"},
				"east": {"uv": [9.125, 6.625, 8.25, 6.875], "texture": "#0"},
				"south": {"uv": [11.125, 4.875, 10.875, 5.125], "texture": "#0"},
				"west": {"uv": [9.125, 6.375, 8.25, 6.625], "texture": "#0"},
				"up": {"uv": [6.75, 9.125, 7, 8.25], "texture": "#0"},
				"down": {"uv": [0, 8.375, 0.25, 9.25], "texture": "#0"}
			}
		},
		{
			"name": "hexadecagon",
			"from": [14.29916, -0.62041, -7.86821],
			"to": [16.24403, 1.34129, -1.05639],
			"rotation": {"angle": 0, "axis": "y", "origin": [18.66028, 0.36044, -5.18589]},
			"faces": {
				"north": {"uv": [11.125, 5.125, 10.875, 5.375], "texture": "#0"},
				"east": {"uv": [9.25, 6.875, 8.375, 7.125], "texture": "#0"},
				"south": {"uv": [5.75, 10.875, 5.5, 11.125], "texture": "#0"},
				"west": {"uv": [9.25, 0, 8.375, 0.25], "texture": "#0"},
				"up": {"uv": [0.75, 9.25, 1, 8.375], "texture": "#0"},
				"down": {"uv": [8.375, 8.125, 8.625, 9], "texture": "#0"}
			}
		},
		{
			"name": "hexadecagon",
			"from": [16.04916, -2.87041, -6.86821],
			"to": [22.49403, 3.59129, -6.05639],
			"rotation": {"angle": 0, "axis": "y", "origin": [18.66028, 0.36044, -5.18589]},
			"faces": {
				"north": {"uv": [6.1875, 7.125, 5.375, 7.9375], "texture": "#0"},
				"east": {"uv": [6.125, 10, 6, 10.8125], "texture": "#0"},
				"south": {"uv": [8.1875, 0.25, 7.375, 1.0625], "texture": "#0"},
				"west": {"uv": [4.625, 7.625, 4.5, 8.4375], "texture": "#0"},
				"up": {"uv": [4.25, 7.25, 5.0625, 7.125], "texture": "#0"},
				"down": {"uv": [8.25, 2.75, 9.0625, 2.875], "texture": "#0"}
			}
		},
		{
			"name": "hexadecagon",
			"from": [14.25578, -0.4023, -7.86821],
			"to": [16.20065, 1.55941, -1.05639],
			"rotation": {"angle": -22.5, "axis": "z", "origin": [18.66028, 0.36044, -5.18589]},
			"faces": {
				"north": {"uv": [6, 10.875, 5.75, 11.125], "texture": "#0"},
				"east": {"uv": [9.375, 0.5, 8.5, 0.75], "texture": "#0"},
				"south": {"uv": [11.125, 5.875, 10.875, 6.125], "texture": "#0"},
				"west": {"uv": [9.375, 0.25, 8.5, 0.5], "texture": "#0"},
				"up": {"uv": [1, 9.375, 1.25, 8.5], "texture": "#0"},
				"down": {"uv": [1.25, 8.5, 1.5, 9.375], "texture": "#0"}
			}
		},
		{
			"name": "hexadecagon",
			"from": [-2.91754, -4.97368, -7.86821],
			"to": [-0.95583, -3.02881, -1.05639],
			"rotation": {"angle": 45, "axis": "z", "origin": [-2.33972, 0.36044, -5.18589]},
			"faces": {
				"north": {"uv": [11.125, 6.125, 10.875, 6.375], "texture": "#0"},
				"east": {"uv": [9.375, 1.375, 8.5, 1.625], "texture": "#0"},
				"south": {"uv": [11.125, 6.375, 10.875, 6.625], "texture": "#0"},
				"west": {"uv": [9.375, 0.75, 8.5, 1], "texture": "#0"},
				"up": {"uv": [1.5, 9.375, 1.75, 8.5], "texture": "#0"},
				"down": {"uv": [2.125, 8.5, 2.375, 9.375], "texture": "#0"}
			}
		},
		{
			"name": "hexadecagon",
			"from": [-2.79399, -4.78877, -7.86821],
			"to": [-0.83228, -2.8439, -1.05639],
			"rotation": {"angle": 22.5, "axis": "z", "origin": [-2.33972, 0.36044, -5.18589]},
			"faces": {
				"north": {"uv": [8, 10.875, 7.75, 11.125], "texture": "#0"},
				"east": {"uv": [9.375, 1.875, 8.5, 2.125], "texture": "#0"},
				"south": {"uv": [8.25, 10.875, 8, 11.125], "texture": "#0"},
				"west": {"uv": [9.375, 1.625, 8.5, 1.875], "texture": "#0"},
				"up": {"uv": [2.375, 9.375, 2.625, 8.5], "texture": "#0"},
				"down": {"uv": [2.625, 8.5, 2.875, 9.375], "texture": "#0"}
			}
		},
		{
			"name": "hexadecagon",
			"from": [-2.7506, -4.57065, -7.86821],
			"to": [-0.78889, -2.62578, -1.05639],
			"rotation": {"angle": 0, "axis": "y", "origin": [-2.33972, 0.36044, -5.18589]},
			"faces": {
				"north": {"uv": [9.375, 10.875, 9.125, 11.125], "texture": "#0"},
				"east": {"uv": [9.375, 4.375, 8.5, 4.625], "texture": "#0"},
				"south": {"uv": [9.625, 10.875, 9.375, 11.125], "texture": "#0"},
				"west": {"uv": [9.375, 3, 8.5, 3.25], "texture": "#0"},
				"up": {"uv": [4.25, 9.375, 4.5, 8.5], "texture": "#0"},
				"down": {"uv": [4.875, 8.5, 5.125, 9.375], "texture": "#0"}
			}
		},
		{
			"name": "hexadecagon",
			"from": [-2.79399, -4.35253, -7.86821],
			"to": [-0.83228, -2.40766, -1.05639],
			"rotation": {"angle": -22.5, "axis": "z", "origin": [-2.33972, 0.36044, -5.18589]},
			"faces": {
				"north": {"uv": [10.875, 10.875, 10.625, 11.125], "texture": "#0"},
				"east": {"uv": [9.375, 4.875, 8.5, 5.125], "texture": "#0"},
				"south": {"uv": [11.125, 10.875, 10.875, 11.125], "texture": "#0"},
				"west": {"uv": [9.375, 4.625, 8.5, 4.875], "texture": "#0"},
				"up": {"uv": [5.125, 9.375, 5.375, 8.5], "texture": "#0"},
				"down": {"uv": [5.375, 8.5, 5.625, 9.375], "texture": "#0"}
			}
		},
		{
			"name": "hexadecagon",
			"from": [-2.91754, -4.16762, -7.86821],
			"to": [-0.95583, -2.22275, -1.05639],
			"rotation": {"angle": -45, "axis": "z", "origin": [-2.33972, 0.36044, -5.18589]},
			"faces": {
				"north": {"uv": [0.25, 11, 0, 11.25], "texture": "#0"},
				"east": {"uv": [9.5, 8, 8.625, 8.25], "texture": "#0"},
				"south": {"uv": [11.25, 0, 11, 0.25], "texture": "#0"},
				"west": {"uv": [9.375, 7.75, 8.5, 8], "texture": "#0"},
				"up": {"uv": [8.625, 9.125, 8.875, 8.25], "texture": "#0"},
				"down": {"uv": [0.25, 8.75, 0.5, 9.625], "texture": "#0"}
			}
		},
		{
			"name": "hexadecagon",
			"from": [-2.91754, 2.94362, -7.86821],
			"to": [-0.95583, 4.8885, -1.05639],
			"rotation": {"angle": 45, "axis": "z", "origin": [-2.33972, 0.36044, -5.18589]},
			"faces": {
				"north": {"uv": [1, 11, 0.75, 11.25], "texture": "#0"},
				"east": {"uv": [9.625, 3.5, 8.75, 3.75], "texture": "#0"},
				"south": {"uv": [11.25, 1.25, 11, 1.5], "texture": "#0"},
				"west": {"uv": [9.625, 3.25, 8.75, 3.5], "texture": "#0"},
				"up": {"uv": [7, 9.625, 7.25, 8.75], "texture": "#0"},
				"down": {"uv": [7.25, 8.75, 7.5, 9.625], "texture": "#0"}
			}
		},
		{
			"name": "hexadecagon",
			"from": [-2.79399, 3.12854, -7.86821],
			"to": [-0.83228, 5.07341, -1.05639],
			"rotation": {"angle": 22.5, "axis": "z", "origin": [-2.33972, 0.36044, -5.18589]},
			"faces": {
				"north": {"uv": [11.25, 1.5, 11, 1.75], "texture": "#0"},
				"east": {"uv": [9.75, 5.75, 8.875, 6], "texture": "#0"},
				"south": {"uv": [11.25, 1.75, 11, 2], "texture": "#0"},
				"west": {"uv": [9.625, 3.75, 8.75, 4], "texture": "#0"},
				"up": {"uv": [3.75, 9.75, 4, 8.875], "texture": "#0"},
				"down": {"uv": [4, 8.875, 4.25, 9.75], "texture": "#0"}
			}
		},
		{
			"name": "hexadecagon",
			"from": [-2.7506, 3.34666, -7.86821],
			"to": [-0.78889, 5.29153, -1.05639],
			"rotation": {"angle": 0, "axis": "y", "origin": [-2.33972, 0.36044, -5.18589]},
			"faces": {
				"north": {"uv": [11.25, 4.625, 11, 4.875], "texture": "#0"},
				"east": {"uv": [9.75, 7.375, 8.875, 7.625], "texture": "#0"},
				"south": {"uv": [6.25, 11, 6, 11.25], "texture": "#0"},
				"west": {"uv": [9.75, 7.125, 8.875, 7.375], "texture": "#0"},
				"up": {"uv": [8.875, 9.125, 9.125, 8.25], "texture": "#0"},
				"down": {"uv": [7.5, 9, 7.75, 9.875], "texture": "#0"}
			}
		},
		{
			"name": "hexadecagon",
			"from": [-2.79399, 3.56478, -7.86821],
			"to": [-0.83228, 5.50965, -1.05639],
			"rotation": {"angle": -22.5, "axis": "z", "origin": [-2.33972, 0.36044, -5.18589]},
			"faces": {
				"north": {"uv": [6.5, 11, 6.25, 11.25], "texture": "#0"},
				"east": {"uv": [10, 1, 9.125, 1.25], "texture": "#0"},
				"south": {"uv": [6.75, 11, 6.5, 11.25], "texture": "#0"},
				"west": {"uv": [8.625, 9, 7.75, 9.25], "texture": "#0"},
				"up": {"uv": [0.5, 10, 0.75, 9.125], "texture": "#0"},
				"down": {"uv": [1.75, 9.125, 2, 10], "texture": "#0"}
			}
		},
		{
			"name": "hexadecagon",
			"from": [-2.91754, 3.74969, -7.86821],
			"to": [-0.95583, 5.69456, -1.05639],
			"rotation": {"angle": -45, "axis": "z", "origin": [-2.33972, 0.36044, -5.18589]},
			"faces": {
				"north": {"uv": [11.25, 6.625, 11, 6.875], "texture": "#0"},
				"east": {"uv": [10, 2.375, 9.125, 2.625], "texture": "#0"},
				"south": {"uv": [7.75, 11, 7.5, 11.25], "texture": "#0"},
				"west": {"uv": [10, 2.125, 9.125, 2.375], "texture": "#0"},
				"up": {"uv": [2.875, 10, 3.125, 9.125], "texture": "#0"},
				"down": {"uv": [3.125, 9.125, 3.375, 10], "texture": "#0"}
			}
		},
		{
			"name": "hexadecagon",
			"from": [1.17308, -0.83853, -7.86821],
			"to": [3.11795, 1.12317, -1.05639],
			"rotation": {"angle": 22.5, "axis": "z", "origin": [-2.33972, 0.36044, -5.18589]},
			"faces": {
				"north": {"uv": [11.25, 8.625, 11, 8.875], "texture": "#0"},
				"east": {"uv": [10, 4, 9.125, 4.25], "texture": "#0"},
				"south": {"uv": [11.25, 8.875, 11, 9.125], "texture": "#0"},
				"west": {"uv": [10, 2.625, 9.125, 2.875], "texture": "#0"},
				"up": {"uv": [3.375, 10, 3.625, 9.125], "texture": "#0"},
				"down": {"uv": [4.5, 9.125, 4.75, 10], "texture": "#0"}
			}
		},
		{
			"name": "hexadecagon",
			"from": [1.21647, -0.62041, -7.86821],
			"to": [3.16134, 1.34129, -1.05639],
			"rotation": {"angle": 0, "axis": "y", "origin": [-2.33972, 0.36044, -5.18589]},
			"faces": {
				"north": {"uv": [11.25, 9.125, 11, 9.375], "texture": "#0"},
				"east": {"uv": [10, 5.375, 9.125, 5.625], "texture": "#0"},
				"south": {"uv": [11.25, 9.375, 11, 9.625], "texture": "#0"},
				"west": {"uv": [10, 5.125, 9.125, 5.375], "texture": "#0"},
				"up": {"uv": [5.625, 10, 5.875, 9.125], "texture": "#0"},
				"down": {"uv": [5.875, 9.125, 6.125, 10], "texture": "#0"}
			}
		},
		{
			"name": "hexadecagon",
			"from": [1.17308, -0.4023, -7.86821],
			"to": [3.11795, 1.55941, -1.05639],
			"rotation": {"angle": -22.5, "axis": "z", "origin": [-2.33972, 0.36044, -5.18589]},
			"faces": {
				"north": {"uv": [10.625, 11, 10.375, 11.25], "texture": "#0"},
				"east": {"uv": [7, 9.125, 6.125, 9.375], "texture": "#0"},
				"south": {"uv": [11.375, 0.25, 11.125, 0.5], "texture": "#0"},
				"west": {"uv": [10, 6, 9.125, 6.25], "texture": "#0"},
				"up": {"uv": [9.125, 9.125, 9.375, 8.25], "texture": "#0"},
				"down": {"uv": [8.625, 9.125, 8.875, 10], "texture": "#0"}
			}
		},
		{
			"name": "hexadecagon",
			"from": [-6.74422, -0.83853, -7.86821],
			"to": [-4.79935, 1.12317, -1.05639],
			"rotation": {"angle": 22.5, "axis": "z", "origin": [-2.33972, 0.36044, -5.18589]},
			"faces": {
				"north": {"uv": [0.75, 11.125, 0.5, 11.375], "texture": "#0"},
				"east": {"uv": [10, 6.5, 9.125, 6.75], "texture": "#0"},
				"south": {"uv": [11.375, 0.5, 11.125, 0.75], "texture": "#0"},
				"west": {"uv": [10, 6.25, 9.125, 6.5], "texture": "#0"},
				"up": {"uv": [8.875, 10, 9.125, 9.125], "texture": "#0"},
				"down": {"uv": [9.125, 9.125, 9.375, 10], "texture": "#0"}
			}
		},
		{
			"name": "hexadecagon",
			"from": [-6.70084, -0.62041, -7.86821],
			"to": [-4.75597, 1.34129, -1.05639],
			"rotation": {"angle": 0, "axis": "y", "origin": [-2.33972, 0.36044, -5.18589]},
			"faces": {
				"north": {"uv": [11.375, 0.75, 11.125, 1], "texture": "#0"},
				"east": {"uv": [10.125, 6.75, 9.25, 7], "texture": "#0"},
				"south": {"uv": [1.25, 11.125, 1, 11.375], "texture": "#0"},
				"west": {"uv": [10.125, 0, 9.25, 0.25], "texture": "#0"},
				"up": {"uv": [0, 10.125, 0.25, 9.25], "texture": "#0"},
				"down": {"uv": [0.75, 9.25, 1, 10.125], "texture": "#0"}
			}
		},
		{
			"name": "hexadecagon",
			"from": [-4.95084, -2.87041, -6.86821],
			"to": [1.49403, 3.59129, -6.05639],
			"rotation": {"angle": 0, "axis": "y", "origin": [-2.33972, 0.36044, -5.18589]},
			"faces": {
				"north": {"uv": [1.8125, 7.375, 1, 8.1875], "texture": "#0"},
				"east": {"uv": [9.125, 10.25, 9, 11.0625], "texture": "#0"},
				"south": {"uv": [8.1875, 1.125, 7.375, 1.9375], "texture": "#0"},
				"west": {"uv": [4.5, 10.25, 4.375, 11.0625], "texture": "#0"},
				"up": {"uv": [10.125, 2.125, 10.9375, 2], "texture": "#0"},
				"down": {"uv": [10.5, 8.5, 11.3125, 8.625], "texture": "#0"}
			}
		},
		{
			"name": "hexadecagon",
			"from": [-6.74422, -0.4023, -7.86821],
			"to": [-4.79935, 1.55941, -1.05639],
			"rotation": {"angle": -22.5, "axis": "z", "origin": [-2.33972, 0.36044, -5.18589]},
			"faces": {
				"north": {"uv": [11.375, 1, 11.125, 1.25], "texture": "#0"},
				"east": {"uv": [10.25, 0.25, 9.375, 0.5], "texture": "#0"},
				"south": {"uv": [1.5, 11.125, 1.25, 11.375], "texture": "#0"},
				"west": {"uv": [8.625, 9.25, 7.75, 9.5], "texture": "#0"},
				"up": {"uv": [1, 10.25, 1.25, 9.375], "texture": "#0"},
				"down": {"uv": [1.25, 9.375, 1.5, 10.25], "texture": "#0"}
			}
		},
		{
			"name": "hexadecagon",
			"from": [18.08246, -4.97368, 17.13179],
			"to": [20.04417, -3.02881, 23.94361],
			"rotation": {"angle": 45, "axis": "z", "origin": [18.66028, 0.36044, 19.81411]},
			"faces": {
				"north": {"uv": [1.75, 11.125, 1.5, 11.375], "texture": "#0"},
				"east": {"uv": [10.25, 0.75, 9.375, 1], "texture": "#0"},
				"south": {"uv": [2, 11.125, 1.75, 11.375], "texture": "#0"},
				"west": {"uv": [10.25, 0.5, 9.375, 0.75], "texture": "#0"},
				"up": {"uv": [9.375, 2.125, 9.625, 1.25], "texture": "#0"},
				"down": {"uv": [1.5, 9.375, 1.75, 10.25], "texture": "#0"}
			}
		},
		{
			"name": "hexadecagon",
			"from": [18.20601, -4.78877, 17.13179],
			"to": [20.16772, -2.8439, 23.94361],
			"rotation": {"angle": 22.5, "axis": "z", "origin": [18.66028, 0.36044, 19.81411]},
			"faces": {
				"north": {"uv": [11.375, 2, 11.125, 2.25], "texture": "#0"},
				"east": {"uv": [10.25, 2.875, 9.375, 3.125], "texture": "#0"},
				"south": {"uv": [11.375, 2.25, 11.125, 2.5], "texture": "#0"},
				"west": {"uv": [2.875, 9.375, 2, 9.625], "texture": "#0"},
				"up": {"uv": [4.25, 10.25, 4.5, 9.375], "texture": "#0"},
				"down": {"uv": [9.375, 4.25, 9.625, 5.125], "texture": "#0"}
			}
		},
		{
			"name": "hexadecagon",
			"from": [18.2494, -4.57065, 17.13179],
			"to": [20.21111, -2.62578, 23.94361],
			"rotation": {"angle": 0, "axis": "y", "origin": [18.66028, 0.36044, 19.81411]},
			"faces": {
				"north": {"uv": [11.375, 2.5, 11.125, 2.75], "texture": "#0"},
				"east": {"uv": [7, 9.375, 6.125, 9.625], "texture": "#0"},
				"south": {"uv": [3, 11.125, 2.75, 11.375], "texture": "#0"},
				"west": {"uv": [5.625, 9.375, 4.75, 9.625], "texture": "#0"},
				"up": {"uv": [9.375, 9.125, 9.625, 8.25], "texture": "#0"},
				"down": {"uv": [9.375, 9.125, 9.625, 10], "texture": "#0"}
			}
		},
		{
			"name": "hexadecagon",
			"from": [18.20601, -4.35253, 17.13179],
			"to": [20.16772, -2.40766, 23.94361],
			"rotation": {"angle": -22.5, "axis": "z", "origin": [18.66028, 0.36044, 19.81411]},
			"faces": {
				"north": {"uv": [11.375, 2.75, 11.125, 3], "texture": "#0"},
				"east": {"uv": [8.625, 9.5, 7.75, 9.75], "texture": "#0"},
				"south": {"uv": [3.25, 11.125, 3, 11.375], "texture": "#0"},
				"west": {"uv": [10.25, 7.625, 9.375, 7.875], "texture": "#0"},
				"up": {"uv": [0.25, 10.5, 0.5, 9.625], "texture": "#0"},
				"down": {"uv": [9.625, 1.25, 9.875, 2.125], "texture": "#0"}
			}
		},
		{
			"name": "hexadecagon",
			"from": [18.08246, -4.16762, 17.13179],
			"to": [20.04417, -2.22275, 23.94361],
			"rotation": {"angle": -45, "axis": "z", "origin": [18.66028, 0.36044, 19.81411]},
			"faces": {
				"north": {"uv": [3.5, 11.125, 3.25, 11.375], "texture": "#0"},
				"east": {"uv": [2.875, 9.625, 2, 9.875], "texture": "#0"},
				"south": {"uv": [11.375, 3.875, 11.125, 4.125], "texture": "#0"},
				"west": {"uv": [10.375, 7.875, 9.5, 8.125], "texture": "#0"},
				"up": {"uv": [9.625, 4, 9.875, 3.125], "texture": "#0"},
				"down": {"uv": [9.625, 4.25, 9.875, 5.125], "texture": "#0"}
			}
		},
		{
			"name": "hexadecagon",
			"from": [18.08246, 2.94362, 17.13179],
			"to": [20.04417, 4.8885, 23.94361],
			"rotation": {"angle": 45, "axis": "z", "origin": [18.66028, 0.36044, 19.81411]},
			"faces": {
				"north": {"uv": [4.375, 11.125, 4.125, 11.375], "texture": "#0"},
				"east": {"uv": [7, 9.625, 6.125, 9.875], "texture": "#0"},
				"south": {"uv": [4.625, 11.125, 4.375, 11.375], "texture": "#0"},
				"west": {"uv": [5.625, 9.625, 4.75, 9.875], "texture": "#0"},
				"up": {"uv": [7, 10.5, 7.25, 9.625], "texture": "#0"},
				"down": {"uv": [7.25, 9.625, 7.5, 10.5], "texture": "#0"}
			}
		},
		{
			"name": "hexadecagon",
			"from": [18.20601, 3.12854, 17.13179],
			"to": [20.16772, 5.07341, 23.94361],
			"rotation": {"angle": 22.5, "axis": "z", "origin": [18.66028, 0.36044, 19.81411]},
			"faces": {
				"north": {"uv": [11.375, 4.875, 11.125, 5.125], "texture": "#0"},
				"east": {"uv": [10.5, 8.375, 9.625, 8.625], "texture": "#0"},
				"south": {"uv": [11.375, 5.125, 11.125, 5.375], "texture": "#0"},
				"west": {"uv": [10.5, 8.125, 9.625, 8.375], "texture": "#0"},
				"up": {"uv": [9.625, 9.5, 9.875, 8.625], "texture": "#0"},
				"down": {"uv": [9.625, 9.5, 9.875, 10.375], "texture": "#0"}
			}
		},
		{
			"name": "hexadecagon",
			"from": [18.2494, 3.34666, 17.13179],
			"to": [20.21111, 5.29153, 23.94361],
			"rotation": {"angle": 0, "axis": "y", "origin": [18.66028, 0.36044, 19.81411]},
			"faces": {
				"north": {"uv": [5.75, 11.125, 5.5, 11.375], "texture": "#0"},
				"east": {"uv": [10.625, 7, 9.75, 7.25], "texture": "#0"},
				"south": {"uv": [6, 11.125, 5.75, 11.375], "texture": "#0"},
				"west": {"uv": [10.625, 5.625, 9.75, 5.875], "texture": "#0"},
				"up": {"uv": [3.625, 10.625, 3.875, 9.75], "texture": "#0"},
				"down": {"uv": [3.875, 9.75, 4.125, 10.625], "texture": "#0"}
			}
		},
		{
			"name": "hexadecagon",
			"from": [18.20601, 3.56478, 17.13179],
			"to": [20.16772, 5.50965, 23.94361],
			"rotation": {"angle": -22.5, "axis": "z", "origin": [18.66028, 0.36044, 19.81411]},
			"faces": {
				"north": {"uv": [11.375, 5.875, 11.125, 6.125], "texture": "#0"},
				"east": {"uv": [8.625, 9.75, 7.75, 10], "texture": "#0"},
				"south": {"uv": [11.375, 6.125, 11.125, 6.375], "texture": "#0"},
				"west": {"uv": [10.625, 7.25, 9.75, 7.5], "texture": "#0"},
				"up": {"uv": [9.875, 2.125, 10.125, 1.25], "texture": "#0"},
				"down": {"uv": [2, 9.875, 2.25, 10.75], "texture": "#0"}
			}
		},
		{
			"name": "hexadecagon",
			"from": [18.08246, 3.74969, 17.13179],
			"to": [20.04417, 5.69456, 23.94361],
			"rotation": {"angle": -45, "axis": "z", "origin": [18.66028, 0.36044, 19.81411]},
			"faces": {
				"north": {"uv": [11.375, 6.375, 11.125, 6.625], "texture": "#0"},
				"east": {"uv": [10.75, 3.375, 9.875, 3.625], "texture": "#0"},
				"south": {"uv": [11.375, 7.5, 11.125, 7.75], "texture": "#0"},
				"west": {"uv": [10.75, 3.125, 9.875, 3.375], "texture": "#0"},
				"up": {"uv": [2.25, 10.75, 2.5, 9.875], "texture": "#0"},
				"down": {"uv": [2.5, 9.875, 2.75, 10.75], "texture": "#0"}
			}
		},
		{
			"name": "hexadecagon",
			"from": [22.17308, -0.83853, 17.13179],
			"to": [24.11795, 1.12317, 23.94361],
			"rotation": {"angle": 22.5, "axis": "z", "origin": [18.66028, 0.36044, 19.81411]},
			"faces": {
				"north": {"uv": [8, 11.125, 7.75, 11.375], "texture": "#0"},
				"east": {"uv": [10.75, 4.25, 9.875, 4.5], "texture": "#0"},
				"south": {"uv": [8.25, 11.125, 8, 11.375], "texture": "#0"},
				"west": {"uv": [10.75, 3.625, 9.875, 3.875], "texture": "#0"},
				"up": {"uv": [4.75, 10.75, 5, 9.875], "texture": "#0"},
				"down": {"uv": [5, 9.875, 5.25, 10.75], "texture": "#0"}
			}
		},
		{
			"name": "hexadecagon",
			"from": [22.21647, -0.62041, 17.13179],
			"to": [24.16134, 1.34129, 23.94361],
			"rotation": {"angle": 0, "axis": "y", "origin": [18.66028, 0.36044, 19.81411]},
			"faces": {
				"north": {"uv": [8.5, 11.125, 8.25, 11.375], "texture": "#0"},
				"east": {"uv": [10.75, 4.75, 9.875, 5], "texture": "#0"},
				"south": {"uv": [8.75, 11.125, 8.5, 11.375], "texture": "#0"},
				"west": {"uv": [10.75, 4.5, 9.875, 4.75], "texture": "#0"},
				"up": {"uv": [5.25, 10.75, 5.5, 9.875], "texture": "#0"},
				"down": {"uv": [6.125, 9.875, 6.375, 10.75], "texture": "#0"}
			}
		},
		{
			"name": "hexadecagon",
			"from": [22.17308, -0.4023, 17.13179],
			"to": [24.11795, 1.55941, 23.94361],
			"rotation": {"angle": -22.5, "axis": "z", "origin": [18.66028, 0.36044, 19.81411]},
			"faces": {
				"north": {"uv": [9, 11.125, 8.75, 11.375], "texture": "#0"},
				"east": {"uv": [10.75, 8.875, 9.875, 9.125], "texture": "#0"},
				"south": {"uv": [9.25, 11.125, 9, 11.375], "texture": "#0"},
				"west": {"uv": [10.75, 8.625, 9.875, 8.875], "texture": "#0"},
				"up": {"uv": [6.375, 10.75, 6.625, 9.875], "texture": "#0"},
				"down": {"uv": [6.625, 9.875, 6.875, 10.75], "texture": "#0"}
			}
		},
		{
			"name": "hexadecagon",
			"from": [14.25578, -0.83853, 17.13179],
			"to": [16.20065, 1.12317, 23.94361],
			"rotation": {"angle": 22.5, "axis": "z", "origin": [18.66028, 0.36044, 19.81411]},
			"faces": {
				"north": {"uv": [9.5, 11.125, 9.25, 11.375], "texture": "#0"},
				"east": {"uv": [10.75, 9.375, 9.875, 9.625], "texture": "#0"},
				"south": {"uv": [10.875, 11.125, 10.625, 11.375], "texture": "#0"},
				"west": {"uv": [10.75, 9.125, 9.875, 9.375], "texture": "#0"},
				"up": {"uv": [7.5, 10.75, 7.75, 9.875], "texture": "#0"},
				"down": {"uv": [9.875, 9.625, 10.125, 10.5], "texture": "#0"}
			}
		},
		{
			"name": "hexadecagon",
			"from": [14.29916, -0.62041, 17.13179],
			"to": [16.24403, 1.34129, 23.94361],
			"rotation": {"angle": 0, "axis": "y", "origin": [18.66028, 0.36044, 19.81411]},
			"faces": {
				"north": {"uv": [11.125, 11.125, 10.875, 11.375], "texture": "#0"},
				"east": {"uv": [10.875, 2.125, 10, 2.375], "texture": "#0"},
				"south": {"uv": [11.375, 10.875, 11.125, 11.125], "texture": "#0"},
				"west": {"uv": [10.875, 1, 10, 1.25], "texture": "#0"},
				"up": {"uv": [0.5, 10.875, 0.75, 10], "texture": "#0"},
				"down": {"uv": [1.75, 10, 2, 10.875], "texture": "#0"}
			}
		},
		{
			"name": "hexadecagon",
			"from": [16.04916, -2.87041, 22.13179],
			"to": [22.49403, 3.59129, 22.94361],
			"rotation": {"angle": 0, "axis": "y", "origin": [18.66028, 0.36044, 19.81411]},
			"faces": {
				"north": {"uv": [2.6875, 7.375, 1.875, 8.1875], "texture": "#0"},
				"east": {"uv": [4.125, 10.625, 4, 11.4375], "texture": "#0"},
				"south": {"uv": [8.1875, 2, 7.375, 2.8125], "texture": "#0"},
				"west": {"uv": [7.5, 10.5, 7.375, 11.3125], "texture": "#0"},
				"up": {"uv": [10.625, 5.875, 11.4375, 5.75], "texture": "#0"},
				"down": {"uv": [10.625, 7.375, 11.4375, 7.5], "texture": "#0"}
			}
		},
		{
			"name": "hexadecagon",
			"from": [14.25578, -0.4023, 17.13179],
			"to": [16.20065, 1.55941, 23.94361],
			"rotation": {"angle": -22.5, "axis": "z", "origin": [18.66028, 0.36044, 19.81411]},
			"faces": {
				"north": {"uv": [11.375, 11.125, 11.125, 11.375], "texture": "#0"},
				"east": {"uv": [10.875, 2.625, 10, 2.875], "texture": "#0"},
				"south": {"uv": [0.25, 11.25, 0, 11.5], "texture": "#0"},
				"west": {"uv": [10.875, 2.375, 10, 2.625], "texture": "#0"},
				"up": {"uv": [2.75, 10.875, 3, 10], "texture": "#0"},
				"down": {"uv": [3, 10, 3.25, 10.875], "texture": "#0"}
			}
		},
		{
			"name": "hexadecagon",
			"from": [-2.91754, -4.97368, 17.13179],
			"to": [-0.95583, -3.02881, 23.94361],
			"rotation": {"angle": 45, "axis": "z", "origin": [-2.33972, 0.36044, 19.81411]},
			"faces": {
				"north": {"uv": [11.5, 0, 11.25, 0.25], "texture": "#0"},
				"east": {"uv": [10.875, 5, 10, 5.25], "texture": "#0"},
				"south": {"uv": [1, 11.25, 0.75, 11.5], "texture": "#0"},
				"west": {"uv": [10.875, 3.875, 10, 4.125], "texture": "#0"},
				"up": {"uv": [3.25, 10.875, 3.5, 10], "texture": "#0"},
				"down": {"uv": [4.5, 10, 4.75, 10.875], "texture": "#0"}
			}
		},
		{
			"name": "hexadecagon",
			"from": [-2.79399, -4.78877, 17.13179],
			"to": [-0.83228, -2.8439, 23.94361],
			"rotation": {"angle": 22.5, "axis": "z", "origin": [-2.33972, 0.36044, 19.81411]},
			"faces": {
				"north": {"uv": [11.5, 1.25, 11.25, 1.5], "texture": "#0"},
				"east": {"uv": [10.875, 5.875, 10, 6.125], "texture": "#0"},
				"south": {"uv": [11.5, 1.5, 11.25, 1.75], "texture": "#0"},
				"west": {"uv": [10.875, 5.25, 10, 5.5], "texture": "#0"},
				"up": {"uv": [5.5, 10.875, 5.75, 10], "texture": "#0"},
				"down": {"uv": [5.75, 10, 6, 10.875], "texture": "#0"}
			}
		},
		{
			"name": "hexadecagon",
			"from": [-2.7506, -4.57065, 17.13179],
			"to": [-0.78889, -2.62578, 23.94361],
			"rotation": {"angle": 0, "axis": "y", "origin": [-2.33972, 0.36044, 19.81411]},
			"faces": {
				"north": {"uv": [11.5, 1.75, 11.25, 2], "texture": "#0"},
				"east": {"uv": [10.875, 6.375, 10, 6.625], "texture": "#0"},
				"south": {"uv": [11.5, 4.625, 11.25, 4.875], "texture": "#0"},
				"west": {"uv": [10.875, 6.125, 10, 6.375], "texture": "#0"},
				"up": {"uv": [7.75, 10.875, 8, 10], "texture": "#0"},
				"down": {"uv": [8, 10, 8.25, 10.875], "texture": "#0"}
			}
		},
		{
			"name": "hexadecagon",
			"from": [-2.79399, -4.35253, 17.13179],
			"to": [-0.83228, -2.40766, 23.94361],
			"rotation": {"angle": -22.5, "axis": "z", "origin": [-2.33972, 0.36044, 19.81411]},
			"faces": {
				"north": {"uv": [6.25, 11.25, 6, 11.5], "texture": "#0"},
				"east": {"uv": [11, 0, 10.125, 0.25], "texture": "#0"},
				"south": {"uv": [6.5, 11.25, 6.25, 11.5], "texture": "#0"},
				"west": {"uv": [9.125, 10, 8.25, 10.25], "texture": "#0"},
				"up": {"uv": [9.125, 10.875, 9.375, 10], "texture": "#0"},
				"down": {"uv": [9.375, 10, 9.625, 10.875], "texture": "#0"}
			}
		},
		{
			"name": "hexadecagon",
			"from": [-2.91754, -4.16762, 17.13179],
			"to": [-0.95583, -2.22275, 23.94361],
			"rotation": {"angle": -45, "axis": "z", "origin": [-2.33972, 0.36044, 19.81411]},
			"faces": {
				"north": {"uv": [6.75, 11.25, 6.5, 11.5], "texture": "#0"},
				"east": {"uv": [11, 1.5, 10.125, 1.75], "texture": "#0"},
				"south": {"uv": [11.5, 6.625, 11.25, 6.875], "texture": "#0"},
				"west": {"uv": [11, 1.25, 10.125, 1.5], "texture": "#0"},
				"up": {"uv": [0, 11, 0.25, 10.125], "texture": "#0"},
				"down": {"uv": [0.75, 10.125, 1, 11], "texture": "#0"}
			}
		},
		{
			"name": "hexadecagon",
			"from": [-2.91754, 2.94362, 17.13179],
			"to": [-0.95583, 4.8885, 23.94361],
			"rotation": {"angle": 45, "axis": "z", "origin": [-2.33972, 0.36044, 19.81411]},
			"faces": {
				"north": {"uv": [7.75, 11.25, 7.5, 11.5], "texture": "#0"},
				"east": {"uv": [11, 6.625, 10.125, 6.875], "texture": "#0"},
				"south": {"uv": [11.5, 7.75, 11.25, 8], "texture": "#0"},
				"west": {"uv": [11, 1.75, 10.125, 2], "texture": "#0"},
				"up": {"uv": [10.125, 10.5, 10.375, 9.625], "texture": "#0"},
				"down": {"uv": [1, 10.25, 1.25, 11.125], "texture": "#0"}
			}
		},
		{
			"name": "hexadecagon",
			"from": [-2.79399, 3.12854, 17.13179],
			"to": [-0.83228, 5.07341, 23.94361],
			"rotation": {"angle": 22.5, "axis": "z", "origin": [-2.33972, 0.36044, 19.81411]},
			"faces": {
				"north": {"uv": [11.5, 8.625, 11.25, 8.875], "texture": "#0"},
				"east": {"uv": [11.125, 0.5, 10.25, 0.75], "texture": "#0"},
				"south": {"uv": [11.5, 8.875, 11.25, 9.125], "texture": "#0"},
				"west": {"uv": [11.125, 0.25, 10.25, 0.5], "texture": "#0"},
				"up": {"uv": [1.25, 11.125, 1.5, 10.25], "texture": "#0"},
				"down": {"uv": [1.5, 10.25, 1.75, 11.125], "texture": "#0"}
			}
		},
		{
			"name": "hexadecagon",
			"from": [-2.7506, 3.34666, 17.13179],
			"to": [-0.78889, 5.29153, 23.94361],
			"rotation": {"angle": 0, "axis": "y", "origin": [-2.33972, 0.36044, 19.81411]},
			"faces": {
				"north": {"uv": [11.5, 9.125, 11.25, 9.375], "texture": "#0"},
				"east": {"uv": [11.125, 2.875, 10.25, 3.125], "texture": "#0"},
				"south": {"uv": [11.5, 9.375, 11.25, 9.625], "texture": "#0"},
				"west": {"uv": [11.125, 0.75, 10.25, 1], "texture": "#0"},
				"up": {"uv": [4.125, 11.125, 4.375, 10.25], "texture": "#0"},
				"down": {"uv": [8.25, 10.25, 8.5, 11.125], "texture": "#0"}
			}
		},
		{
			"name": "hexadecagon",
			"from": [-2.79399, 3.56478, 17.13179],
			"to": [-0.83228, 5.50965, 23.94361],
			"rotation": {"angle": -22.5, "axis": "z", "origin": [-2.33972, 0.36044, 19.81411]},
			"faces": {
				"north": {"uv": [9.75, 11.25, 9.5, 11.5], "texture": "#0"},
				"east": {"uv": [11.25, 7.75, 10.375, 8], "texture": "#0"},
				"south": {"uv": [11.5, 9.625, 11.25, 9.875], "texture": "#0"},
				"west": {"uv": [11.125, 7.5, 10.25, 7.75], "texture": "#0"},
				"up": {"uv": [8.5, 11.125, 8.75, 10.25], "texture": "#0"},
				"down": {"uv": [8.75, 10.25, 9, 11.125], "texture": "#0"}
			}
		},
		{
			"name": "hexadecagon",
			"from": [-2.91754, 3.74969, 17.13179],
			"to": [-0.95583, 5.69456, 23.94361],
			"rotation": {"angle": -45, "axis": "z", "origin": [-2.33972, 0.36044, 19.81411]},
			"faces": {
				"north": {"uv": [11.5, 9.875, 11.25, 10.125], "texture": "#0"},
				"east": {"uv": [11.25, 9.875, 10.375, 10.125], "texture": "#0"},
				"south": {"uv": [10.625, 11.25, 10.375, 11.5], "texture": "#0"},
				"west": {"uv": [11.25, 9.625, 10.375, 9.875], "texture": "#0"},
				"up": {"uv": [9.625, 11.25, 9.875, 10.375], "texture": "#0"},
				"down": {"uv": [10.375, 10.125, 10.625, 11], "texture": "#0"}
			}
		},
		{
			"name": "hexadecagon",
			"from": [1.17308, -0.83853, 17.13179],
			"to": [3.11795, 1.12317, 23.94361],
			"rotation": {"angle": 22.5, "axis": "z", "origin": [-2.33972, 0.36044, 19.81411]},
			"faces": {
				"north": {"uv": [0.5, 11.375, 0.25, 11.625], "texture": "#0"},
				"east": {"uv": [11.375, 8.25, 10.5, 8.5], "texture": "#0"},
				"south": {"uv": [11.625, 0.25, 11.375, 0.5], "texture": "#0"},
				"west": {"uv": [11.375, 8, 10.5, 8.25], "texture": "#0"},
				"up": {"uv": [0.25, 11.375, 0.5, 10.5], "texture": "#0"},
				"down": {"uv": [6.875, 10.5, 7.125, 11.375], "texture": "#0"}
			}
		},
		{
			"name": "hexadecagon",
			"from": [1.21647, -0.62041, 17.13179],
			"to": [3.16134, 1.34129, 23.94361],
			"rotation": {"angle": 0, "axis": "y", "origin": [-2.33972, 0.36044, 19.81411]},
			"faces": {
				"north": {"uv": [0.75, 11.375, 0.5, 11.625], "texture": "#0"},
				"east": {"uv": [11.5, 6.875, 10.625, 7.125], "texture": "#0"},
				"south": {"uv": [11.625, 0.5, 11.375, 0.75], "texture": "#0"},
				"west": {"uv": [11.5, 5.5, 10.625, 5.75], "texture": "#0"},
				"up": {"uv": [7.125, 11.375, 7.375, 10.5], "texture": "#0"},
				"down": {"uv": [9.875, 10.5, 10.125, 11.375], "texture": "#0"}
			}
		},
		{
			"name": "hexadecagon",
			"from": [1.17308, -0.4023, 17.13179],
			"to": [3.11795, 1.55941, 23.94361],
			"rotation": {"angle": -22.5, "axis": "z", "origin": [-2.33972, 0.36044, 19.81411]},
			"faces": {
				"north": {"uv": [11.625, 0.75, 11.375, 1], "texture": "#0"},
				"east": {"uv": [11.5, 10.125, 10.625, 10.375], "texture": "#0"},
				"south": {"uv": [1.25, 11.375, 1, 11.625], "texture": "#0"},
				"west": {"uv": [11.5, 7.125, 10.625, 7.375], "texture": "#0"},
				"up": {"uv": [10.125, 11.375, 10.375, 10.5], "texture": "#0"},
				"down": {"uv": [3.5, 10.625, 3.75, 11.5], "texture": "#0"}
			}
		},
		{
			"name": "hexadecagon",
			"from": [-6.74422, -0.83853, 17.13179],
			"to": [-4.79935, 1.12317, 23.94361],
			"rotation": {"angle": 22.5, "axis": "z", "origin": [-2.33972, 0.36044, 19.81411]},
			"faces": {
				"north": {"uv": [11.625, 1, 11.375, 1.25], "texture": "#0"},
				"east": {"uv": [11.5, 10.625, 10.625, 10.875], "texture": "#0"},
				"south": {"uv": [1.5, 11.375, 1.25, 11.625], "texture": "#0"},
				"west": {"uv": [11.5, 10.375, 10.625, 10.625], "texture": "#0"},
				"up": {"uv": [3.75, 11.5, 4, 10.625], "texture": "#0"},
				"down": {"uv": [2, 10.75, 2.25, 11.625], "texture": "#0"}
			}
		},
		{
			"name": "hexadecagon",
			"from": [-6.70084, -0.62041, 17.13179],
			"to": [-4.75597, 1.34129, 23.94361],
			"rotation": {"angle": 0, "axis": "y", "origin": [-2.33972, 0.36044, 19.81411]},
			"faces": {
				"north": {"uv": [1.75, 11.375, 1.5, 11.625], "texture": "#0"},
				"east": {"uv": [11.625, 3.375, 10.75, 3.625], "texture": "#0"},
				"south": {"uv": [2, 11.375, 1.75, 11.625], "texture": "#0"},
				"west": {"uv": [11.625, 3.125, 10.75, 3.375], "texture": "#0"},
				"up": {"uv": [2.25, 11.625, 2.5, 10.75], "texture": "#0"},
				"down": {"uv": [2.5, 10.75, 2.75, 11.625], "texture": "#0"}
			}
		},
		{
			"name": "hexadecagon",
			"from": [-4.95084, -2.87041, 22.13179],
			"to": [1.49403, 3.59129, 22.94361],
			"rotation": {"angle": 0, "axis": "y", "origin": [-2.33972, 0.36044, 19.81411]},
			"faces": {
				"north": {"uv": [3.5625, 7.375, 2.75, 8.1875], "texture": "#0"},
				"east": {"uv": [5.5, 10.75, 5.375, 11.5625], "texture": "#0"},
				"south": {"uv": [7.0625, 7.375, 6.25, 8.1875], "texture": "#0"},
				"west": {"uv": [5.375, 10.75, 5.25, 11.5625], "texture": "#0"},
				"up": {"uv": [10.75, 4.5, 11.5625, 4.375], "texture": "#0"},
				"down": {"uv": [10.75, 4.5, 11.5625, 4.625], "texture": "#0"}
			}
		},
		{
			"name": "hexadecagon",
			"from": [-6.74422, -0.4023, 17.13179],
			"to": [-4.79935, 1.55941, 23.94361],
			"rotation": {"angle": -22.5, "axis": "z", "origin": [-2.33972, 0.36044, 19.81411]},
			"faces": {
				"north": {"uv": [11.625, 2, 11.375, 2.25], "texture": "#0"},
				"east": {"uv": [11.625, 4.125, 10.75, 4.375], "texture": "#0"},
				"south": {"uv": [11.625, 2.25, 11.375, 2.5], "texture": "#0"},
				"west": {"uv": [11.625, 3.625, 10.75, 3.875], "texture": "#0"},
				"up": {"uv": [4.75, 11.625, 5, 10.75], "texture": "#0"},
				"down": {"uv": [5, 10.75, 5.25, 11.625], "texture": "#0"}
			}
		},
		{
			"from": [15, 2, 5],
			"to": [17, 10, 11],
			"rotation": {"angle": 0, "axis": "y", "origin": [16, -5, 0]},
			"faces": {
				"north": {"uv": [7.75, 11.375, 8, 12.375], "texture": "#0"},
				"east": {"uv": [2.75, 11.375, 3.5, 12.375], "texture": "#0"},
				"south": {"uv": [8, 11.375, 8.25, 12.375], "texture": "#0"},
				"west": {"uv": [6.75, 11.375, 7.5, 12.375], "texture": "#0"},
				"up": {"uv": [11.625, 6.625, 11.375, 5.875], "texture": "#0"},
				"down": {"uv": [8.5, 11.375, 8.25, 12.125], "texture": "#0"}
			}
		},
		{
			"name": "hexadecagon",
			"from": [13.96346, 9.14082, 4.16633],
			"to": [14.98728, 10.67918, 4.81986],
			"rotation": {"angle": -45, "axis": "x", "origin": [-46.88331, 9.91, 8.03324]},
			"faces": {
				"north": {"uv": [2, 9.125, 2.125, 9.3125], "texture": "#0"},
				"east": {"uv": [11.5, 5.375, 11.5625, 5.5625], "texture": "#0"},
				"south": {"uv": [4.75, 9.125, 4.875, 9.3125], "texture": "#0"},
				"west": {"uv": [11.5, 5.625, 11.5625, 5.8125], "texture": "#0"},
				"up": {"uv": [4.375, 7.5625, 4.25, 7.5], "texture": "#0"},
				"down": {"uv": [8, 7.25, 7.875, 7.3125], "texture": "#0"}
			}
		},
		{
			"name": "hexadecagon",
			"from": [13.96346, 9.14082, 4.16633],
			"to": [14.98728, 10.67918, 4.81986],
			"rotation": {"angle": -22.5, "axis": "x", "origin": [-46.88331, 9.91, 8.03324]},
			"faces": {
				"north": {"uv": [3.625, 9.5, 3.75, 9.6875], "texture": "#0"},
				"east": {"uv": [6, 11.5, 6.0625, 11.6875], "texture": "#0"},
				"south": {"uv": [6.875, 10.25, 7, 10.4375], "texture": "#0"},
				"west": {"uv": [6.125, 11.5, 6.1875, 11.6875], "texture": "#0"},
				"up": {"uv": [8.25, 6.4375, 8.125, 6.375], "texture": "#0"},
				"down": {"uv": [8.375, 6.875, 8.25, 6.9375], "texture": "#0"}
			}
		},
		{
			"name": "hexadecagon",
			"from": [13.96346, 9.14082, 4.16633],
			"to": [14.98728, 10.67918, 4.78936],
			"rotation": {"angle": 0, "axis": "y", "origin": [-46.88331, 9.91, 8.03324]},
			"faces": {
				"north": {"uv": [3.5, 10.375, 3.625, 10.5625], "texture": "#0"},
				"east": {"uv": [6.25, 11.5, 6.3125, 11.6875], "texture": "#0"},
				"south": {"uv": [11.375, 3.875, 11.5, 4.0625], "texture": "#0"},
				"west": {"uv": [6.375, 11.5, 6.4375, 11.6875], "texture": "#0"},
				"up": {"uv": [8.625, 8.0625, 8.5, 8], "texture": "#0"},
				"down": {"uv": [9.125, 1, 9, 1.0625], "texture": "#0"}
			}
		},
		{
			"name": "hexadecagon",
			"from": [13.96346, 9.44582, 4.77633],
			"to": [14.98728, 10.37418, 8.02236],
			"rotation": {"angle": 0, "axis": "y", "origin": [-46.88331, 9.91, 8.03324]},
			"faces": {
				"north": {"uv": [5, 7, 5.125, 7.125], "texture": "#0"},
				"east": {"uv": [6.25, 7.25, 6.625, 7.375], "texture": "#0"},
				"south": {"uv": [5.375, 7, 5.5, 7.125], "texture": "#0"},
				"west": {"uv": [7.875, 4.125, 8.25, 4.25], "texture": "#0"},
				"up": {"uv": [4.625, 8.875, 4.5, 8.5], "texture": "#0"},
				"down": {"uv": [5.75, 8.5, 5.625, 8.875], "texture": "#0"}
			}
		},
		{
			"name": "hexadecagon",
			"from": [13.96346, 9.14082, 4.16633],
			"to": [14.98728, 10.67918, 4.81986],
			"rotation": {"angle": 22.5, "axis": "x", "origin": [-46.88331, 9.91, 8.03324]},
			"faces": {
				"north": {"uv": [11.375, 7.5, 11.5, 7.6875], "texture": "#0"},
				"east": {"uv": [6.5, 11.5, 6.5625, 11.6875], "texture": "#0"},
				"south": {"uv": [11.375, 8.375, 11.5, 8.5625], "texture": "#0"},
				"west": {"uv": [6.625, 11.5, 6.6875, 11.6875], "texture": "#0"},
				"up": {"uv": [1.875, 9.0625, 1.75, 9], "texture": "#0"},
				"down": {"uv": [9.125, 2.125, 9, 2.1875], "texture": "#0"}
			}
		},
		{
			"name": "hexadecagon",
			"from": [13.96346, 9.14082, 4.16633],
			"to": [14.98728, 10.67918, 4.81986],
			"rotation": {"angle": 45, "axis": "x", "origin": [-46.88331, 9.91, 8.03324]},
			"faces": {
				"north": {"uv": [10.125, 11.375, 10.25, 11.5625], "texture": "#0"},
				"east": {"uv": [11.5, 6.625, 11.5625, 6.8125], "texture": "#0"},
				"south": {"uv": [10.25, 11.375, 10.375, 11.5625], "texture": "#0"},
				"west": {"uv": [11.5, 6.875, 11.5625, 7.0625], "texture": "#0"},
				"up": {"uv": [3, 9.0625, 2.875, 9], "texture": "#0"},
				"down": {"uv": [9.125, 4, 9, 4.0625], "texture": "#0"}
			}
		},
		{
			"name": "hexadecagon",
			"from": [13.96346, 9.14082, 11.24662],
			"to": [14.98728, 10.67918, 11.90015],
			"rotation": {"angle": -45, "axis": "x", "origin": [-46.88331, 9.91, 8.03324]},
			"faces": {
				"north": {"uv": [10.625, 11.375, 10.75, 11.5625], "texture": "#0"},
				"east": {"uv": [11.5, 7.125, 11.5625, 7.3125], "texture": "#0"},
				"south": {"uv": [10.75, 11.375, 10.875, 11.5625], "texture": "#0"},
				"west": {"uv": [11.5, 7.375, 11.5625, 7.5625], "texture": "#0"},
				"up": {"uv": [9.125, 5.1875, 9, 5.125], "texture": "#0"},
				"down": {"uv": [9.25, 6.75, 9.125, 6.8125], "texture": "#0"}
			}
		},
		{
			"name": "hexadecagon",
			"from": [13.96346, 9.14082, 11.24662],
			"to": [14.98728, 10.67918, 11.90015],
			"rotation": {"angle": -22.5, "axis": "x", "origin": [-46.88331, 9.91, 8.03324]},
			"faces": {
				"north": {"uv": [10.875, 11.375, 11, 11.5625], "texture": "#0"},
				"east": {"uv": [7.5, 11.5, 7.5625, 11.6875], "texture": "#0"},
				"south": {"uv": [11.375, 10.875, 11.5, 11.0625], "texture": "#0"},
				"west": {"uv": [7.625, 11.5, 7.6875, 11.6875], "texture": "#0"},
				"up": {"uv": [9.5, 7.9375, 9.375, 7.875], "texture": "#0"},
				"down": {"uv": [9.625, 8.125, 9.5, 8.1875], "texture": "#0"}
			}
		},
		{
			"name": "hexadecagon",
			"from": [13.96346, 9.14082, 11.24662],
			"to": [14.98728, 10.67918, 11.90015],
			"rotation": {"angle": 0, "axis": "y", "origin": [-46.88331, 9.91, 8.03324]},
			"faces": {
				"north": {"uv": [11, 11.375, 11.125, 11.5625], "texture": "#0"},
				"east": {"uv": [11.5, 7.625, 11.5625, 7.8125], "texture": "#0"},
				"south": {"uv": [11.125, 11.375, 11.25, 11.5625], "texture": "#0"},
				"west": {"uv": [11.5, 8.375, 11.5625, 8.5625], "texture": "#0"},
				"up": {"uv": [9.75, 5.6875, 9.625, 5.625], "texture": "#0"},
				"down": {"uv": [2.875, 9.875, 2.75, 9.9375], "texture": "#0"}
			}
		},
		{
			"name": "hexadecagon",
			"from": [13.96346, 9.44582, 8.01362],
			"to": [14.98728, 10.37418, 11.29015],
			"rotation": {"angle": 0, "axis": "y", "origin": [-46.88331, 9.91, 8.03324]},
			"faces": {
				"north": {"uv": [3.625, 7.125, 3.75, 7.25], "texture": "#0"},
				"east": {"uv": [8.5, 1, 8.9375, 1.125], "texture": "#0"},
				"south": {"uv": [6.25, 7.125, 6.375, 7.25], "texture": "#0"},
				"west": {"uv": [8.5, 2.125, 8.9375, 2.25], "texture": "#0"},
				"up": {"uv": [1.875, 8.9375, 1.75, 8.5], "texture": "#0"},
				"down": {"uv": [3, 8.5, 2.875, 8.9375], "texture": "#0"}
			}
		},
		{
			"name": "hexadecagon",
			"from": [13.96346, 9.14082, 11.24662],
			"to": [14.98728, 10.67918, 11.90015],
			"rotation": {"angle": 22.5, "axis": "x", "origin": [-46.88331, 9.91, 8.03324]},
			"faces": {
				"north": {"uv": [11.375, 11.125, 11.5, 11.3125], "texture": "#0"},
				"east": {"uv": [11.5, 8.625, 11.5625, 8.8125], "texture": "#0"},
				"south": {"uv": [11.25, 11.375, 11.375, 11.5625], "texture": "#0"},
				"west": {"uv": [11.5, 8.875, 11.5625, 9.0625], "texture": "#0"},
				"up": {"uv": [10, 3.9375, 9.875, 3.875], "texture": "#0"},
				"down": {"uv": [10, 5, 9.875, 5.0625], "texture": "#0"}
			}
		},
		{
			"name": "hexadecagon",
			"from": [13.96346, 9.14082, 11.24662],
			"to": [14.98728, 10.67918, 11.90015],
			"rotation": {"angle": 45, "axis": "x", "origin": [-46.88331, 9.91, 8.03324]},
			"faces": {
				"north": {"uv": [11.375, 11.375, 11.5, 11.5625], "texture": "#0"},
				"east": {"uv": [11.5, 9.125, 11.5625, 9.3125], "texture": "#0"},
				"south": {"uv": [0, 11.5, 0.125, 11.6875], "texture": "#0"},
				"west": {"uv": [11.5, 9.375, 11.5625, 9.5625], "texture": "#0"},
				"up": {"uv": [5.625, 9.9375, 5.5, 9.875], "texture": "#0"},
				"down": {"uv": [10.125, 6.625, 10, 6.6875], "texture": "#0"}
			}
		},
		{
			"name": "hexadecagon",
			"from": [13.96346, 6.04309, 7.26406],
			"to": [14.98728, 6.69662, 8.80242],
			"rotation": {"angle": -22.5, "axis": "x", "origin": [-46.88331, 9.91, 8.03324]},
			"faces": {
				"north": {"uv": [10, 7.5, 10.125, 7.5625], "texture": "#0"},
				"east": {"uv": [7.375, 3.625, 7.5625, 3.6875], "texture": "#0"},
				"south": {"uv": [4.125, 10.125, 4.25, 10.1875], "texture": "#0"},
				"west": {"uv": [8.5, 3.25, 8.6875, 3.3125], "texture": "#0"},
				"up": {"uv": [11.625, 0.1875, 11.5, 0], "texture": "#0"},
				"down": {"uv": [0.25, 11.5, 0.125, 11.6875], "texture": "#0"}
			}
		},
		{
			"name": "hexadecagon",
			"from": [13.96346, 6.04309, 7.26406],
			"to": [14.98728, 6.69662, 8.80242],
			"rotation": {"angle": 0, "axis": "y", "origin": [-46.88331, 9.91, 8.03324]},
			"faces": {
				"north": {"uv": [10.125, 6.875, 10.25, 6.9375], "texture": "#0"},
				"east": {"uv": [8.75, 4, 8.9375, 4.0625], "texture": "#0"},
				"south": {"uv": [10.125, 7.5, 10.25, 7.5625], "texture": "#0"},
				"west": {"uv": [8.875, 6, 9.0625, 6.0625], "texture": "#0"},
				"up": {"uv": [0.875, 11.6875, 0.75, 11.5], "texture": "#0"},
				"down": {"uv": [1, 11.5, 0.875, 11.6875], "texture": "#0"}
			}
		},
		{
			"name": "hexadecagon",
			"from": [13.96346, 6.65309, 7.56906],
			"to": [14.98728, 9.47212, 8.49742],
			"rotation": {"angle": 0, "axis": "y", "origin": [-46.88331, 9.91, 8.03324]},
			"faces": {
				"north": {"uv": [3.625, 9.125, 3.75, 9.5], "texture": "#0"},
				"east": {"uv": [4.125, 9.75, 4.25, 10.125], "texture": "#0"},
				"south": {"uv": [6.875, 9.875, 7, 10.25], "texture": "#0"},
				"west": {"uv": [3.5, 10, 3.625, 10.375], "texture": "#0"},
				"up": {"uv": [3.25, 7.375, 3.125, 7.25], "texture": "#0"},
				"down": {"uv": [0.875, 7.375, 0.75, 7.5], "texture": "#0"}
			}
		},
		{
			"name": "hexadecagon",
			"from": [13.96346, 6.04309, 7.26406],
			"to": [14.98728, 6.69662, 8.80242],
			"rotation": {"angle": 22.5, "axis": "x", "origin": [-46.88331, 9.91, 8.03324]},
			"faces": {
				"north": {"uv": [10.25, 4.125, 10.375, 4.1875], "texture": "#0"},
				"east": {"uv": [9.125, 1.25, 9.3125, 1.3125], "texture": "#0"},
				"south": {"uv": [10.25, 5.5, 10.375, 5.5625], "texture": "#0"},
				"west": {"uv": [9.125, 2.875, 9.3125, 2.9375], "texture": "#0"},
				"up": {"uv": [11.625, 1.4375, 11.5, 1.25], "texture": "#0"},
				"down": {"uv": [11.625, 1.5, 11.5, 1.6875], "texture": "#0"}
			}
		},
		{
			"name": "hexadecagon",
			"from": [13.96346, 13.12338, 7.26406],
			"to": [14.98728, 13.77691, 8.80242],
			"rotation": {"angle": -22.5, "axis": "x", "origin": [-46.88331, 9.91, 8.03324]},
			"faces": {
				"north": {"uv": [10.25, 6.875, 10.375, 6.9375], "texture": "#0"},
				"east": {"uv": [9.125, 4.25, 9.3125, 4.3125], "texture": "#0"},
				"south": {"uv": [10.25, 7.75, 10.375, 7.8125], "texture": "#0"},
				"west": {"uv": [9.375, 3.125, 9.5625, 3.1875], "texture": "#0"},
				"up": {"uv": [11.625, 1.9375, 11.5, 1.75], "texture": "#0"},
				"down": {"uv": [3.625, 11.5, 3.5, 11.6875], "texture": "#0"}
			}
		},
		{
			"name": "hexadecagon",
			"from": [13.96346, 13.12338, 7.26406],
			"to": [14.98728, 13.77691, 8.80242],
			"rotation": {"angle": 0, "axis": "y", "origin": [-46.88331, 9.91, 8.03324]},
			"faces": {
				"north": {"uv": [10.375, 4.125, 10.5, 4.1875], "texture": "#0"},
				"east": {"uv": [9.75, 5.875, 9.9375, 5.9375], "texture": "#0"},
				"south": {"uv": [10.375, 5.5, 10.5, 5.5625], "texture": "#0"},
				"west": {"uv": [9.75, 7.5, 9.9375, 7.5625], "texture": "#0"},
				"up": {"uv": [3.75, 11.6875, 3.625, 11.5], "texture": "#0"},
				"down": {"uv": [3.875, 11.5, 3.75, 11.6875], "texture": "#0"}
			}
		},
		{
			"name": "hexadecagon",
			"from": [13.96346, 13.12338, 7.26406],
			"to": [14.98728, 13.77691, 8.80242],
			"rotation": {"angle": 22.5, "axis": "x", "origin": [-46.88331, 9.91, 8.03324]},
			"faces": {
				"north": {"uv": [10.375, 6.875, 10.5, 6.9375], "texture": "#0"},
				"east": {"uv": [10, 4.125, 10.1875, 4.1875], "texture": "#0"},
				"south": {"uv": [10.375, 8, 10.5, 8.0625], "texture": "#0"},
				"west": {"uv": [10, 5.5, 10.1875, 5.5625], "texture": "#0"},
				"up": {"uv": [4, 11.6875, 3.875, 11.5], "texture": "#0"},
				"down": {"uv": [11.625, 3.875, 11.5, 4.0625], "texture": "#0"}
			}
		},
		{
			"from": [17, 2, 6],
			"to": [18, 8, 10],
			"rotation": {"angle": 0, "axis": "y", "origin": [16, -5, 0]},
			"faces": {
				"north": {"uv": [3.625, 7.5, 3.75, 8.25], "texture": "#0"},
				"east": {"uv": [4.125, 11.375, 4.625, 12.125], "texture": "#0"},
				"south": {"uv": [4.625, 11.125, 4.75, 11.875], "texture": "#0"},
				"west": {"uv": [5.5, 11.375, 6, 12.125], "texture": "#0"},
				"up": {"uv": [4.625, 7, 4.5, 6.5], "texture": "#0"},
				"down": {"uv": [7.125, 8.25, 7, 8.75], "texture": "#0"}
			}
		},
		{
			"from": [18, 2, 7],
			"to": [18.5, 6, 9],
			"rotation": {"angle": 0, "axis": "y", "origin": [16, -5, 0]},
			"faces": {
				"north": {"uv": [9.875, 11.375, 9.9375, 11.875], "texture": "#0"},
				"east": {"uv": [11.375, 2.5, 11.625, 3], "texture": "#0"},
				"south": {"uv": [10, 11.375, 10.0625, 11.875], "texture": "#0"},
				"west": {"uv": [11.375, 4.875, 11.625, 5.375], "texture": "#0"},
				"up": {"uv": [4.0625, 11.75, 4, 11.5], "texture": "#0"},
				"down": {"uv": [11.5625, 4.625, 11.5, 4.875], "texture": "#0"}
			}
		},
		{
			"from": [9, 5.25, 8.75],
			"to": [10, 8.25, 10.75],
			"rotation": {"angle": -22.5, "axis": "z", "origin": [3, -2, 8.25]},
			"faces": {
				"north": {"uv": [6.75, 11, 6.875, 11.375], "texture": "#0"},
				"east": {"uv": [11.375, 8, 11.625, 8.375], "texture": "#0"},
				"south": {"uv": [9.75, 11.25, 9.875, 11.625], "texture": "#0"},
				"west": {"uv": [8.5, 11.375, 8.75, 11.75], "texture": "#0"},
				"up": {"uv": [1.5, 5.25, 1.375, 5], "texture": "#0"},
				"down": {"uv": [7.625, 8.75, 7.5, 9], "texture": "#0"}
			}
		},
		{
			"from": [9, 5.25, 5.5],
			"to": [10, 8.25, 7.5],
			"rotation": {"angle": -22.5, "axis": "z", "origin": [3, -2, 8.25]},
			"faces": {
				"north": {"uv": [9.25, 11.375, 9.375, 11.75], "texture": "#0"},
				"east": {"uv": [8.75, 11.375, 9, 11.75], "texture": "#0"},
				"south": {"uv": [9.375, 11.375, 9.5, 11.75], "texture": "#0"},
				"west": {"uv": [9, 11.375, 9.25, 11.75], "texture": "#0"},
				"up": {"uv": [4.625, 9.125, 4.5, 8.875], "texture": "#0"},
				"down": {"uv": [5.75, 8.875, 5.625, 9.125], "texture": "#0"}
			}
		},
		{
			"from": [10, 6.25, 9.5],
			"to": [14, 7, 10],
			"rotation": {"angle": -22.5, "axis": "z", "origin": [3, -2, 8.25]},
			"faces": {
				"north": {"uv": [3.125, 7.125, 3.625, 7.25], "texture": "#0"},
				"east": {"uv": [10.5, 4.125, 10.5625, 4.25], "texture": "#0"},
				"south": {"uv": [7.375, 7.25, 7.875, 7.375], "texture": "#0"},
				"west": {"uv": [10.5, 5.5, 10.5625, 5.625], "texture": "#0"},
				"up": {"uv": [9, 5.1875, 8.5, 5.125], "texture": "#0"},
				"down": {"uv": [9.375, 7.625, 8.875, 7.6875], "texture": "#0"}
			}
		},
		{
			"from": [10, 6.25, 6.25],
			"to": [14, 7, 6.75],
			"rotation": {"angle": -22.5, "axis": "z", "origin": [3, -2, 8.25]},
			"faces": {
				"north": {"uv": [8, 7.75, 8.5, 7.875], "texture": "#0"},
				"east": {"uv": [10.5, 6.875, 10.5625, 7], "texture": "#0"},
				"south": {"uv": [8.375, 7.125, 8.875, 7.25], "texture": "#0"},
				"west": {"uv": [10.625, 4.125, 10.6875, 4.25], "texture": "#0"},
				"up": {"uv": [9.625, 5.6875, 9.125, 5.625], "texture": "#0"},
				"down": {"uv": [9.75, 7, 9.25, 7.0625], "texture": "#0"}
			}
		}
	],
	"display": {
		"thirdperson_righthand": {
			"rotation": [0, 114, 0],
			"translation": [0.75, 1.5, 0],
			"scale": [0.16, 0.16, 0.16]
		},
		"thirdperson_lefthand": {
			"rotation": [0, 114, 0],
			"translation": [0.75, 1.5, 0],
			"scale": [0.16, 0.16, 0.16]
		},
		"firstperson_righthand": {
			"scale": [0.2, 0.2, 0.2]
		},
		"firstperson_lefthand": {
			"scale": [0.2, 0.2, 0.2]
		},
		"ground": {
			"rotation": [91, -90, 0],
			"translation": [0.25, 8.75, 10],
			"scale": [1.04, 1.04, 1.04]
		},
		"gui": {
			"rotation": [23, -70, 0],
			"translation": [0.85, 1, 0],
			"scale": [0.38, 0.38, 0.38]
		},
		"fixed": {
			"rotation": [-90, 0, 0],
			"translation": [0, 0, -23.25],
			"scale": [2.05, 2.05, 2.05]
		}
	},
	"groups": [
		{
			"name": "Palette",
			"origin": [0, 0, 8],
			"color": 0,
			"nbt": "{}",
			"children": [0, 1, 2, 3, 4, 5, 6, 7, 8, 9, 10, 11, 12, 13, 14, 15, 16, 17, 18, 19, 20, 21, 22, 23]
		},
		{
			"name": "Klappstuhl",
			"origin": [20.25, 0, 0],
			"color": 0,
			"nbt": "{}",
			"children": [24, 25, 26, 27, 28, 29, 30, 31, 32, 33]
		},
		{
			"name": "WHEELBACK1",
			"origin": [8, 8, 8],
			"color": 0,
			"nbt": "{}",
			"children": [34, 35, 36, 37, 38, 39, 40, 41, 42, 43, 44, 45, 46, 47, 48, 49, 50, 51, 52, 53, 54, 55, 56, 57, 58, 59, 60, 61, 62, 63, 64, 65, 66, 67]
		},
		{
			"name": "WHEELBACK1",
			"origin": [8, 8, 8],
			"color": 0,
			"nbt": "{}",
			"children": [68, 69, 70, 71, 72, 73, 74, 75, 76, 77, 78, 79, 80, 81, 82, 83, 84, 85, 86, 87, 88, 89, 90, 91, 92, 93, 94, 95, 96, 97, 98, 99, 100, 101]
		},
		{
			"name": "Mittelsaeule",
			"origin": [3, 3, 8.25],
			"color": 0,
			"nbt": "{}",
			"children": [102, 103, 104, 105, 106, 107, 108, 109, 110, 111, 112, 113, 114, 115, 116, 117, 118, 119, 120, 121, 122, 123, 124, 125, 126, 127]
		}
	]
}