{
	"credit": "Made with Blockbench",
	"texture_size": [128, 128],
	"textures": {
		"0": "item/carts/challenger1",
		"particle": "item/carts/challenger1"
	},
	"elements": [
		{
			"name": "BASE",
			"from": [-6, 1, -1],
			"to": [22, 1.5, 2],
			"rotation": {"angle": 0, "axis": "y", "origin": [16, -5, 8]},
			"faces": {
				"north": {"uv": [8.25, 4.5, 4.75, 4.5625], "texture": "#0"},
				"east": {"uv": [7.125, 7.125, 6.75, 7.1875], "texture": "#0"},
				"south": {"uv": [8.25, 4.625, 4.75, 4.6875], "texture": "#0"},
				"west": {"uv": [6.75, 7.125, 6.375, 7.1875], "texture": "#0"},
				"up": {"uv": [0, 1.875, 3.5, 1.5], "texture": "#0"},
				"down": {"uv": [0, 1.875, 3.5, 2.25], "texture": "#0"}
			}
		},
		{
			"name": "BASE",
			"from": [-6, 1, 14],
			"to": [22, 1.5, 17],
			"rotation": {"angle": 0, "axis": "y", "origin": [16, -5, 8]},
			"faces": {
				"north": {"uv": [8.25, 4.75, 4.75, 4.8125], "texture": "#0"},
				"east": {"uv": [7.5, 7.125, 7.125, 7.1875], "texture": "#0"},
				"south": {"uv": [8.25, 4.875, 4.75, 4.9375], "texture": "#0"},
				"west": {"uv": [7.5, 7, 7.125, 7.0625], "texture": "#0"},
				"up": {"uv": [0, 2.625, 3.5, 2.25], "texture": "#0"},
				"down": {"uv": [0, 2.625, 3.5, 3], "texture": "#0"}
			}
		},
		{
			"name": "BASE",
			"from": [-6, 1.5, 14],
			"to": [22, 2, 17],
			"rotation": {"angle": 0, "axis": "y", "origin": [16, -5, 8]},
			"faces": {
				"north": {"uv": [8.25, 5, 4.75, 5.0625], "texture": "#0"},
				"east": {"uv": [7.625, 3.125, 7.25, 3.1875], "texture": "#0"},
				"south": {"uv": [8.25, 5.125, 4.75, 5.1875], "texture": "#0"},
				"west": {"uv": [2.75, 7.25, 2.375, 7.3125], "texture": "#0"},
				"up": {"uv": [0, 3.375, 3.5, 3], "texture": "#0"},
				"down": {"uv": [0, 3.375, 3.5, 3.75], "texture": "#0"}
			}
		},
		{
			"name": "BASE",
			"from": [-6, 1.5, -1],
			"to": [22, 2, 2],
			"rotation": {"angle": 0, "axis": "y", "origin": [16, -5, 8]},
			"faces": {
				"north": {"uv": [3.5, 5.25, 0, 5.3125], "texture": "#0"},
				"east": {"uv": [7.625, 3.25, 7.25, 3.3125], "texture": "#0"},
				"south": {"uv": [8.25, 5.25, 4.75, 5.3125], "texture": "#0"},
				"west": {"uv": [3.625, 7.25, 3.25, 7.3125], "texture": "#0"},
				"up": {"uv": [3.5, 0.375, 7, 0], "texture": "#0"},
				"down": {"uv": [3.5, 0.375, 7, 0.75], "texture": "#0"}
			}
		},
		{
			"name": "BASE",
			"from": [-6, 1.5, 3],
			"to": [22, 2, 6],
			"rotation": {"angle": 0, "axis": "y", "origin": [16, -5, 8]},
			"faces": {
				"north": {"uv": [3.5, 5.375, 0, 5.4375], "texture": "#0"},
				"east": {"uv": [7.625, 3.5, 7.25, 3.5625], "texture": "#0"},
				"south": {"uv": [8.25, 5.375, 4.75, 5.4375], "texture": "#0"},
				"west": {"uv": [7.625, 3.375, 7.25, 3.4375], "texture": "#0"},
				"up": {"uv": [3.5, 1.125, 7, 0.75], "texture": "#0"},
				"down": {"uv": [3.5, 1.125, 7, 1.5], "texture": "#0"}
			}
		},
		{
			"name": "BASE",
			"from": [-6, 1.5, 10],
			"to": [22, 2, 13],
			"rotation": {"angle": 0, "axis": "y", "origin": [16, -5, 8]},
			"faces": {
				"north": {"uv": [3.5, 5.5, 0, 5.5625], "texture": "#0"},
				"east": {"uv": [7.625, 3.875, 7.25, 3.9375], "texture": "#0"},
				"south": {"uv": [8.25, 5.5, 4.75, 5.5625], "texture": "#0"},
				"west": {"uv": [7.625, 3.75, 7.25, 3.8125], "texture": "#0"},
				"up": {"uv": [3.5, 1.875, 7, 1.5], "texture": "#0"},
				"down": {"uv": [3.5, 1.875, 7, 2.25], "texture": "#0"}
			}
		},
		{
			"name": "BASE",
			"from": [-6, 1.5, 6.5],
			"to": [22, 2, 9.5],
			"rotation": {"angle": 0, "axis": "y", "origin": [16, -5, 8]},
			"faces": {
				"north": {"uv": [3.5, 5.625, 0, 5.6875], "texture": "#0"},
				"east": {"uv": [7.625, 4.125, 7.25, 4.1875], "texture": "#0"},
				"south": {"uv": [8.25, 5.625, 4.75, 5.6875], "texture": "#0"},
				"west": {"uv": [7.625, 4, 7.25, 4.0625], "texture": "#0"},
				"up": {"uv": [3.5, 2.625, 7, 2.25], "texture": "#0"},
				"down": {"uv": [3.5, 2.625, 7, 3], "texture": "#0"}
			}
		},
		{
			"name": "BASE",
			"from": [-6, -2, 6.5],
			"to": [22, -1, 9.5],
			"rotation": {"angle": 0, "axis": "y", "origin": [16, -5, 8]},
			"faces": {
				"north": {"uv": [7.25, 4.25, 3.75, 4.375], "texture": "#0"},
				"east": {"uv": [7.125, 7, 6.75, 7.125], "texture": "#0"},
				"south": {"uv": [7.25, 4.375, 3.75, 4.5], "texture": "#0"},
				"west": {"uv": [6.75, 7, 6.375, 7.125], "texture": "#0"},
				"up": {"uv": [3.5, 3.375, 7, 3], "texture": "#0"},
				"down": {"uv": [3.5, 3.375, 7, 3.75], "texture": "#0"}
			}
		},
		{
			"name": "BASE",
			"from": [-6, -2, 14],
			"to": [22, -1, 17],
			"rotation": {"angle": 0, "axis": "y", "origin": [16, -5, 8]},
			"faces": {
				"north": {"uv": [7.25, 3.75, 3.75, 3.875], "texture": "#0"},
				"east": {"uv": [6.375, 7, 6, 7.125], "texture": "#0"},
				"south": {"uv": [7.25, 3.875, 3.75, 4], "texture": "#0"},
				"west": {"uv": [7.375, 3.625, 7, 3.75], "texture": "#0"},
				"up": {"uv": [0, 0.375, 3.5, 0], "texture": "#0"},
				"down": {"uv": [0, 0.375, 3.5, 0.75], "texture": "#0"}
			}
		},
		{
			"name": "BASE",
			"from": [-6, -2, -1],
			"to": [22, -1, 2],
			"rotation": {"angle": 0, "axis": "y", "origin": [16, -5, 8]},
			"faces": {
				"north": {"uv": [7.25, 4, 3.75, 4.125], "texture": "#0"},
				"east": {"uv": [7.375, 6.25, 7, 6.375], "texture": "#0"},
				"south": {"uv": [7.25, 4.125, 3.75, 4.25], "texture": "#0"},
				"west": {"uv": [7.375, 6.125, 7, 6.25], "texture": "#0"},
				"up": {"uv": [0, 1.125, 3.5, 0.75], "texture": "#0"},
				"down": {"uv": [0, 1.125, 3.5, 1.5], "texture": "#0"}
			}
		},
		{
			"name": "BASE",
			"from": [-6, 1, 2],
			"to": [-3, 1.5, 14],
			"rotation": {"angle": 0, "axis": "y", "origin": [16, -5, 8]},
			"faces": {
				"north": {"uv": [0.875, 7.25, 0.5, 7.3125], "texture": "#0"},
				"east": {"uv": [7.25, 6.75, 5.75, 6.8125], "texture": "#0"},
				"south": {"uv": [1.625, 7.25, 1.25, 7.3125], "texture": "#0"},
				"west": {"uv": [8.125, 6.375, 6.625, 6.4375], "texture": "#0"},
				"up": {"uv": [1.5, 5.25, 1.875, 3.75], "texture": "#0"},
				"down": {"uv": [1.875, 3.75, 2.25, 5.25], "texture": "#0"}
			}
		},
		{
			"name": "BASE",
			"from": [19, 1, 2],
			"to": [22, 1.5, 14],
			"rotation": {"angle": 0, "axis": "y", "origin": [16, -5, 8]},
			"faces": {
				"north": {"uv": [2, 7.25, 1.625, 7.3125], "texture": "#0"},
				"east": {"uv": [7.25, 6.875, 5.75, 6.9375], "texture": "#0"},
				"south": {"uv": [2.375, 7.25, 2, 7.3125], "texture": "#0"},
				"west": {"uv": [2.75, 6.875, 1.25, 6.9375], "texture": "#0"},
				"up": {"uv": [2.25, 5.25, 2.625, 3.75], "texture": "#0"},
				"down": {"uv": [2.625, 3.75, 3, 5.25], "texture": "#0"}
			}
		},
		{
			"name": "BASE",
			"from": [6.25, 1, 2],
			"to": [9.25, 1.5, 14],
			"rotation": {"angle": 0, "axis": "y", "origin": [16, -5, 8]},
			"faces": {
				"north": {"uv": [5, 7.25, 4.625, 7.3125], "texture": "#0"},
				"east": {"uv": [4.625, 7, 3.125, 7.0625], "texture": "#0"},
				"south": {"uv": [5.375, 7.25, 5, 7.3125], "texture": "#0"},
				"west": {"uv": [8.5, 3, 7, 3.0625], "texture": "#0"},
				"up": {"uv": [3, 5.25, 3.375, 3.75], "texture": "#0"},
				"down": {"uv": [3.375, 3.75, 3.75, 5.25], "texture": "#0"}
			}
		},
		{
			"name": "BASE",
			"from": [6.25, -1, 14],
			"to": [9.25, 1, 17],
			"rotation": {"angle": 0, "axis": "y", "origin": [16, -5, 8]},
			"faces": {
				"north": {"uv": [7.375, 0, 7, 0.25], "texture": "#0"},
				"east": {"uv": [7.375, 0.75, 7, 1], "texture": "#0"},
				"south": {"uv": [7.375, 0.5, 7, 0.75], "texture": "#0"},
				"west": {"uv": [7.375, 0.25, 7, 0.5], "texture": "#0"},
				"up": {"uv": [1.25, 6.5, 1.625, 6.125], "texture": "#0"},
				"down": {"uv": [1.625, 6.125, 2, 6.5], "texture": "#0"}
			}
		},
		{
			"name": "BASE",
			"from": [6.25, -1, -1],
			"to": [9.25, 1, 2],
			"rotation": {"angle": 0, "axis": "y", "origin": [16, -5, 8]},
			"faces": {
				"north": {"uv": [4.5, 6.75, 4.125, 7], "texture": "#0"},
				"east": {"uv": [7.25, 6.5, 6.875, 6.75], "texture": "#0"},
				"south": {"uv": [5.5, 6.75, 5.125, 7], "texture": "#0"},
				"west": {"uv": [5.125, 6.75, 4.75, 7], "texture": "#0"},
				"up": {"uv": [5.5, 6.125, 5.875, 5.75], "texture": "#0"},
				"down": {"uv": [5.875, 5.75, 6.25, 6.125], "texture": "#0"}
			}
		},
		{
			"name": "BASE",
			"from": [6.25, -1, 6.5],
			"to": [9.25, 1, 9.5],
			"rotation": {"angle": 0, "axis": "y", "origin": [16, -5, 8]},
			"faces": {
				"north": {"uv": [7.375, 2.25, 7, 2.5], "texture": "#0"},
				"east": {"uv": [7.375, 2.75, 7, 3], "texture": "#0"},
				"south": {"uv": [7.375, 2.5, 7, 2.75], "texture": "#0"},
				"west": {"uv": [2.75, 7, 2.375, 7.25], "texture": "#0"},
				"up": {"uv": [4.75, 6.5, 5.125, 6.125], "texture": "#0"},
				"down": {"uv": [5.125, 6.125, 5.5, 6.5], "texture": "#0"}
			}
		},
		{
			"name": "BASE",
			"from": [19, -1, -1],
			"to": [22, 1, 2],
			"rotation": {"angle": 0, "axis": "y", "origin": [16, -5, 8]},
			"faces": {
				"north": {"uv": [2.75, 6.625, 2.375, 6.875], "texture": "#0"},
				"east": {"uv": [4.125, 6.75, 3.75, 7], "texture": "#0"},
				"south": {"uv": [3.5, 6.75, 3.125, 7], "texture": "#0"},
				"west": {"uv": [7, 6.125, 6.625, 6.375], "texture": "#0"},
				"up": {"uv": [4.75, 6.125, 5.125, 5.75], "texture": "#0"},
				"down": {"uv": [5.125, 5.75, 5.5, 6.125], "texture": "#0"}
			}
		},
		{
			"name": "BASE",
			"from": [19, -1, 14],
			"to": [22, 1, 17],
			"rotation": {"angle": 0, "axis": "y", "origin": [16, -5, 8]},
			"faces": {
				"north": {"uv": [6.875, 6.5, 6.5, 6.75], "texture": "#0"},
				"east": {"uv": [2.375, 6.625, 2, 6.875], "texture": "#0"},
				"south": {"uv": [2, 6.625, 1.625, 6.875], "texture": "#0"},
				"west": {"uv": [1.625, 6.625, 1.25, 6.875], "texture": "#0"},
				"up": {"uv": [2.75, 6.125, 3.125, 5.75], "texture": "#0"},
				"down": {"uv": [3.125, 5.75, 3.5, 6.125], "texture": "#0"}
			}
		},
		{
			"name": "BASE",
			"from": [19, -1, 6.5],
			"to": [22, 1, 9.5],
			"rotation": {"angle": 0, "axis": "y", "origin": [16, -5, 8]},
			"faces": {
				"north": {"uv": [7.375, 1, 7, 1.25], "texture": "#0"},
				"east": {"uv": [7.375, 1.5, 7, 1.75], "texture": "#0"},
				"south": {"uv": [7.375, 1.25, 7, 1.5], "texture": "#0"},
				"west": {"uv": [1.625, 7, 1.25, 7.25], "texture": "#0"},
				"up": {"uv": [2, 6.5, 2.375, 6.125], "texture": "#0"},
				"down": {"uv": [2.375, 6.125, 2.75, 6.5], "texture": "#0"}
			}
		},
		{
			"name": "BASE",
			"from": [-6, -1, 6.5],
			"to": [-3, 1, 9.5],
			"rotation": {"angle": 0, "axis": "y", "origin": [16, -5, 8]},
			"faces": {
				"north": {"uv": [2, 7, 1.625, 7.25], "texture": "#0"},
				"east": {"uv": [7.375, 2, 7, 2.25], "texture": "#0"},
				"south": {"uv": [2.375, 7, 2, 7.25], "texture": "#0"},
				"west": {"uv": [7.375, 1.75, 7, 2], "texture": "#0"},
				"up": {"uv": [2.75, 6.5, 3.125, 6.125], "texture": "#0"},
				"down": {"uv": [3.125, 6.125, 3.5, 6.5], "texture": "#0"}
			}
		},
		{
			"name": "BASE",
			"from": [-6, -1, 14],
			"to": [-3, 1, 17],
			"rotation": {"angle": 0, "axis": "y", "origin": [16, -5, 8]},
			"faces": {
				"north": {"uv": [5.125, 6.5, 4.75, 6.75], "texture": "#0"},
				"east": {"uv": [6.5, 6.5, 6.125, 6.75], "texture": "#0"},
				"south": {"uv": [6.125, 6.5, 5.75, 6.75], "texture": "#0"},
				"west": {"uv": [5.5, 6.5, 5.125, 6.75], "texture": "#0"},
				"up": {"uv": [2, 6.125, 2.375, 5.75], "texture": "#0"},
				"down": {"uv": [2.375, 5.75, 2.75, 6.125], "texture": "#0"}
			}
		},
		{
			"name": "BASE",
			"from": [-5.5, -5.25, 15],
			"to": [-3.5, -3.25, 16],
			"rotation": {"angle": 0, "axis": "y", "origin": [16, -5, 8]},
			"faces": {
				"north": {"uv": [3, 6.625, 2.75, 6.875], "texture": "#0"},
				"east": {"uv": [4.625, 6.5, 4.5, 6.75], "texture": "#0"},
				"south": {"uv": [3, 6.875, 2.75, 7.125], "texture": "#0"},
				"west": {"uv": [1.5, 5, 1.375, 5.25], "texture": "#0"},
				"up": {"uv": [0.5, 7.25, 0.75, 7.125], "texture": "#0"},
				"down": {"uv": [0.75, 7.125, 1, 7.25], "texture": "#0"}
			}
		},
		{
			"name": "BASE",
			"from": [-5, -3.25, 15.25],
			"to": [-4, -1.25, 15.75],
			"rotation": {"angle": 0, "axis": "y", "origin": [16, -5, 8]},
			"faces": {
				"north": {"uv": [4.625, 6.75, 4.5, 7], "texture": "#0"},
				"east": {"uv": [5.8125, 7.25, 5.75, 7.5], "texture": "#0"},
				"south": {"uv": [1.125, 7.125, 1, 7.375], "texture": "#0"},
				"west": {"uv": [5.4375, 7.25, 5.375, 7.5], "texture": "#0"},
				"up": {"uv": [7.375, 0.3125, 7.5, 0.25], "texture": "#0"},
				"down": {"uv": [7.375, 0.375, 7.5, 0.4375], "texture": "#0"}
			}
		},
		{
			"name": "BASE",
			"from": [-6, -3, 15.25],
			"to": [-5, -2.5, 15.75],
			"rotation": {"angle": 0, "axis": "y", "origin": [16, -5, 8]},
			"faces": {
				"north": {"uv": [0.625, 7.375, 0.5, 7.4375], "texture": "#0"},
				"east": {"uv": [2.0625, 7.375, 2, 7.4375], "texture": "#0"},
				"south": {"uv": [7.5, 0.5, 7.375, 0.5625], "texture": "#0"},
				"west": {"uv": [7.4375, 1.875, 7.375, 1.9375], "texture": "#0"},
				"up": {"uv": [0.625, 7.4375, 0.75, 7.375], "texture": "#0"},
				"down": {"uv": [7.375, 0.625, 7.5, 0.6875], "texture": "#0"}
			}
		},
		{
			"name": "BASE",
			"from": [-5.5, -5.25, 0],
			"to": [-3.5, -3.25, 1],
			"rotation": {"angle": 0, "axis": "y", "origin": [16, -5, 8]},
			"faces": {
				"north": {"uv": [7.25, 3.125, 7, 3.375], "texture": "#0"},
				"east": {"uv": [3.25, 7.125, 3.125, 7.375], "texture": "#0"},
				"south": {"uv": [7.25, 3.375, 7, 3.625], "texture": "#0"},
				"west": {"uv": [3, 7.125, 2.875, 7.375], "texture": "#0"},
				"up": {"uv": [3.25, 7.25, 3.5, 7.125], "texture": "#0"},
				"down": {"uv": [3.5, 7.125, 3.75, 7.25], "texture": "#0"}
			}
		},
		{
			"name": "BASE",
			"from": [-6, -3, 0.25],
			"to": [-5, -2.5, 0.75],
			"rotation": {"angle": 0, "axis": "y", "origin": [16, -5, 8]},
			"faces": {
				"north": {"uv": [7.5, 0.875, 7.375, 0.9375], "texture": "#0"},
				"east": {"uv": [2.1875, 7.375, 2.125, 7.4375], "texture": "#0"},
				"south": {"uv": [1.125, 7.375, 1, 7.4375], "texture": "#0"},
				"west": {"uv": [7.4375, 2, 7.375, 2.0625], "texture": "#0"},
				"up": {"uv": [7.375, 1.0625, 7.5, 1], "texture": "#0"},
				"down": {"uv": [1.125, 7.375, 1.25, 7.4375], "texture": "#0"}
			}
		},
		{
			"name": "BASE",
			"from": [-5, -3.25, 0.25],
			"to": [-4, -1.25, 0.75],
			"rotation": {"angle": 0, "axis": "y", "origin": [16, -5, 8]},
			"faces": {
				"north": {"uv": [1.25, 7.125, 1.125, 7.375], "texture": "#0"},
				"east": {"uv": [5.9375, 7.25, 5.875, 7.5], "texture": "#0"},
				"south": {"uv": [2.875, 7.125, 2.75, 7.375], "texture": "#0"},
				"west": {"uv": [7.3125, 5.75, 7.25, 6], "texture": "#0"},
				"up": {"uv": [0.75, 7.4375, 0.875, 7.375], "texture": "#0"},
				"down": {"uv": [7.375, 0.75, 7.5, 0.8125], "texture": "#0"}
			}
		},
		{
			"name": "BASE",
			"from": [19.5, -5.25, 0],
			"to": [21.5, -3.25, 1],
			"rotation": {"angle": 0, "axis": "y", "origin": [16, -5, 8]},
			"faces": {
				"north": {"uv": [5.5, 7, 5.25, 7.25], "texture": "#0"},
				"east": {"uv": [6.125, 7.125, 6, 7.375], "texture": "#0"},
				"south": {"uv": [6, 7, 5.75, 7.25], "texture": "#0"},
				"west": {"uv": [7.25, 5.75, 7.125, 6], "texture": "#0"},
				"up": {"uv": [7.125, 6.125, 7.375, 6], "texture": "#0"},
				"down": {"uv": [6.125, 7.125, 6.375, 7.25], "texture": "#0"}
			}
		},
		{
			"name": "BASE",
			"from": [19, -3, 0.25],
			"to": [20, -2.5, 0.75],
			"rotation": {"angle": 0, "axis": "y", "origin": [16, -5, 8]},
			"faces": {
				"north": {"uv": [7.5, 1.625, 7.375, 1.6875], "texture": "#0"},
				"east": {"uv": [2.4375, 7.375, 2.375, 7.4375], "texture": "#0"},
				"south": {"uv": [1.875, 7.375, 1.75, 7.4375], "texture": "#0"},
				"west": {"uv": [7.4375, 2.25, 7.375, 2.3125], "texture": "#0"},
				"up": {"uv": [7.375, 1.8125, 7.5, 1.75], "texture": "#0"},
				"down": {"uv": [1.875, 7.375, 2, 7.4375], "texture": "#0"}
			}
		},
		{
			"name": "BASE",
			"from": [20, -3.25, 0.25],
			"to": [21, -1.25, 0.75],
			"rotation": {"angle": 0, "axis": "y", "origin": [16, -5, 8]},
			"faces": {
				"north": {"uv": [5.625, 7.125, 5.5, 7.375], "texture": "#0"},
				"east": {"uv": [6.5625, 7.25, 6.5, 7.5], "texture": "#0"},
				"south": {"uv": [5.75, 7.125, 5.625, 7.375], "texture": "#0"},
				"west": {"uv": [6.4375, 7.25, 6.375, 7.5], "texture": "#0"},
				"up": {"uv": [7.375, 1.5625, 7.5, 1.5], "texture": "#0"},
				"down": {"uv": [1.625, 7.375, 1.75, 7.4375], "texture": "#0"}
			}
		},
		{
			"name": "BASE",
			"from": [19.5, -5.25, 15],
			"to": [21.5, -3.25, 16],
			"rotation": {"angle": 0, "axis": "y", "origin": [16, -5, 8]},
			"faces": {
				"north": {"uv": [5, 7, 4.75, 7.25], "texture": "#0"},
				"east": {"uv": [4.25, 7.125, 4.125, 7.375], "texture": "#0"},
				"south": {"uv": [5.25, 7, 5, 7.25], "texture": "#0"},
				"west": {"uv": [4.125, 7.125, 4, 7.375], "texture": "#0"},
				"up": {"uv": [4.25, 7.25, 4.5, 7.125], "texture": "#0"},
				"down": {"uv": [4.5, 7.125, 4.75, 7.25], "texture": "#0"}
			}
		},
		{
			"name": "BASE",
			"from": [20, -3.25, 15.25],
			"to": [21, -1.25, 15.75],
			"rotation": {"angle": 0, "axis": "y", "origin": [16, -5, 8]},
			"faces": {
				"north": {"uv": [3.875, 7.125, 3.75, 7.375], "texture": "#0"},
				"east": {"uv": [6.3125, 7.25, 6.25, 7.5], "texture": "#0"},
				"south": {"uv": [4, 7.125, 3.875, 7.375], "texture": "#0"},
				"west": {"uv": [6.1875, 7.25, 6.125, 7.5], "texture": "#0"},
				"up": {"uv": [7.375, 1.4375, 7.5, 1.375], "texture": "#0"},
				"down": {"uv": [1.5, 7.375, 1.625, 7.4375], "texture": "#0"}
			}
		},
		{
			"name": "BASE",
			"from": [19, -3, 15.25],
			"to": [20, -2.5, 15.75],
			"rotation": {"angle": 0, "axis": "y", "origin": [16, -5, 8]},
			"faces": {
				"north": {"uv": [7.5, 1.125, 7.375, 1.1875], "texture": "#0"},
				"east": {"uv": [2.3125, 7.375, 2.25, 7.4375], "texture": "#0"},
				"south": {"uv": [1.375, 7.375, 1.25, 7.4375], "texture": "#0"},
				"west": {"uv": [7.4375, 2.125, 7.375, 2.1875], "texture": "#0"},
				"up": {"uv": [7.375, 1.3125, 7.5, 1.25], "texture": "#0"},
				"down": {"uv": [1.375, 7.375, 1.5, 7.4375], "texture": "#0"}
			}
		},
		{
			"name": "BASE",
			"from": [-6, -1, -1],
			"to": [-3, 1, 2],
			"rotation": {"angle": 0, "axis": "y", "origin": [16, -5, 8]},
			"faces": {
				"north": {"uv": [1.375, 5, 1, 5.25], "texture": "#0"},
				"east": {"uv": [4.5, 6.5, 4.125, 6.75], "texture": "#0"},
				"south": {"uv": [4.125, 6.5, 3.75, 6.75], "texture": "#0"},
				"west": {"uv": [3.5, 6.5, 3.125, 6.75], "texture": "#0"},
				"up": {"uv": [1.25, 6.125, 1.625, 5.75], "texture": "#0"},
				"down": {"uv": [1.625, 5.75, 2, 6.125], "texture": "#0"}
			}
		},
		{
			"from": [10.25, 2.675, 3.75],
			"to": [11.25, 16.675, 5.25],
			"rotation": {"angle": 22.5, "axis": "z", "origin": [11.75, -5, 0]},
			"faces": {
				"north": {"uv": [3.625, 5.25, 3.5, 7], "texture": "#0"},
				"east": {"uv": [4.1875, 4.5, 4, 6.25], "texture": "#0"},
				"south": {"uv": [3.75, 5.25, 3.625, 7], "texture": "#0"},
				"west": {"uv": [3.9375, 4.5, 3.75, 6.25], "texture": "#0"},
				"up": {"uv": [0.875, 7.4375, 1, 7.25], "texture": "#0"},
				"down": {"uv": [3.625, 7.25, 3.75, 7.4375], "texture": "#0"}
			}
		},
		{
			"from": [10.25, 2.675, 10.75],
			"to": [11.25, 16.675, 12.25],
			"rotation": {"angle": 22.5, "axis": "z", "origin": [11.75, -5, 0]},
			"faces": {
				"north": {"uv": [0.125, 5.75, 0, 7.5], "texture": "#0"},
				"east": {"uv": [4.6875, 4.5, 4.5, 6.25], "texture": "#0"},
				"south": {"uv": [0.25, 5.75, 0.125, 7.5], "texture": "#0"},
				"west": {"uv": [4.4375, 4.5, 4.25, 6.25], "texture": "#0"},
				"up": {"uv": [4.25, 7.4375, 4.375, 7.25], "texture": "#0"},
				"down": {"uv": [7.25, 4.25, 7.375, 4.4375], "texture": "#0"}
			}
		},
		{
			"from": [-3.75, 2.675, 11],
			"to": [-2.75, 13.675, 12],
			"rotation": {"angle": -22.5, "axis": "z", "origin": [-4.25, -5, 0]},
			"faces": {
				"north": {"uv": [0.875, 5.75, 0.75, 7.125], "texture": "#0"},
				"east": {"uv": [1.25, 5.75, 1.125, 7.125], "texture": "#0"},
				"south": {"uv": [1.125, 5.75, 1, 7.125], "texture": "#0"},
				"west": {"uv": [1, 5.75, 0.875, 7.125], "texture": "#0"},
				"up": {"uv": [7.25, 6.75, 7.375, 6.625], "texture": "#0"},
				"down": {"uv": [6.75, 7.25, 6.875, 7.375], "texture": "#0"}
			}
		},
		{
			"from": [1.675, 7, 11.1],
			"to": [8.675, 8, 11.9],
			"rotation": {"angle": 0, "axis": "z", "origin": [-4.25, -5, 0]},
			"faces": {
				"north": {"uv": [6.625, 6.125, 5.75, 6.25], "texture": "#0"},
				"east": {"uv": [7, 7.25, 6.875, 7.375], "texture": "#0"},
				"south": {"uv": [4.625, 6.25, 3.75, 6.375], "texture": "#0"},
				"west": {"uv": [7.375, 6.75, 7.25, 6.875], "texture": "#0"},
				"up": {"uv": [5.75, 6.375, 6.625, 6.25], "texture": "#0"},
				"down": {"uv": [6.25, 5.75, 7.125, 5.875], "texture": "#0"}
			}
		},
		{
			"from": [1.675, 7, 4.1],
			"to": [8.675, 8, 4.9],
			"rotation": {"angle": 0, "axis": "z", "origin": [-4.25, -5, 0]},
			"faces": {
				"north": {"uv": [7.125, 5.875, 6.25, 6], "texture": "#0"},
				"east": {"uv": [7.125, 7.25, 7, 7.375], "texture": "#0"},
				"south": {"uv": [7.125, 6, 6.25, 6.125], "texture": "#0"},
				"west": {"uv": [7.375, 6.875, 7.25, 7], "texture": "#0"},
				"up": {"uv": [3.75, 6.5, 4.625, 6.375], "texture": "#0"},
				"down": {"uv": [5.75, 6.375, 6.625, 6.5], "texture": "#0"}
			}
		},
		{
			"from": [1.675, 7, 4.85],
			"to": [2.675, 8, 11.15],
			"rotation": {"angle": 0, "axis": "z", "origin": [-4.25, -5, 0]},
			"faces": {
				"north": {"uv": [7.25, 7.25, 7.125, 7.375], "texture": "#0"},
				"east": {"uv": [2.9375, 6.5, 2.125, 6.625], "texture": "#0"},
				"south": {"uv": [7.375, 7.25, 7.25, 7.375], "texture": "#0"},
				"west": {"uv": [2.0625, 6.5, 1.25, 6.625], "texture": "#0"},
				"up": {"uv": [4.625, 7.0625, 4.75, 6.25], "texture": "#0"},
				"down": {"uv": [3, 6.5, 3.125, 7.3125], "texture": "#0"}
			}
		},
		{
			"from": [2.675, 7.75, 4.85],
			"to": [8.675, 7.75, 11.15],
			"rotation": {"angle": 0, "axis": "z", "origin": [-4.25, -5, 0]},
			"faces": {
				"north": {"uv": [0.75, 0, 0, 0], "texture": "#0"},
				"east": {"uv": [0.8125, 0, 0, 0], "texture": "#0"},
				"south": {"uv": [0.75, 0, 0, 0], "texture": "#0"},
				"west": {"uv": [0.8125, 0, 0, 0], "texture": "#0"},
				"up": {"uv": [0, 4.5625, 0.75, 3.75], "texture": "#0"},
				"down": {"uv": [0.75, 3.75, 0, 4.5625], "texture": "#0"}
			}
		},
		{
			"from": [8.675, 7, 4.1],
			"to": [9.675, 8, 11.9],
			"rotation": {"angle": 0, "axis": "z", "origin": [-4.25, -5, 0]},
			"faces": {
				"north": {"uv": [7.5, 0, 7.375, 0.125], "texture": "#0"},
				"east": {"uv": [1, 5.125, 0, 5.25], "texture": "#0"},
				"south": {"uv": [7.5, 0.125, 7.375, 0.25], "texture": "#0"},
				"west": {"uv": [1, 5, 0, 5.125], "texture": "#0"},
				"up": {"uv": [5.5, 7.125, 5.625, 6.125], "texture": "#0"},
				"down": {"uv": [5.625, 6.125, 5.75, 7.125], "texture": "#0"}
			}
		},
		{
			"from": [9.275, 7.4, 5.25],
			"to": [9.775, 10.4, 10.75],
			"rotation": {"angle": 22.5, "axis": "z", "origin": [-4.25, -5, 0]},
			"faces": {
				"north": {"uv": [4.4375, 7.25, 4.375, 7.625], "texture": "#0"},
				"east": {"uv": [1.4375, 4.625, 0.75, 5], "texture": "#0"},
				"south": {"uv": [4.5625, 7.25, 4.5, 7.625], "texture": "#0"},
				"west": {"uv": [0.6875, 4.625, 0, 5], "texture": "#0"},
				"up": {"uv": [0.25, 7.8125, 0.3125, 7.125], "texture": "#0"},
				"down": {"uv": [0.375, 7.125, 0.4375, 7.8125], "texture": "#0"}
			}
		},
		{
			"from": [-3.75, 2.675, 4],
			"to": [-2.75, 13.675, 5],
			"rotation": {"angle": -22.5, "axis": "z", "origin": [-4.25, -5, 0]},
			"faces": {
				"north": {"uv": [0.375, 5.75, 0.25, 7.125], "texture": "#0"},
				"east": {"uv": [0.75, 5.75, 0.625, 7.125], "texture": "#0"},
				"south": {"uv": [0.625, 5.75, 0.5, 7.125], "texture": "#0"},
				"west": {"uv": [0.5, 5.75, 0.375, 7.125], "texture": "#0"},
				"up": {"uv": [7.25, 6.625, 7.375, 6.5], "texture": "#0"},
				"down": {"uv": [6.625, 7.25, 6.75, 7.375], "texture": "#0"}
			}
		}
	],
	"display": {
		"thirdperson_righthand": {
			"rotation": [0, 114, 0],
			"translation": [0.75, 1.5, 0],
			"scale": [0.16, 0.16, 0.16]
		},
		"thirdperson_lefthand": {
			"rotation": [0, 114, 0],
			"translation": [0.75, 1.5, 0],
			"scale": [0.16, 0.16, 0.16]
		},
		"firstperson_righthand": {
			"scale": [0.2, 0.2, 0.2]
		},
		"firstperson_lefthand": {
			"scale": [0.2, 0.2, 0.2]
		},
		"ground": {
			"rotation": [91, -90, 0],
			"translation": [0.25, 8.75, 10],
			"scale": [1.04, 1.04, 1.04]
		},
		"gui": {
			"rotation": [23, -70, 0],
			"translation": [0.85, 1, 0],
			"scale": [0.38, 0.38, 0.38]
		},
		"fixed": {
			"rotation": [-90, 0, 0],
			"translation": [0, 0, -23.25],
			"scale": [2.05, 2.05, 2.05]
		}
	}
}