{
	"credit": "Made with Blockbench",
	"texture_size": [128, 128],
	"textures": {
		"0": "item/carts/challenger3",
		"particle": "item/carts/challenger3"
	},
	"elements": [
		{
			"name": "hexadecagon",
			"from": [18.08246, -4.97368, -5.86821],
			"to": [20.04417, -3.02881, 0.94361],
			"rotation": {"angle": 45, "axis": "z", "origin": [18.66028, 0.36044, -3.18589]},
			"faces": {
				"north": {"uv": [9.875, 8.125, 10.125, 8.375], "texture": "#0"},
				"east": {"uv": [6.125, 3.375, 7, 3.625], "texture": "#0"},
				"south": {"uv": [10, 4.625, 10.25, 4.875], "texture": "#0"},
				"west": {"uv": [6.125, 3.625, 7, 3.875], "texture": "#0"},
				"up": {"uv": [3.125, 7, 2.875, 6.125], "texture": "#0"},
				"down": {"uv": [3.375, 6.125, 3.125, 7], "texture": "#0"}
			}
		},
		{
			"name": "hexadecagon",
			"from": [18.20601, -4.78877, -5.86821],
			"to": [20.16772, -2.8439, 0.94361],
			"rotation": {"angle": 22.5, "axis": "z", "origin": [18.66028, 0.36044, -3.18589]},
			"faces": {
				"north": {"uv": [10.125, 3, 10.375, 3.25], "texture": "#0"},
				"east": {"uv": [6.125, 3.875, 7, 4.125], "texture": "#0"},
				"south": {"uv": [10.125, 4, 10.375, 4.25], "texture": "#0"},
				"west": {"uv": [6.125, 4.125, 7, 4.375], "texture": "#0"},
				"up": {"uv": [3.625, 7, 3.375, 6.125], "texture": "#0"},
				"down": {"uv": [4.625, 6.125, 4.375, 7], "texture": "#0"}
			}
		},
		{
			"name": "hexadecagon",
			"from": [18.2494, -4.57065, -5.86821],
			"to": [20.21111, -2.62578, 0.94361],
			"rotation": {"angle": 0, "axis": "y", "origin": [18.66028, 0.36044, -3.18589]},
			"faces": {
				"north": {"uv": [10.125, 6, 10.375, 6.25], "texture": "#0"},
				"east": {"uv": [6.125, 4.375, 7, 4.625], "texture": "#0"},
				"south": {"uv": [6.625, 10.125, 6.875, 10.375], "texture": "#0"},
				"west": {"uv": [4.625, 6.125, 5.5, 6.375], "texture": "#0"},
				"up": {"uv": [5.75, 7, 5.5, 6.125], "texture": "#0"},
				"down": {"uv": [0.25, 6.375, 0, 7.25], "texture": "#0"}
			}
		},
		{
			"name": "hexadecagon",
			"from": [18.20601, -4.35253, -5.86821],
			"to": [20.16772, -2.40766, 0.94361],
			"rotation": {"angle": -22.5, "axis": "z", "origin": [18.66028, 0.36044, -3.18589]},
			"faces": {
				"north": {"uv": [8, 10.125, 8.25, 10.375], "texture": "#0"},
				"east": {"uv": [6.125, 5.625, 7, 5.875], "texture": "#0"},
				"south": {"uv": [10.125, 8.125, 10.375, 8.375], "texture": "#0"},
				"west": {"uv": [1.625, 6.375, 2.5, 6.625], "texture": "#0"},
				"up": {"uv": [0.5, 7.25, 0.25, 6.375], "texture": "#0"},
				"down": {"uv": [0.75, 6.375, 0.5, 7.25], "texture": "#0"}
			}
		},
		{
			"name": "hexadecagon",
			"from": [18.08246, -4.16762, -5.86821],
			"to": [20.04417, -2.22275, 0.94361],
			"rotation": {"angle": -45, "axis": "z", "origin": [18.66028, 0.36044, -3.18589]},
			"faces": {
				"north": {"uv": [8.25, 10.125, 8.5, 10.375], "texture": "#0"},
				"east": {"uv": [4.625, 6.375, 5.5, 6.625], "texture": "#0"},
				"south": {"uv": [9.875, 10.125, 10.125, 10.375], "texture": "#0"},
				"west": {"uv": [6.375, 5.875, 7.25, 6.125], "texture": "#0"},
				"up": {"uv": [2.75, 7.25, 2.5, 6.375], "texture": "#0"},
				"down": {"uv": [6.625, 6.125, 6.375, 7], "texture": "#0"}
			}
		},
		{
			"name": "hexadecagon",
			"from": [18.08246, 2.94362, -5.86821],
			"to": [20.04417, 4.8885, 0.94361],
			"rotation": {"angle": 45, "axis": "z", "origin": [18.66028, 0.36044, -3.18589]},
			"faces": {
				"north": {"uv": [10.125, 10.125, 10.375, 10.375], "texture": "#0"},
				"east": {"uv": [1.625, 6.625, 2.5, 6.875], "texture": "#0"},
				"south": {"uv": [1, 10.25, 1.25, 10.5], "texture": "#0"},
				"west": {"uv": [6.625, 2.5, 7.5, 2.75], "texture": "#0"},
				"up": {"uv": [6, 7.375, 5.75, 6.5], "texture": "#0"},
				"down": {"uv": [6.25, 6.5, 6, 7.375], "texture": "#0"}
			}
		},
		{
			"name": "hexadecagon",
			"from": [18.20601, 3.12854, -5.86821],
			"to": [20.16772, 5.07341, 0.94361],
			"rotation": {"angle": 22.5, "axis": "z", "origin": [18.66028, 0.36044, -3.18589]},
			"faces": {
				"north": {"uv": [1.25, 10.25, 1.5, 10.5], "texture": "#0"},
				"east": {"uv": [4.625, 6.625, 5.5, 6.875], "texture": "#0"},
				"south": {"uv": [3.875, 10.25, 4.125, 10.5], "texture": "#0"},
				"west": {"uv": [6.625, 6.125, 7.5, 6.375], "texture": "#0"},
				"up": {"uv": [6.875, 7.25, 6.625, 6.375], "texture": "#0"},
				"down": {"uv": [1.375, 6.75, 1.125, 7.625], "texture": "#0"}
			}
		},
		{
			"name": "hexadecagon",
			"from": [18.2494, 3.34666, -5.86821],
			"to": [20.21111, 5.29153, 0.94361],
			"rotation": {"angle": 0, "axis": "y", "origin": [18.66028, 0.36044, -3.18589]},
			"faces": {
				"north": {"uv": [10.25, 4.625, 10.5, 4.875], "texture": "#0"},
				"east": {"uv": [6.875, 0, 7.75, 0.25], "texture": "#0"},
				"south": {"uv": [7.375, 10.25, 7.625, 10.5], "texture": "#0"},
				"west": {"uv": [6.875, 0.25, 7.75, 0.5], "texture": "#0"},
				"up": {"uv": [1.625, 7.625, 1.375, 6.75], "texture": "#0"},
				"down": {"uv": [7.125, 0.5, 6.875, 1.375], "texture": "#0"}
			}
		},
		{
			"name": "hexadecagon",
			"from": [18.20601, 3.56478, -5.86821],
			"to": [20.16772, 5.50965, 0.94361],
			"rotation": {"angle": -22.5, "axis": "z", "origin": [18.66028, 0.36044, -3.18589]},
			"faces": {
				"north": {"uv": [7.75, 10.25, 8, 10.5], "texture": "#0"},
				"east": {"uv": [6.875, 1.375, 7.75, 1.625], "texture": "#0"},
				"south": {"uv": [10.25, 8.875, 10.5, 9.125], "texture": "#0"},
				"west": {"uv": [1.625, 6.875, 2.5, 7.125], "texture": "#0"},
				"up": {"uv": [4.875, 7.75, 4.625, 6.875], "texture": "#0"},
				"down": {"uv": [5.125, 6.875, 4.875, 7.75], "texture": "#0"}
			}
		},
		{
			"name": "hexadecagon",
			"from": [18.08246, 3.74969, -5.86821],
			"to": [20.04417, 5.69456, 0.94361],
			"rotation": {"angle": -45, "axis": "z", "origin": [18.66028, 0.36044, -3.18589]},
			"faces": {
				"north": {"uv": [10.25, 9.125, 10.5, 9.375], "texture": "#0"},
				"east": {"uv": [6.875, 1.625, 7.75, 1.875], "texture": "#0"},
				"south": {"uv": [9.375, 10.25, 9.625, 10.5], "texture": "#0"},
				"west": {"uv": [6.875, 6.375, 7.75, 6.625], "texture": "#0"},
				"up": {"uv": [5.375, 7.75, 5.125, 6.875], "texture": "#0"},
				"down": {"uv": [7.125, 6.625, 6.875, 7.5], "texture": "#0"}
			}
		},
		{
			"name": "hexadecagon",
			"from": [22.17308, -0.83853, -5.86821],
			"to": [24.11795, 1.12317, 0.94361],
			"rotation": {"angle": 22.5, "axis": "z", "origin": [18.66028, 0.36044, -3.18589]},
			"faces": {
				"north": {"uv": [10.25, 9.375, 10.5, 9.625], "texture": "#0"},
				"east": {"uv": [2.75, 7, 3.625, 7.25], "texture": "#0"},
				"south": {"uv": [9.625, 10.25, 9.875, 10.5], "texture": "#0"},
				"west": {"uv": [7, 3.375, 7.875, 3.625], "texture": "#0"},
				"up": {"uv": [7.25, 4.5, 7, 3.625], "texture": "#0"},
				"down": {"uv": [4.625, 7, 4.375, 7.875], "texture": "#0"}
			}
		},
		{
			"name": "hexadecagon",
			"from": [22.21647, -0.62041, -5.86821],
			"to": [24.16134, 1.34129, 0.94361],
			"rotation": {"angle": 0, "axis": "y", "origin": [18.66028, 0.36044, -3.18589]},
			"faces": {
				"north": {"uv": [10.25, 9.625, 10.5, 9.875], "texture": "#0"},
				"east": {"uv": [7, 4.5, 7.875, 4.75], "texture": "#0"},
				"south": {"uv": [10.25, 9.875, 10.5, 10.125], "texture": "#0"},
				"west": {"uv": [7, 5.625, 7.875, 5.875], "texture": "#0"},
				"up": {"uv": [5.625, 7.875, 5.375, 7], "texture": "#0"},
				"down": {"uv": [6.5, 7, 6.25, 7.875], "texture": "#0"}
			}
		},
		{
			"name": "hexadecagon",
			"from": [22.17308, -0.4023, -5.86821],
			"to": [24.11795, 1.55941, 0.94361],
			"rotation": {"angle": -22.5, "axis": "z", "origin": [18.66028, 0.36044, -3.18589]},
			"faces": {
				"north": {"uv": [0, 10.375, 0.25, 10.625], "texture": "#0"},
				"east": {"uv": [7.125, 0.5, 8, 0.75], "texture": "#0"},
				"south": {"uv": [10.375, 0, 10.625, 0.25], "texture": "#0"},
				"west": {"uv": [7.125, 0.75, 8, 1], "texture": "#0"},
				"up": {"uv": [1.875, 8, 1.625, 7.125], "texture": "#0"},
				"down": {"uv": [2.125, 7.125, 1.875, 8], "texture": "#0"}
			}
		},
		{
			"name": "hexadecagon",
			"from": [14.25578, -0.83853, -5.86821],
			"to": [16.20065, 1.12317, 0.94361],
			"rotation": {"angle": 22.5, "axis": "z", "origin": [18.66028, 0.36044, -3.18589]},
			"faces": {
				"north": {"uv": [0.25, 10.375, 0.5, 10.625], "texture": "#0"},
				"east": {"uv": [7.125, 1, 8, 1.25], "texture": "#0"},
				"south": {"uv": [10.375, 0.25, 10.625, 0.5], "texture": "#0"},
				"west": {"uv": [7.125, 6.625, 8, 6.875], "texture": "#0"},
				"up": {"uv": [2.375, 8, 2.125, 7.125], "texture": "#0"},
				"down": {"uv": [7.375, 6.875, 7.125, 7.75], "texture": "#0"}
			}
		},
		{
			"name": "hexadecagon",
			"from": [14.29916, -0.62041, -5.86821],
			"to": [16.24403, 1.34129, 0.94361],
			"rotation": {"angle": 0, "axis": "y", "origin": [18.66028, 0.36044, -3.18589]},
			"faces": {
				"north": {"uv": [0.5, 10.375, 0.75, 10.625], "texture": "#0"},
				"east": {"uv": [0, 7.25, 0.875, 7.5], "texture": "#0"},
				"south": {"uv": [10.375, 1.25, 10.625, 1.5], "texture": "#0"},
				"west": {"uv": [7.25, 1.875, 8.125, 2.125], "texture": "#0"},
				"up": {"uv": [2.625, 8.125, 2.375, 7.25], "texture": "#0"},
				"down": {"uv": [2.875, 7.25, 2.625, 8.125], "texture": "#0"}
			}
		},
		{
			"name": "hexadecagon",
			"from": [16.04916, -2.87041, -4.86821],
			"to": [22.49403, 3.59129, -4.05639],
			"rotation": {"angle": 0, "axis": "y", "origin": [18.66028, 0.36044, -3.18589]},
			"faces": {
				"north": {"uv": [1.25, 3.5, 2.0625, 4.3125], "texture": "#0"},
				"east": {"uv": [0.75, 6.375, 0.875, 7.1875], "texture": "#0"},
				"south": {"uv": [1.25, 4.375, 2.0625, 5.1875], "texture": "#0"},
				"west": {"uv": [5.125, 9.75, 5.25, 10.5625], "texture": "#0"},
				"up": {"uv": [6.9375, 4.75, 6.125, 4.625], "texture": "#0"},
				"down": {"uv": [10.6875, 5.75, 9.875, 5.875], "texture": "#0"}
			}
		},
		{
			"name": "hexadecagon",
			"from": [14.25578, -0.4023, -5.86821],
			"to": [16.20065, 1.55941, 0.94361],
			"rotation": {"angle": -22.5, "axis": "z", "origin": [18.66028, 0.36044, -3.18589]},
			"faces": {
				"north": {"uv": [10.375, 1.5, 10.625, 1.75], "texture": "#0"},
				"east": {"uv": [7.25, 2.125, 8.125, 2.375], "texture": "#0"},
				"south": {"uv": [10.375, 2.625, 10.625, 2.875], "texture": "#0"},
				"west": {"uv": [2.875, 7.25, 3.75, 7.5], "texture": "#0"},
				"up": {"uv": [7.5, 4.5, 7.25, 3.625], "texture": "#0"},
				"down": {"uv": [4, 7.25, 3.75, 8.125], "texture": "#0"}
			}
		},
		{
			"name": "hexadecagon",
			"from": [-2.91754, -4.97368, -5.86821],
			"to": [-0.95583, -3.02881, 0.94361],
			"rotation": {"angle": 45, "axis": "z", "origin": [-2.33972, 0.36044, -3.18589]},
			"faces": {
				"north": {"uv": [2.75, 10.375, 3, 10.625], "texture": "#0"},
				"east": {"uv": [7.25, 5, 8.125, 5.25], "texture": "#0"},
				"south": {"uv": [10.375, 2.875, 10.625, 3.125], "texture": "#0"},
				"west": {"uv": [7.25, 5.25, 8.125, 5.5], "texture": "#0"},
				"up": {"uv": [6.75, 8.125, 6.5, 7.25], "texture": "#0"},
				"down": {"uv": [5.875, 7.375, 5.625, 8.25], "texture": "#0"}
			}
		},
		{
			"name": "hexadecagon",
			"from": [-2.79399, -4.78877, -5.86821],
			"to": [-0.83228, -2.8439, 0.94361],
			"rotation": {"angle": 22.5, "axis": "z", "origin": [-2.33972, 0.36044, -3.18589]},
			"faces": {
				"north": {"uv": [3, 10.375, 3.25, 10.625], "texture": "#0"},
				"east": {"uv": [7.25, 5.875, 8.125, 6.125], "texture": "#0"},
				"south": {"uv": [3.25, 10.375, 3.5, 10.625], "texture": "#0"},
				"west": {"uv": [7.375, 2.75, 8.25, 3], "texture": "#0"},
				"up": {"uv": [6.125, 8.25, 5.875, 7.375], "texture": "#0"},
				"down": {"uv": [7.625, 6.875, 7.375, 7.75], "texture": "#0"}
			}
		},
		{
			"name": "hexadecagon",
			"from": [-2.7506, -4.57065, -5.86821],
			"to": [-0.78889, -2.62578, 0.94361],
			"rotation": {"angle": 0, "axis": "y", "origin": [-2.33972, 0.36044, -3.18589]},
			"faces": {
				"north": {"uv": [10.375, 3.625, 10.625, 3.875], "texture": "#0"},
				"east": {"uv": [7.375, 4.75, 8.25, 5], "texture": "#0"},
				"south": {"uv": [10.375, 3.875, 10.625, 4.125], "texture": "#0"},
				"west": {"uv": [0, 7.5, 0.875, 7.75], "texture": "#0"},
				"up": {"uv": [1.125, 8.375, 0.875, 7.5], "texture": "#0"},
				"down": {"uv": [3.125, 7.5, 2.875, 8.375], "texture": "#0"}
			}
		},
		{
			"name": "hexadecagon",
			"from": [-2.79399, -4.35253, -5.86821],
			"to": [-0.83228, -2.40766, 0.94361],
			"rotation": {"angle": -22.5, "axis": "z", "origin": [-2.33972, 0.36044, -3.18589]},
			"faces": {
				"north": {"uv": [10.375, 4.125, 10.625, 4.375], "texture": "#0"},
				"east": {"uv": [7.5, 2.375, 8.375, 2.625], "texture": "#0"},
				"south": {"uv": [4.625, 10.375, 4.875, 10.625], "texture": "#0"},
				"west": {"uv": [7.5, 3.625, 8.375, 3.875], "texture": "#0"},
				"up": {"uv": [3.375, 8.375, 3.125, 7.5], "texture": "#0"},
				"down": {"uv": [3.625, 7.5, 3.375, 8.375], "texture": "#0"}
			}
		},
		{
			"name": "hexadecagon",
			"from": [-2.91754, -4.16762, -5.86821],
			"to": [-0.95583, -2.22275, 0.94361],
			"rotation": {"angle": -45, "axis": "z", "origin": [-2.33972, 0.36044, -3.18589]},
			"faces": {
				"north": {"uv": [5.5, 10.375, 5.75, 10.625], "texture": "#0"},
				"east": {"uv": [7.5, 3.875, 8.375, 4.125], "texture": "#0"},
				"south": {"uv": [5.75, 10.375, 6, 10.625], "texture": "#0"},
				"west": {"uv": [7.5, 4.125, 8.375, 4.375], "texture": "#0"},
				"up": {"uv": [7, 8.375, 6.75, 7.5], "texture": "#0"},
				"down": {"uv": [1.375, 7.625, 1.125, 8.5], "texture": "#0"}
			}
		},
		{
			"name": "hexadecagon",
			"from": [-2.91754, 2.94362, -5.86821],
			"to": [-0.95583, 4.8885, 0.94361],
			"rotation": {"angle": 45, "axis": "z", "origin": [-2.33972, 0.36044, -3.18589]},
			"faces": {
				"north": {"uv": [10.375, 6, 10.625, 6.25], "texture": "#0"},
				"east": {"uv": [7.5, 6.125, 8.375, 6.375], "texture": "#0"},
				"south": {"uv": [10.375, 6.25, 10.625, 6.5], "texture": "#0"},
				"west": {"uv": [7.625, 6.875, 8.5, 7.125], "texture": "#0"},
				"up": {"uv": [1.625, 8.5, 1.375, 7.625], "texture": "#0"},
				"down": {"uv": [4.25, 7.625, 4, 8.5], "texture": "#0"}
			}
		},
		{
			"name": "hexadecagon",
			"from": [-2.79399, 3.12854, -5.86821],
			"to": [-0.83228, 5.07341, 0.94361],
			"rotation": {"angle": 22.5, "axis": "z", "origin": [-2.33972, 0.36044, -3.18589]},
			"faces": {
				"north": {"uv": [6.625, 10.375, 6.875, 10.625], "texture": "#0"},
				"east": {"uv": [7.625, 7.125, 8.5, 7.375], "texture": "#0"},
				"south": {"uv": [6.875, 10.375, 7.125, 10.625], "texture": "#0"},
				"west": {"uv": [7.625, 7.375, 8.5, 7.625], "texture": "#0"},
				"up": {"uv": [7.875, 8.5, 7.625, 7.625], "texture": "#0"},
				"down": {"uv": [0.25, 7.75, 0, 8.625], "texture": "#0"}
			}
		},
		{
			"name": "hexadecagon",
			"from": [-2.7506, 3.34666, -5.86821],
			"to": [-0.78889, 5.29153, 0.94361],
			"rotation": {"angle": 0, "axis": "y", "origin": [-2.33972, 0.36044, -3.18589]},
			"faces": {
				"north": {"uv": [7.125, 10.375, 7.375, 10.625], "texture": "#0"},
				"east": {"uv": [7.75, 0, 8.625, 0.25], "texture": "#0"},
				"south": {"uv": [8, 10.375, 8.25, 10.625], "texture": "#0"},
				"west": {"uv": [7.75, 0.25, 8.625, 0.5], "texture": "#0"},
				"up": {"uv": [0.5, 8.625, 0.25, 7.75], "texture": "#0"},
				"down": {"uv": [0.75, 7.75, 0.5, 8.625], "texture": "#0"}
			}
		},
		{
			"name": "hexadecagon",
			"from": [-2.79399, 3.56478, -5.86821],
			"to": [-0.83228, 5.50965, 0.94361],
			"rotation": {"angle": -22.5, "axis": "z", "origin": [-2.33972, 0.36044, -3.18589]},
			"faces": {
				"north": {"uv": [10.375, 8.125, 10.625, 8.375], "texture": "#0"},
				"east": {"uv": [7.75, 1.25, 8.625, 1.5], "texture": "#0"},
				"south": {"uv": [8.25, 10.375, 8.5, 10.625], "texture": "#0"},
				"west": {"uv": [7.75, 1.5, 8.625, 1.75], "texture": "#0"},
				"up": {"uv": [4.875, 8.625, 4.625, 7.75], "texture": "#0"},
				"down": {"uv": [5.125, 7.75, 4.875, 8.625], "texture": "#0"}
			}
		},
		{
			"name": "hexadecagon",
			"from": [-2.91754, 3.74969, -5.86821],
			"to": [-0.95583, 5.69456, 0.94361],
			"rotation": {"angle": -45, "axis": "z", "origin": [-2.33972, 0.36044, -3.18589]},
			"faces": {
				"north": {"uv": [10.375, 8.375, 10.625, 8.625], "texture": "#0"},
				"east": {"uv": [7.75, 6.375, 8.625, 6.625], "texture": "#0"},
				"south": {"uv": [8.5, 10.375, 8.75, 10.625], "texture": "#0"},
				"west": {"uv": [7.875, 3.375, 8.75, 3.625], "texture": "#0"},
				"up": {"uv": [5.375, 8.625, 5.125, 7.75], "texture": "#0"},
				"down": {"uv": [7.25, 7.75, 7, 8.625], "texture": "#0"}
			}
		},
		{
			"name": "hexadecagon",
			"from": [1.17308, -0.83853, -5.86821],
			"to": [3.11795, 1.12317, 0.94361],
			"rotation": {"angle": 22.5, "axis": "z", "origin": [-2.33972, 0.36044, -3.18589]},
			"faces": {
				"north": {"uv": [10.375, 8.625, 10.625, 8.875], "texture": "#0"},
				"east": {"uv": [7.875, 4.375, 8.75, 4.625], "texture": "#0"},
				"south": {"uv": [8.75, 10.375, 9, 10.625], "texture": "#0"},
				"west": {"uv": [7.875, 5.5, 8.75, 5.75], "texture": "#0"},
				"up": {"uv": [7.5, 8.625, 7.25, 7.75], "texture": "#0"},
				"down": {"uv": [4.5, 7.875, 4.25, 8.75], "texture": "#0"}
			}
		},
		{
			"name": "hexadecagon",
			"from": [1.21647, -0.62041, -5.86821],
			"to": [3.16134, 1.34129, 0.94361],
			"rotation": {"angle": 0, "axis": "y", "origin": [-2.33972, 0.36044, -3.18589]},
			"faces": {
				"north": {"uv": [9, 10.375, 9.25, 10.625], "texture": "#0"},
				"east": {"uv": [7.875, 7.625, 8.75, 7.875], "texture": "#0"},
				"south": {"uv": [9.875, 10.375, 10.125, 10.625], "texture": "#0"},
				"west": {"uv": [7.875, 7.875, 8.75, 8.125], "texture": "#0"},
				"up": {"uv": [5.625, 8.75, 5.375, 7.875], "texture": "#0"},
				"down": {"uv": [6.375, 7.875, 6.125, 8.75], "texture": "#0"}
			}
		},
		{
			"name": "hexadecagon",
			"from": [1.17308, -0.4023, -5.86821],
			"to": [3.11795, 1.55941, 0.94361],
			"rotation": {"angle": -22.5, "axis": "z", "origin": [-2.33972, 0.36044, -3.18589]},
			"faces": {
				"north": {"uv": [10.125, 10.375, 10.375, 10.625], "texture": "#0"},
				"east": {"uv": [8, 0.5, 8.875, 0.75], "texture": "#0"},
				"south": {"uv": [10.375, 10.125, 10.625, 10.375], "texture": "#0"},
				"west": {"uv": [8, 0.75, 8.875, 1], "texture": "#0"},
				"up": {"uv": [1.875, 8.875, 1.625, 8], "texture": "#0"},
				"down": {"uv": [2.125, 8, 1.875, 8.875], "texture": "#0"}
			}
		},
		{
			"name": "hexadecagon",
			"from": [-6.74422, -0.83853, -5.86821],
			"to": [-4.79935, 1.12317, 0.94361],
			"rotation": {"angle": 22.5, "axis": "z", "origin": [-2.33972, 0.36044, -3.18589]},
			"faces": {
				"north": {"uv": [10.375, 10.375, 10.625, 10.625], "texture": "#0"},
				"east": {"uv": [8, 1, 8.875, 1.25], "texture": "#0"},
				"south": {"uv": [0.75, 10.5, 1, 10.75], "texture": "#0"},
				"west": {"uv": [8, 6.625, 8.875, 6.875], "texture": "#0"},
				"up": {"uv": [2.375, 8.875, 2.125, 8], "texture": "#0"},
				"down": {"uv": [2.625, 8.125, 2.375, 9], "texture": "#0"}
			}
		},
		{
			"name": "hexadecagon",
			"from": [-6.70084, -0.62041, -5.86821],
			"to": [-4.75597, 1.34129, 0.94361],
			"rotation": {"angle": 0, "axis": "y", "origin": [-2.33972, 0.36044, -3.18589]},
			"faces": {
				"north": {"uv": [1, 10.5, 1.25, 10.75], "texture": "#0"},
				"east": {"uv": [8.125, 1.75, 9, 2], "texture": "#0"},
				"south": {"uv": [1.25, 10.5, 1.5, 10.75], "texture": "#0"},
				"west": {"uv": [8.125, 2, 9, 2.25], "texture": "#0"},
				"up": {"uv": [2.875, 9, 2.625, 8.125], "texture": "#0"},
				"down": {"uv": [3.875, 8.125, 3.625, 9], "texture": "#0"}
			}
		},
		{
			"name": "hexadecagon",
			"from": [-4.95084, -2.87041, -4.86821],
			"to": [1.49403, 3.59129, -4.05639],
			"rotation": {"angle": 0, "axis": "y", "origin": [-2.33972, 0.36044, -3.18589]},
			"faces": {
				"north": {"uv": [2.125, 4.75, 2.9375, 5.5625], "texture": "#0"},
				"east": {"uv": [9.25, 9.75, 9.375, 10.5625], "texture": "#0"},
				"south": {"uv": [3, 4.75, 3.8125, 5.5625], "texture": "#0"},
				"west": {"uv": [2.625, 9.875, 2.75, 10.6875], "texture": "#0"},
				"up": {"uv": [10.6875, 6, 9.875, 5.875], "texture": "#0"},
				"down": {"uv": [10.6875, 7, 9.875, 7.125], "texture": "#0"}
			}
		},
		{
			"name": "hexadecagon",
			"from": [-6.74422, -0.4023, -5.86821],
			"to": [-4.79935, 1.55941, 0.94361],
			"rotation": {"angle": -22.5, "axis": "z", "origin": [-2.33972, 0.36044, -3.18589]},
			"faces": {
				"north": {"uv": [2.25, 10.5, 2.5, 10.75], "texture": "#0"},
				"east": {"uv": [8.125, 5, 9, 5.25], "texture": "#0"},
				"south": {"uv": [10.5, 2.25, 10.75, 2.5], "texture": "#0"},
				"west": {"uv": [8.125, 5.25, 9, 5.5], "texture": "#0"},
				"up": {"uv": [6.625, 9, 6.375, 8.125], "texture": "#0"},
				"down": {"uv": [8.125, 8.125, 7.875, 9], "texture": "#0"}
			}
		},
		{
			"name": "hexadecagon",
			"from": [18.08246, -4.97368, 15.13179],
			"to": [20.04417, -3.02881, 21.94361],
			"rotation": {"angle": 45, "axis": "z", "origin": [18.66028, 0.36044, 17.81411]},
			"faces": {
				"north": {"uv": [10.5, 3.125, 10.75, 3.375], "texture": "#0"},
				"east": {"uv": [8.125, 5.75, 9, 6], "texture": "#0"},
				"south": {"uv": [3.875, 10.5, 4.125, 10.75], "texture": "#0"},
				"west": {"uv": [8.125, 8.125, 9, 8.375], "texture": "#0"},
				"up": {"uv": [5.875, 9.125, 5.625, 8.25], "texture": "#0"},
				"down": {"uv": [6.125, 8.25, 5.875, 9.125], "texture": "#0"}
			}
		},
		{
			"name": "hexadecagon",
			"from": [18.20601, -4.78877, 15.13179],
			"to": [20.16772, -2.8439, 21.94361],
			"rotation": {"angle": 22.5, "axis": "z", "origin": [18.66028, 0.36044, 17.81411]},
			"faces": {
				"north": {"uv": [4.125, 10.5, 4.375, 10.75], "texture": "#0"},
				"east": {"uv": [8.25, 2.625, 9.125, 2.875], "texture": "#0"},
				"south": {"uv": [10.5, 4.375, 10.75, 4.625], "texture": "#0"},
				"west": {"uv": [8.25, 4.625, 9.125, 4.875], "texture": "#0"},
				"up": {"uv": [1, 9.25, 0.75, 8.375], "texture": "#0"},
				"down": {"uv": [3.125, 8.375, 2.875, 9.25], "texture": "#0"}
			}
		},
		{
			"name": "hexadecagon",
			"from": [18.2494, -4.57065, 15.13179],
			"to": [20.21111, -2.62578, 21.94361],
			"rotation": {"angle": 0, "axis": "y", "origin": [18.66028, 0.36044, 17.81411]},
			"faces": {
				"north": {"uv": [10.5, 4.625, 10.75, 4.875], "texture": "#0"},
				"east": {"uv": [8.375, 2.25, 9.25, 2.5], "texture": "#0"},
				"south": {"uv": [5.25, 10.5, 5.5, 10.75], "texture": "#0"},
				"west": {"uv": [8.375, 2.875, 9.25, 3.125], "texture": "#0"},
				"up": {"uv": [3.375, 9.25, 3.125, 8.375], "texture": "#0"},
				"down": {"uv": [3.625, 8.375, 3.375, 9.25], "texture": "#0"}
			}
		},
		{
			"name": "hexadecagon",
			"from": [18.20601, -4.35253, 15.13179],
			"to": [20.16772, -2.40766, 21.94361],
			"rotation": {"angle": -22.5, "axis": "z", "origin": [18.66028, 0.36044, 17.81411]},
			"faces": {
				"north": {"uv": [10.5, 5.375, 10.75, 5.625], "texture": "#0"},
				"east": {"uv": [8.375, 3.125, 9.25, 3.375], "texture": "#0"},
				"south": {"uv": [6, 10.5, 6.25, 10.75], "texture": "#0"},
				"west": {"uv": [8.375, 3.625, 9.25, 3.875], "texture": "#0"},
				"up": {"uv": [6.875, 9.25, 6.625, 8.375], "texture": "#0"},
				"down": {"uv": [8.375, 8.375, 8.125, 9.25], "texture": "#0"}
			}
		},
		{
			"name": "hexadecagon",
			"from": [18.08246, -4.16762, 15.13179],
			"to": [20.04417, -2.22275, 21.94361],
			"rotation": {"angle": -45, "axis": "z", "origin": [18.66028, 0.36044, 17.81411]},
			"faces": {
				"north": {"uv": [10.5, 6.75, 10.75, 7], "texture": "#0"},
				"east": {"uv": [8.375, 3.875, 9.25, 4.125], "texture": "#0"},
				"south": {"uv": [7.375, 10.5, 7.625, 10.75], "texture": "#0"},
				"west": {"uv": [8.375, 4.125, 9.25, 4.375], "texture": "#0"},
				"up": {"uv": [8.625, 9.25, 8.375, 8.375], "texture": "#0"},
				"down": {"uv": [1.25, 8.5, 1, 9.375], "texture": "#0"}
			}
		},
		{
			"name": "hexadecagon",
			"from": [18.08246, 2.94362, 15.13179],
			"to": [20.04417, 4.8885, 21.94361],
			"rotation": {"angle": 45, "axis": "z", "origin": [18.66028, 0.36044, 17.81411]},
			"faces": {
				"north": {"uv": [7.625, 10.5, 7.875, 10.75], "texture": "#0"},
				"east": {"uv": [8.375, 6, 9.25, 6.25], "texture": "#0"},
				"south": {"uv": [10.5, 7.75, 10.75, 8], "texture": "#0"},
				"west": {"uv": [8.5, 6.875, 9.375, 7.125], "texture": "#0"},
				"up": {"uv": [1.5, 9.375, 1.25, 8.5], "texture": "#0"},
				"down": {"uv": [4.125, 8.5, 3.875, 9.375], "texture": "#0"}
			}
		},
		{
			"name": "hexadecagon",
			"from": [18.20601, 3.12854, 15.13179],
			"to": [20.16772, 5.07341, 21.94361],
			"rotation": {"angle": 22.5, "axis": "z", "origin": [18.66028, 0.36044, 17.81411]},
			"faces": {
				"north": {"uv": [10.5, 8.875, 10.75, 9.125], "texture": "#0"},
				"east": {"uv": [8.5, 7.125, 9.375, 7.375], "texture": "#0"},
				"south": {"uv": [10.5, 9.125, 10.75, 9.375], "texture": "#0"},
				"west": {"uv": [8.5, 7.375, 9.375, 7.625], "texture": "#0"},
				"up": {"uv": [7.75, 9.375, 7.5, 8.5], "texture": "#0"},
				"down": {"uv": [0.25, 8.625, 0, 9.5], "texture": "#0"}
			}
		},
		{
			"name": "hexadecagon",
			"from": [18.2494, 3.34666, 15.13179],
			"to": [20.21111, 5.29153, 21.94361],
			"rotation": {"angle": 0, "axis": "y", "origin": [18.66028, 0.36044, 17.81411]},
			"faces": {
				"north": {"uv": [9.375, 10.5, 9.625, 10.75], "texture": "#0"},
				"east": {"uv": [8.625, 0, 9.5, 0.25], "texture": "#0"},
				"south": {"uv": [10.5, 9.375, 10.75, 9.625], "texture": "#0"},
				"west": {"uv": [8.625, 0.25, 9.5, 0.5], "texture": "#0"},
				"up": {"uv": [0.5, 9.5, 0.25, 8.625], "texture": "#0"},
				"down": {"uv": [0.75, 8.625, 0.5, 9.5], "texture": "#0"}
			}
		},
		{
			"name": "hexadecagon",
			"from": [18.20601, 3.56478, 15.13179],
			"to": [20.16772, 5.50965, 21.94361],
			"rotation": {"angle": -22.5, "axis": "z", "origin": [18.66028, 0.36044, 17.81411]},
			"faces": {
				"north": {"uv": [9.625, 10.5, 9.875, 10.75], "texture": "#0"},
				"east": {"uv": [8.625, 1.25, 9.5, 1.5], "texture": "#0"},
				"south": {"uv": [10.5, 9.625, 10.75, 9.875], "texture": "#0"},
				"west": {"uv": [8.625, 1.5, 9.5, 1.75], "texture": "#0"},
				"up": {"uv": [4.75, 9.5, 4.5, 8.625], "texture": "#0"},
				"down": {"uv": [5, 8.625, 4.75, 9.5], "texture": "#0"}
			}
		},
		{
			"name": "hexadecagon",
			"from": [18.08246, 3.74969, 15.13179],
			"to": [20.04417, 5.69456, 21.94361],
			"rotation": {"angle": -45, "axis": "z", "origin": [18.66028, 0.36044, 17.81411]},
			"faces": {
				"north": {"uv": [10.5, 9.875, 10.75, 10.125], "texture": "#0"},
				"east": {"uv": [8.625, 6.25, 9.5, 6.5], "texture": "#0"},
				"south": {"uv": [0, 10.625, 0.25, 10.875], "texture": "#0"},
				"west": {"uv": [8.625, 8.375, 9.5, 8.625], "texture": "#0"},
				"up": {"uv": [5.25, 9.5, 5, 8.625], "texture": "#0"},
				"down": {"uv": [7.125, 8.625, 6.875, 9.5], "texture": "#0"}
			}
		},
		{
			"name": "hexadecagon",
			"from": [22.17308, -0.83853, 15.13179],
			"to": [24.11795, 1.12317, 21.94361],
			"rotation": {"angle": 22.5, "axis": "z", "origin": [18.66028, 0.36044, 17.81411]},
			"faces": {
				"north": {"uv": [10.625, 0, 10.875, 0.25], "texture": "#0"},
				"east": {"uv": [8.625, 8.625, 9.5, 8.875], "texture": "#0"},
				"south": {"uv": [0.25, 10.625, 0.5, 10.875], "texture": "#0"},
				"west": {"uv": [8.75, 3.375, 9.625, 3.625], "texture": "#0"},
				"up": {"uv": [7.375, 9.5, 7.125, 8.625], "texture": "#0"},
				"down": {"uv": [4.375, 8.75, 4.125, 9.625], "texture": "#0"}
			}
		},
		{
			"name": "hexadecagon",
			"from": [22.21647, -0.62041, 15.13179],
			"to": [24.16134, 1.34129, 21.94361],
			"rotation": {"angle": 0, "axis": "y", "origin": [18.66028, 0.36044, 17.81411]},
			"faces": {
				"north": {"uv": [10.625, 0.25, 10.875, 0.5], "texture": "#0"},
				"east": {"uv": [8.75, 4.375, 9.625, 4.625], "texture": "#0"},
				"south": {"uv": [0.5, 10.625, 0.75, 10.875], "texture": "#0"},
				"west": {"uv": [8.75, 5.5, 9.625, 5.75], "texture": "#0"},
				"up": {"uv": [5.5, 9.625, 5.25, 8.75], "texture": "#0"},
				"down": {"uv": [6.375, 8.75, 6.125, 9.625], "texture": "#0"}
			}
		},
		{
			"name": "hexadecagon",
			"from": [22.17308, -0.4023, 15.13179],
			"to": [24.11795, 1.55941, 21.94361],
			"rotation": {"angle": -22.5, "axis": "z", "origin": [18.66028, 0.36044, 17.81411]},
			"faces": {
				"north": {"uv": [10.625, 0.5, 10.875, 0.75], "texture": "#0"},
				"east": {"uv": [8.75, 7.625, 9.625, 7.875], "texture": "#0"},
				"south": {"uv": [10.625, 0.75, 10.875, 1], "texture": "#0"},
				"west": {"uv": [8.75, 7.875, 9.625, 8.125], "texture": "#0"},
				"up": {"uv": [1.75, 9.75, 1.5, 8.875], "texture": "#0"},
				"down": {"uv": [2, 8.875, 1.75, 9.75], "texture": "#0"}
			}
		},
		{
			"name": "hexadecagon",
			"from": [14.25578, -0.83853, 15.13179],
			"to": [16.20065, 1.12317, 21.94361],
			"rotation": {"angle": 22.5, "axis": "z", "origin": [18.66028, 0.36044, 17.81411]},
			"faces": {
				"north": {"uv": [10.625, 1, 10.875, 1.25], "texture": "#0"},
				"east": {"uv": [8.875, 0.5, 9.75, 0.75], "texture": "#0"},
				"south": {"uv": [10.625, 1.25, 10.875, 1.5], "texture": "#0"},
				"west": {"uv": [8.875, 0.75, 9.75, 1], "texture": "#0"},
				"up": {"uv": [2.25, 9.75, 2, 8.875], "texture": "#0"},
				"down": {"uv": [8.875, 8.875, 8.625, 9.75], "texture": "#0"}
			}
		},
		{
			"name": "hexadecagon",
			"from": [14.29916, -0.62041, 15.13179],
			"to": [16.24403, 1.34129, 21.94361],
			"rotation": {"angle": 0, "axis": "y", "origin": [18.66028, 0.36044, 17.81411]},
			"faces": {
				"north": {"uv": [1.5, 10.625, 1.75, 10.875], "texture": "#0"},
				"east": {"uv": [8.875, 1, 9.75, 1.25], "texture": "#0"},
				"south": {"uv": [10.625, 1.5, 10.875, 1.75], "texture": "#0"},
				"west": {"uv": [8.875, 6.5, 9.75, 6.75], "texture": "#0"},
				"up": {"uv": [9.125, 9.75, 8.875, 8.875], "texture": "#0"},
				"down": {"uv": [2.5, 9, 2.25, 9.875], "texture": "#0"}
			}
		},
		{
			"name": "hexadecagon",
			"from": [16.04916, -2.87041, 20.13179],
			"to": [22.49403, 3.59129, 20.94361],
			"rotation": {"angle": 0, "axis": "y", "origin": [18.66028, 0.36044, 17.81411]},
			"faces": {
				"north": {"uv": [3.875, 4.75, 4.6875, 5.5625], "texture": "#0"},
				"east": {"uv": [3.625, 9.875, 3.75, 10.6875], "texture": "#0"},
				"south": {"uv": [4.75, 4.75, 5.5625, 5.5625], "texture": "#0"},
				"west": {"uv": [3.75, 9.875, 3.875, 10.6875], "texture": "#0"},
				"up": {"uv": [10.6875, 7.25, 9.875, 7.125], "texture": "#0"},
				"down": {"uv": [10.6875, 7.25, 9.875, 7.375], "texture": "#0"}
			}
		},
		{
			"name": "hexadecagon",
			"from": [14.25578, -0.4023, 15.13179],
			"to": [16.20065, 1.55941, 21.94361],
			"rotation": {"angle": -22.5, "axis": "z", "origin": [18.66028, 0.36044, 17.81411]},
			"faces": {
				"north": {"uv": [1.75, 10.625, 2, 10.875], "texture": "#0"},
				"east": {"uv": [9, 1.75, 9.875, 2], "texture": "#0"},
				"south": {"uv": [2, 10.625, 2.25, 10.875], "texture": "#0"},
				"west": {"uv": [9, 2, 9.875, 2.25], "texture": "#0"},
				"up": {"uv": [2.75, 9.875, 2.5, 9], "texture": "#0"},
				"down": {"uv": [3.875, 9, 3.625, 9.875], "texture": "#0"}
			}
		},
		{
			"name": "hexadecagon",
			"from": [-2.91754, -4.97368, 15.13179],
			"to": [-0.95583, -3.02881, 21.94361],
			"rotation": {"angle": 45, "axis": "z", "origin": [-2.33972, 0.36044, 17.81411]},
			"faces": {
				"north": {"uv": [10.625, 2.5, 10.875, 2.75], "texture": "#0"},
				"east": {"uv": [9, 4.875, 9.875, 5.125], "texture": "#0"},
				"south": {"uv": [2.75, 10.625, 3, 10.875], "texture": "#0"},
				"west": {"uv": [9, 5.125, 9.875, 5.375], "texture": "#0"},
				"up": {"uv": [6.625, 9.875, 6.375, 9], "texture": "#0"},
				"down": {"uv": [8, 9, 7.75, 9.875], "texture": "#0"}
			}
		},
		{
			"name": "hexadecagon",
			"from": [-2.79399, -4.78877, 15.13179],
			"to": [-0.83228, -2.8439, 21.94361],
			"rotation": {"angle": 22.5, "axis": "z", "origin": [-2.33972, 0.36044, 17.81411]},
			"faces": {
				"north": {"uv": [10.625, 2.75, 10.875, 3], "texture": "#0"},
				"east": {"uv": [9, 5.75, 9.875, 6], "texture": "#0"},
				"south": {"uv": [3, 10.625, 3.25, 10.875], "texture": "#0"},
				"west": {"uv": [9, 8.125, 9.875, 8.375], "texture": "#0"},
				"up": {"uv": [5.75, 10, 5.5, 9.125], "texture": "#0"},
				"down": {"uv": [6, 9.125, 5.75, 10], "texture": "#0"}
			}
		},
		{
			"name": "hexadecagon",
			"from": [-2.7506, -4.57065, 15.13179],
			"to": [-0.78889, -2.62578, 21.94361],
			"rotation": {"angle": 0, "axis": "y", "origin": [-2.33972, 0.36044, 17.81411]},
			"faces": {
				"north": {"uv": [3.25, 10.625, 3.5, 10.875], "texture": "#0"},
				"east": {"uv": [9.125, 2.5, 10, 2.75], "texture": "#0"},
				"south": {"uv": [10.625, 3.625, 10.875, 3.875], "texture": "#0"},
				"west": {"uv": [9.125, 4.625, 10, 4.875], "texture": "#0"},
				"up": {"uv": [9.375, 9.75, 9.125, 8.875], "texture": "#0"},
				"down": {"uv": [1, 9.25, 0.75, 10.125], "texture": "#0"}
			}
		},
		{
			"name": "hexadecagon",
			"from": [-2.79399, -4.35253, 15.13179],
			"to": [-0.83228, -2.40766, 21.94361],
			"rotation": {"angle": -22.5, "axis": "z", "origin": [-2.33972, 0.36044, 17.81411]},
			"faces": {
				"north": {"uv": [10.625, 3.875, 10.875, 4.125], "texture": "#0"},
				"east": {"uv": [9.25, 2.25, 10.125, 2.5], "texture": "#0"},
				"south": {"uv": [10.625, 4.125, 10.875, 4.375], "texture": "#0"},
				"west": {"uv": [2.75, 9.25, 3.625, 9.5], "texture": "#0"},
				"up": {"uv": [6.875, 10.125, 6.625, 9.25], "texture": "#0"},
				"down": {"uv": [8.25, 9.25, 8, 10.125], "texture": "#0"}
			}
		},
		{
			"name": "hexadecagon",
			"from": [-2.91754, -4.16762, 15.13179],
			"to": [-0.95583, -2.22275, 21.94361],
			"rotation": {"angle": -45, "axis": "z", "origin": [-2.33972, 0.36044, 17.81411]},
			"faces": {
				"north": {"uv": [4.375, 10.625, 4.625, 10.875], "texture": "#0"},
				"east": {"uv": [9.25, 2.75, 10.125, 3], "texture": "#0"},
				"south": {"uv": [4.625, 10.625, 4.875, 10.875], "texture": "#0"},
				"west": {"uv": [9.25, 3, 10.125, 3.25], "texture": "#0"},
				"up": {"uv": [8.5, 10.125, 8.25, 9.25], "texture": "#0"},
				"down": {"uv": [1.25, 9.375, 1, 10.25], "texture": "#0"}
			}
		},
		{
			"name": "hexadecagon",
			"from": [-2.91754, 2.94362, 15.13179],
			"to": [-0.95583, 4.8885, 21.94361],
			"rotation": {"angle": 45, "axis": "z", "origin": [-2.33972, 0.36044, 17.81411]},
			"faces": {
				"north": {"uv": [5.5, 10.625, 5.75, 10.875], "texture": "#0"},
				"east": {"uv": [9.25, 3.625, 10.125, 3.875], "texture": "#0"},
				"south": {"uv": [5.75, 10.625, 6, 10.875], "texture": "#0"},
				"west": {"uv": [9.25, 3.875, 10.125, 4.125], "texture": "#0"},
				"up": {"uv": [1.5, 10.25, 1.25, 9.375], "texture": "#0"},
				"down": {"uv": [4.125, 9.375, 3.875, 10.25], "texture": "#0"}
			}
		},
		{
			"name": "hexadecagon",
			"from": [-2.79399, 3.12854, 15.13179],
			"to": [-0.83228, 5.07341, 21.94361],
			"rotation": {"angle": 22.5, "axis": "z", "origin": [-2.33972, 0.36044, 17.81411]},
			"faces": {
				"north": {"uv": [10.625, 6, 10.875, 6.25], "texture": "#0"},
				"east": {"uv": [9.25, 4.125, 10.125, 4.375], "texture": "#0"},
				"south": {"uv": [10.625, 6.25, 10.875, 6.5], "texture": "#0"},
				"west": {"uv": [9.25, 6, 10.125, 6.25], "texture": "#0"},
				"up": {"uv": [9.625, 7.625, 9.375, 6.75], "texture": "#0"},
				"down": {"uv": [7.625, 9.375, 7.375, 10.25], "texture": "#0"}
			}
		},
		{
			"name": "hexadecagon",
			"from": [-2.7506, 3.34666, 15.13179],
			"to": [-0.78889, 5.29153, 21.94361],
			"rotation": {"angle": 0, "axis": "y", "origin": [-2.33972, 0.36044, 17.81411]},
			"faces": {
				"north": {"uv": [6.625, 10.625, 6.875, 10.875], "texture": "#0"},
				"east": {"uv": [9.375, 8.875, 10.25, 9.125], "texture": "#0"},
				"south": {"uv": [6.875, 10.625, 7.125, 10.875], "texture": "#0"},
				"west": {"uv": [9.375, 9.125, 10.25, 9.375], "texture": "#0"},
				"up": {"uv": [9.625, 10.25, 9.375, 9.375], "texture": "#0"},
				"down": {"uv": [0.25, 9.5, 0, 10.375], "texture": "#0"}
			}
		},
		{
			"name": "hexadecagon",
			"from": [-2.79399, 3.56478, 15.13179],
			"to": [-0.83228, 5.50965, 21.94361],
			"rotation": {"angle": -22.5, "axis": "z", "origin": [-2.33972, 0.36044, 17.81411]},
			"faces": {
				"north": {"uv": [7.125, 10.625, 7.375, 10.875], "texture": "#0"},
				"east": {"uv": [9.5, 0, 10.375, 0.25], "texture": "#0"},
				"south": {"uv": [7.875, 10.625, 8.125, 10.875], "texture": "#0"},
				"west": {"uv": [9.5, 0.25, 10.375, 0.5], "texture": "#0"},
				"up": {"uv": [0.5, 10.375, 0.25, 9.5], "texture": "#0"},
				"down": {"uv": [0.75, 9.5, 0.5, 10.375], "texture": "#0"}
			}
		},
		{
			"name": "hexadecagon",
			"from": [-2.91754, 3.74969, 15.13179],
			"to": [-0.95583, 5.69456, 21.94361],
			"rotation": {"angle": -45, "axis": "z", "origin": [-2.33972, 0.36044, 17.81411]},
			"faces": {
				"north": {"uv": [10.625, 8, 10.875, 8.25], "texture": "#0"},
				"east": {"uv": [9.5, 1.25, 10.375, 1.5], "texture": "#0"},
				"south": {"uv": [8.125, 10.625, 8.375, 10.875], "texture": "#0"},
				"west": {"uv": [9.5, 1.5, 10.375, 1.75], "texture": "#0"},
				"up": {"uv": [3, 10.375, 2.75, 9.5], "texture": "#0"},
				"down": {"uv": [3.25, 9.5, 3, 10.375], "texture": "#0"}
			}
		},
		{
			"name": "hexadecagon",
			"from": [1.17308, -0.83853, 15.13179],
			"to": [3.11795, 1.12317, 21.94361],
			"rotation": {"angle": 22.5, "axis": "z", "origin": [-2.33972, 0.36044, 17.81411]},
			"faces": {
				"north": {"uv": [10.625, 8.25, 10.875, 8.5], "texture": "#0"},
				"east": {"uv": [4.375, 9.5, 5.25, 9.75], "texture": "#0"},
				"south": {"uv": [8.375, 10.625, 8.625, 10.875], "texture": "#0"},
				"west": {"uv": [9.5, 6.25, 10.375, 6.5], "texture": "#0"},
				"up": {"uv": [3.5, 10.375, 3.25, 9.5], "texture": "#0"},
				"down": {"uv": [7.125, 9.5, 6.875, 10.375], "texture": "#0"}
			}
		},
		{
			"name": "hexadecagon",
			"from": [1.21647, -0.62041, 15.13179],
			"to": [3.16134, 1.34129, 21.94361],
			"rotation": {"angle": 0, "axis": "y", "origin": [-2.33972, 0.36044, 17.81411]},
			"faces": {
				"north": {"uv": [10.625, 8.5, 10.875, 8.75], "texture": "#0"},
				"east": {"uv": [9.5, 8.375, 10.375, 8.625], "texture": "#0"},
				"south": {"uv": [8.625, 10.625, 8.875, 10.875], "texture": "#0"},
				"west": {"uv": [9.5, 8.625, 10.375, 8.875], "texture": "#0"},
				"up": {"uv": [7.375, 10.375, 7.125, 9.5], "texture": "#0"},
				"down": {"uv": [4.375, 9.625, 4.125, 10.5], "texture": "#0"}
			}
		},
		{
			"name": "hexadecagon",
			"from": [1.17308, -0.4023, 15.13179],
			"to": [3.11795, 1.55941, 21.94361],
			"rotation": {"angle": -22.5, "axis": "z", "origin": [-2.33972, 0.36044, 17.81411]},
			"faces": {
				"north": {"uv": [8.875, 10.625, 9.125, 10.875], "texture": "#0"},
				"east": {"uv": [9.625, 3.25, 10.5, 3.5], "texture": "#0"},
				"south": {"uv": [9.125, 10.625, 9.375, 10.875], "texture": "#0"},
				"west": {"uv": [9.625, 4.375, 10.5, 4.625], "texture": "#0"},
				"up": {"uv": [5.5, 10.5, 5.25, 9.625], "texture": "#0"},
				"down": {"uv": [6.25, 9.625, 6, 10.5], "texture": "#0"}
			}
		},
		{
			"name": "hexadecagon",
			"from": [-6.74422, -0.83853, 15.13179],
			"to": [-4.79935, 1.12317, 21.94361],
			"rotation": {"angle": 22.5, "axis": "z", "origin": [-2.33972, 0.36044, 17.81411]},
			"faces": {
				"north": {"uv": [9.875, 10.625, 10.125, 10.875], "texture": "#0"},
				"east": {"uv": [9.625, 5.375, 10.5, 5.625], "texture": "#0"},
				"south": {"uv": [10.125, 10.625, 10.375, 10.875], "texture": "#0"},
				"west": {"uv": [9.625, 6.75, 10.5, 7], "texture": "#0"},
				"up": {"uv": [9.875, 7.875, 9.625, 7], "texture": "#0"},
				"down": {"uv": [9.875, 9.375, 9.625, 10.25], "texture": "#0"}
			}
		},
		{
			"name": "hexadecagon",
			"from": [-6.70084, -0.62041, 15.13179],
			"to": [-4.75597, 1.34129, 21.94361],
			"rotation": {"angle": 0, "axis": "y", "origin": [-2.33972, 0.36044, 17.81411]},
			"faces": {
				"north": {"uv": [10.625, 10.125, 10.875, 10.375], "texture": "#0"},
				"east": {"uv": [9.625, 7.875, 10.5, 8.125], "texture": "#0"},
				"south": {"uv": [10.375, 10.625, 10.625, 10.875], "texture": "#0"},
				"west": {"uv": [9.75, 0.5, 10.625, 0.75], "texture": "#0"},
				"up": {"uv": [1.75, 10.625, 1.5, 9.75], "texture": "#0"},
				"down": {"uv": [2, 9.75, 1.75, 10.625], "texture": "#0"}
			}
		},
		{
			"name": "hexadecagon",
			"from": [-4.95084, -2.87041, 20.13179],
			"to": [1.49403, 3.59129, 20.94361],
			"rotation": {"angle": 0, "axis": "y", "origin": [-2.33972, 0.36044, 17.81411]},
			"faces": {
				"north": {"uv": [1.25, 5.25, 2.0625, 6.0625], "texture": "#0"},
				"east": {"uv": [6.375, 9.875, 6.5, 10.6875], "texture": "#0"},
				"south": {"uv": [0, 5.5, 0.8125, 6.3125], "texture": "#0"},
				"west": {"uv": [6.5, 9.875, 6.625, 10.6875], "texture": "#0"},
				"up": {"uv": [10.6875, 7.5, 9.875, 7.375], "texture": "#0"},
				"down": {"uv": [10.6875, 7.5, 9.875, 7.625], "texture": "#0"}
			}
		},
		{
			"name": "hexadecagon",
			"from": [-6.74422, -0.4023, 15.13179],
			"to": [-4.79935, 1.55941, 21.94361],
			"rotation": {"angle": -22.5, "axis": "z", "origin": [-2.33972, 0.36044, 17.81411]},
			"faces": {
				"north": {"uv": [10.625, 10.375, 10.875, 10.625], "texture": "#0"},
				"east": {"uv": [9.75, 0.75, 10.625, 1], "texture": "#0"},
				"south": {"uv": [10.625, 10.625, 10.875, 10.875], "texture": "#0"},
				"west": {"uv": [9.75, 1, 10.625, 1.25], "texture": "#0"},
				"up": {"uv": [2.25, 10.625, 2, 9.75], "texture": "#0"},
				"down": {"uv": [4.625, 9.75, 4.375, 10.625], "texture": "#0"}
			}
		},
		{
			"name": "hexadecagon",
			"from": [15.96346, 11.14082, 4.16633],
			"to": [16.98728, 12.67918, 4.81986],
			"rotation": {"angle": -45, "axis": "x", "origin": [-44.88331, 11.91, 8.03324]},
			"faces": {
				"north": {"uv": [2.75, 9, 2.875, 9.1875], "texture": "#0"},
				"east": {"uv": [9.625, 10.75, 9.6875, 10.9375], "texture": "#0"},
				"south": {"uv": [8, 9, 8.125, 9.1875], "texture": "#0"},
				"west": {"uv": [10.75, 9.625, 10.8125, 9.8125], "texture": "#0"},
				"up": {"uv": [1.125, 8.4375, 1, 8.375], "texture": "#0"},
				"down": {"uv": [7.625, 8.375, 7.5, 8.4375], "texture": "#0"}
			}
		},
		{
			"name": "hexadecagon",
			"from": [15.96346, 11.14082, 4.16633],
			"to": [16.98728, 12.67918, 4.81986],
			"rotation": {"angle": -22.5, "axis": "x", "origin": [-44.88331, 11.91, 8.03324]},
			"faces": {
				"north": {"uv": [10, 2.5, 10.125, 2.6875], "texture": "#0"},
				"east": {"uv": [9.75, 10.75, 9.8125, 10.9375], "texture": "#0"},
				"south": {"uv": [2.5, 10.5, 2.625, 10.6875], "texture": "#0"},
				"west": {"uv": [10.75, 9.875, 10.8125, 10.0625], "texture": "#0"},
				"up": {"uv": [4.625, 8.5625, 4.5, 8.5], "texture": "#0"},
				"down": {"uv": [5.375, 8.625, 5.25, 8.6875], "texture": "#0"}
			}
		},
		{
			"name": "hexadecagon",
			"from": [15.96346, 11.14082, 4.16633],
			"to": [16.98728, 12.67918, 4.78936],
			"rotation": {"angle": 0, "axis": "y", "origin": [-44.88331, 11.91, 8.03324]},
			"faces": {
				"north": {"uv": [1.25, 10.75, 1.375, 10.9375], "texture": "#0"},
				"east": {"uv": [0, 10.875, 0.0625, 11.0625], "texture": "#0"},
				"south": {"uv": [1.375, 10.75, 1.5, 10.9375], "texture": "#0"},
				"west": {"uv": [10.875, 0, 10.9375, 0.1875], "texture": "#0"},
				"up": {"uv": [2.375, 8.9375, 2.25, 8.875], "texture": "#0"},
				"down": {"uv": [7.875, 8.875, 7.75, 8.9375], "texture": "#0"}
			}
		},
		{
			"name": "hexadecagon",
			"from": [15.96346, 11.44582, 4.77633],
			"to": [16.98728, 12.37418, 8.02236],
			"rotation": {"angle": 0, "axis": "y", "origin": [-44.88331, 11.91, 8.03324]},
			"faces": {
				"north": {"uv": [7.25, 2.375, 7.375, 2.5], "texture": "#0"},
				"east": {"uv": [6.875, 1.875, 7.25, 2], "texture": "#0"},
				"south": {"uv": [7.375, 2.375, 7.5, 2.5], "texture": "#0"},
				"west": {"uv": [7.5, 4.375, 7.875, 4.5], "texture": "#0"},
				"up": {"uv": [5.875, 6.5, 5.75, 6.125], "texture": "#0"},
				"down": {"uv": [5.75, 7, 5.625, 7.375], "texture": "#0"}
			}
		},
		{
			"name": "hexadecagon",
			"from": [15.96346, 11.14082, 4.16633],
			"to": [16.98728, 12.67918, 4.81986],
			"rotation": {"angle": 22.5, "axis": "x", "origin": [-44.88331, 11.91, 8.03324]},
			"faces": {
				"north": {"uv": [4, 10.75, 4.125, 10.9375], "texture": "#0"},
				"east": {"uv": [0.125, 10.875, 0.1875, 11.0625], "texture": "#0"},
				"south": {"uv": [4.125, 10.75, 4.25, 10.9375], "texture": "#0"},
				"west": {"uv": [0.25, 10.875, 0.3125, 11.0625], "texture": "#0"},
				"up": {"uv": [9.25, 2.8125, 9.125, 2.75], "texture": "#0"},
				"down": {"uv": [7.5, 9.25, 7.375, 9.3125], "texture": "#0"}
			}
		},
		{
			"name": "hexadecagon",
			"from": [15.96346, 11.14082, 4.16633],
			"to": [16.98728, 12.67918, 4.81986],
			"rotation": {"angle": 45, "axis": "x", "origin": [-44.88331, 11.91, 8.03324]},
			"faces": {
				"north": {"uv": [4.25, 10.75, 4.375, 10.9375], "texture": "#0"},
				"east": {"uv": [10.875, 0.25, 10.9375, 0.4375], "texture": "#0"},
				"south": {"uv": [4.875, 10.75, 5, 10.9375], "texture": "#0"},
				"west": {"uv": [0.375, 10.875, 0.4375, 11.0625], "texture": "#0"},
				"up": {"uv": [4.5, 9.4375, 4.375, 9.375], "texture": "#0"},
				"down": {"uv": [9.625, 5.375, 9.5, 5.4375], "texture": "#0"}
			}
		},
		{
			"name": "hexadecagon",
			"from": [15.96346, 11.14082, 11.24662],
			"to": [16.98728, 12.67918, 11.90015],
			"rotation": {"angle": -45, "axis": "x", "origin": [-44.88331, 11.91, 8.03324]},
			"faces": {
				"north": {"uv": [5, 10.75, 5.125, 10.9375], "texture": "#0"},
				"east": {"uv": [0.5, 10.875, 0.5625, 11.0625], "texture": "#0"},
				"south": {"uv": [5.25, 10.75, 5.375, 10.9375], "texture": "#0"},
				"west": {"uv": [10.875, 0.5, 10.9375, 0.6875], "texture": "#0"},
				"up": {"uv": [6.125, 9.5625, 6, 9.5], "texture": "#0"},
				"down": {"uv": [8.625, 9.625, 8.5, 9.6875], "texture": "#0"}
			}
		},
		{
			"name": "hexadecagon",
			"from": [15.96346, 11.14082, 11.24662],
			"to": [16.98728, 12.67918, 11.90015],
			"rotation": {"angle": -22.5, "axis": "x", "origin": [-44.88331, 11.91, 8.03324]},
			"faces": {
				"north": {"uv": [5.375, 10.75, 5.5, 10.9375], "texture": "#0"},
				"east": {"uv": [0.625, 10.875, 0.6875, 11.0625], "texture": "#0"},
				"south": {"uv": [10.75, 5.375, 10.875, 5.5625], "texture": "#0"},
				"west": {"uv": [0.75, 10.875, 0.8125, 11.0625], "texture": "#0"},
				"up": {"uv": [10.5, 3.1875, 10.375, 3.125], "texture": "#0"},
				"down": {"uv": [7.75, 10.375, 7.625, 10.4375], "texture": "#0"}
			}
		},
		{
			"name": "hexadecagon",
			"from": [15.96346, 11.14082, 11.24662],
			"to": [16.98728, 12.67918, 11.90015],
			"rotation": {"angle": 0, "axis": "y", "origin": [-44.88331, 11.91, 8.03324]},
			"faces": {
				"north": {"uv": [10.75, 5.75, 10.875, 5.9375], "texture": "#0"},
				"east": {"uv": [10.875, 0.75, 10.9375, 0.9375], "texture": "#0"},
				"south": {"uv": [6, 10.75, 6.125, 10.9375], "texture": "#0"},
				"west": {"uv": [0.875, 10.875, 0.9375, 11.0625], "texture": "#0"},
				"up": {"uv": [10.5, 7.8125, 10.375, 7.75], "texture": "#0"},
				"down": {"uv": [10.625, 2.5, 10.5, 2.5625], "texture": "#0"}
			}
		},
		{
			"name": "hexadecagon",
			"from": [15.96346, 11.44582, 8.01362],
			"to": [16.98728, 12.37418, 11.29015],
			"rotation": {"angle": 0, "axis": "y", "origin": [-44.88331, 11.91, 8.03324]},
			"faces": {
				"north": {"uv": [7.625, 1.25, 7.75, 1.375], "texture": "#0"},
				"east": {"uv": [0.75, 10.75, 1.1875, 10.875], "texture": "#0"},
				"south": {"uv": [7.875, 5.75, 8, 5.875], "texture": "#0"},
				"west": {"uv": [2.25, 10.75, 2.6875, 10.875], "texture": "#0"},
				"up": {"uv": [6.375, 6.9375, 6.25, 6.5], "texture": "#0"},
				"down": {"uv": [6.25, 7.375, 6.125, 7.8125], "texture": "#0"}
			}
		},
		{
			"name": "hexadecagon",
			"from": [15.96346, 11.14082, 11.24662],
			"to": [16.98728, 12.67918, 11.90015],
			"rotation": {"angle": 22.5, "axis": "x", "origin": [-44.88331, 11.91, 8.03324]},
			"faces": {
				"north": {"uv": [6.125, 10.75, 6.25, 10.9375], "texture": "#0"},
				"east": {"uv": [1, 10.875, 1.0625, 11.0625], "texture": "#0"},
				"south": {"uv": [6.375, 10.75, 6.5, 10.9375], "texture": "#0"},
				"west": {"uv": [10.875, 1, 10.9375, 1.1875], "texture": "#0"},
				"up": {"uv": [8, 10.5625, 7.875, 10.5], "texture": "#0"},
				"down": {"uv": [10.625, 8, 10.5, 8.0625], "texture": "#0"}
			}
		},
		{
			"name": "hexadecagon",
			"from": [15.96346, 11.14082, 11.24662],
			"to": [16.98728, 12.67918, 11.90015],
			"rotation": {"angle": 45, "axis": "x", "origin": [-44.88331, 11.91, 8.03324]},
			"faces": {
				"north": {"uv": [6.5, 10.75, 6.625, 10.9375], "texture": "#0"},
				"east": {"uv": [1.125, 10.875, 1.1875, 11.0625], "texture": "#0"},
				"south": {"uv": [10.75, 6.75, 10.875, 6.9375], "texture": "#0"},
				"west": {"uv": [10.875, 1.25, 10.9375, 1.4375], "texture": "#0"},
				"up": {"uv": [11, 2.6875, 10.875, 2.625], "texture": "#0"},
				"down": {"uv": [2.875, 10.875, 2.75, 10.9375], "texture": "#0"}
			}
		},
		{
			"name": "hexadecagon",
			"from": [15.96346, 8.04309, 7.26406],
			"to": [16.98728, 8.69662, 8.80242],
			"rotation": {"angle": -22.5, "axis": "x", "origin": [-44.88331, 11.91, 8.03324]},
			"faces": {
				"north": {"uv": [10.875, 2.75, 11, 2.8125], "texture": "#0"},
				"east": {"uv": [8.375, 6.25, 8.5625, 6.3125], "texture": "#0"},
				"south": {"uv": [2.875, 10.875, 3, 10.9375], "texture": "#0"},
				"west": {"uv": [8.625, 6.5, 8.8125, 6.5625], "texture": "#0"},
				"up": {"uv": [10.875, 7.1875, 10.75, 7], "texture": "#0"},
				"down": {"uv": [10.875, 7.25, 10.75, 7.4375], "texture": "#0"}
			}
		},
		{
			"name": "hexadecagon",
			"from": [15.96346, 8.04309, 7.26406],
			"to": [16.98728, 8.69662, 8.80242],
			"rotation": {"angle": 0, "axis": "y", "origin": [-44.88331, 11.91, 8.03324]},
			"faces": {
				"north": {"uv": [10.875, 2.875, 11, 2.9375], "texture": "#0"},
				"east": {"uv": [10.125, 4.25, 10.3125, 4.3125], "texture": "#0"},
				"south": {"uv": [3, 10.875, 3.125, 10.9375], "texture": "#0"},
				"west": {"uv": [10.75, 7.5, 10.9375, 7.5625], "texture": "#0"},
				"up": {"uv": [7.5, 10.9375, 7.375, 10.75], "texture": "#0"},
				"down": {"uv": [7.625, 10.75, 7.5, 10.9375], "texture": "#0"}
			}
		},
		{
			"name": "hexadecagon",
			"from": [15.96346, 8.65309, 7.56906],
			"to": [16.98728, 11.47212, 8.49742],
			"rotation": {"angle": 0, "axis": "y", "origin": [-44.88331, 11.91, 8.03324]},
			"faces": {
				"north": {"uv": [4, 7.25, 4.125, 7.625], "texture": "#0"},
				"east": {"uv": [3.875, 8.125, 4, 8.5], "texture": "#0"},
				"south": {"uv": [1.5, 8.5, 1.625, 8.875], "texture": "#0"},
				"west": {"uv": [7.75, 8.5, 7.875, 8.875], "texture": "#0"},
				"up": {"uv": [8.125, 5.875, 8, 5.75], "texture": "#0"},
				"down": {"uv": [8.25, 2.25, 8.125, 2.375], "texture": "#0"}
			}
		},
		{
			"name": "hexadecagon",
			"from": [16.96346, 11.65309, 7.56906],
			"to": [22.98728, 12.47212, 8.49742],
			"rotation": {"angle": 0, "axis": "y", "origin": [-44.88331, 11.91, 8.03324]},
			"faces": {
				"north": {"uv": [7.5, 2.625, 8.25, 2.75], "texture": "#0"},
				"east": {"uv": [5.375, 6.875, 5.5, 7], "texture": "#0"},
				"south": {"uv": [8.25, 4.875, 9, 5], "texture": "#0"},
				"west": {"uv": [2.375, 7.125, 2.5, 7.25], "texture": "#0"},
				"up": {"uv": [9.125, 2.625, 8.375, 2.5], "texture": "#0"},
				"down": {"uv": [10.625, 7.625, 9.875, 7.75], "texture": "#0"}
			}
		},
		{
			"name": "hexadecagon",
			"from": [15.96346, 8.04309, 7.26406],
			"to": [16.98728, 8.69662, 8.80242],
			"rotation": {"angle": 22.5, "axis": "x", "origin": [-44.88331, 11.91, 8.03324]},
			"faces": {
				"north": {"uv": [3.125, 10.875, 3.25, 10.9375], "texture": "#0"},
				"east": {"uv": [1.5, 10.875, 1.6875, 10.9375], "texture": "#0"},
				"south": {"uv": [3.25, 10.875, 3.375, 10.9375], "texture": "#0"},
				"west": {"uv": [10.875, 1.5, 11.0625, 1.5625], "texture": "#0"},
				"up": {"uv": [7.75, 10.9375, 7.625, 10.75], "texture": "#0"},
				"down": {"uv": [7.875, 10.75, 7.75, 10.9375], "texture": "#0"}
			}
		},
		{
			"name": "hexadecagon",
			"from": [15.96346, 15.12338, 7.26406],
			"to": [16.98728, 15.77691, 8.80242],
			"rotation": {"angle": -22.5, "axis": "x", "origin": [-44.88331, 11.91, 8.03324]},
			"faces": {
				"north": {"uv": [3.375, 10.875, 3.5, 10.9375], "texture": "#0"},
				"east": {"uv": [10.875, 1.625, 11.0625, 1.6875], "texture": "#0"},
				"south": {"uv": [3.5, 10.875, 3.625, 10.9375], "texture": "#0"},
				"west": {"uv": [1.75, 10.875, 1.9375, 10.9375], "texture": "#0"},
				"up": {"uv": [10.875, 7.9375, 10.75, 7.75], "texture": "#0"},
				"down": {"uv": [10.875, 8.875, 10.75, 9.0625], "texture": "#0"}
			}
		},
		{
			"name": "hexadecagon",
			"from": [15.96346, 15.12338, 7.26406],
			"to": [16.98728, 15.77691, 8.80242],
			"rotation": {"angle": 0, "axis": "y", "origin": [-44.88331, 11.91, 8.03324]},
			"faces": {
				"north": {"uv": [3.625, 10.875, 3.75, 10.9375], "texture": "#0"},
				"east": {"uv": [2, 10.875, 2.1875, 10.9375], "texture": "#0"},
				"south": {"uv": [10.875, 3.625, 11, 3.6875], "texture": "#0"},
				"west": {"uv": [2.25, 10.875, 2.4375, 10.9375], "texture": "#0"},
				"up": {"uv": [10.875, 9.3125, 10.75, 9.125], "texture": "#0"},
				"down": {"uv": [9.5, 10.75, 9.375, 10.9375], "texture": "#0"}
			}
		},
		{
			"name": "hexadecagon",
			"from": [15.96346, 15.12338, 7.26406],
			"to": [16.98728, 15.77691, 8.80242],
			"rotation": {"angle": 22.5, "axis": "x", "origin": [-44.88331, 11.91, 8.03324]},
			"faces": {
				"north": {"uv": [3.75, 10.875, 3.875, 10.9375], "texture": "#0"},
				"east": {"uv": [2.5, 10.875, 2.6875, 10.9375], "texture": "#0"},
				"south": {"uv": [10.875, 3.75, 11, 3.8125], "texture": "#0"},
				"west": {"uv": [10.875, 2.5, 11.0625, 2.5625], "texture": "#0"},
				"up": {"uv": [10.875, 9.5625, 10.75, 9.375], "texture": "#0"},
				"down": {"uv": [9.625, 10.75, 9.5, 10.9375], "texture": "#0"}
			}
		},
		{
			"from": [11, 7.25, 8.75],
			"to": [12, 10.25, 10.75],
			"rotation": {"angle": -22.5, "axis": "z", "origin": [5, 0, 8.25]},
			"faces": {
				"north": {"uv": [5.5, 8.75, 5.625, 9.125], "texture": "#0"},
				"east": {"uv": [7.75, 9.875, 8, 10.25], "texture": "#0"},
				"south": {"uv": [6, 9.125, 6.125, 9.5], "texture": "#0"},
				"west": {"uv": [0.75, 10.125, 1, 10.5], "texture": "#0"},
				"up": {"uv": [6.625, 7.25, 6.5, 7], "texture": "#0"},
				"down": {"uv": [6.875, 7.25, 6.75, 7.5], "texture": "#0"}
			}
		},
		{
			"from": [11, 7.25, 5.5],
			"to": [12, 10.25, 7.5],
			"rotation": {"angle": -22.5, "axis": "z", "origin": [5, 0, 8.25]},
			"faces": {
				"north": {"uv": [8.5, 9.25, 8.625, 9.625], "texture": "#0"},
				"east": {"uv": [10.125, 2.625, 10.375, 3], "texture": "#0"},
				"south": {"uv": [5.875, 10, 6, 10.375], "texture": "#0"},
				"west": {"uv": [10.125, 3.625, 10.375, 4], "texture": "#0"},
				"up": {"uv": [7.125, 7.75, 7, 7.5], "texture": "#0"},
				"down": {"uv": [4.375, 7.625, 4.25, 7.875], "texture": "#0"}
			}
		},
		{
			"from": [12, 8.25, 9.5],
			"to": [16, 9, 10],
			"rotation": {"angle": -22.5, "axis": "z", "origin": [5, 0, 8.25]},
			"faces": {
				"north": {"uv": [7.125, 1.25, 7.625, 1.375], "texture": "#0"},
				"east": {"uv": [3.875, 10.875, 3.9375, 11], "texture": "#0"},
				"south": {"uv": [8.875, 6.75, 9.375, 6.875], "texture": "#0"},
				"west": {"uv": [10.875, 3.875, 10.9375, 4], "texture": "#0"},
				"up": {"uv": [11.25, 4.4375, 10.75, 4.375], "texture": "#0"},
				"down": {"uv": [11.25, 4.5, 10.75, 4.5625], "texture": "#0"}
			}
		},
		{
			"from": [12, 8.25, 6.25],
			"to": [16, 9, 6.75],
			"rotation": {"angle": -22.5, "axis": "z", "origin": [5, 0, 8.25]},
			"faces": {
				"north": {"uv": [9, 5.375, 9.5, 5.5], "texture": "#0"},
				"east": {"uv": [10.875, 4, 10.9375, 4.125], "texture": "#0"},
				"south": {"uv": [9.875, 7.75, 10.375, 7.875], "texture": "#0"},
				"west": {"uv": [10.875, 4.125, 10.9375, 4.25], "texture": "#0"},
				"up": {"uv": [11.25, 4.6875, 10.75, 4.625], "texture": "#0"},
				"down": {"uv": [11.25, 4.75, 10.75, 4.8125], "texture": "#0"}
			}
		},
		{
			"from": [0, 2, 15],
			"to": [17.5, 10, 15.9],
			"rotation": {"angle": 0, "axis": "y", "origin": [2, 2, 0]},
			"faces": {
				"north": {"uv": [3.875, 2.75, 6.0625, 3.75], "texture": "#0"},
				"east": {"uv": [7.625, 9.375, 7.75, 10.375], "texture": "#0"},
				"south": {"uv": [3.875, 3.75, 6.0625, 4.75], "texture": "#0"},
				"west": {"uv": [3.5, 9.5, 3.625, 10.5], "texture": "#0"},
				"up": {"uv": [7.8125, 5.625, 5.625, 5.5], "texture": "#0"},
				"down": {"uv": [8.3125, 3, 6.125, 3.125], "texture": "#0"}
			}
		},
		{
			"from": [-2.5, 5.25, 15],
			"to": [0, 10, 15.9],
			"rotation": {"angle": 0, "axis": "y", "origin": [2, 2, 0]},
			"faces": {
				"north": {"uv": [4.625, 9.75, 4.9375, 10.375], "texture": "#0"},
				"east": {"uv": [1.125, 5.5, 1.25, 6.125], "texture": "#0"},
				"south": {"uv": [8.5, 9.75, 8.8125, 10.375], "texture": "#0"},
				"west": {"uv": [2.75, 6.375, 2.875, 7], "texture": "#0"},
				"up": {"uv": [8.0625, 1.875, 7.75, 1.75], "texture": "#0"},
				"down": {"uv": [8.1875, 4.625, 7.875, 4.75], "texture": "#0"}
			}
		},
		{
			"from": [17.5, 3.5, 15],
			"to": [21.25, 10, 15.9],
			"rotation": {"angle": 0, "axis": "y", "origin": [2, 2, 0]},
			"faces": {
				"north": {"uv": [2.125, 3.5, 2.625, 4.125], "texture": "#0"},
				"east": {"uv": [3.625, 7.5, 3.75, 8.125], "texture": "#0"},
				"south": {"uv": [2.125, 4.125, 2.625, 4.75], "texture": "#0"},
				"west": {"uv": [0.75, 7.75, 0.875, 8.375], "texture": "#0"},
				"up": {"uv": [11, 3.5, 10.5, 3.375], "texture": "#0"},
				"down": {"uv": [11.125, 3, 10.625, 3.125], "texture": "#0"}
			}
		},
		{
			"from": [10.5, 10, 15],
			"to": [23, 11.75, 15.9],
			"rotation": {"angle": 0, "axis": "y", "origin": [2, 2, 0]},
			"faces": {
				"north": {"uv": [5.625, 5, 7.1875, 5.25], "texture": "#0"},
				"east": {"uv": [6.375, 7.875, 6.5, 8.125], "texture": "#0"},
				"south": {"uv": [5.625, 5.25, 7.1875, 5.5], "texture": "#0"},
				"west": {"uv": [6.625, 8.125, 6.75, 8.375], "texture": "#0"},
				"up": {"uv": [11.1875, 3.625, 9.625, 3.5], "texture": "#0"},
				"down": {"uv": [11.1875, 5.625, 9.625, 5.75], "texture": "#0"}
			}
		},
		{
			"from": [10.5, 10, 0.1],
			"to": [22.25, 11.75, 1],
			"rotation": {"angle": 0, "axis": "y", "origin": [2, 2, 0]},
			"faces": {
				"north": {"uv": [2.125, 5.875, 3.625, 6.125], "texture": "#0"},
				"east": {"uv": [6.875, 8.375, 7, 8.625], "texture": "#0"},
				"south": {"uv": [4.375, 5.875, 5.875, 6.125], "texture": "#0"},
				"west": {"uv": [4.125, 8.5, 4.25, 8.75], "texture": "#0"},
				"up": {"uv": [11.25, 6.625, 9.75, 6.5], "texture": "#0"},
				"down": {"uv": [11.25, 6.625, 9.75, 6.75], "texture": "#0"}
			}
		},
		{
			"from": [0.75, 10, 0.1],
			"to": [10.5, 10.75, 1],
			"rotation": {"angle": 0, "axis": "y", "origin": [2, 2, 0]},
			"faces": {
				"north": {"uv": [9.875, 4.875, 11.125, 5], "texture": "#0"},
				"east": {"uv": [8.25, 2.875, 8.375, 3], "texture": "#0"},
				"south": {"uv": [9.875, 5, 11.125, 5.125], "texture": "#0"},
				"west": {"uv": [8.25, 6, 8.375, 6.125], "texture": "#0"},
				"up": {"uv": [11.125, 5.25, 9.875, 5.125], "texture": "#0"},
				"down": {"uv": [11.125, 5.25, 9.875, 5.375], "texture": "#0"}
			}
		},
		{
			"from": [0.75, 10, 15],
			"to": [10.5, 10.75, 15.9],
			"rotation": {"angle": 0, "axis": "y", "origin": [2, 2, 0]},
			"faces": {
				"north": {"uv": [9.875, 1.75, 11.125, 1.875], "texture": "#0"},
				"east": {"uv": [8.125, 6, 8.25, 6.125], "texture": "#0"},
				"south": {"uv": [9.875, 1.875, 11.125, 2], "texture": "#0"},
				"west": {"uv": [8.25, 2.25, 8.375, 2.375], "texture": "#0"},
				"up": {"uv": [11.125, 2.125, 9.875, 2], "texture": "#0"},
				"down": {"uv": [11.125, 2.125, 9.875, 2.25], "texture": "#0"}
			}
		},
		{
			"from": [-5, 7.5, 15],
			"to": [-2.5, 10, 15.9],
			"rotation": {"angle": 0, "axis": "y", "origin": [2, 2, 0]},
			"faces": {
				"north": {"uv": [9.875, 9.375, 10.1875, 9.6875], "texture": "#0"},
				"east": {"uv": [4.875, 10.375, 5, 10.6875], "texture": "#0"},
				"south": {"uv": [9.875, 9.75, 10.1875, 10.0625], "texture": "#0"},
				"west": {"uv": [3.5, 10.5, 3.625, 10.8125], "texture": "#0"},
				"up": {"uv": [9.5625, 3.375, 9.25, 3.25], "texture": "#0"},
				"down": {"uv": [11.0625, 2.25, 10.75, 2.375], "texture": "#0"}
			}
		},
		{
			"from": [0, 2, 0.1],
			"to": [17.5, 10, 1],
			"rotation": {"angle": 0, "axis": "y", "origin": [2, 2, 0]},
			"faces": {
				"north": {"uv": [4.625, 0, 6.8125, 1], "texture": "#0"},
				"east": {"uv": [6.25, 9.625, 6.375, 10.625], "texture": "#0"},
				"south": {"uv": [4.625, 1, 6.8125, 2], "texture": "#0"},
				"west": {"uv": [5, 9.75, 5.125, 10.75], "texture": "#0"},
				"up": {"uv": [8.3125, 3.25, 6.125, 3.125], "texture": "#0"},
				"down": {"uv": [8.3125, 3.25, 6.125, 3.375], "texture": "#0"}
			}
		},
		{
			"from": [17.5, 4, 0.1],
			"to": [21.25, 10, 1],
			"rotation": {"angle": 0, "axis": "y", "origin": [2, 2, 0]},
			"faces": {
				"north": {"uv": [5.875, 5.875, 6.375, 6.5], "texture": "#0"},
				"east": {"uv": [7.375, 8.625, 7.5, 9.25], "texture": "#0"},
				"south": {"uv": [1.125, 6.125, 1.625, 6.75], "texture": "#0"},
				"west": {"uv": [4.375, 8.75, 4.5, 9.375], "texture": "#0"},
				"up": {"uv": [11.125, 7.75, 10.625, 7.625], "texture": "#0"},
				"down": {"uv": [11.125, 8.75, 10.625, 8.875], "texture": "#0"}
			}
		},
		{
			"from": [-2.5, 5.25, 0.1],
			"to": [0, 10, 1],
			"rotation": {"angle": 0, "axis": "y", "origin": [2, 2, 0]},
			"faces": {
				"north": {"uv": [8.875, 9.75, 9.1875, 10.375], "texture": "#0"},
				"east": {"uv": [7.5, 7.75, 7.625, 8.375], "texture": "#0"},
				"south": {"uv": [2.25, 9.875, 2.5625, 10.5], "texture": "#0"},
				"west": {"uv": [4.5, 7.875, 4.625, 8.5], "texture": "#0"},
				"up": {"uv": [11.0625, 3.375, 10.75, 3.25], "texture": "#0"},
				"down": {"uv": [3.9375, 10.75, 3.625, 10.875], "texture": "#0"}
			}
		},
		{
			"from": [-5, 7.5, 0.1],
			"to": [-2.5, 10, 1],
			"rotation": {"angle": 0, "axis": "y", "origin": [2, 2, 0]},
			"faces": {
				"north": {"uv": [5.5, 10, 5.8125, 10.3125], "texture": "#0"},
				"east": {"uv": [5.125, 10.625, 5.25, 10.9375], "texture": "#0"},
				"south": {"uv": [10.125, 2.25, 10.4375, 2.5625], "texture": "#0"},
				"west": {"uv": [6.25, 10.625, 6.375, 10.9375], "texture": "#0"},
				"up": {"uv": [11.0625, 2.5, 10.75, 2.375], "texture": "#0"},
				"down": {"uv": [11.0625, 3.125, 10.75, 3.25], "texture": "#0"}
			}
		},
		{
			"from": [0, 2, 1],
			"to": [20.25, 4, 15],
			"rotation": {"angle": 0, "axis": "y", "origin": [2, 2, 0]},
			"faces": {
				"north": {"uv": [4.625, 2, 7.1875, 2.25], "texture": "#0"},
				"east": {"uv": [4.375, 5.625, 6.125, 5.875], "texture": "#0"},
				"south": {"uv": [4.625, 2.25, 7.1875, 2.5], "texture": "#0"},
				"west": {"uv": [5.625, 4.75, 7.375, 5], "texture": "#0"},
				"up": {"uv": [2.5625, 1.75, 0, 0], "texture": "#0"},
				"down": {"uv": [2.5625, 1.75, 0, 3.5], "texture": "#0"}
			}
		},
		{
			"from": [18.5, 0, -4],
			"to": [19.75, 1, 20],
			"rotation": {"angle": 0, "axis": "y", "origin": [2, 2, 0]},
			"faces": {
				"north": {"uv": [11.125, 3.25, 11.3125, 3.375], "texture": "#0"},
				"east": {"uv": [11, 3.375, 14, 3.5], "texture": "#0"},
				"south": {"uv": [11.125, 4.875, 11.3125, 5], "texture": "#0"},
				"west": {"uv": [11, 4.125, 14, 4.25], "texture": "#0"},
				"up": {"uv": [9.5625, 14, 9.375, 11], "texture": "#0"},
				"down": {"uv": [11.1875, 9.375, 11, 12.375], "texture": "#0"}
			}
		},
		{
			"from": [18.5, 1, 6],
			"to": [19.75, 2.25, 10],
			"rotation": {"angle": 0, "axis": "y", "origin": [2, 2, 0]},
			"faces": {
				"north": {"uv": [11.125, 2.25, 11.3125, 2.4375], "texture": "#0"},
				"east": {"uv": [11.125, 1.125, 11.625, 1.3125], "texture": "#0"},
				"south": {"uv": [11.125, 3, 11.3125, 3.1875], "texture": "#0"},
				"west": {"uv": [11.125, 1.5, 11.625, 1.6875], "texture": "#0"},
				"up": {"uv": [1.1875, 11.625, 1, 11.125], "texture": "#0"},
				"down": {"uv": [11.3125, 1.75, 11.125, 2.25], "texture": "#0"}
			}
		},
		{
			"from": [-2.5, 1, 6],
			"to": [-1.25, 5.25, 10],
			"rotation": {"angle": 0, "axis": "y", "origin": [2, 2, 0]},
			"faces": {
				"north": {"uv": [9.625, 11, 9.8125, 11.5625], "texture": "#0"},
				"east": {"uv": [0, 11.125, 0.5, 11.6875], "texture": "#0"},
				"south": {"uv": [0.5, 11.125, 0.6875, 11.6875], "texture": "#0"},
				"west": {"uv": [11.125, 0, 11.625, 0.5625], "texture": "#0"},
				"up": {"uv": [11.3125, 1.125, 11.125, 0.625], "texture": "#0"},
				"down": {"uv": [0.9375, 11.125, 0.75, 11.625], "texture": "#0"}
			}
		},
		{
			"from": [-2.5, 0, -4],
			"to": [-1.25, 1, 20],
			"rotation": {"angle": 0, "axis": "y", "origin": [2, 2, 0]},
			"faces": {
				"north": {"uv": [11, 7.5, 11.1875, 7.625], "texture": "#0"},
				"east": {"uv": [11, 1.375, 14, 1.5], "texture": "#0"},
				"south": {"uv": [11.125, 2.5, 11.3125, 2.625], "texture": "#0"},
				"west": {"uv": [11, 2.875, 14, 3], "texture": "#0"},
				"up": {"uv": [7.5625, 14, 7.375, 11], "texture": "#0"},
				"down": {"uv": [7.8125, 11, 7.625, 14], "texture": "#0"}
			}
		},
		{
			"from": [16.75, 9.25, 0],
			"to": [18.75, 20.25, 16],
			"rotation": {"angle": -22.5, "axis": "z", "origin": [2, 2, 0]},
			"faces": {
				"north": {"uv": [3.625, 5.875, 3.875, 7.25], "texture": "#0"},
				"east": {"uv": [2.625, 0, 4.625, 1.375], "texture": "#0"},
				"south": {"uv": [3.875, 5.875, 4.125, 7.25], "texture": "#0"},
				"west": {"uv": [2.625, 1.375, 4.625, 2.75], "texture": "#0"},
				"up": {"uv": [1.125, 7.5, 0.875, 5.5], "texture": "#0"},
				"down": {"uv": [4.375, 5.625, 4.125, 7.625], "texture": "#0"}
			}
		},
		{
			"from": [-8.6, 0.75, 0],
			"to": [0.75, 2.75, 16],
			"rotation": {"angle": -45, "axis": "z", "origin": [2, 2, 0]},
			"faces": {
				"north": {"uv": [1.625, 6.125, 2.8125, 6.375], "texture": "#0"},
				"east": {"uv": [4.625, 2.5, 6.625, 2.75], "texture": "#0"},
				"south": {"uv": [6.125, 2.75, 7.3125, 3], "texture": "#0"},
				"west": {"uv": [2.125, 5.625, 4.125, 5.875], "texture": "#0"},
				"up": {"uv": [3.8125, 4.75, 2.625, 2.75], "texture": "#0"},
				"down": {"uv": [1.1875, 3.5, 0, 5.5], "texture": "#0"}
			}
		},
		{
			"from": [-3.75, 4.675, 4],
			"to": [-2.75, 10.675, 5],
			"rotation": {"angle": -22.5, "axis": "z", "origin": [-4.25, -8, 0]},
			"faces": {
				"north": {"uv": [8.875, 10.875, 9, 11.625], "texture": "#0"},
				"east": {"uv": [9, 10.875, 9.125, 11.625], "texture": "#0"},
				"south": {"uv": [9.125, 10.875, 9.25, 11.625], "texture": "#0"},
				"west": {"uv": [10.875, 9.125, 11, 9.875], "texture": "#0"},
				"up": {"uv": [11.125, 0.125, 11, 0], "texture": "#0"},
				"down": {"uv": [11.125, 0.125, 11, 0.25], "texture": "#0"}
			}
		},
		{
			"from": [10.25, 4.675, 3.75],
			"to": [11.25, 13.675, 5.25],
			"rotation": {"angle": 22.5, "axis": "z", "origin": [11.75, -8, 0]},
			"faces": {
				"north": {"uv": [7.875, 10.875, 8, 12], "texture": "#0"},
				"east": {"uv": [4.375, 10.875, 4.5625, 12], "texture": "#0"},
				"south": {"uv": [8, 10.875, 8.125, 12], "texture": "#0"},
				"west": {"uv": [4.625, 10.875, 4.8125, 12], "texture": "#0"},
				"up": {"uv": [10.5, 11.0625, 10.375, 10.875], "texture": "#0"},
				"down": {"uv": [10.625, 10.875, 10.5, 11.0625], "texture": "#0"}
			}
		},
		{
			"from": [10.25, 4.675, 10.75],
			"to": [11.25, 13.675, 12.25],
			"rotation": {"angle": 22.5, "axis": "z", "origin": [11.75, -8, 0]},
			"faces": {
				"north": {"uv": [8.125, 10.875, 8.25, 12], "texture": "#0"},
				"east": {"uv": [5.5, 10.875, 5.6875, 12], "texture": "#0"},
				"south": {"uv": [8.25, 10.875, 8.375, 12], "texture": "#0"},
				"west": {"uv": [5.75, 10.875, 5.9375, 12], "texture": "#0"},
				"up": {"uv": [10.75, 11.0625, 10.625, 10.875], "texture": "#0"},
				"down": {"uv": [11, 10.625, 10.875, 10.8125], "texture": "#0"}
			}
		},
		{
			"from": [-3.75, 4.675, 11],
			"to": [-2.75, 10.675, 12],
			"rotation": {"angle": -22.5, "axis": "z", "origin": [-4.25, -8, 0]},
			"faces": {
				"north": {"uv": [9.25, 10.875, 9.375, 11.625], "texture": "#0"},
				"east": {"uv": [9.875, 10.875, 10, 11.625], "texture": "#0"},
				"south": {"uv": [10.875, 9.875, 11, 10.625], "texture": "#0"},
				"west": {"uv": [10, 10.875, 10.125, 11.625], "texture": "#0"},
				"up": {"uv": [11.125, 0.375, 11, 0.25], "texture": "#0"},
				"down": {"uv": [11.125, 0.375, 11, 0.5], "texture": "#0"}
			}
		},
		{
			"from": [1.675, 4, 11.1],
			"to": [8.675, 5, 11.9],
			"rotation": {"angle": 0, "axis": "y", "origin": [-4.25, -8, 0]},
			"faces": {
				"north": {"uv": [10.875, 5.5, 11.75, 5.625], "texture": "#0"},
				"east": {"uv": [11, 0.5, 11.125, 0.625], "texture": "#0"},
				"south": {"uv": [10.875, 6.75, 11.75, 6.875], "texture": "#0"},
				"west": {"uv": [11, 0.625, 11.125, 0.75], "texture": "#0"},
				"up": {"uv": [11.75, 7, 10.875, 6.875], "texture": "#0"},
				"down": {"uv": [11.75, 7, 10.875, 7.125], "texture": "#0"}
			}
		},
		{
			"from": [1.675, 4, 4.1],
			"to": [8.675, 5, 4.9],
			"rotation": {"angle": 0, "axis": "y", "origin": [-4.25, -8, 0]},
			"faces": {
				"north": {"uv": [10.875, 7.125, 11.75, 7.25], "texture": "#0"},
				"east": {"uv": [11, 0.75, 11.125, 0.875], "texture": "#0"},
				"south": {"uv": [10.875, 7.25, 11.75, 7.375], "texture": "#0"},
				"west": {"uv": [11, 0.875, 11.125, 1], "texture": "#0"},
				"up": {"uv": [11.75, 7.5, 10.875, 7.375], "texture": "#0"},
				"down": {"uv": [11.75, 8.625, 10.875, 8.75], "texture": "#0"}
			}
		},
		{
			"from": [1.675, 4, 4.85],
			"to": [2.675, 5, 11.15],
			"rotation": {"angle": 0, "axis": "y", "origin": [-4.25, -8, 0]},
			"faces": {
				"north": {"uv": [11, 1, 11.125, 1.125], "texture": "#0"},
				"east": {"uv": [10.875, 8.875, 11.6875, 9], "texture": "#0"},
				"south": {"uv": [11, 1.125, 11.125, 1.25], "texture": "#0"},
				"west": {"uv": [10.875, 9, 11.6875, 9.125], "texture": "#0"},
				"up": {"uv": [8.75, 11.6875, 8.625, 10.875], "texture": "#0"},
				"down": {"uv": [8.875, 10.875, 8.75, 11.6875], "texture": "#0"}
			}
		},
		{
			"from": [2.675, 4.75, 4.85],
			"to": [8.675, 4.75, 11.15],
			"rotation": {"angle": 0, "axis": "y", "origin": [-4.25, -8, 0]},
			"faces": {
				"north": {"uv": [0, 0, 0.75, 0], "texture": "#0"},
				"east": {"uv": [0, 0, 0.8125, 0], "texture": "#0"},
				"south": {"uv": [0, 0, 0.75, 0], "texture": "#0"},
				"west": {"uv": [0, 0, 0.8125, 0], "texture": "#0"},
				"up": {"uv": [7.375, 11.6875, 6.625, 10.875], "texture": "#0"},
				"down": {"uv": [11.625, 7.75, 10.875, 8.5625], "texture": "#0"}
			}
		},
		{
			"from": [8.675, 4, 4.1],
			"to": [9.675, 5, 11.9],
			"rotation": {"angle": 0, "axis": "y", "origin": [-4.25, -8, 0]},
			"faces": {
				"north": {"uv": [1.25, 11, 1.375, 11.125], "texture": "#0"},
				"east": {"uv": [10.875, 4.25, 11.875, 4.375], "texture": "#0"},
				"south": {"uv": [11, 1.25, 11.125, 1.375], "texture": "#0"},
				"west": {"uv": [10.875, 5.375, 11.875, 5.5], "texture": "#0"},
				"up": {"uv": [8.5, 11.875, 8.375, 10.875], "texture": "#0"},
				"down": {"uv": [8.625, 10.875, 8.5, 11.875], "texture": "#0"}
			}
		},
		{
			"from": [9.275, 4.4, 5.25],
			"to": [9.775, 7.4, 10.75],
			"rotation": {"angle": 22.5, "axis": "z", "origin": [-4.25, -8, 0]},
			"faces": {
				"north": {"uv": [10.75, 10.875, 10.8125, 11.25], "texture": "#0"},
				"east": {"uv": [10.875, 5.75, 11.5625, 6.125], "texture": "#0"},
				"south": {"uv": [10.875, 10.875, 10.9375, 11.25], "texture": "#0"},
				"west": {"uv": [10.875, 6.125, 11.5625, 6.5], "texture": "#0"},
				"up": {"uv": [10.1875, 11.5625, 10.125, 10.875], "texture": "#0"},
				"down": {"uv": [10.3125, 10.875, 10.25, 11.5625], "texture": "#0"}
			}
		}
	],
	"display": {
		"thirdperson_righthand": {
			"rotation": [0, 114, 0],
			"translation": [0.75, 1.5, 0],
			"scale": [0.16, 0.16, 0.16]
		},
		"thirdperson_lefthand": {
			"rotation": [0, 114, 0],
			"translation": [0.75, 1.5, 0],
			"scale": [0.16, 0.16, 0.16]
		},
		"firstperson_righthand": {
			"scale": [0.2, 0.2, 0.2]
		},
		"firstperson_lefthand": {
			"scale": [0.2, 0.2, 0.2]
		},
		"ground": {
			"rotation": [91, -90, 0],
			"translation": [0.25, 8.75, 10],
			"scale": [1.04, 1.04, 1.04]
		},
		"gui": {
			"rotation": [23, -70, 0],
			"translation": [0.85, 1, 0],
			"scale": [0.38, 0.38, 0.38]
		},
		"fixed": {
			"rotation": [-90, 0, 0],
			"translation": [0, 0, -23.25],
			"scale": [2.05, 2.05, 2.05]
		}
	},
	"groups": [
		{
			"name": "WHEELBACK1",
			"origin": [8, 8, 8],
			"color": 0,
			"nbt": "{}",
			"children": [0, 1, 2, 3, 4, 5, 6, 7, 8, 9, 10, 11, 12, 13, 14, 15, 16, 17, 18, 19, 20, 21, 22, 23, 24, 25, 26, 27, 28, 29, 30, 31, 32, 33]
		},
		{
			"name": "WHEELBACK1",
			"origin": [8, 8, 8],
			"color": 0,
			"nbt": "{}",
			"children": [34, 35, 36, 37, 38, 39, 40, 41, 42, 43, 44, 45, 46, 47, 48, 49, 50, 51, 52, 53, 54, 55, 56, 57, 58, 59, 60, 61, 62, 63, 64, 65, 66, 67]
		},
		{
			"name": "Mittelsaeule",
			"origin": [3, 3, 8.25],
			"color": 0,
			"nbt": "{}",
			"children": [68, 69, 70, 71, 72, 73, 74, 75, 76, 77, 78, 79, 80, 81, 82, 83, 84, 85, 86, 87, 88, 89, 90, 91]
		},
		92,
		93,
		94,
		95,
		96,
		97,
		98,
		99,
		100,
		101,
		102,
		103,
		104,
		105,
		106,
		107,
		108,
		109,
		110,
		{
			"name": "Klappstuhl",
			"origin": [20.25, 0, 0],
			"color": 0,
			"nbt": "{}",
			"children": [111, 112, 113, 114, 115, 116, 117, 118, 119, 120]
		}
	]
}