{
	"credit": "Made with Blockbench",
	"texture_size": [256, 256],
	"textures": {
		"0": "item/flintage",
		"particle": "item/flintage"
	},
	"elements": [
		{
			"name": "BASE",
			"from": [-12, 0, 2],
			"to": [24.5, 1, 15],
			"rotation": {"angle": 0, "axis": "y", "origin": [0, 0, 8]},
			"faces": {
				"north": {"uv": [3.5, 2.8125, 6.125, 2.875], "texture": "#0"},
				"east": {"uv": [4.625, 4.5, 5.4375, 4.5625], "texture": "#0"},
				"south": {"uv": [3.625, 0, 6.25, 0.0625], "texture": "#0"},
				"west": {"uv": [4.6875, 3, 5.5, 3.0625], "texture": "#0"},
				"up": {"uv": [2.625, 0.8125, 0, 0], "texture": "#0"},
				"down": {"uv": [2.625, 0.8125, 0, 1.625], "texture": "#0"}
			}
		},
		{
			"name": "hexadecagon",
			"from": [-8.93897, -0.31, -5.2],
			"to": [-7.56103, 1.1, 22.55],
			"rotation": {"angle": 0, "axis": "z", "origin": [-8.25, 0.25, 13]},
			"faces": {
				"north": {"uv": [3.5, 7.375, 3.53125, 7.4375], "texture": "#0"},
				"east": {"uv": [4.625, 0.0625, 5.96875, 0.125], "texture": "#0"},
				"south": {"uv": [3.5625, 7.375, 3.59375, 7.4375], "texture": "#0"},
				"west": {"uv": [4.625, 0.125, 5.96875, 0.1875], "texture": "#0"},
				"up": {"uv": [2.65625, 7.46875, 2.625, 6.125], "texture": "#0"},
				"down": {"uv": [2.71875, 6.125, 2.6875, 7.46875], "texture": "#0"}
			}
		},
		{
			"name": "hexadecagon",
			"from": [22.06103, -0.31, -5.2],
			"to": [23.43897, 1.1, 22.55],
			"rotation": {"angle": 0, "axis": "z", "origin": [-8.25, 0.25, 13]},
			"faces": {
				"north": {"uv": [3.5, 7.375, 3.53125, 7.4375], "texture": "#0"},
				"east": {"uv": [4.625, 0.0625, 5.96875, 0.125], "texture": "#0"},
				"south": {"uv": [3.5625, 7.375, 3.59375, 7.4375], "texture": "#0"},
				"west": {"uv": [4.625, 0.125, 5.96875, 0.1875], "texture": "#0"},
				"up": {"uv": [2.65625, 7.46875, 2.625, 6.125], "texture": "#0"},
				"down": {"uv": [2.71875, 6.125, 2.6875, 7.46875], "texture": "#0"}
			}
		},
		{
			"name": "hexadecagon",
			"from": [22.00202, -4.15737, -2.81666],
			"to": [23.68909, -2.76478, 20.2915],
			"rotation": {"angle": -45, "axis": "z", "origin": [23.19216, 0.42998, 17.24013]},
			"faces": {
				"north": {"uv": [4.0625, 2.6875, 4.15625, 2.78125], "texture": "#0"},
				"east": {"uv": [5.6875, 3.625, 7.125, 3.71875], "texture": "#0"},
				"south": {"uv": [0, 4.1875, 0.09375, 4.28125], "texture": "#0"},
				"west": {"uv": [5.8125, 4.375, 7.25, 4.46875], "texture": "#0"},
				"up": {"uv": [5.84375, 6.875, 5.75, 5.4375], "texture": "#0"},
				"down": {"uv": [3.09375, 5.875, 3, 7.3125], "texture": "#0"}
			}
		},
		{
			"name": "hexadecagon",
			"from": [21.89576, -3.99834, -2.81666],
			"to": [23.58283, 3.39425, 20.2915],
			"rotation": {"angle": -22.5, "axis": "z", "origin": [23.19216, 0.42998, 17.24013]},
			"faces": {
				"north": {"uv": [0.125, 4.1875, 0.21875, 4.28125], "texture": "#0"},
				"east": {"uv": [5.875, 1.0625, 7.3125, 1.15625], "texture": "#0"},
				"south": {"uv": [0.25, 4.1875, 0.34375, 4.28125], "texture": "#0"},
				"west": {"uv": [6.5, 3.75, 7.9375, 3.84375], "texture": "#0"},
				"up": {"uv": [3.21875, 7.3125, 3.125, 5.875], "texture": "#0"},
				"down": {"uv": [3.84375, 5.875, 3.75, 7.3125], "texture": "#0"}
			}
		},
		{
			"name": "hexadecagon",
			"from": [21.85845, -3.81076, -2.81666],
			"to": [23.54552, 3.58183, 20.2915],
			"rotation": {"angle": 0, "axis": "y", "origin": [23.19216, 0.42998, 17.24013]},
			"faces": {
				"north": {"uv": [2.4375, 4.1875, 2.53125, 4.28125], "texture": "#0"},
				"east": {"uv": [6.625, 0, 8.0625, 0.09375], "texture": "#0"},
				"south": {"uv": [0, 4.3125, 0.09375, 4.40625], "texture": "#0"},
				"west": {"uv": [6.625, 0.125, 8.0625, 0.21875], "texture": "#0"},
				"up": {"uv": [3.96875, 7.3125, 3.875, 5.875], "texture": "#0"},
				"down": {"uv": [2.84375, 6.375, 2.75, 7.8125], "texture": "#0"}
			}
		},
		{
			"name": "hexadecagon",
			"from": [21.89576, -3.62318, -2.81666],
			"to": [23.58283, -2.23059, 20.2915],
			"rotation": {"angle": 22.5, "axis": "z", "origin": [23.19216, 0.42998, 17.24013]},
			"faces": {
				"north": {"uv": [0.125, 4.3125, 0.21875, 4.40625], "texture": "#0"},
				"east": {"uv": [6.625, 0.25, 8.0625, 0.34375], "texture": "#0"},
				"south": {"uv": [0.25, 4.3125, 0.34375, 4.40625], "texture": "#0"},
				"west": {"uv": [0.625, 6.625, 2.0625, 6.71875], "texture": "#0"},
				"up": {"uv": [2.59375, 7.875, 2.5, 6.4375], "texture": "#0"},
				"down": {"uv": [2.96875, 6.5, 2.875, 7.9375], "texture": "#0"}
			}
		},
		{
			"name": "hexadecagon",
			"from": [22.00202, -3.46415, -2.81666],
			"to": [23.68909, 3.92844, 20.2915],
			"rotation": {"angle": 45, "axis": "z", "origin": [23.19216, 0.42998, 17.24013]},
			"faces": {
				"north": {"uv": [4.375, 3.5625, 4.46875, 3.65625], "texture": "#0"},
				"east": {"uv": [6.625, 0.9375, 8.0625, 1.03125], "texture": "#0"},
				"south": {"uv": [4.375, 3.6875, 4.46875, 3.78125], "texture": "#0"},
				"west": {"uv": [6.4375, 6.625, 7.875, 6.71875], "texture": "#0"},
				"up": {"uv": [2.34375, 8.125, 2.25, 6.6875], "texture": "#0"},
				"down": {"uv": [4.09375, 6.6875, 4, 8.125], "texture": "#0"}
			}
		},
		{
			"name": "hexadecagon",
			"from": [22.00202, -3.06848, -2.81666],
			"to": [23.68909, 4.32411, 20.2915],
			"rotation": {"angle": -45, "axis": "z", "origin": [23.19216, 0.42998, 17.24013]},
			"faces": {
				"north": {"uv": [4.375, 4.0625, 4.46875, 4.15625], "texture": "#0"},
				"east": {"uv": [0.625, 6.75, 2.0625, 6.84375], "texture": "#0"},
				"south": {"uv": [4.4375, 0.0625, 4.53125, 0.15625], "texture": "#0"},
				"west": {"uv": [6.75, 2.4375, 8.1875, 2.53125], "texture": "#0"},
				"up": {"uv": [4.21875, 8.125, 4.125, 6.6875], "texture": "#0"},
				"down": {"uv": [6.90625, 4.75, 6.8125, 6.1875], "texture": "#0"}
			}
		},
		{
			"name": "hexadecagon",
			"from": [21.89576, 3.09054, -2.81666],
			"to": [23.58283, 4.48313, 20.2915],
			"rotation": {"angle": -22.5, "axis": "z", "origin": [23.19216, 0.42998, 17.24013]},
			"faces": {
				"north": {"uv": [1, 4.4375, 1.09375, 4.53125], "texture": "#0"},
				"east": {"uv": [6.4375, 6.75, 7.875, 6.84375], "texture": "#0"},
				"south": {"uv": [3.9375, 4.4375, 4.03125, 4.53125], "texture": "#0"},
				"west": {"uv": [6.8125, 6.1875, 8.25, 6.28125], "texture": "#0"},
				"up": {"uv": [1.90625, 8.3125, 1.8125, 6.875], "texture": "#0"},
				"down": {"uv": [2.03125, 6.875, 1.9375, 8.3125], "texture": "#0"}
			}
		},
		{
			"name": "hexadecagon",
			"from": [21.85845, 3.27813, -2.81666],
			"to": [23.54552, 4.67071, 20.2915],
			"rotation": {"angle": 0, "axis": "y", "origin": [23.19216, 0.42998, 17.24013]},
			"faces": {
				"north": {"uv": [4.0625, 4.4375, 4.15625, 4.53125], "texture": "#0"},
				"east": {"uv": [6.8125, 6.3125, 8.25, 6.40625], "texture": "#0"},
				"south": {"uv": [4.375, 4.4375, 4.46875, 4.53125], "texture": "#0"},
				"west": {"uv": [6.8125, 6.4375, 8.25, 6.53125], "texture": "#0"},
				"up": {"uv": [5.34375, 8.3125, 5.25, 6.875], "texture": "#0"},
				"down": {"uv": [5.46875, 6.875, 5.375, 8.3125], "texture": "#0"}
			}
		},
		{
			"name": "hexadecagon",
			"from": [21.89576, -2.53429, -2.81666],
			"to": [23.58283, 4.8583, 20.2915],
			"rotation": {"angle": 22.5, "axis": "z", "origin": [23.19216, 0.42998, 17.24013]},
			"faces": {
				"north": {"uv": [4.5, 3.5625, 4.59375, 3.65625], "texture": "#0"},
				"east": {"uv": [6.4375, 6.875, 7.875, 6.96875], "texture": "#0"},
				"south": {"uv": [4.5, 3.6875, 4.59375, 3.78125], "texture": "#0"},
				"west": {"uv": [6.9375, 5.9375, 8.375, 6.03125], "texture": "#0"},
				"up": {"uv": [5.59375, 8.3125, 5.5, 6.875], "texture": "#0"},
				"down": {"uv": [5.71875, 6.875, 5.625, 8.3125], "texture": "#0"}
			}
		},
		{
			"name": "hexadecagon",
			"from": [22.00202, 3.62473, -2.81666],
			"to": [23.68909, 5.01732, 20.2915],
			"rotation": {"angle": 45, "axis": "z", "origin": [23.19216, 0.42998, 17.24013]},
			"faces": {
				"north": {"uv": [4.5, 4.0625, 4.59375, 4.15625], "texture": "#0"},
				"east": {"uv": [6.9375, 6.0625, 8.375, 6.15625], "texture": "#0"},
				"south": {"uv": [1, 4.5625, 1.09375, 4.65625], "texture": "#0"},
				"west": {"uv": [7, 3.375, 8.4375, 3.46875], "texture": "#0"},
				"up": {"uv": [0.59375, 8.375, 0.5, 6.9375], "texture": "#0"},
				"down": {"uv": [0.21875, 7.1875, 0.125, 8.625], "texture": "#0"}
			}
		},
		{
			"name": "hexadecagon",
			"from": [18.49856, -0.60114, -2.81666],
			"to": [19.89115, 1.08593, 20.2915],
			"rotation": {"angle": -22.5, "axis": "z", "origin": [23.19216, 0.42998, 17.24013]},
			"faces": {
				"north": {"uv": [4.375, 4.5625, 4.46875, 4.65625], "texture": "#0"},
				"east": {"uv": [7, 3.5, 8.4375, 3.59375], "texture": "#0"},
				"south": {"uv": [2.125, 4.625, 2.21875, 4.71875], "texture": "#0"},
				"west": {"uv": [7, 4, 8.4375, 4.09375], "texture": "#0"},
				"up": {"uv": [0.34375, 8.625, 0.25, 7.1875], "texture": "#0"},
				"down": {"uv": [0.46875, 7.1875, 0.375, 8.625], "texture": "#0"}
			}
		},
		{
			"name": "hexadecagon",
			"from": [18.46125, -0.41356, -2.81666],
			"to": [19.85384, 1.27351, 20.2915],
			"rotation": {"angle": 0, "axis": "y", "origin": [23.19216, 0.42998, 17.24013]},
			"faces": {
				"north": {"uv": [2.25, 4.625, 2.34375, 4.71875], "texture": "#0"},
				"east": {"uv": [6.4375, 7, 7.875, 7.09375], "texture": "#0"},
				"south": {"uv": [4.625, 3.5625, 4.71875, 3.65625], "texture": "#0"},
				"west": {"uv": [7.0625, 0.5, 8.5, 0.59375], "texture": "#0"},
				"up": {"uv": [1.15625, 8.625, 1.0625, 7.1875], "texture": "#0"},
				"down": {"uv": [6.34375, 7.1875, 6.25, 8.625], "texture": "#0"}
			}
		},
		{
			"name": "hexadecagon",
			"from": [18.49856, -0.22597, -2.81666],
			"to": [19.89115, 1.4611, 20.2915],
			"rotation": {"angle": 22.5, "axis": "z", "origin": [23.19216, 0.42998, 17.24013]},
			"faces": {
				"north": {"uv": [4.625, 3.6875, 4.71875, 3.78125], "texture": "#0"},
				"east": {"uv": [7.0625, 1.5, 8.5, 1.59375], "texture": "#0"},
				"south": {"uv": [1, 4.6875, 1.09375, 4.78125], "texture": "#0"},
				"west": {"uv": [7.125, 3.625, 8.5625, 3.71875], "texture": "#0"},
				"up": {"uv": [6.46875, 8.625, 6.375, 7.1875], "texture": "#0"},
				"down": {"uv": [2.15625, 7.25, 2.0625, 8.6875], "texture": "#0"}
			}
		},
		{
			"name": "hexadecagon",
			"from": [18.58744, -0.60114, -2.81666],
			"to": [26.98003, 1.08593, 20.2915],
			"rotation": {"angle": -22.5, "axis": "z", "origin": [23.19216, 0.42998, 17.24013]},
			"faces": {
				"north": {"uv": [4.375, 4.6875, 4.46875, 4.78125], "texture": "#0"},
				"east": {"uv": [7.25, 2.875, 8.6875, 2.96875], "texture": "#0"},
				"south": {"uv": [2.125, 4.75, 2.21875, 4.84375], "texture": "#0"},
				"west": {"uv": [7.25, 3.875, 8.6875, 3.96875], "texture": "#0"},
				"up": {"uv": [7.34375, 8.5625, 7.25, 7.125], "texture": "#0"},
				"down": {"uv": [3.09375, 7.3125, 3, 8.75], "texture": "#0"}
			}
		},
		{
			"name": "hexadecagon",
			"from": [19.55013, -0.41356, -2.81666],
			"to": [26.94272, 1.27351, 20.2915],
			"rotation": {"angle": 0, "axis": "y", "origin": [23.19216, 0.42998, 17.24013]},
			"faces": {
				"north": {"uv": [2.25, 4.75, 2.34375, 4.84375], "texture": "#0"},
				"east": {"uv": [7.375, 7.125, 8.8125, 7.21875], "texture": "#0"},
				"south": {"uv": [4.75, 3.5625, 4.84375, 3.65625], "texture": "#0"},
				"west": {"uv": [7.375, 7.25, 8.8125, 7.34375], "texture": "#0"},
				"up": {"uv": [3.21875, 8.75, 3.125, 7.3125], "texture": "#0"},
				"down": {"uv": [3.34375, 7.3125, 3.25, 8.75], "texture": "#0"}
			}
		},
		{
			"name": "hexadecagon",
			"from": [19.58744, -0.22597, -2.81666],
			"to": [26.98003, 1.4611, 20.2915],
			"rotation": {"angle": 22.5, "axis": "z", "origin": [23.19216, 0.42998, 17.24013]},
			"faces": {
				"north": {"uv": [1, 4.8125, 1.09375, 4.90625], "texture": "#0"},
				"east": {"uv": [7.375, 7.375, 8.8125, 7.46875], "texture": "#0"},
				"south": {"uv": [4.375, 4.8125, 4.46875, 4.90625], "texture": "#0"},
				"west": {"uv": [7.4375, 0.375, 8.875, 0.46875], "texture": "#0"},
				"up": {"uv": [3.71875, 8.75, 3.625, 7.3125], "texture": "#0"},
				"down": {"uv": [3.84375, 7.3125, 3.75, 8.75], "texture": "#0"}
			}
		},
		{
			"name": "hexadecagon",
			"from": [-8.99798, -4.15737, -2.81666],
			"to": [-7.31091, -2.76478, 20.2915],
			"rotation": {"angle": -45, "axis": "z", "origin": [-7.80784, 0.42998, 17.24013]},
			"faces": {
				"north": {"uv": [4.0625, 2.6875, 4.15625, 2.78125], "texture": "#0"},
				"east": {"uv": [5.6875, 3.625, 7.125, 3.71875], "texture": "#0"},
				"south": {"uv": [0, 4.1875, 0.09375, 4.28125], "texture": "#0"},
				"west": {"uv": [5.8125, 4.375, 7.25, 4.46875], "texture": "#0"},
				"up": {"uv": [5.84375, 6.875, 5.75, 5.4375], "texture": "#0"},
				"down": {"uv": [3.09375, 5.875, 3, 7.3125], "texture": "#0"}
			}
		},
		{
			"name": "hexadecagon",
			"from": [-9.10424, -3.99834, -2.81666],
			"to": [-7.41717, 3.39425, 20.2915],
			"rotation": {"angle": -22.5, "axis": "z", "origin": [-7.80784, 0.42998, 17.24013]},
			"faces": {
				"north": {"uv": [0.125, 4.1875, 0.21875, 4.28125], "texture": "#0"},
				"east": {"uv": [5.875, 1.0625, 7.3125, 1.15625], "texture": "#0"},
				"south": {"uv": [0.25, 4.1875, 0.34375, 4.28125], "texture": "#0"},
				"west": {"uv": [6.5, 3.75, 7.9375, 3.84375], "texture": "#0"},
				"up": {"uv": [3.21875, 7.3125, 3.125, 5.875], "texture": "#0"},
				"down": {"uv": [3.84375, 5.875, 3.75, 7.3125], "texture": "#0"}
			}
		},
		{
			"name": "hexadecagon",
			"from": [-9.14155, -3.81076, -2.81666],
			"to": [-7.45448, 3.58183, 20.2915],
			"rotation": {"angle": 0, "axis": "y", "origin": [-7.80784, 0.42998, 17.24013]},
			"faces": {
				"north": {"uv": [2.4375, 4.1875, 2.53125, 4.28125], "texture": "#0"},
				"east": {"uv": [6.625, 0, 8.0625, 0.09375], "texture": "#0"},
				"south": {"uv": [0, 4.3125, 0.09375, 4.40625], "texture": "#0"},
				"west": {"uv": [6.625, 0.125, 8.0625, 0.21875], "texture": "#0"},
				"up": {"uv": [3.96875, 7.3125, 3.875, 5.875], "texture": "#0"},
				"down": {"uv": [2.84375, 6.375, 2.75, 7.8125], "texture": "#0"}
			}
		},
		{
			"name": "hexadecagon",
			"from": [-9.10424, -3.62318, -2.81666],
			"to": [-7.41717, -2.23059, 20.2915],
			"rotation": {"angle": 22.5, "axis": "z", "origin": [-7.80784, 0.42998, 17.24013]},
			"faces": {
				"north": {"uv": [0.125, 4.3125, 0.21875, 4.40625], "texture": "#0"},
				"east": {"uv": [6.625, 0.25, 8.0625, 0.34375], "texture": "#0"},
				"south": {"uv": [0.25, 4.3125, 0.34375, 4.40625], "texture": "#0"},
				"west": {"uv": [0.625, 6.625, 2.0625, 6.71875], "texture": "#0"},
				"up": {"uv": [2.59375, 7.875, 2.5, 6.4375], "texture": "#0"},
				"down": {"uv": [2.96875, 6.5, 2.875, 7.9375], "texture": "#0"}
			}
		},
		{
			"name": "hexadecagon",
			"from": [-8.99798, -3.46415, -2.81666],
			"to": [-7.31091, 3.92844, 20.2915],
			"rotation": {"angle": 45, "axis": "z", "origin": [-7.80784, 0.42998, 17.24013]},
			"faces": {
				"north": {"uv": [4.375, 3.5625, 4.46875, 3.65625], "texture": "#0"},
				"east": {"uv": [6.625, 0.9375, 8.0625, 1.03125], "texture": "#0"},
				"south": {"uv": [4.375, 3.6875, 4.46875, 3.78125], "texture": "#0"},
				"west": {"uv": [6.4375, 6.625, 7.875, 6.71875], "texture": "#0"},
				"up": {"uv": [2.34375, 8.125, 2.25, 6.6875], "texture": "#0"},
				"down": {"uv": [4.09375, 6.6875, 4, 8.125], "texture": "#0"}
			}
		},
		{
			"name": "hexadecagon",
			"from": [-8.99798, -3.06848, -2.81666],
			"to": [-7.31091, 4.32411, 20.2915],
			"rotation": {"angle": -45, "axis": "z", "origin": [-7.80784, 0.42998, 17.24013]},
			"faces": {
				"north": {"uv": [4.375, 4.0625, 4.46875, 4.15625], "texture": "#0"},
				"east": {"uv": [0.625, 6.75, 2.0625, 6.84375], "texture": "#0"},
				"south": {"uv": [4.4375, 0.0625, 4.53125, 0.15625], "texture": "#0"},
				"west": {"uv": [6.75, 2.4375, 8.1875, 2.53125], "texture": "#0"},
				"up": {"uv": [4.21875, 8.125, 4.125, 6.6875], "texture": "#0"},
				"down": {"uv": [6.90625, 4.75, 6.8125, 6.1875], "texture": "#0"}
			}
		},
		{
			"name": "hexadecagon",
			"from": [-9.10424, 3.09054, -2.81666],
			"to": [-7.41717, 4.48313, 20.2915],
			"rotation": {"angle": -22.5, "axis": "z", "origin": [-7.80784, 0.42998, 17.24013]},
			"faces": {
				"north": {"uv": [1, 4.4375, 1.09375, 4.53125], "texture": "#0"},
				"east": {"uv": [6.4375, 6.75, 7.875, 6.84375], "texture": "#0"},
				"south": {"uv": [3.9375, 4.4375, 4.03125, 4.53125], "texture": "#0"},
				"west": {"uv": [6.8125, 6.1875, 8.25, 6.28125], "texture": "#0"},
				"up": {"uv": [1.90625, 8.3125, 1.8125, 6.875], "texture": "#0"},
				"down": {"uv": [2.03125, 6.875, 1.9375, 8.3125], "texture": "#0"}
			}
		},
		{
			"name": "hexadecagon",
			"from": [-9.14155, 3.27813, -2.81666],
			"to": [-7.45448, 4.67071, 20.2915],
			"rotation": {"angle": 0, "axis": "y", "origin": [-7.80784, 0.42998, 17.24013]},
			"faces": {
				"north": {"uv": [4.0625, 4.4375, 4.15625, 4.53125], "texture": "#0"},
				"east": {"uv": [6.8125, 6.3125, 8.25, 6.40625], "texture": "#0"},
				"south": {"uv": [4.375, 4.4375, 4.46875, 4.53125], "texture": "#0"},
				"west": {"uv": [6.8125, 6.4375, 8.25, 6.53125], "texture": "#0"},
				"up": {"uv": [5.34375, 8.3125, 5.25, 6.875], "texture": "#0"},
				"down": {"uv": [5.46875, 6.875, 5.375, 8.3125], "texture": "#0"}
			}
		},
		{
			"name": "hexadecagon",
			"from": [-9.10424, -2.53429, -2.81666],
			"to": [-7.41717, 4.8583, 20.2915],
			"rotation": {"angle": 22.5, "axis": "z", "origin": [-7.80784, 0.42998, 17.24013]},
			"faces": {
				"north": {"uv": [4.5, 3.5625, 4.59375, 3.65625], "texture": "#0"},
				"east": {"uv": [6.4375, 6.875, 7.875, 6.96875], "texture": "#0"},
				"south": {"uv": [4.5, 3.6875, 4.59375, 3.78125], "texture": "#0"},
				"west": {"uv": [6.9375, 5.9375, 8.375, 6.03125], "texture": "#0"},
				"up": {"uv": [5.59375, 8.3125, 5.5, 6.875], "texture": "#0"},
				"down": {"uv": [5.71875, 6.875, 5.625, 8.3125], "texture": "#0"}
			}
		},
		{
			"name": "hexadecagon",
			"from": [-8.99798, 3.62473, -2.81666],
			"to": [-7.31091, 5.01732, 20.2915],
			"rotation": {"angle": 45, "axis": "z", "origin": [-7.80784, 0.42998, 17.24013]},
			"faces": {
				"north": {"uv": [4.5, 4.0625, 4.59375, 4.15625], "texture": "#0"},
				"east": {"uv": [6.9375, 6.0625, 8.375, 6.15625], "texture": "#0"},
				"south": {"uv": [1, 4.5625, 1.09375, 4.65625], "texture": "#0"},
				"west": {"uv": [7, 3.375, 8.4375, 3.46875], "texture": "#0"},
				"up": {"uv": [0.59375, 8.375, 0.5, 6.9375], "texture": "#0"},
				"down": {"uv": [0.21875, 7.1875, 0.125, 8.625], "texture": "#0"}
			}
		},
		{
			"name": "hexadecagon",
			"from": [-12.50144, -0.60114, -2.81666],
			"to": [-11.10885, 1.08593, 20.2915],
			"rotation": {"angle": -22.5, "axis": "z", "origin": [-7.80784, 0.42998, 17.24013]},
			"faces": {
				"north": {"uv": [4.375, 4.5625, 4.46875, 4.65625], "texture": "#0"},
				"east": {"uv": [7, 3.5, 8.4375, 3.59375], "texture": "#0"},
				"south": {"uv": [2.125, 4.625, 2.21875, 4.71875], "texture": "#0"},
				"west": {"uv": [7, 4, 8.4375, 4.09375], "texture": "#0"},
				"up": {"uv": [0.34375, 8.625, 0.25, 7.1875], "texture": "#0"},
				"down": {"uv": [0.46875, 7.1875, 0.375, 8.625], "texture": "#0"}
			}
		},
		{
			"name": "hexadecagon",
			"from": [-12.53875, -0.41356, -2.81666],
			"to": [-11.14616, 1.27351, 20.2915],
			"rotation": {"angle": 0, "axis": "y", "origin": [-7.80784, 0.42998, 17.24013]},
			"faces": {
				"north": {"uv": [2.25, 4.625, 2.34375, 4.71875], "texture": "#0"},
				"east": {"uv": [6.4375, 7, 7.875, 7.09375], "texture": "#0"},
				"south": {"uv": [4.625, 3.5625, 4.71875, 3.65625], "texture": "#0"},
				"west": {"uv": [7.0625, 0.5, 8.5, 0.59375], "texture": "#0"},
				"up": {"uv": [1.15625, 8.625, 1.0625, 7.1875], "texture": "#0"},
				"down": {"uv": [6.34375, 7.1875, 6.25, 8.625], "texture": "#0"}
			}
		},
		{
			"name": "hexadecagon",
			"from": [-12.50144, -0.22597, -2.81666],
			"to": [-11.10885, 1.4611, 20.2915],
			"rotation": {"angle": 22.5, "axis": "z", "origin": [-7.80784, 0.42998, 17.24013]},
			"faces": {
				"north": {"uv": [4.625, 3.6875, 4.71875, 3.78125], "texture": "#0"},
				"east": {"uv": [7.0625, 1.5, 8.5, 1.59375], "texture": "#0"},
				"south": {"uv": [1, 4.6875, 1.09375, 4.78125], "texture": "#0"},
				"west": {"uv": [7.125, 3.625, 8.5625, 3.71875], "texture": "#0"},
				"up": {"uv": [6.46875, 8.625, 6.375, 7.1875], "texture": "#0"},
				"down": {"uv": [2.15625, 7.25, 2.0625, 8.6875], "texture": "#0"}
			}
		},
		{
			"name": "hexadecagon",
			"from": [-12.41256, -0.60114, -2.81666],
			"to": [-4.01997, 1.08593, 20.2915],
			"rotation": {"angle": -22.5, "axis": "z", "origin": [-7.80784, 0.42998, 17.24013]},
			"faces": {
				"north": {"uv": [4.375, 4.6875, 4.46875, 4.78125], "texture": "#0"},
				"east": {"uv": [7.25, 2.875, 8.6875, 2.96875], "texture": "#0"},
				"south": {"uv": [2.125, 4.75, 2.21875, 4.84375], "texture": "#0"},
				"west": {"uv": [7.25, 3.875, 8.6875, 3.96875], "texture": "#0"},
				"up": {"uv": [7.34375, 8.5625, 7.25, 7.125], "texture": "#0"},
				"down": {"uv": [3.09375, 7.3125, 3, 8.75], "texture": "#0"}
			}
		},
		{
			"name": "hexadecagon",
			"from": [-11.44987, -0.41356, -2.81666],
			"to": [-4.05728, 1.27351, 20.2915],
			"rotation": {"angle": 0, "axis": "y", "origin": [-7.80784, 0.42998, 17.24013]},
			"faces": {
				"north": {"uv": [2.25, 4.75, 2.34375, 4.84375], "texture": "#0"},
				"east": {"uv": [7.375, 7.125, 8.8125, 7.21875], "texture": "#0"},
				"south": {"uv": [4.75, 3.5625, 4.84375, 3.65625], "texture": "#0"},
				"west": {"uv": [7.375, 7.25, 8.8125, 7.34375], "texture": "#0"},
				"up": {"uv": [3.21875, 8.75, 3.125, 7.3125], "texture": "#0"},
				"down": {"uv": [3.34375, 7.3125, 3.25, 8.75], "texture": "#0"}
			}
		},
		{
			"name": "hexadecagon",
			"from": [-11.41256, -0.22597, -2.81666],
			"to": [-4.01997, 1.4611, 20.2915],
			"rotation": {"angle": 22.5, "axis": "z", "origin": [-7.80784, 0.42998, 17.24013]},
			"faces": {
				"north": {"uv": [1, 4.8125, 1.09375, 4.90625], "texture": "#0"},
				"east": {"uv": [7.375, 7.375, 8.8125, 7.46875], "texture": "#0"},
				"south": {"uv": [4.375, 4.8125, 4.46875, 4.90625], "texture": "#0"},
				"west": {"uv": [7.4375, 0.375, 8.875, 0.46875], "texture": "#0"},
				"up": {"uv": [3.71875, 8.75, 3.625, 7.3125], "texture": "#0"},
				"down": {"uv": [3.84375, 7.3125, 3.75, 8.75], "texture": "#0"}
			}
		},
		{
			"from": [3, 1, 3],
			"to": [14, 3, 14],
			"rotation": {"angle": 0, "axis": "y", "origin": [0, 0, 8]},
			"faces": {
				"north": {"uv": [4.25, 2.5625, 4.9375, 2.6875], "texture": "#0"},
				"east": {"uv": [4.25, 2.6875, 4.9375, 2.8125], "texture": "#0"},
				"south": {"uv": [4.375, 3.8125, 5.0625, 3.9375], "texture": "#0"},
				"west": {"uv": [4.5, 0.9375, 5.1875, 1.0625], "texture": "#0"},
				"up": {"uv": [2.0625, 2.3125, 1.375, 1.625], "texture": "#0"},
				"down": {"uv": [2.75, 1.625, 2.0625, 2.3125], "texture": "#0"}
			}
		},
		{
			"from": [8, -0.5, 20.5],
			"to": [16, 1.5, 22.5],
			"rotation": {"angle": 0, "axis": "y", "origin": [0, 0, 8]},
			"faces": {
				"north": {"uv": [0.75, 2.75, 1.25, 2.875], "texture": "#0"},
				"east": {"uv": [0.9375, 3.4375, 1.0625, 3.5625], "texture": "#0"},
				"south": {"uv": [2.75, 1.6875, 3.25, 1.8125], "texture": "#0"},
				"west": {"uv": [3.4375, 0.9375, 3.5625, 1.0625], "texture": "#0"},
				"up": {"uv": [3.25, 1.9375, 2.75, 1.8125], "texture": "#0"},
				"down": {"uv": [3.25, 1.9375, 2.75, 2.0625], "texture": "#0"}
			}
		},
		{
			"from": [16, -1.25, 20.5],
			"to": [19.75, 2.5, 22.5],
			"rotation": {"angle": 0, "axis": "y", "origin": [0, 0, 8]},
			"faces": {
				"north": {"uv": [2.75, 2.0625, 3, 2.3125], "texture": "#0"},
				"east": {"uv": [1.875, 3.25, 2, 3.5], "texture": "#0"},
				"south": {"uv": [2.8125, 0.8125, 3.0625, 1.0625], "texture": "#0"},
				"west": {"uv": [2.625, 3.25, 2.75, 3.5], "texture": "#0"},
				"up": {"uv": [0.5, 3.1875, 0.25, 3.0625], "texture": "#0"},
				"down": {"uv": [2.25, 3.3125, 2, 3.4375], "texture": "#0"}
			}
		},
		{
			"from": [-4, -0.75, 20.5],
			"to": [8, 2, 22.5],
			"rotation": {"angle": 0, "axis": "y", "origin": [0, 0, 8]},
			"faces": {
				"north": {"uv": [2.625, 1.375, 3.375, 1.5625], "texture": "#0"},
				"east": {"uv": [1.0625, 3.125, 1.1875, 3.3125], "texture": "#0"},
				"south": {"uv": [2.75, 0.125, 3.5, 0.3125], "texture": "#0"},
				"west": {"uv": [0.5, 3.375, 0.625, 3.5625], "texture": "#0"},
				"up": {"uv": [3.5, 0.8125, 2.75, 0.6875], "texture": "#0"},
				"down": {"uv": [3.5, 1.125, 2.75, 1.25], "texture": "#0"}
			}
		},
		{
			"from": [-7, -1.25, 20.5],
			"to": [-4, 2.5, 22.5],
			"rotation": {"angle": 0, "axis": "y", "origin": [0, 0, 8]},
			"faces": {
				"north": {"uv": [2.625, 2.875, 2.8125, 3.125], "texture": "#0"},
				"east": {"uv": [2.75, 3.3125, 2.875, 3.5625], "texture": "#0"},
				"south": {"uv": [2.875, 2.6875, 3.0625, 2.9375], "texture": "#0"},
				"west": {"uv": [2.875, 3.3125, 3, 3.5625], "texture": "#0"},
				"up": {"uv": [2.375, 3.125, 2.1875, 3], "texture": "#0"},
				"down": {"uv": [0.8125, 3.375, 0.625, 3.5], "texture": "#0"}
			}
		},
		{
			"from": [-11.75, -2, 20.5],
			"to": [-7, -0.25, 22.5],
			"rotation": {"angle": 0, "axis": "y", "origin": [0, 0, 8]},
			"faces": {
				"north": {"uv": [3.125, 2.4375, 3.4375, 2.5625], "texture": "#0"},
				"east": {"uv": [1.0625, 3.4375, 1.1875, 3.5625], "texture": "#0"},
				"south": {"uv": [2.5, 3.125, 2.8125, 3.25], "texture": "#0"},
				"west": {"uv": [2, 3.4375, 2.125, 3.5625], "texture": "#0"},
				"up": {"uv": [3.4375, 2.6875, 3.125, 2.5625], "texture": "#0"},
				"down": {"uv": [2.3125, 3.1875, 2, 3.3125], "texture": "#0"}
			}
		},
		{
			"from": [-12.5, 1.25, 20.5],
			"to": [-7, 3.25, 22.5],
			"rotation": {"angle": 0, "axis": "y", "origin": [0, 0, 8]},
			"faces": {
				"north": {"uv": [0.6875, 3, 1.03125, 3.125], "texture": "#0"},
				"east": {"uv": [2.125, 3.4375, 2.25, 3.5625], "texture": "#0"},
				"south": {"uv": [1.0625, 3, 1.40625, 3.125], "texture": "#0"},
				"west": {"uv": [3.4375, 2.375, 3.5625, 2.5], "texture": "#0"},
				"up": {"uv": [1.78125, 3.125, 1.4375, 3], "texture": "#0"},
				"down": {"uv": [2.15625, 3, 1.8125, 3.125], "texture": "#0"}
			}
		},
		{
			"from": [19.75, -2, 20.5],
			"to": [24.5, -0.25, 22.5],
			"rotation": {"angle": 0, "axis": "y", "origin": [16, 0, 8]},
			"faces": {
				"north": {"uv": [2.8125, 3.1875, 3.125, 3.3125], "texture": "#0"},
				"east": {"uv": [3.4375, 2.5, 3.5625, 2.625], "texture": "#0"},
				"south": {"uv": [3.125, 3.1875, 3.4375, 3.3125], "texture": "#0"},
				"west": {"uv": [3.4375, 2.625, 3.5625, 2.75], "texture": "#0"},
				"up": {"uv": [0.3125, 3.375, 0, 3.25], "texture": "#0"},
				"down": {"uv": [0.625, 3.25, 0.3125, 3.375], "texture": "#0"}
			}
		},
		{
			"from": [19.75, 1.25, 20.5],
			"to": [25.25, 3.25, 22.5],
			"rotation": {"angle": 0, "axis": "y", "origin": [16, 0, 8]},
			"faces": {
				"north": {"uv": [3, 2.0625, 3.34375, 2.1875], "texture": "#0"},
				"east": {"uv": [3.4375, 3.1875, 3.5625, 3.3125], "texture": "#0"},
				"south": {"uv": [3, 2.1875, 3.34375, 2.3125], "texture": "#0"},
				"west": {"uv": [3.25, 3.4375, 3.375, 3.5625], "texture": "#0"},
				"up": {"uv": [3.34375, 3.0625, 3, 2.9375], "texture": "#0"},
				"down": {"uv": [3.40625, 0.8125, 3.0625, 0.9375], "texture": "#0"}
			}
		},
		{
			"from": [-7, 0.5, 20.5],
			"to": [-4, 2.5, 22.5],
			"rotation": {"angle": 0, "axis": "y", "origin": [0, 0, 8]},
			"faces": {
				"north": {"uv": [1.25, 3.375, 1.4375, 3.5], "texture": "#0"},
				"east": {"uv": [3.375, 3.4375, 3.5, 3.5625], "texture": "#0"},
				"south": {"uv": [3.375, 1.375, 3.5625, 1.5], "texture": "#0"},
				"west": {"uv": [0, 3.5, 0.125, 3.625], "texture": "#0"},
				"up": {"uv": [1.625, 3.5, 1.4375, 3.375], "texture": "#0"},
				"down": {"uv": [1.8125, 3.375, 1.625, 3.5], "texture": "#0"}
			}
		},
		{
			"from": [8, -0.5, -4.5],
			"to": [16, 1.5, -2.5],
			"rotation": {"angle": 0, "axis": "y", "origin": [0, 0, 8]},
			"faces": {
				"north": {"uv": [0.75, 2.875, 1.25, 3], "texture": "#0"},
				"east": {"uv": [3.5, 0, 3.625, 0.125], "texture": "#0"},
				"south": {"uv": [1.375, 2.875, 1.875, 3], "texture": "#0"},
				"west": {"uv": [0.125, 3.5, 0.25, 3.625], "texture": "#0"},
				"up": {"uv": [2.375, 3, 1.875, 2.875], "texture": "#0"},
				"down": {"uv": [3.375, 2.3125, 2.875, 2.4375], "texture": "#0"}
			}
		},
		{
			"from": [16, -1.25, -4.5],
			"to": [19.75, 2.5, -2.5],
			"rotation": {"angle": 0, "axis": "y", "origin": [0, 0, 8]},
			"faces": {
				"north": {"uv": [2.375, 2.875, 2.625, 3.125], "texture": "#0"},
				"east": {"uv": [3, 3.3125, 3.125, 3.5625], "texture": "#0"},
				"south": {"uv": [2.875, 2.4375, 3.125, 2.6875], "texture": "#0"},
				"west": {"uv": [3.125, 3.3125, 3.25, 3.5625], "texture": "#0"},
				"up": {"uv": [3.5, 3.4375, 3.25, 3.3125], "texture": "#0"},
				"down": {"uv": [0.25, 3.375, 0, 3.5], "texture": "#0"}
			}
		},
		{
			"from": [-4, -0.75, -4.5],
			"to": [8, 2, -2.5],
			"rotation": {"angle": 0, "axis": "y", "origin": [0, 0, 8]},
			"faces": {
				"north": {"uv": [2.75, 0.3125, 3.5, 0.5], "texture": "#0"},
				"east": {"uv": [0.8125, 3.375, 0.9375, 3.5625], "texture": "#0"},
				"south": {"uv": [2.75, 0.5, 3.5, 0.6875], "texture": "#0"},
				"west": {"uv": [3.375, 2.0625, 3.5, 2.25], "texture": "#0"},
				"up": {"uv": [3.5, 1.375, 2.75, 1.25], "texture": "#0"},
				"down": {"uv": [3.5, 1.5625, 2.75, 1.6875], "texture": "#0"}
			}
		},
		{
			"from": [-7, -1.25, -4.5],
			"to": [-4, 2.5, -2.5],
			"rotation": {"angle": 0, "axis": "y", "origin": [0, 0, 8]},
			"faces": {
				"north": {"uv": [2.8125, 2.9375, 3, 3.1875], "texture": "#0"},
				"east": {"uv": [0.25, 3.375, 0.375, 3.625], "texture": "#0"},
				"south": {"uv": [0.5, 3, 0.6875, 3.25], "texture": "#0"},
				"west": {"uv": [0.375, 3.375, 0.5, 3.625], "texture": "#0"},
				"up": {"uv": [2.4375, 3.5, 2.25, 3.375], "texture": "#0"},
				"down": {"uv": [3.5625, 2.25, 3.375, 2.375], "texture": "#0"}
			}
		},
		{
			"from": [-11.75, -2, -4.5],
			"to": [-7, -0.25, -2.5],
			"rotation": {"angle": 0, "axis": "y", "origin": [0, 0, 8]},
			"faces": {
				"north": {"uv": [0.625, 3.25, 0.9375, 3.375], "texture": "#0"},
				"east": {"uv": [3.5, 0.125, 3.625, 0.25], "texture": "#0"},
				"south": {"uv": [1.25, 3.25, 1.5625, 3.375], "texture": "#0"},
				"west": {"uv": [3.5, 0.25, 3.625, 0.375], "texture": "#0"},
				"up": {"uv": [1.875, 3.375, 1.5625, 3.25], "texture": "#0"},
				"down": {"uv": [3.5625, 1.6875, 3.25, 1.8125], "texture": "#0"}
			}
		},
		{
			"from": [-12.5, 1.25, -4.5],
			"to": [-7, 3.25, -2.5],
			"rotation": {"angle": 0, "axis": "y", "origin": [0, 0, 8]},
			"faces": {
				"north": {"uv": [3.0625, 0.9375, 3.40625, 1.0625], "texture": "#0"},
				"east": {"uv": [3.5, 0.375, 3.625, 0.5], "texture": "#0"},
				"south": {"uv": [3.0625, 2.6875, 3.40625, 2.8125], "texture": "#0"},
				"west": {"uv": [3.5, 0.5, 3.625, 0.625], "texture": "#0"},
				"up": {"uv": [3.40625, 2.9375, 3.0625, 2.8125], "texture": "#0"},
				"down": {"uv": [3.34375, 3.0625, 3, 3.1875], "texture": "#0"}
			}
		},
		{
			"from": [19.75, -2, -4.5],
			"to": [24.5, -0.25, -2.5],
			"rotation": {"angle": 0, "axis": "y", "origin": [16, 0, 8]},
			"faces": {
				"north": {"uv": [3.25, 1.8125, 3.5625, 1.9375], "texture": "#0"},
				"east": {"uv": [0.625, 3.5, 0.75, 3.625], "texture": "#0"},
				"south": {"uv": [3.25, 1.9375, 3.5625, 2.0625], "texture": "#0"},
				"west": {"uv": [3.5, 0.625, 3.625, 0.75], "texture": "#0"},
				"up": {"uv": [2.625, 3.375, 2.3125, 3.25], "texture": "#0"},
				"down": {"uv": [1.25, 3.3125, 0.9375, 3.4375], "texture": "#0"}
			}
		},
		{
			"from": [19.75, 1.25, -4.5],
			"to": [25.25, 3.25, -2.5],
			"rotation": {"angle": 0, "axis": "y", "origin": [16, 0, 8]},
			"faces": {
				"north": {"uv": [3.125, 0, 3.46875, 0.125], "texture": "#0"},
				"east": {"uv": [3.5, 1.0625, 3.625, 1.1875], "texture": "#0"},
				"south": {"uv": [0.6875, 3.125, 1.03125, 3.25], "texture": "#0"},
				"west": {"uv": [1.1875, 3.5, 1.3125, 3.625], "texture": "#0"},
				"up": {"uv": [1.59375, 3.25, 1.25, 3.125], "texture": "#0"},
				"down": {"uv": [1.96875, 3.125, 1.625, 3.25], "texture": "#0"}
			}
		},
		{
			"from": [-7, 0.5, -4.5],
			"to": [-4, 2.5, -2.5],
			"rotation": {"angle": 0, "axis": "y", "origin": [0, 0, 8]},
			"faces": {
				"north": {"uv": [2.4375, 3.375, 2.625, 3.5], "texture": "#0"},
				"east": {"uv": [3.5, 1.1875, 3.625, 1.3125], "texture": "#0"},
				"south": {"uv": [3.375, 2.9375, 3.5625, 3.0625], "texture": "#0"},
				"west": {"uv": [1.3125, 3.5, 1.4375, 3.625], "texture": "#0"},
				"up": {"uv": [3.5625, 3.1875, 3.375, 3.0625], "texture": "#0"},
				"down": {"uv": [3.625, 0.8125, 3.4375, 0.9375], "texture": "#0"}
			}
		},
		{
			"from": [14, 1, 5],
			"to": [15, 3, 12],
			"rotation": {"angle": 0, "axis": "y", "origin": [0, 0, 8]},
			"faces": {
				"north": {"uv": [1.0625, 5.6875, 1.125, 5.8125], "texture": "#0"},
				"east": {"uv": [5.875, 5.75, 6.3125, 5.875], "texture": "#0"},
				"south": {"uv": [5.1875, 6.1875, 5.25, 6.3125], "texture": "#0"},
				"west": {"uv": [5.875, 5.875, 6.3125, 6], "texture": "#0"},
				"up": {"uv": [1.375, 2.9375, 1.3125, 2.5], "texture": "#0"},
				"down": {"uv": [3.8125, 4.6875, 3.75, 5.125], "texture": "#0"}
			}
		},
		{
			"from": [1, 3, 3],
			"to": [3, 17, 14],
			"rotation": {"angle": 22.5, "axis": "z", "origin": [3, 3, 8]},
			"faces": {
				"north": {"uv": [0.375, 4.1875, 0.5, 5.0625], "texture": "#0"},
				"east": {"uv": [0, 1.625, 0.6875, 2.5], "texture": "#0"},
				"south": {"uv": [2.875, 4.1875, 3, 5.0625], "texture": "#0"},
				"west": {"uv": [0.6875, 1.625, 1.375, 2.5], "texture": "#0"},
				"up": {"uv": [2.625, 5, 2.5, 4.3125], "texture": "#0"},
				"down": {"uv": [0.125, 4.5, 0, 5.1875], "texture": "#0"}
			}
		},
		{
			"from": [-2, 1.75, 0.35],
			"to": [0, 22.75, 2.1],
			"rotation": {"angle": 22.5, "axis": "z", "origin": [3, 3, 8]},
			"faces": {
				"north": {"uv": [2.625, 3.5, 2.75, 4.8125], "texture": "#0"},
				"east": {"uv": [3.5, 3.3125, 3.625, 4.625], "texture": "#0"},
				"south": {"uv": [0.5, 3.5625, 0.625, 4.875], "texture": "#0"},
				"west": {"uv": [0.8125, 3.5625, 0.9375, 4.875], "texture": "#0"},
				"up": {"uv": [1.8125, 3.625, 1.6875, 3.5], "texture": "#0"},
				"down": {"uv": [2.625, 3.5, 2.5, 3.625], "texture": "#0"}
			}
		},
		{
			"from": [-2, 1.75, 15],
			"to": [0, 22, 16.75],
			"rotation": {"angle": 22.5, "axis": "z", "origin": [3, 3, 8]},
			"faces": {
				"north": {"uv": [2.75, 3.5625, 2.875, 4.84375], "texture": "#0"},
				"east": {"uv": [3, 3.5625, 3.125, 4.84375], "texture": "#0"},
				"south": {"uv": [3.125, 3.5625, 3.25, 4.84375], "texture": "#0"},
				"west": {"uv": [3.25, 3.5625, 3.375, 4.84375], "texture": "#0"},
				"up": {"uv": [1.5625, 3.625, 1.4375, 3.5], "texture": "#0"},
				"down": {"uv": [1.6875, 3.5, 1.5625, 3.625], "texture": "#0"}
			}
		},
		{
			"from": [1, 17, 5],
			"to": [3, 18, 12],
			"rotation": {"angle": 22.5, "axis": "z", "origin": [3, 3, 8]},
			"faces": {
				"north": {"uv": [5.5625, 3.625, 5.6875, 3.6875], "texture": "#0"},
				"east": {"uv": [2, 3.125, 2.4375, 3.1875], "texture": "#0"},
				"south": {"uv": [5.5625, 4.5, 5.6875, 4.5625], "texture": "#0"},
				"west": {"uv": [4.625, 4.125, 5.0625, 4.1875], "texture": "#0"},
				"up": {"uv": [0.5, 6.375, 0.375, 5.9375], "texture": "#0"},
				"down": {"uv": [1.75, 5.9375, 1.625, 6.375], "texture": "#0"}
			}
		},
		{
			"name": "hexadecagon",
			"from": [15.76272, 8.89082, 4.91633],
			"to": [16.78654, 10.42918, 12.56986],
			"rotation": {"angle": -45, "axis": "x", "origin": [77.63331, 9.66, 8.78324]},
			"faces": {
				"north": {"uv": [7.3125, 4.375, 7.375, 4.46875], "texture": "#0"},
				"east": {"uv": [7.375, 1.25, 7.40625, 1.34375], "texture": "#0"},
				"south": {"uv": [4.4375, 7.3125, 4.5, 7.40625], "texture": "#0"},
				"west": {"uv": [1.3125, 7.375, 1.34375, 7.46875], "texture": "#0"},
				"up": {"uv": [7.4375, 4.15625, 7.375, 4.125], "texture": "#0"},
				"down": {"uv": [7.4375, 4.1875, 7.375, 4.21875], "texture": "#0"}
			}
		},
		{
			"name": "hexadecagon",
			"from": [15.76272, 8.89082, 4.99662],
			"to": [16.78654, 10.42918, 12.65015],
			"rotation": {"angle": -22.5, "axis": "x", "origin": [77.63331, 9.66, 8.78324]},
			"faces": {
				"north": {"uv": [5.1875, 7.3125, 5.25, 7.40625], "texture": "#0"},
				"east": {"uv": [7.375, 2.25, 7.40625, 2.34375], "texture": "#0"},
				"south": {"uv": [7.3125, 5.25, 7.375, 5.34375], "texture": "#0"},
				"west": {"uv": [7.375, 2.625, 7.40625, 2.71875], "texture": "#0"},
				"up": {"uv": [7.4375, 4.90625, 7.375, 4.875], "texture": "#0"},
				"down": {"uv": [7.4375, 4.9375, 7.375, 4.96875], "texture": "#0"}
			}
		},
		{
			"name": "hexadecagon",
			"from": [15.76272, 8.89082, 4.99662],
			"to": [16.78654, 10.42918, 12.65015],
			"rotation": {"angle": 0, "axis": "y", "origin": [77.63331, 9.66, 8.78324]},
			"faces": {
				"north": {"uv": [7.3125, 5.375, 7.375, 5.46875], "texture": "#0"},
				"east": {"uv": [7.375, 2.75, 7.40625, 2.84375], "texture": "#0"},
				"south": {"uv": [7.3125, 5.625, 7.375, 5.71875], "texture": "#0"},
				"west": {"uv": [7.375, 3, 7.40625, 3.09375], "texture": "#0"},
				"up": {"uv": [7.4375, 5.03125, 7.375, 5], "texture": "#0"},
				"down": {"uv": [7.4375, 5.0625, 7.375, 5.09375], "texture": "#0"}
			}
		},
		{
			"name": "hexadecagon",
			"from": [15.76272, 8.89082, 4.99662],
			"to": [16.78654, 10.42918, 12.65015],
			"rotation": {"angle": 22.5, "axis": "x", "origin": [77.63331, 9.66, 8.78324]},
			"faces": {
				"north": {"uv": [7.3125, 5.75, 7.375, 5.84375], "texture": "#0"},
				"east": {"uv": [7.375, 3.125, 7.40625, 3.21875], "texture": "#0"},
				"south": {"uv": [0, 7.375, 0.0625, 7.46875], "texture": "#0"},
				"west": {"uv": [7.375, 3.25, 7.40625, 3.34375], "texture": "#0"},
				"up": {"uv": [7.4375, 5.15625, 7.375, 5.125], "texture": "#0"},
				"down": {"uv": [7.4375, 5.1875, 7.375, 5.21875], "texture": "#0"}
			}
		},
		{
			"name": "hexadecagon",
			"from": [15.76272, 8.89082, 4.99662],
			"to": [16.78654, 10.42918, 12.65015],
			"rotation": {"angle": 45, "axis": "x", "origin": [77.63331, 9.66, 8.78324]},
			"faces": {
				"north": {"uv": [0.0625, 7.375, 0.125, 7.46875], "texture": "#0"},
				"east": {"uv": [3.375, 7.375, 3.40625, 7.46875], "texture": "#0"},
				"south": {"uv": [7.375, 0.375, 7.4375, 0.46875], "texture": "#0"},
				"west": {"uv": [3.4375, 7.375, 3.46875, 7.46875], "texture": "#0"},
				"up": {"uv": [7.4375, 5.28125, 7.375, 5.25], "texture": "#0"},
				"down": {"uv": [7.4375, 5.3125, 7.375, 5.34375], "texture": "#0"}
			}
		},
		{
			"name": "hexadecagon",
			"from": [15.76272, 5.79309, 8.01406],
			"to": [16.78654, 13.44662, 9.55242],
			"rotation": {"angle": -22.5, "axis": "x", "origin": [77.63331, 9.66, 8.78324]},
			"faces": {
				"north": {"uv": [7.375, 5.375, 7.4375, 5.40625], "texture": "#0"},
				"east": {"uv": [6.3125, 0, 6.40625, 0.03125], "texture": "#0"},
				"south": {"uv": [7.375, 5.4375, 7.4375, 5.46875], "texture": "#0"},
				"west": {"uv": [6.5, 0.5, 6.59375, 0.53125], "texture": "#0"},
				"up": {"uv": [0.6875, 7.46875, 0.625, 7.375], "texture": "#0"},
				"down": {"uv": [7.4375, 0.625, 7.375, 0.71875], "texture": "#0"}
			}
		},
		{
			"name": "hexadecagon",
			"from": [15.76272, 5.79309, 8.01406],
			"to": [16.78654, 13.44662, 9.55242],
			"rotation": {"angle": 0, "axis": "y", "origin": [77.63331, 9.66, 8.78324]},
			"faces": {
				"north": {"uv": [7.375, 5.5, 7.4375, 5.53125], "texture": "#0"},
				"east": {"uv": [6.5, 2.375, 6.59375, 2.40625], "texture": "#0"},
				"south": {"uv": [7.375, 5.5625, 7.4375, 5.59375], "texture": "#0"},
				"west": {"uv": [6.5, 2.8125, 6.59375, 2.84375], "texture": "#0"},
				"up": {"uv": [0.75, 7.46875, 0.6875, 7.375], "texture": "#0"},
				"down": {"uv": [0.8125, 7.375, 0.75, 7.46875], "texture": "#0"}
			}
		},
		{
			"name": "hexadecagon",
			"from": [15.76272, 5.79309, 8.01406],
			"to": [16.78654, 13.44662, 9.55242],
			"rotation": {"angle": 22.5, "axis": "x", "origin": [77.63331, 9.66, 8.78324]},
			"faces": {
				"north": {"uv": [7.375, 5.625, 7.4375, 5.65625], "texture": "#0"},
				"east": {"uv": [6.5, 3.1875, 6.59375, 3.21875], "texture": "#0"},
				"south": {"uv": [7.375, 5.6875, 7.4375, 5.71875], "texture": "#0"},
				"west": {"uv": [6.625, 0.5, 6.71875, 0.53125], "texture": "#0"},
				"up": {"uv": [7.4375, 0.84375, 7.375, 0.75], "texture": "#0"},
				"down": {"uv": [0.875, 7.375, 0.8125, 7.46875], "texture": "#0"}
			}
		},
		{
			"from": [14, 6.75, 2.625],
			"to": [16, 15.5, 14.625],
			"rotation": {"angle": -22.5, "axis": "z", "origin": [0, 0, 0]},
			"faces": {
				"north": {"uv": [0.25, 2.5, 0.375, 3.0625], "texture": "#0"},
				"east": {"uv": [1.375, 2.3125, 2.125, 2.875], "texture": "#0"},
				"south": {"uv": [0.375, 2.5, 0.5, 3.0625], "texture": "#0"},
				"west": {"uv": [2.125, 2.3125, 2.875, 2.875], "texture": "#0"},
				"up": {"uv": [0.125, 3.25, 0, 2.5], "texture": "#0"},
				"down": {"uv": [0.25, 2.5, 0.125, 3.25], "texture": "#0"}
			}
		},
		{
			"from": [-0.25, 1.5, 1.125],
			"to": [0.25, 18.5, 15.875],
			"rotation": {"angle": 22.5, "axis": "z", "origin": [0, 0, 0]},
			"faces": {
				"north": {"uv": [0.75, 3.5, 0.78125, 4.5625], "texture": "#0"},
				"east": {"uv": [3.5625, 1.3125, 4.5, 2.375], "texture": "#0"},
				"south": {"uv": [2.25, 3.5, 2.28125, 4.5625], "texture": "#0"},
				"west": {"uv": [1.1875, 4.3125, 2.125, 5.375], "texture": "#0"},
				"up": {"uv": [1.84375, 4.3125, 1.8125, 3.375], "texture": "#0"},
				"down": {"uv": [2.34375, 3.5, 2.3125, 4.4375], "texture": "#0"}
			}
		},
		{
			"from": [-0.25, 18.5, 12.125],
			"to": [0.25, 19.5, 15.875],
			"rotation": {"angle": 22.5, "axis": "z", "origin": [0, 0, 0]},
			"faces": {
				"north": {"uv": [0.8125, 2.6875, 0.84375, 2.75], "texture": "#0"},
				"east": {"uv": [0.25, 3.1875, 0.5, 3.25], "texture": "#0"},
				"south": {"uv": [2.6875, 0.8125, 2.71875, 0.875], "texture": "#0"},
				"west": {"uv": [3.4375, 2.75, 3.6875, 2.8125], "texture": "#0"},
				"up": {"uv": [2.40625, 3.75, 2.375, 3.5], "texture": "#0"},
				"down": {"uv": [2.46875, 3.5, 2.4375, 3.75], "texture": "#0"}
			}
		},
		{
			"from": [-0.25, 18.5, 1.125],
			"to": [0.25, 19.5, 4.875],
			"rotation": {"angle": 22.5, "axis": "z", "origin": [0, 0, 0]},
			"faces": {
				"north": {"uv": [2.625, 1.5625, 2.65625, 1.625], "texture": "#0"},
				"east": {"uv": [2.8125, 1.0625, 3.0625, 1.125], "texture": "#0"},
				"south": {"uv": [0.75, 2.6875, 0.78125, 2.75], "texture": "#0"},
				"west": {"uv": [3.0625, 1.0625, 3.3125, 1.125], "texture": "#0"},
				"up": {"uv": [1.90625, 3.75, 1.875, 3.5], "texture": "#0"},
				"down": {"uv": [1.96875, 3.5, 1.9375, 3.75], "texture": "#0"}
			}
		},
		{
			"from": [14, 15.5, 4.625],
			"to": [16, 16.75, 12.625],
			"rotation": {"angle": -22.5, "axis": "z", "origin": [0, 0, 0]},
			"faces": {
				"north": {"uv": [2.625, 0.125, 2.75, 0.21875], "texture": "#0"},
				"east": {"uv": [0.75, 2.5, 1.25, 2.59375], "texture": "#0"},
				"south": {"uv": [2.625, 0.25, 2.75, 0.34375], "texture": "#0"},
				"west": {"uv": [2.625, 0, 3.125, 0.09375], "texture": "#0"},
				"up": {"uv": [0.625, 3, 0.5, 2.5], "texture": "#0"},
				"down": {"uv": [0.75, 2.5, 0.625, 3], "texture": "#0"}
			}
		},
		{
			"from": [14, 15.5, 3.625],
			"to": [16, 16.25, 4.625],
			"rotation": {"angle": -22.5, "axis": "z", "origin": [0, 0, 0]},
			"faces": {
				"north": {"uv": [2.625, 0.625, 2.75, 0.6875], "texture": "#0"},
				"east": {"uv": [2.625, 0.8125, 2.6875, 0.875], "texture": "#0"},
				"south": {"uv": [2.625, 0.6875, 2.75, 0.75], "texture": "#0"},
				"west": {"uv": [0.875, 2.625, 0.9375, 2.6875], "texture": "#0"},
				"up": {"uv": [0.875, 2.6875, 0.75, 2.625], "texture": "#0"},
				"down": {"uv": [2.75, 0.75, 2.625, 0.8125], "texture": "#0"}
			}
		},
		{
			"from": [14, 15.5, 12.625],
			"to": [16, 16.25, 13.625],
			"rotation": {"angle": -22.5, "axis": "z", "origin": [0, 0, 0]},
			"faces": {
				"north": {"uv": [2.625, 0.375, 2.75, 0.4375], "texture": "#0"},
				"east": {"uv": [1.25, 2.5, 1.3125, 2.5625], "texture": "#0"},
				"south": {"uv": [2.625, 0.4375, 2.75, 0.5], "texture": "#0"},
				"west": {"uv": [1.25, 2.5625, 1.3125, 2.625], "texture": "#0"},
				"up": {"uv": [2.75, 0.5625, 2.625, 0.5], "texture": "#0"},
				"down": {"uv": [2.75, 0.5625, 2.625, 0.625], "texture": "#0"}
			}
		},
		{
			"from": [11.25, 14.25, 7.875],
			"to": [14, 16, 9.875],
			"rotation": {"angle": -22.5, "axis": "z", "origin": [0, 0, 0]},
			"faces": {
				"north": {"uv": [2.625, 0.875, 2.8125, 1], "texture": "#0"},
				"east": {"uv": [2.625, 1.125, 2.75, 1.25], "texture": "#0"},
				"south": {"uv": [0.9375, 2.625, 1.125, 2.75], "texture": "#0"},
				"west": {"uv": [2.625, 1.25, 2.75, 1.375], "texture": "#0"},
				"up": {"uv": [2.8125, 1.125, 2.625, 1], "texture": "#0"},
				"down": {"uv": [1.3125, 2.625, 1.125, 2.75], "texture": "#0"}
			}
		}
	],
	"display": {
		"thirdperson_righthand": {
			"rotation": [0, 114, 0],
			"translation": [0.75, 1.5, 0],
			"scale": [0.16, 0.16, 0.16]
		},
		"thirdperson_lefthand": {
			"rotation": [0, 114, 0],
			"translation": [0.75, 1.5, 0],
			"scale": [0.16, 0.16, 0.16]
		},
		"firstperson_righthand": {
			"scale": [0.2, 0.2, 0.2]
		},
		"firstperson_lefthand": {
			"scale": [0.2, 0.2, 0.2]
		},
		"ground": {
			"rotation": [91, -90, 0],
			"translation": [0.25, 12.75, 10],
			"scale": [1.04, 1.04, 1.04]
		},
		"gui": {
			"rotation": [23, -70, 0],
			"translation": [0.85, 1, 0],
			"scale": [0.38, 0.38, 0.38]
		},
		"fixed": {
			"rotation": [-90, 0, 0],
			"translation": [0, 0, -23.25],
			"scale": [2.05, 2.05, 2.05]
		}
	},
	"groups": [
		0,
		{
			"name": "AXISFRONT",
			"origin": [8, 8, 8],
			"color": 0,
			"children": [1, 2]
		},
		{
			"name": "WHEELFRONT2",
			"origin": [8, 8, 8],
			"color": 0,
			"children": [3, 4, 5, 6, 7, 8, 9, 10, 11, 12, 13, 14, 15, 16, 17, 18, 19, 20, 21, 22, 23, 24, 25, 26, 27, 28, 29, 30, 31, 32, 33, 34]
		},
		{
			"name": "SEAT + PEDAL",
			"origin": [3, 3, 8],
			"color": 0,
			"children": [35, 36, 37, 38, 39, 40, 41, 42, 43, 44, 45, 46, 47, 48, 49, 50, 51, 52, 53, 54, 55, 56, 57, 58]
		},
		{
			"name": "LENKRAD",
			"origin": [8, 8, 8],
			"color": 0,
			"children": [59, 60, 61, 62, 63, 64, 65, 66, 67, 68, 69, 70, 71, 72, 73, 74]
		}
	]
}