{
	"credit": "Made with Blockbench",
	"texture_size": [128, 128],
	"elements": [
		{
			"name": "hexadecagon",
			"from": [2.00202, -4.15737, -0.06666],
			"to": [3.68909, -2.76478, 2.2915],
			"rotation": {"angle": -45, "axis": "z", "origin": [3.19216, 0.42998, -0.75987]},
			"faces": {
				"north": {"uv": [0, 14.5, 0.1875, 14.6875], "texture": "#missing"},
				"east": {"uv": [12.5, 3.25, 13.1875, 3.4375], "texture": "#missing"},
				"south": {"uv": [14.5, 0.75, 14.6875, 0.9375], "texture": "#missing"},
				"west": {"uv": [12.5, 6.625, 13.1875, 6.8125], "texture": "#missing"},
				"up": {"uv": [11.6875, 13.0625, 11.5, 12.375], "texture": "#missing"},
				"down": {"uv": [2.3125, 12.5, 2.125, 13.1875], "texture": "#missing"}
			}
		},
		{
			"name": "hexadecagon",
			"from": [1.89576, -3.99834, -0.06666],
			"to": [3.58283, -2.60575, 2.2915],
			"rotation": {"angle": -22.5, "axis": "z", "origin": [3.19216, 0.42998, -0.75987]},
			"faces": {
				"north": {"uv": [1.25, 14.5, 1.4375, 14.6875], "texture": "#missing"},
				"east": {"uv": [12.5, 7.25, 13.1875, 7.4375], "texture": "#missing"},
				"south": {"uv": [14.5, 1.25, 14.6875, 1.4375], "texture": "#missing"},
				"west": {"uv": [12.5, 7.5, 13.1875, 7.6875], "texture": "#missing"},
				"up": {"uv": [7.6875, 13.1875, 7.5, 12.5], "texture": "#missing"},
				"down": {"uv": [7.9375, 12.5, 7.75, 13.1875], "texture": "#missing"}
			}
		},
		{
			"name": "hexadecagon",
			"from": [1.85845, -3.81076, -0.06666],
			"to": [3.54552, -2.41817, 2.2915],
			"rotation": {"angle": 0, "axis": "z", "origin": [3.19216, 0.42998, -0.75987]},
			"faces": {
				"north": {"uv": [14.5, 1.5, 14.6875, 1.6875], "texture": "#missing"},
				"east": {"uv": [12.5, 8.125, 13.1875, 8.3125], "texture": "#missing"},
				"south": {"uv": [1.625, 14.5, 1.8125, 14.6875], "texture": "#missing"},
				"west": {"uv": [8.875, 12.5, 9.5625, 12.6875], "texture": "#missing"},
				"up": {"uv": [12.6875, 12.6875, 12.5, 12], "texture": "#missing"},
				"down": {"uv": [6.1875, 12.625, 6, 13.3125], "texture": "#missing"}
			}
		},
		{
			"name": "hexadecagon",
			"from": [1.89576, -3.62318, -0.06666],
			"to": [3.58283, -2.23059, 2.2915],
			"rotation": {"angle": 22.5, "axis": "z", "origin": [3.19216, 0.42998, -0.75987]},
			"faces": {
				"north": {"uv": [1.875, 14.5, 2.0625, 14.6875], "texture": "#missing"},
				"east": {"uv": [12.625, 2.125, 13.3125, 2.3125], "texture": "#missing"},
				"south": {"uv": [14.5, 2.125, 14.6875, 2.3125], "texture": "#missing"},
				"west": {"uv": [12.625, 5.125, 13.3125, 5.3125], "texture": "#missing"},
				"up": {"uv": [6.4375, 13.3125, 6.25, 12.625], "texture": "#missing"},
				"down": {"uv": [8.1875, 12.625, 8, 13.3125], "texture": "#missing"}
			}
		},
		{
			"name": "hexadecagon",
			"from": [2.00202, -3.46415, -0.06666],
			"to": [3.68909, -2.07156, 2.2915],
			"rotation": {"angle": 45, "axis": "z", "origin": [3.19216, 0.42998, -0.75987]},
			"faces": {
				"north": {"uv": [2.375, 14.5, 2.5625, 14.6875], "texture": "#missing"},
				"east": {"uv": [12.625, 6.875, 13.3125, 7.0625], "texture": "#missing"},
				"south": {"uv": [14.5, 2.5, 14.6875, 2.6875], "texture": "#missing"},
				"west": {"uv": [12.625, 9, 13.3125, 9.1875], "texture": "#missing"},
				"up": {"uv": [8.4375, 13.3125, 8.25, 12.625], "texture": "#missing"},
				"down": {"uv": [8.6875, 12.625, 8.5, 13.3125], "texture": "#missing"}
			}
		},
		{
			"name": "hexadecagon",
			"from": [2.00202, 2.93152, -0.06666],
			"to": [3.68909, 4.32411, 2.2915],
			"rotation": {"angle": -45, "axis": "z", "origin": [3.19216, 0.42998, -0.75987]},
			"faces": {
				"north": {"uv": [2.625, 14.5, 2.8125, 14.6875], "texture": "#missing"},
				"east": {"uv": [9.75, 12.625, 10.4375, 12.8125], "texture": "#missing"},
				"south": {"uv": [14.5, 2.75, 14.6875, 2.9375], "texture": "#missing"},
				"west": {"uv": [12.625, 11.5, 13.3125, 11.6875], "texture": "#missing"},
				"up": {"uv": [12.4375, 13.3125, 12.25, 12.625], "texture": "#missing"},
				"down": {"uv": [0.1875, 12.75, 0, 13.4375], "texture": "#missing"}
			}
		},
		{
			"name": "hexadecagon",
			"from": [1.89576, 3.09054, -0.06666],
			"to": [3.58283, 4.48313, 2.2915],
			"rotation": {"angle": -22.5, "axis": "z", "origin": [3.19216, 0.42998, -0.75987]},
			"faces": {
				"north": {"uv": [2.875, 14.5, 3.0625, 14.6875], "texture": "#missing"},
				"east": {"uv": [12.625, 11.75, 13.3125, 11.9375], "texture": "#missing"},
				"south": {"uv": [3.25, 14.5, 3.4375, 14.6875], "texture": "#missing"},
				"west": {"uv": [0.25, 12.75, 0.9375, 12.9375], "texture": "#missing"},
				"up": {"uv": [1.4375, 13.4375, 1.25, 12.75], "texture": "#missing"},
				"down": {"uv": [3.0625, 12.75, 2.875, 13.4375], "texture": "#missing"}
			}
		},
		{
			"name": "hexadecagon",
			"from": [1.85845, 3.27813, -0.06666],
			"to": [3.54552, 4.67071, 2.2915],
			"rotation": {"angle": 0, "axis": "z", "origin": [3.19216, 0.42998, -0.75987]},
			"faces": {
				"north": {"uv": [14.5, 3.25, 14.6875, 3.4375], "texture": "#missing"},
				"east": {"uv": [8.875, 12.75, 9.5625, 12.9375], "texture": "#missing"},
				"south": {"uv": [14.5, 4.5, 14.6875, 4.6875], "texture": "#missing"},
				"west": {"uv": [12.75, 9.5, 13.4375, 9.6875], "texture": "#missing"},
				"up": {"uv": [3.4375, 13.4375, 3.25, 12.75], "texture": "#missing"},
				"down": {"uv": [6.9375, 12.75, 6.75, 13.4375], "texture": "#missing"}
			}
		},
		{
			"name": "hexadecagon",
			"from": [1.89576, 3.46571, -0.06666],
			"to": [3.58283, 4.8583, 2.2915],
			"rotation": {"angle": 22.5, "axis": "z", "origin": [3.19216, 0.42998, -0.75987]},
			"faces": {
				"north": {"uv": [14.5, 5.375, 14.6875, 5.5625], "texture": "#missing"},
				"east": {"uv": [12.75, 9.75, 13.4375, 9.9375], "texture": "#missing"},
				"south": {"uv": [14.5, 6, 14.6875, 6.1875], "texture": "#missing"},
				"west": {"uv": [12.75, 12, 13.4375, 12.1875], "texture": "#missing"},
				"up": {"uv": [7.1875, 13.4375, 7, 12.75], "texture": "#missing"},
				"down": {"uv": [12.9375, 12.25, 12.75, 12.9375], "texture": "#missing"}
			}
		},
		{
			"name": "hexadecagon",
			"from": [2.00202, 3.62473, -0.06666],
			"to": [3.68909, 5.01732, 2.2915],
			"rotation": {"angle": 45, "axis": "z", "origin": [3.19216, 0.42998, -0.75987]},
			"faces": {
				"north": {"uv": [14.5, 6.25, 14.6875, 6.4375], "texture": "#missing"},
				"east": {"uv": [12.875, 0, 13.5625, 0.1875], "texture": "#missing"},
				"south": {"uv": [14.5, 6.625, 14.6875, 6.8125], "texture": "#missing"},
				"west": {"uv": [12.875, 0.25, 13.5625, 0.4375], "texture": "#missing"},
				"up": {"uv": [12.6875, 13.4375, 12.5, 12.75], "texture": "#missing"},
				"down": {"uv": [9.9375, 12.875, 9.75, 13.5625], "texture": "#missing"}
			}
		},
		{
			"name": "hexadecagon",
			"from": [-1.50144, -0.60114, -0.06666],
			"to": [-0.10885, 1.08593, 2.2915],
			"rotation": {"angle": -22.5, "axis": "z", "origin": [3.19216, 0.42998, -0.75987]},
			"faces": {
				"north": {"uv": [6.75, 14.5, 6.9375, 14.6875], "texture": "#missing"},
				"east": {"uv": [12.875, 0.5, 13.5625, 0.6875], "texture": "#missing"},
				"south": {"uv": [7, 14.5, 7.1875, 14.6875], "texture": "#missing"},
				"west": {"uv": [12.875, 1.125, 13.5625, 1.3125], "texture": "#missing"},
				"up": {"uv": [10.1875, 13.5625, 10, 12.875], "texture": "#missing"},
				"down": {"uv": [10.4375, 12.875, 10.25, 13.5625], "texture": "#missing"}
			}
		},
		{
			"name": "hexadecagon",
			"from": [-1.53875, -0.41356, -0.06666],
			"to": [-0.14616, 1.27351, 2.2915],
			"rotation": {"angle": 0, "axis": "z", "origin": [3.19216, 0.42998, -0.75987]},
			"faces": {
				"north": {"uv": [14.5, 7.25, 14.6875, 7.4375], "texture": "#missing"},
				"east": {"uv": [12.875, 10.25, 13.5625, 10.4375], "texture": "#missing"},
				"south": {"uv": [7.5, 14.5, 7.6875, 14.6875], "texture": "#missing"},
				"west": {"uv": [12.875, 10.5, 13.5625, 10.6875], "texture": "#missing"},
				"up": {"uv": [0.4375, 13.6875, 0.25, 13], "texture": "#missing"},
				"down": {"uv": [0.6875, 13, 0.5, 13.6875], "texture": "#missing"}
			}
		},
		{
			"name": "hexadecagon",
			"from": [-1.50144, -0.22597, -0.06666],
			"to": [-0.10885, 1.4611, 2.2915],
			"rotation": {"angle": 22.5, "axis": "z", "origin": [3.19216, 0.42998, -0.75987]},
			"faces": {
				"north": {"uv": [14.5, 7.5, 14.6875, 7.6875], "texture": "#missing"},
				"east": {"uv": [12.875, 10.75, 13.5625, 10.9375], "texture": "#missing"},
				"south": {"uv": [7.75, 14.5, 7.9375, 14.6875], "texture": "#missing"},
				"west": {"uv": [13, 0.75, 13.6875, 0.9375], "texture": "#missing"},
				"up": {"uv": [0.9375, 13.6875, 0.75, 13], "texture": "#missing"},
				"down": {"uv": [1.8125, 13, 1.625, 13.6875], "texture": "#missing"}
			}
		},
		{
			"name": "hexadecagon",
			"from": [5.58744, -0.60114, -0.06666],
			"to": [6.98003, 1.08593, 2.2915],
			"rotation": {"angle": -22.5, "axis": "z", "origin": [3.19216, 0.42998, -0.75987]},
			"faces": {
				"north": {"uv": [14.5, 7.875, 14.6875, 8.0625], "texture": "#missing"},
				"east": {"uv": [13, 1.375, 13.6875, 1.5625], "texture": "#missing"},
				"south": {"uv": [14.5, 8.125, 14.6875, 8.3125], "texture": "#missing"},
				"west": {"uv": [13, 1.625, 13.6875, 1.8125], "texture": "#missing"},
				"up": {"uv": [2.0625, 13.6875, 1.875, 13], "texture": "#missing"},
				"down": {"uv": [2.5625, 13, 2.375, 13.6875], "texture": "#missing"}
			}
		},
		{
			"name": "hexadecagon",
			"from": [5.55013, -0.41356, -0.06666],
			"to": [6.94272, 1.27351, 2.2915],
			"rotation": {"angle": 0, "axis": "z", "origin": [3.19216, 0.42998, -0.75987]},
			"faces": {
				"north": {"uv": [14.5, 8.5, 14.6875, 8.6875], "texture": "#missing"},
				"east": {"uv": [13, 4.5, 13.6875, 4.6875], "texture": "#missing"},
				"south": {"uv": [14.5, 9.5, 14.6875, 9.6875], "texture": "#missing"},
				"west": {"uv": [13, 5.375, 13.6875, 5.5625], "texture": "#missing"},
				"up": {"uv": [2.8125, 13.6875, 2.625, 13], "texture": "#missing"},
				"down": {"uv": [6.6875, 13, 6.5, 13.6875], "texture": "#missing"}
			}
		},
		{
			"name": "hexadecagon",
			"from": [5.58744, -0.22597, -0.06666],
			"to": [6.98003, 1.4611, 2.2915],
			"rotation": {"angle": 22.5, "axis": "z", "origin": [3.19216, 0.42998, -0.75987]},
			"faces": {
				"north": {"uv": [14.5, 9.75, 14.6875, 9.9375], "texture": "#missing"},
				"east": {"uv": [13, 6.125, 13.6875, 6.3125], "texture": "#missing"},
				"south": {"uv": [14.5, 11, 14.6875, 11.1875], "texture": "#missing"},
				"west": {"uv": [13, 7.875, 13.6875, 8.0625], "texture": "#missing"},
				"up": {"uv": [9.0625, 13.6875, 8.875, 13], "texture": "#missing"},
				"down": {"uv": [9.3125, 13, 9.125, 13.6875], "texture": "#missing"}
			}
		},
		{
			"name": "hexadecagon",
			"from": [-0.27139, -2.54541, 0.99642],
			"to": [5.67348, 3.34129, 0.99642],
			"rotation": {"angle": 0, "axis": "y", "origin": [2.83972, 0.36044, -2.18589]},
			"faces": {
				"north": {"uv": [14.75, 12.75, 15.5625, 13.5625], "texture": "#missing"},
				"east": {"uv": [14.75, 14.625, 14.875, 15.4375], "texture": "#missing"},
				"south": {"uv": [12.75, 14.75, 13.5625, 15.5625], "texture": "#missing"},
				"west": {"uv": [14.625, 14.75, 14.75, 15.5625], "texture": "#missing"},
				"up": {"uv": [15.6875, 0.125, 14.875, 0], "rotation": 180, "texture": "#missing"},
				"down": {"uv": [15.6875, 0.125, 14.875, 0.25], "rotation": 180, "texture": "#missing"}
			}
		},
		{
			"name": "hexadecagon",
			"from": [2.00202, -4.15737, 15.93334],
			"to": [3.68909, -2.76478, 18.2915],
			"rotation": {"angle": -45, "axis": "z", "origin": [3.19216, 0.42998, 15.24013]},
			"faces": {
				"north": {"uv": [0, 14.5, 0.1875, 14.6875], "texture": "#missing"},
				"east": {"uv": [12.5, 3.25, 13.1875, 3.4375], "texture": "#missing"},
				"south": {"uv": [14.5, 0.75, 14.6875, 0.9375], "texture": "#missing"},
				"west": {"uv": [12.5, 6.625, 13.1875, 6.8125], "texture": "#missing"},
				"up": {"uv": [11.6875, 13.0625, 11.5, 12.375], "texture": "#missing"},
				"down": {"uv": [2.3125, 12.5, 2.125, 13.1875], "texture": "#missing"}
			}
		},
		{
			"name": "hexadecagon",
			"from": [1.89576, -3.99834, 15.93334],
			"to": [3.58283, -2.60575, 18.2915],
			"rotation": {"angle": -22.5, "axis": "z", "origin": [3.19216, 0.42998, 15.24013]},
			"faces": {
				"north": {"uv": [1.25, 14.5, 1.4375, 14.6875], "texture": "#missing"},
				"east": {"uv": [12.5, 7.25, 13.1875, 7.4375], "texture": "#missing"},
				"south": {"uv": [14.5, 1.25, 14.6875, 1.4375], "texture": "#missing"},
				"west": {"uv": [12.5, 7.5, 13.1875, 7.6875], "texture": "#missing"},
				"up": {"uv": [7.6875, 13.1875, 7.5, 12.5], "texture": "#missing"},
				"down": {"uv": [7.9375, 12.5, 7.75, 13.1875], "texture": "#missing"}
			}
		},
		{
			"name": "hexadecagon",
			"from": [1.85845, -3.81076, 15.93334],
			"to": [3.54552, -2.41817, 18.2915],
			"rotation": {"angle": 0, "axis": "z", "origin": [3.19216, 0.42998, 15.24013]},
			"faces": {
				"north": {"uv": [14.5, 1.5, 14.6875, 1.6875], "texture": "#missing"},
				"east": {"uv": [12.5, 8.125, 13.1875, 8.3125], "texture": "#missing"},
				"south": {"uv": [1.625, 14.5, 1.8125, 14.6875], "texture": "#missing"},
				"west": {"uv": [8.875, 12.5, 9.5625, 12.6875], "texture": "#missing"},
				"up": {"uv": [12.6875, 12.6875, 12.5, 12], "texture": "#missing"},
				"down": {"uv": [6.1875, 12.625, 6, 13.3125], "texture": "#missing"}
			}
		},
		{
			"name": "hexadecagon",
			"from": [1.89576, -3.62318, 15.93334],
			"to": [3.58283, -2.23059, 18.2915],
			"rotation": {"angle": 22.5, "axis": "z", "origin": [3.19216, 0.42998, 15.24013]},
			"faces": {
				"north": {"uv": [1.875, 14.5, 2.0625, 14.6875], "texture": "#missing"},
				"east": {"uv": [12.625, 2.125, 13.3125, 2.3125], "texture": "#missing"},
				"south": {"uv": [14.5, 2.125, 14.6875, 2.3125], "texture": "#missing"},
				"west": {"uv": [12.625, 5.125, 13.3125, 5.3125], "texture": "#missing"},
				"up": {"uv": [6.4375, 13.3125, 6.25, 12.625], "texture": "#missing"},
				"down": {"uv": [8.1875, 12.625, 8, 13.3125], "texture": "#missing"}
			}
		},
		{
			"name": "hexadecagon",
			"from": [2.00202, -3.46415, 15.93334],
			"to": [3.68909, -2.07156, 18.2915],
			"rotation": {"angle": 45, "axis": "z", "origin": [3.19216, 0.42998, 15.24013]},
			"faces": {
				"north": {"uv": [2.375, 14.5, 2.5625, 14.6875], "texture": "#missing"},
				"east": {"uv": [12.625, 6.875, 13.3125, 7.0625], "texture": "#missing"},
				"south": {"uv": [14.5, 2.5, 14.6875, 2.6875], "texture": "#missing"},
				"west": {"uv": [12.625, 9, 13.3125, 9.1875], "texture": "#missing"},
				"up": {"uv": [8.4375, 13.3125, 8.25, 12.625], "texture": "#missing"},
				"down": {"uv": [8.6875, 12.625, 8.5, 13.3125], "texture": "#missing"}
			}
		},
		{
			"name": "hexadecagon",
			"from": [2.00202, 2.93152, 15.93334],
			"to": [3.68909, 4.32411, 18.2915],
			"rotation": {"angle": -45, "axis": "z", "origin": [3.19216, 0.42998, 15.24013]},
			"faces": {
				"north": {"uv": [2.625, 14.5, 2.8125, 14.6875], "texture": "#missing"},
				"east": {"uv": [9.75, 12.625, 10.4375, 12.8125], "texture": "#missing"},
				"south": {"uv": [14.5, 2.75, 14.6875, 2.9375], "texture": "#missing"},
				"west": {"uv": [12.625, 11.5, 13.3125, 11.6875], "texture": "#missing"},
				"up": {"uv": [12.4375, 13.3125, 12.25, 12.625], "texture": "#missing"},
				"down": {"uv": [0.1875, 12.75, 0, 13.4375], "texture": "#missing"}
			}
		},
		{
			"name": "hexadecagon",
			"from": [1.89576, 3.09054, 15.93334],
			"to": [3.58283, 4.48313, 18.2915],
			"rotation": {"angle": -22.5, "axis": "z", "origin": [3.19216, 0.42998, 15.24013]},
			"faces": {
				"north": {"uv": [2.875, 14.5, 3.0625, 14.6875], "texture": "#missing"},
				"east": {"uv": [12.625, 11.75, 13.3125, 11.9375], "texture": "#missing"},
				"south": {"uv": [3.25, 14.5, 3.4375, 14.6875], "texture": "#missing"},
				"west": {"uv": [0.25, 12.75, 0.9375, 12.9375], "texture": "#missing"},
				"up": {"uv": [1.4375, 13.4375, 1.25, 12.75], "texture": "#missing"},
				"down": {"uv": [3.0625, 12.75, 2.875, 13.4375], "texture": "#missing"}
			}
		},
		{
			"name": "hexadecagon",
			"from": [1.85845, 3.27813, 15.93334],
			"to": [3.54552, 4.67071, 18.2915],
			"rotation": {"angle": 0, "axis": "z", "origin": [3.19216, 0.42998, 15.24013]},
			"faces": {
				"north": {"uv": [14.5, 3.25, 14.6875, 3.4375], "texture": "#missing"},
				"east": {"uv": [8.875, 12.75, 9.5625, 12.9375], "texture": "#missing"},
				"south": {"uv": [14.5, 4.5, 14.6875, 4.6875], "texture": "#missing"},
				"west": {"uv": [12.75, 9.5, 13.4375, 9.6875], "texture": "#missing"},
				"up": {"uv": [3.4375, 13.4375, 3.25, 12.75], "texture": "#missing"},
				"down": {"uv": [6.9375, 12.75, 6.75, 13.4375], "texture": "#missing"}
			}
		},
		{
			"name": "hexadecagon",
			"from": [1.89576, 3.46571, 15.93334],
			"to": [3.58283, 4.8583, 18.2915],
			"rotation": {"angle": 22.5, "axis": "z", "origin": [3.19216, 0.42998, 15.24013]},
			"faces": {
				"north": {"uv": [14.5, 5.375, 14.6875, 5.5625], "texture": "#missing"},
				"east": {"uv": [12.75, 9.75, 13.4375, 9.9375], "texture": "#missing"},
				"south": {"uv": [14.5, 6, 14.6875, 6.1875], "texture": "#missing"},
				"west": {"uv": [12.75, 12, 13.4375, 12.1875], "texture": "#missing"},
				"up": {"uv": [7.1875, 13.4375, 7, 12.75], "texture": "#missing"},
				"down": {"uv": [12.9375, 12.25, 12.75, 12.9375], "texture": "#missing"}
			}
		},
		{
			"name": "hexadecagon",
			"from": [2.00202, 3.62473, 15.93334],
			"to": [3.68909, 5.01732, 18.2915],
			"rotation": {"angle": 45, "axis": "z", "origin": [3.19216, 0.42998, 15.24013]},
			"faces": {
				"north": {"uv": [14.5, 6.25, 14.6875, 6.4375], "texture": "#missing"},
				"east": {"uv": [12.875, 0, 13.5625, 0.1875], "texture": "#missing"},
				"south": {"uv": [14.5, 6.625, 14.6875, 6.8125], "texture": "#missing"},
				"west": {"uv": [12.875, 0.25, 13.5625, 0.4375], "texture": "#missing"},
				"up": {"uv": [12.6875, 13.4375, 12.5, 12.75], "texture": "#missing"},
				"down": {"uv": [9.9375, 12.875, 9.75, 13.5625], "texture": "#missing"}
			}
		},
		{
			"name": "hexadecagon",
			"from": [-1.50144, -0.60114, 15.93334],
			"to": [-0.10885, 1.08593, 18.2915],
			"rotation": {"angle": -22.5, "axis": "z", "origin": [3.19216, 0.42998, 15.24013]},
			"faces": {
				"north": {"uv": [6.75, 14.5, 6.9375, 14.6875], "texture": "#missing"},
				"east": {"uv": [12.875, 0.5, 13.5625, 0.6875], "texture": "#missing"},
				"south": {"uv": [7, 14.5, 7.1875, 14.6875], "texture": "#missing"},
				"west": {"uv": [12.875, 1.125, 13.5625, 1.3125], "texture": "#missing"},
				"up": {"uv": [10.1875, 13.5625, 10, 12.875], "texture": "#missing"},
				"down": {"uv": [10.4375, 12.875, 10.25, 13.5625], "texture": "#missing"}
			}
		},
		{
			"name": "hexadecagon",
			"from": [-1.53875, -0.41356, 15.93334],
			"to": [-0.14616, 1.27351, 18.2915],
			"rotation": {"angle": 0, "axis": "z", "origin": [3.19216, 0.42998, 15.24013]},
			"faces": {
				"north": {"uv": [14.5, 7.25, 14.6875, 7.4375], "texture": "#missing"},
				"east": {"uv": [12.875, 10.25, 13.5625, 10.4375], "texture": "#missing"},
				"south": {"uv": [7.5, 14.5, 7.6875, 14.6875], "texture": "#missing"},
				"west": {"uv": [12.875, 10.5, 13.5625, 10.6875], "texture": "#missing"},
				"up": {"uv": [0.4375, 13.6875, 0.25, 13], "texture": "#missing"},
				"down": {"uv": [0.6875, 13, 0.5, 13.6875], "texture": "#missing"}
			}
		},
		{
			"name": "hexadecagon",
			"from": [-1.50144, -0.22597, 15.93334],
			"to": [-0.10885, 1.4611, 18.2915],
			"rotation": {"angle": 22.5, "axis": "z", "origin": [3.19216, 0.42998, 15.24013]},
			"faces": {
				"north": {"uv": [14.5, 7.5, 14.6875, 7.6875], "texture": "#missing"},
				"east": {"uv": [12.875, 10.75, 13.5625, 10.9375], "texture": "#missing"},
				"south": {"uv": [7.75, 14.5, 7.9375, 14.6875], "texture": "#missing"},
				"west": {"uv": [13, 0.75, 13.6875, 0.9375], "texture": "#missing"},
				"up": {"uv": [0.9375, 13.6875, 0.75, 13], "texture": "#missing"},
				"down": {"uv": [1.8125, 13, 1.625, 13.6875], "texture": "#missing"}
			}
		},
		{
			"name": "hexadecagon",
			"from": [5.58744, -0.60114, 15.93334],
			"to": [6.98003, 1.08593, 18.2915],
			"rotation": {"angle": -22.5, "axis": "z", "origin": [3.19216, 0.42998, 15.24013]},
			"faces": {
				"north": {"uv": [14.5, 7.875, 14.6875, 8.0625], "texture": "#missing"},
				"east": {"uv": [13, 1.375, 13.6875, 1.5625], "texture": "#missing"},
				"south": {"uv": [14.5, 8.125, 14.6875, 8.3125], "texture": "#missing"},
				"west": {"uv": [13, 1.625, 13.6875, 1.8125], "texture": "#missing"},
				"up": {"uv": [2.0625, 13.6875, 1.875, 13], "texture": "#missing"},
				"down": {"uv": [2.5625, 13, 2.375, 13.6875], "texture": "#missing"}
			}
		},
		{
			"name": "hexadecagon",
			"from": [5.55013, -0.41356, 15.93334],
			"to": [6.94272, 1.27351, 18.2915],
			"rotation": {"angle": 0, "axis": "z", "origin": [3.19216, 0.42998, 15.24013]},
			"faces": {
				"north": {"uv": [14.5, 8.5, 14.6875, 8.6875], "texture": "#missing"},
				"east": {"uv": [13, 4.5, 13.6875, 4.6875], "texture": "#missing"},
				"south": {"uv": [14.5, 9.5, 14.6875, 9.6875], "texture": "#missing"},
				"west": {"uv": [13, 5.375, 13.6875, 5.5625], "texture": "#missing"},
				"up": {"uv": [2.8125, 13.6875, 2.625, 13], "texture": "#missing"},
				"down": {"uv": [6.6875, 13, 6.5, 13.6875], "texture": "#missing"}
			}
		},
		{
			"name": "hexadecagon",
			"from": [5.58744, -0.22597, 15.93334],
			"to": [6.98003, 1.4611, 18.2915],
			"rotation": {"angle": 22.5, "axis": "z", "origin": [3.19216, 0.42998, 15.24013]},
			"faces": {
				"north": {"uv": [14.5, 9.75, 14.6875, 9.9375], "texture": "#missing"},
				"east": {"uv": [13, 6.125, 13.6875, 6.3125], "texture": "#missing"},
				"south": {"uv": [14.5, 11, 14.6875, 11.1875], "texture": "#missing"},
				"west": {"uv": [13, 7.875, 13.6875, 8.0625], "texture": "#missing"},
				"up": {"uv": [9.0625, 13.6875, 8.875, 13], "texture": "#missing"},
				"down": {"uv": [9.3125, 13, 9.125, 13.6875], "texture": "#missing"}
			}
		},
		{
			"name": "hexadecagon",
			"from": [-0.27139, -2.54541, 16.99642],
			"to": [5.67348, 3.34129, 16.99642],
			"rotation": {"angle": 0, "axis": "y", "origin": [2.83972, 0.36044, 13.81411]},
			"faces": {
				"north": {"uv": [14.75, 12.75, 15.5625, 13.5625], "texture": "#missing"},
				"east": {"uv": [14.75, 14.625, 14.875, 15.4375], "texture": "#missing"},
				"south": {"uv": [12.75, 14.75, 13.5625, 15.5625], "texture": "#missing"},
				"west": {"uv": [14.625, 14.75, 14.75, 15.5625], "texture": "#missing"},
				"up": {"uv": [15.6875, 0.125, 14.875, 0], "rotation": 180, "texture": "#missing"},
				"down": {"uv": [15.6875, 0.125, 14.875, 0.25], "rotation": 180, "texture": "#missing"}
			}
		},
		{
			"name": "hexadecagon",
			"from": [26.31103, -0.06, 4.8],
			"to": [27.18897, 0.85, 12.05],
			"rotation": {"angle": 0, "axis": "z", "origin": [26.75, 0.25, 11]},
			"faces": {
				"north": {"uv": [14, 6.375, 14.0625, 6.5], "texture": "#missing"},
				"east": {"uv": [8.5, 3.75, 11.625, 3.875], "texture": "#missing"},
				"south": {"uv": [14, 8.875, 14.0625, 9], "texture": "#missing"},
				"west": {"uv": [8.5, 3.875, 11.625, 4], "texture": "#missing"},
				"up": {"uv": [11.0625, 15, 11, 11.875], "texture": "#missing"},
				"down": {"uv": [11.1875, 11.875, 11.125, 15], "texture": "#missing"}
			}
		},
		{
			"name": "hexadecagon",
			"from": [2.31103, -0.06, -2.2],
			"to": [3.18897, 0.85, 19.55],
			"rotation": {"angle": 0, "axis": "z", "origin": [2.75, 0.25, 13]},
			"faces": {
				"north": {"uv": [7, 14.75, 7.0625, 14.875], "texture": "#missing"},
				"east": {"uv": [9.25, 0.125, 11.9375, 0.25], "texture": "#missing"},
				"south": {"uv": [7.125, 14.75, 7.1875, 14.875], "texture": "#missing"},
				"west": {"uv": [9.25, 0.25, 11.9375, 0.375], "texture": "#missing"},
				"up": {"uv": [5.3125, 14.9375, 5.25, 12.25], "texture": "#missing"},
				"down": {"uv": [5.4375, 12.25, 5.375, 14.9375], "texture": "#missing"}
			}
		},
		{
			"name": "hexadecagon",
			"from": [25.95583, -4.97368, 7.13179],
			"to": [27.91754, -3.02881, 9.94361],
			"rotation": {"angle": -45, "axis": "z", "origin": [27.33972, 0.36044, 9.81411]},
			"faces": {
				"north": {"uv": [14.25, 9.5, 14.5, 9.75], "texture": "#missing"},
				"east": {"uv": [11.125, 10, 12, 10.25], "texture": "#missing"},
				"south": {"uv": [14.25, 9.75, 14.5, 10], "texture": "#missing"},
				"west": {"uv": [11.25, 1.875, 12.125, 2.125], "texture": "#missing"},
				"up": {"uv": [4.125, 12.125, 3.875, 11.25], "texture": "#missing"},
				"down": {"uv": [4.375, 11.25, 4.125, 12.125], "texture": "#missing"}
			}
		},
		{
			"name": "hexadecagon",
			"from": [25.83228, -4.78877, 7.13179],
			"to": [27.79399, -2.8439, 9.94361],
			"rotation": {"angle": -22.5, "axis": "z", "origin": [27.33972, 0.36044, 9.81411]},
			"faces": {
				"north": {"uv": [14.25, 11, 14.5, 11.25], "texture": "#missing"},
				"east": {"uv": [11.25, 5.75, 12.125, 6], "texture": "#missing"},
				"south": {"uv": [11.5, 14.25, 11.75, 14.5], "texture": "#missing"},
				"west": {"uv": [8, 11.25, 8.875, 11.5], "texture": "#missing"},
				"up": {"uv": [11.5, 11.875, 11.25, 11], "texture": "#missing"},
				"down": {"uv": [5.5, 11.375, 5.25, 12.25], "texture": "#missing"}
			}
		},
		{
			"name": "hexadecagon",
			"from": [25.78889, -4.57065, 7.13179],
			"to": [27.7506, -2.62578, 9.94361],
			"rotation": {"angle": 0, "axis": "y", "origin": [27.33972, 0.36044, 9.81411]},
			"faces": {
				"north": {"uv": [14.25, 11.875, 14.5, 12.125], "texture": "#missing"},
				"east": {"uv": [11.375, 1.125, 12.25, 1.375], "texture": "#missing"},
				"south": {"uv": [14.25, 12.125, 14.5, 12.375], "texture": "#missing"},
				"west": {"uv": [8.875, 11.375, 9.75, 11.625], "texture": "#missing"},
				"up": {"uv": [5.75, 12.25, 5.5, 11.375], "texture": "#missing"},
				"down": {"uv": [6, 11.375, 5.75, 12.25], "texture": "#missing"}
			}
		},
		{
			"name": "hexadecagon",
			"from": [25.83228, -4.35253, 7.13179],
			"to": [27.79399, -2.40766, 9.94361],
			"rotation": {"angle": 22.5, "axis": "z", "origin": [27.33972, 0.36044, 9.81411]},
			"faces": {
				"north": {"uv": [14.25, 12.375, 14.5, 12.625], "texture": "#missing"},
				"east": {"uv": [11.375, 10.25, 12.25, 10.5], "texture": "#missing"},
				"south": {"uv": [12.5, 14.25, 12.75, 14.5], "texture": "#missing"},
				"west": {"uv": [11.375, 10.5, 12.25, 10.75], "texture": "#missing"},
				"up": {"uv": [1.875, 12.375, 1.625, 11.5], "texture": "#missing"},
				"down": {"uv": [2.125, 11.5, 1.875, 12.375], "texture": "#missing"}
			}
		},
		{
			"name": "hexadecagon",
			"from": [25.95583, -4.16762, 7.13179],
			"to": [27.91754, -2.22275, 9.94361],
			"rotation": {"angle": 45, "axis": "z", "origin": [27.33972, 0.36044, 9.81411]},
			"faces": {
				"north": {"uv": [14.25, 12.625, 14.5, 12.875], "texture": "#missing"},
				"east": {"uv": [11.375, 10.75, 12.25, 11], "texture": "#missing"},
				"south": {"uv": [12.75, 14.25, 13, 14.5], "texture": "#missing"},
				"west": {"uv": [11.5, 0.875, 12.375, 1.125], "texture": "#missing"},
				"up": {"uv": [2.625, 12.375, 2.375, 11.5], "texture": "#missing"},
				"down": {"uv": [2.875, 11.5, 2.625, 12.375], "texture": "#missing"}
			}
		},
		{
			"name": "hexadecagon",
			"from": [25.95583, 2.94362, 7.13179],
			"to": [27.91754, 4.8885, 9.94361],
			"rotation": {"angle": -45, "axis": "z", "origin": [27.33972, 0.36044, 9.81411]},
			"faces": {
				"north": {"uv": [14.25, 12.875, 14.5, 13.125], "texture": "#missing"},
				"east": {"uv": [11.5, 1.375, 12.375, 1.625], "texture": "#missing"},
				"south": {"uv": [14.25, 13.125, 14.5, 13.375], "texture": "#missing"},
				"west": {"uv": [11.5, 1.625, 12.375, 1.875], "texture": "#missing"},
				"up": {"uv": [6.75, 12.375, 6.5, 11.5], "texture": "#missing"},
				"down": {"uv": [7, 11.5, 6.75, 12.375], "texture": "#missing"}
			}
		},
		{
			"name": "hexadecagon",
			"from": [25.83228, 3.12854, 7.13179],
			"to": [27.79399, 5.07341, 9.94361],
			"rotation": {"angle": -22.5, "axis": "z", "origin": [27.33972, 0.36044, 9.81411]},
			"faces": {
				"north": {"uv": [14.25, 13.375, 14.5, 13.625], "texture": "#missing"},
				"east": {"uv": [11.5, 7.875, 12.375, 8.125], "texture": "#missing"},
				"south": {"uv": [14.25, 13.625, 14.5, 13.875], "texture": "#missing"},
				"west": {"uv": [8, 11.5, 8.875, 11.75], "texture": "#missing"},
				"up": {"uv": [7.25, 12.375, 7, 11.5], "texture": "#missing"},
				"down": {"uv": [10, 11.5, 9.75, 12.375], "texture": "#missing"}
			}
		},
		{
			"name": "hexadecagon",
			"from": [25.78889, 3.34666, 7.13179],
			"to": [27.7506, 5.29153, 9.94361],
			"rotation": {"angle": 0, "axis": "y", "origin": [27.33972, 0.36044, 9.81411]},
			"faces": {
				"north": {"uv": [14.25, 13.875, 14.5, 14.125], "texture": "#missing"},
				"east": {"uv": [11.5, 8.5, 12.375, 8.75], "texture": "#missing"},
				"south": {"uv": [14.25, 14.125, 14.5, 14.375], "texture": "#missing"},
				"west": {"uv": [11.5, 8.75, 12.375, 9], "texture": "#missing"},
				"up": {"uv": [10.25, 12.375, 10, 11.5], "texture": "#missing"},
				"down": {"uv": [10.5, 11.5, 10.25, 12.375], "texture": "#missing"}
			}
		},
		{
			"name": "hexadecagon",
			"from": [25.83228, 3.56478, 7.13179],
			"to": [27.79399, 5.50965, 9.94361],
			"rotation": {"angle": 22.5, "axis": "z", "origin": [27.33972, 0.36044, 9.81411]},
			"faces": {
				"north": {"uv": [14.375, 0, 14.625, 0.25], "texture": "#missing"},
				"east": {"uv": [11.5, 11, 12.375, 11.25], "texture": "#missing"},
				"south": {"uv": [0.25, 14.375, 0.5, 14.625], "texture": "#missing"},
				"west": {"uv": [11.5, 11.25, 12.375, 11.5], "texture": "#missing"},
				"up": {"uv": [11.75, 12.375, 11.5, 11.5], "texture": "#missing"},
				"down": {"uv": [0.25, 11.625, 0, 12.5], "texture": "#missing"}
			}
		},
		{
			"name": "hexadecagon",
			"from": [25.95583, 3.74969, 7.13179],
			"to": [27.91754, 5.69456, 9.94361],
			"rotation": {"angle": 45, "axis": "z", "origin": [27.33972, 0.36044, 9.81411]},
			"faces": {
				"north": {"uv": [14.375, 0.25, 14.625, 0.5], "texture": "#missing"},
				"east": {"uv": [11.625, 2.5, 12.5, 2.75], "texture": "#missing"},
				"south": {"uv": [0.5, 14.375, 0.75, 14.625], "texture": "#missing"},
				"west": {"uv": [11.625, 2.75, 12.5, 3], "texture": "#missing"},
				"up": {"uv": [0.5, 12.5, 0.25, 11.625], "texture": "#missing"},
				"down": {"uv": [0.75, 11.625, 0.5, 12.5], "texture": "#missing"}
			}
		},
		{
			"name": "hexadecagon",
			"from": [21.88205, -0.83853, 7.13179],
			"to": [23.82692, 1.12317, 9.94361],
			"rotation": {"angle": -22.5, "axis": "z", "origin": [27.33972, 0.36044, 9.81411]},
			"faces": {
				"north": {"uv": [14.375, 0.5, 14.625, 0.75], "texture": "#missing"},
				"east": {"uv": [11.625, 3, 12.5, 3.25], "texture": "#missing"},
				"south": {"uv": [0.75, 14.375, 1, 14.625], "texture": "#missing"},
				"west": {"uv": [11.625, 3.25, 12.5, 3.5], "texture": "#missing"},
				"up": {"uv": [2.375, 12.5, 2.125, 11.625], "texture": "#missing"},
				"down": {"uv": [11.875, 3.5, 11.625, 4.375], "texture": "#missing"}
			}
		},
		{
			"name": "hexadecagon",
			"from": [21.83866, -0.62041, 7.13179],
			"to": [23.78353, 1.34129, 9.94361],
			"rotation": {"angle": 0, "axis": "y", "origin": [27.33972, 0.36044, 9.81411]},
			"faces": {
				"north": {"uv": [14.375, 1, 14.625, 1.25], "texture": "#missing"},
				"east": {"uv": [4.375, 11.625, 5.25, 11.875], "texture": "#missing"},
				"south": {"uv": [2.125, 14.375, 2.375, 14.625], "texture": "#missing"},
				"west": {"uv": [11.625, 5.375, 12.5, 5.625], "texture": "#missing"},
				"up": {"uv": [7.75, 12.5, 7.5, 11.625], "texture": "#missing"},
				"down": {"uv": [8, 11.625, 7.75, 12.5], "texture": "#missing"}
			}
		},
		{
			"name": "hexadecagon",
			"from": [21.88205, -0.4023, 7.13179],
			"to": [23.82692, 1.55941, 9.94361],
			"rotation": {"angle": 22.5, "axis": "z", "origin": [27.33972, 0.36044, 9.81411]},
			"faces": {
				"north": {"uv": [14.375, 3, 14.625, 3.25], "texture": "#missing"},
				"east": {"uv": [11.625, 6.625, 12.5, 6.875], "texture": "#missing"},
				"south": {"uv": [14.375, 5.125, 14.625, 5.375], "texture": "#missing"},
				"west": {"uv": [11.625, 7.25, 12.5, 7.5], "texture": "#missing"},
				"up": {"uv": [9.125, 12.5, 8.875, 11.625], "texture": "#missing"},
				"down": {"uv": [9.375, 11.625, 9.125, 12.5], "texture": "#missing"}
			}
		},
		{
			"name": "hexadecagon",
			"from": [29.79935, -0.83853, 7.13179],
			"to": [31.74422, 1.12317, 9.94361],
			"rotation": {"angle": -22.5, "axis": "z", "origin": [27.33972, 0.36044, 9.81411]},
			"faces": {
				"north": {"uv": [6, 14.375, 6.25, 14.625], "texture": "#missing"},
				"east": {"uv": [11.625, 7.5, 12.5, 7.75], "texture": "#missing"},
				"south": {"uv": [6.25, 14.375, 6.5, 14.625], "texture": "#missing"},
				"west": {"uv": [11.625, 8.125, 12.5, 8.375], "texture": "#missing"},
				"up": {"uv": [9.625, 12.5, 9.375, 11.625], "texture": "#missing"},
				"down": {"uv": [6.25, 11.75, 6, 12.625], "texture": "#missing"}
			}
		},
		{
			"name": "hexadecagon",
			"from": [29.75597, -0.62041, 7.13179],
			"to": [31.70084, 1.34129, 9.94361],
			"rotation": {"angle": 0, "axis": "y", "origin": [27.33972, 0.36044, 9.81411]},
			"faces": {
				"north": {"uv": [6.5, 14.375, 6.75, 14.625], "texture": "#missing"},
				"east": {"uv": [11.75, 2.125, 12.625, 2.375], "texture": "#missing"},
				"south": {"uv": [14.375, 6.875, 14.625, 7.125], "texture": "#missing"},
				"west": {"uv": [11.75, 5.125, 12.625, 5.375], "texture": "#missing"},
				"up": {"uv": [6.5, 12.625, 6.25, 11.75], "texture": "#missing"},
				"down": {"uv": [8.25, 11.75, 8, 12.625], "texture": "#missing"}
			}
		},
		{
			"name": "hexadecagon",
			"from": [29.79935, -0.4023, 7.13179],
			"to": [31.74422, 1.55941, 9.94361],
			"rotation": {"angle": 22.5, "axis": "z", "origin": [27.33972, 0.36044, 9.81411]},
			"faces": {
				"north": {"uv": [8, 14.375, 8.25, 14.625], "texture": "#missing"},
				"east": {"uv": [11.75, 6.875, 12.625, 7.125], "texture": "#missing"},
				"south": {"uv": [8.25, 14.375, 8.5, 14.625], "texture": "#missing"},
				"west": {"uv": [11.75, 9, 12.625, 9.25], "texture": "#missing"},
				"up": {"uv": [8.5, 12.625, 8.25, 11.75], "texture": "#missing"},
				"down": {"uv": [8.75, 11.75, 8.5, 12.625], "texture": "#missing"}
			}
		},
		{
			"name": "hexadecagon",
			"from": [23.50597, -2.87041, 8.88179],
			"to": [29.95084, 3.59129, 8.88179],
			"rotation": {"angle": 0, "axis": "y", "origin": [27.33972, 0.36044, -10.18589]},
			"faces": {
				"north": {"uv": [12.75, 14.75, 13.5625, 15.5625], "texture": "#missing"},
				"east": {"uv": [14.625, 14.75, 14.75, 15.5625], "texture": "#missing"},
				"south": {"uv": [14.75, 12.75, 15.5625, 13.5625], "texture": "#missing"},
				"west": {"uv": [14.75, 14.625, 14.875, 15.4375], "texture": "#missing"},
				"up": {"uv": [15.6875, 0.125, 14.875, 0], "texture": "#missing"},
				"down": {"uv": [15.6875, 0.125, 14.875, 0.25], "texture": "#missing"}
			}
		}
	],
	"display": {
		"thirdperson_righthand": {
			"rotation": [0, 114, 0],
			"translation": [0.75, 1.5, 0],
			"scale": [0.16, 0.16, 0.16]
		},
		"thirdperson_lefthand": {
			"rotation": [0, 114, 0],
			"translation": [0.75, 1.5, 0],
			"scale": [0.16, 0.16, 0.16]
		},
		"firstperson_righthand": {
			"scale": [0.2, 0.2, 0.2]
		},
		"firstperson_lefthand": {
			"scale": [0.2, 0.2, 0.2]
		},
		"ground": {
			"rotation": [91, -90, 0],
			"translation": [0.25, 8.75, 10],
			"scale": [1.04, 1.04, 1.04]
		},
		"gui": {
			"rotation": [23, -70, 0],
			"translation": [0.85, 1, 0],
			"scale": [0.38, 0.38, 0.38]
		},
		"fixed": {
			"rotation": [-90, 0, 0],
			"translation": [0, 0, -23.25],
			"scale": [2.05, 2.05, 2.05]
		}
	},
	"groups": [
		{
			"name": "WHEELFRONT1",
			"origin": [8, 8, 8],
			"color": 0,
			"nbt": "{}",
			"children": [0, 1, 2, 3, 4, 5, 6, 7, 8, 9, 10, 11, 12, 13, 14, 15, 16, 17, 18, 19, 20, 21, 22, 23, 24, 25, 26, 27, 28, 29, 30, 31, 32, 33]
		},
		{
			"name": "WHEELBACK1",
			"origin": [8, 8, 8],
			"color": 0,
			"nbt": "{}",
			"children": []
		},
		{
			"name": "AXISBACK",
			"origin": [8, 8, 8],
			"color": 0,
			"nbt": "{}",
			"children": [34]
		},
		{
			"name": "AXISFRONT",
			"origin": [8, 8, 8],
			"color": 0,
			"nbt": "{}",
			"children": [35]
		},
		{
			"name": "WHEELBACK2",
			"origin": [8, 8, 8],
			"color": 0,
			"nbt": "{}",
			"children": [36, 37, 38, 39, 40, 41, 42, 43, 44, 45, 46, 47, 48, 49, 50, 51, 52]
		},
		{
			"name": "WHEELFRONT2",
			"origin": [8, 8, 8],
			"color": 0,
			"nbt": "{}",
			"children": []
		},
		{
			"name": "SIDE + BACK",
			"origin": [17, 2, 15],
			"color": 0,
			"nbt": "{}",
			"children": []
		},
		{
			"name": "STOßSTANGE",
			"origin": [32, 0, 30],
			"color": 0,
			"nbt": "{}",
			"children": []
		},
		{
			"name": "SEAT + PEDAL",
			"origin": [3, 3, 8],
			"color": 0,
			"nbt": "{}",
			"children": []
		},
		{
			"name": "FRONT PANEL",
			"origin": [8, 8, 8],
			"color": 0,
			"nbt": "{}",
			"children": []
		},
		{
			"name": "POOF",
			"origin": [3, 3, 8],
			"color": 0,
			"nbt": "{}",
			"children": []
		},
		{
			"name": "LENKRAD",
			"origin": [8, 8, 8],
			"color": 0,
			"nbt": "{}",
			"children": []
		}
	]
}