{
	"credit": "Made with Blockbench",
	"texture_size": [64, 64],
	"textures": {
		"0": "item/skateboard",
		"particle": "item/skateboard"
	},
	"elements": [
		{
			"name": "hexadecagon",
			"from": [12.56375, -4.18199, 4.73551],
			"to": [13.03188, -3.71787, 5.52373],
			"rotation": {"angle": -45, "axis": "z", "origin": [12.89399, -2.90909, 4.95695]},
			"faces": {
				"north": {"uv": [8.25, 3.5, 8.375, 3.625], "texture": "#0"},
				"east": {"uv": [7, 6.5, 7.25, 6.625], "texture": "#0"},
				"south": {"uv": [3.75, 8.25, 3.875, 8.375], "texture": "#0"},
				"west": {"uv": [6.75, 7, 7, 7.125], "texture": "#0"},
				"up": {"uv": [7.125, 7, 7, 6.75], "texture": "#0"},
				"down": {"uv": [7.125, 7, 7, 7.25], "texture": "#0"}
			}
		},
		{
			"name": "hexadecagon",
			"from": [12.53426, -4.13786, 4.73551],
			"to": [13.00239, -3.67375, 5.52373],
			"rotation": {"angle": -22.5, "axis": "z", "origin": [12.89399, -2.90909, 4.95695]},
			"faces": {
				"north": {"uv": [8.25, 3.75, 8.375, 3.875], "texture": "#0"},
				"east": {"uv": [0, 7.25, 0.25, 7.375], "texture": "#0"},
				"south": {"uv": [4, 8.25, 4.125, 8.375], "texture": "#0"},
				"west": {"uv": [7.25, 0, 7.5, 0.125], "texture": "#0"},
				"up": {"uv": [0.375, 7.5, 0.25, 7.25], "texture": "#0"},
				"down": {"uv": [7.375, 0.25, 7.25, 0.5], "texture": "#0"}
			}
		},
		{
			"name": "hexadecagon",
			"from": [12.52391, -4.08581, 4.73551],
			"to": [12.99204, -3.6217, 5.52373],
			"rotation": {"angle": 0, "axis": "y", "origin": [12.89399, -2.90909, 4.95695]},
			"faces": {
				"north": {"uv": [8.25, 4, 8.375, 4.125], "texture": "#0"},
				"east": {"uv": [0.5, 7.25, 0.75, 7.375], "texture": "#0"},
				"south": {"uv": [4.25, 8.25, 4.375, 8.375], "texture": "#0"},
				"west": {"uv": [7.25, 0.5, 7.5, 0.625], "texture": "#0"},
				"up": {"uv": [0.875, 7.5, 0.75, 7.25], "texture": "#0"},
				"down": {"uv": [7.375, 0.75, 7.25, 1], "texture": "#0"}
			}
		},
		{
			"name": "hexadecagon",
			"from": [12.53426, -4.03376, 4.73551],
			"to": [13.00239, -3.56965, 5.52373],
			"rotation": {"angle": 22.5, "axis": "z", "origin": [12.89399, -2.90909, 4.95695]},
			"faces": {
				"north": {"uv": [8.25, 4.25, 8.375, 4.375], "texture": "#0"},
				"east": {"uv": [1, 7.25, 1.25, 7.375], "texture": "#0"},
				"south": {"uv": [4.5, 8.25, 4.625, 8.375], "texture": "#0"},
				"west": {"uv": [7.25, 1, 7.5, 1.125], "texture": "#0"},
				"up": {"uv": [1.375, 7.5, 1.25, 7.25], "texture": "#0"},
				"down": {"uv": [7.375, 1.25, 7.25, 1.5], "texture": "#0"}
			}
		},
		{
			"name": "hexadecagon",
			"from": [12.56375, -3.98963, 4.73551],
			"to": [13.03188, -3.52552, 5.52373],
			"rotation": {"angle": 45, "axis": "z", "origin": [12.89399, -2.90909, 4.95695]},
			"faces": {
				"north": {"uv": [8.25, 4.5, 8.375, 4.625], "texture": "#0"},
				"east": {"uv": [1.5, 7.25, 1.75, 7.375], "texture": "#0"},
				"south": {"uv": [4.75, 8.25, 4.875, 8.375], "texture": "#0"},
				"west": {"uv": [7.25, 1.5, 7.5, 1.625], "texture": "#0"},
				"up": {"uv": [1.875, 7.5, 1.75, 7.25], "texture": "#0"},
				"down": {"uv": [7.375, 1.75, 7.25, 2], "texture": "#0"}
			}
		},
		{
			"name": "hexadecagon",
			"from": [12.56375, -2.29266, 4.73551],
			"to": [13.03188, -1.82855, 5.52373],
			"rotation": {"angle": -45, "axis": "z", "origin": [12.89399, -2.90909, 4.95695]},
			"faces": {
				"north": {"uv": [8.25, 4.75, 8.375, 4.875], "texture": "#0"},
				"east": {"uv": [2, 7.25, 2.25, 7.375], "texture": "#0"},
				"south": {"uv": [5, 8.25, 5.125, 8.375], "texture": "#0"},
				"west": {"uv": [7.25, 2, 7.5, 2.125], "texture": "#0"},
				"up": {"uv": [7.375, 2.5, 7.25, 2.25], "texture": "#0"},
				"down": {"uv": [7.375, 2.5, 7.25, 2.75], "texture": "#0"}
			}
		},
		{
			"name": "hexadecagon",
			"from": [12.53426, -2.24853, 4.73551],
			"to": [13.00239, -1.78442, 5.52373],
			"rotation": {"angle": -22.5, "axis": "z", "origin": [12.89399, -2.90909, 4.95695]},
			"faces": {
				"north": {"uv": [8.25, 5, 8.375, 5.125], "texture": "#0"},
				"east": {"uv": [7.25, 2.75, 7.5, 2.875], "texture": "#0"},
				"south": {"uv": [5.25, 8.25, 5.375, 8.375], "texture": "#0"},
				"west": {"uv": [7.25, 3, 7.5, 3.125], "texture": "#0"},
				"up": {"uv": [3.375, 7.5, 3.25, 7.25], "texture": "#0"},
				"down": {"uv": [7.375, 3.25, 7.25, 3.5], "texture": "#0"}
			}
		},
		{
			"name": "hexadecagon",
			"from": [12.52391, -2.19648, 4.73551],
			"to": [12.99204, -1.73237, 5.52373],
			"rotation": {"angle": 0, "axis": "y", "origin": [12.89399, -2.90909, 4.95695]},
			"faces": {
				"north": {"uv": [8.25, 5.25, 8.375, 5.375], "texture": "#0"},
				"east": {"uv": [3.5, 7.25, 3.75, 7.375], "texture": "#0"},
				"south": {"uv": [5.5, 8.25, 5.625, 8.375], "texture": "#0"},
				"west": {"uv": [3.75, 7.25, 4, 7.375], "texture": "#0"},
				"up": {"uv": [4.625, 7.5, 4.5, 7.25], "texture": "#0"},
				"down": {"uv": [5.625, 7.25, 5.5, 7.5], "texture": "#0"}
			}
		},
		{
			"name": "hexadecagon",
			"from": [12.53426, -2.14443, 4.73551],
			"to": [13.00239, -1.68032, 5.52373],
			"rotation": {"angle": 22.5, "axis": "z", "origin": [12.89399, -2.90909, 4.95695]},
			"faces": {
				"north": {"uv": [8.25, 5.5, 8.375, 5.625], "texture": "#0"},
				"east": {"uv": [5.75, 7.25, 6, 7.375], "texture": "#0"},
				"south": {"uv": [5.75, 8.25, 5.875, 8.375], "texture": "#0"},
				"west": {"uv": [7.25, 5.75, 7.5, 5.875], "texture": "#0"},
				"up": {"uv": [7.375, 6.25, 7.25, 6], "texture": "#0"},
				"down": {"uv": [6.375, 7.25, 6.25, 7.5], "texture": "#0"}
			}
		},
		{
			"name": "hexadecagon",
			"from": [12.56375, -2.1003, 4.73551],
			"to": [13.03188, -1.63619, 5.52373],
			"rotation": {"angle": 45, "axis": "z", "origin": [12.89399, -2.90909, 4.95695]},
			"faces": {
				"north": {"uv": [8.25, 5.75, 8.375, 5.875], "texture": "#0"},
				"east": {"uv": [6.5, 7.25, 6.75, 7.375], "texture": "#0"},
				"south": {"uv": [6, 8.25, 6.125, 8.375], "texture": "#0"},
				"west": {"uv": [7.25, 6.5, 7.5, 6.625], "texture": "#0"},
				"up": {"uv": [6.875, 7.5, 6.75, 7.25], "texture": "#0"},
				"down": {"uv": [7.375, 6.75, 7.25, 7], "texture": "#0"}
			}
		},
		{
			"name": "hexadecagon",
			"from": [11.59161, -3.1952, 4.73551],
			"to": [12.05572, -2.72708, 5.52373],
			"rotation": {"angle": -22.5, "axis": "z", "origin": [12.89399, -2.90909, 4.95695]},
			"faces": {
				"north": {"uv": [8.25, 6, 8.375, 6.125], "texture": "#0"},
				"east": {"uv": [7, 7.25, 7.25, 7.375], "texture": "#0"},
				"south": {"uv": [6.25, 8.25, 6.375, 8.375], "texture": "#0"},
				"west": {"uv": [7.25, 7, 7.5, 7.125], "texture": "#0"},
				"up": {"uv": [7.375, 7.5, 7.25, 7.25], "texture": "#0"},
				"down": {"uv": [0.125, 7.5, 0, 7.75], "texture": "#0"}
			}
		},
		{
			"name": "hexadecagon",
			"from": [11.58126, -3.14315, 4.73551],
			"to": [12.04536, -2.67503, 5.52373],
			"rotation": {"angle": 0, "axis": "y", "origin": [12.89399, -2.90909, 4.95695]},
			"faces": {
				"north": {"uv": [8.25, 6.25, 8.375, 6.375], "texture": "#0"},
				"east": {"uv": [7.5, 0, 7.75, 0.125], "texture": "#0"},
				"south": {"uv": [6.5, 8.25, 6.625, 8.375], "texture": "#0"},
				"west": {"uv": [0.25, 7.5, 0.5, 7.625], "texture": "#0"},
				"up": {"uv": [7.625, 0.5, 7.5, 0.25], "texture": "#0"},
				"down": {"uv": [0.625, 7.5, 0.5, 7.75], "texture": "#0"}
			}
		},
		{
			"name": "hexadecagon",
			"from": [11.59161, -3.09111, 4.73551],
			"to": [12.05572, -2.62298, 5.52373],
			"rotation": {"angle": 22.5, "axis": "z", "origin": [12.89399, -2.90909, 4.95695]},
			"faces": {
				"north": {"uv": [8.25, 6.5, 8.375, 6.625], "texture": "#0"},
				"east": {"uv": [7.5, 0.5, 7.75, 0.625], "texture": "#0"},
				"south": {"uv": [6.75, 8.25, 6.875, 8.375], "texture": "#0"},
				"west": {"uv": [0.75, 7.5, 1, 7.625], "texture": "#0"},
				"up": {"uv": [7.625, 1, 7.5, 0.75], "texture": "#0"},
				"down": {"uv": [1.125, 7.5, 1, 7.75], "texture": "#0"}
			}
		},
		{
			"name": "hexadecagon",
			"from": [13.48093, -3.1952, 4.73551],
			"to": [13.94504, -2.72708, 5.52373],
			"rotation": {"angle": -22.5, "axis": "z", "origin": [12.89399, -2.90909, 4.95695]},
			"faces": {
				"north": {"uv": [8.25, 6.75, 8.375, 6.875], "texture": "#0"},
				"east": {"uv": [7.5, 1, 7.75, 1.125], "texture": "#0"},
				"south": {"uv": [7, 8.25, 7.125, 8.375], "texture": "#0"},
				"west": {"uv": [1.25, 7.5, 1.5, 7.625], "texture": "#0"},
				"up": {"uv": [7.625, 1.5, 7.5, 1.25], "texture": "#0"},
				"down": {"uv": [1.625, 7.5, 1.5, 7.75], "texture": "#0"}
			}
		},
		{
			"name": "hexadecagon",
			"from": [13.47058, -3.14315, 4.73551],
			"to": [13.93469, -2.67503, 5.52373],
			"rotation": {"angle": 0, "axis": "y", "origin": [12.89399, -2.90909, 4.95695]},
			"faces": {
				"north": {"uv": [8.25, 7, 8.375, 7.125], "texture": "#0"},
				"east": {"uv": [7.5, 1.5, 7.75, 1.625], "texture": "#0"},
				"south": {"uv": [7.25, 8.25, 7.375, 8.375], "texture": "#0"},
				"west": {"uv": [1.75, 7.5, 2, 7.625], "texture": "#0"},
				"up": {"uv": [7.625, 2, 7.5, 1.75], "texture": "#0"},
				"down": {"uv": [2.125, 7.5, 2, 7.75], "texture": "#0"}
			}
		},
		{
			"name": "hexadecagon",
			"from": [13.48093, -3.09111, 4.73551],
			"to": [13.94504, -2.62298, 5.52373],
			"rotation": {"angle": 22.5, "axis": "z", "origin": [12.89399, -2.90909, 4.95695]},
			"faces": {
				"north": {"uv": [8.25, 7.25, 8.375, 7.375], "texture": "#0"},
				"east": {"uv": [7.5, 2, 7.75, 2.125], "texture": "#0"},
				"south": {"uv": [7.5, 8.25, 7.625, 8.375], "texture": "#0"},
				"west": {"uv": [2.25, 7.5, 2.5, 7.625], "texture": "#0"},
				"up": {"uv": [7.625, 2.5, 7.5, 2.25], "texture": "#0"},
				"down": {"uv": [2.625, 7.5, 2.5, 7.75], "texture": "#0"}
			}
		},
		{
			"name": "hexadecagon",
			"from": [11.97913, -3.68008, 5.03171],
			"to": [13.51709, -2.1381, 5.22544],
			"rotation": {"angle": 0, "axis": "y", "origin": [12.89399, -2.90909, 0.18429]},
			"faces": {
				"north": {"uv": [6.5, 2, 6.875, 2.375], "texture": "#0"},
				"east": {"uv": [7, 2, 7.125, 2.375], "texture": "#0"},
				"south": {"uv": [3.5, 6.5, 3.875, 6.875], "texture": "#0"},
				"west": {"uv": [2.25, 7, 2.375, 7.375], "texture": "#0"},
				"up": {"uv": [3.875, 7.125, 3.5, 7], "texture": "#0"},
				"down": {"uv": [7.375, 3.5, 7, 3.625], "texture": "#0"}
			}
		},
		{
			"name": "hexadecagon",
			"from": [12.56375, -4.18199, 11.02551],
			"to": [13.03188, -3.71787, 11.81373],
			"rotation": {"angle": -45, "axis": "z", "origin": [12.89399, -2.90909, 11.24695]},
			"faces": {
				"north": {"uv": [8.25, 7.5, 8.375, 7.625], "texture": "#0"},
				"east": {"uv": [7.5, 2.5, 7.75, 2.625], "texture": "#0"},
				"south": {"uv": [7.75, 8.25, 7.875, 8.375], "texture": "#0"},
				"west": {"uv": [2.75, 7.5, 3, 7.625], "texture": "#0"},
				"up": {"uv": [7.625, 3, 7.5, 2.75], "texture": "#0"},
				"down": {"uv": [3.125, 7.5, 3, 7.75], "texture": "#0"}
			}
		},
		{
			"name": "hexadecagon",
			"from": [12.53426, -4.13786, 11.02551],
			"to": [13.00239, -3.67375, 11.81373],
			"rotation": {"angle": -22.5, "axis": "z", "origin": [12.89399, -2.90909, 11.24695]},
			"faces": {
				"north": {"uv": [8.25, 7.75, 8.375, 7.875], "texture": "#0"},
				"east": {"uv": [7.5, 3, 7.75, 3.125], "texture": "#0"},
				"south": {"uv": [8, 8.25, 8.125, 8.375], "texture": "#0"},
				"west": {"uv": [3.25, 7.5, 3.5, 7.625], "texture": "#0"},
				"up": {"uv": [7.625, 3.5, 7.5, 3.25], "texture": "#0"},
				"down": {"uv": [3.625, 7.5, 3.5, 7.75], "texture": "#0"}
			}
		},
		{
			"name": "hexadecagon",
			"from": [12.52391, -4.08581, 11.02551],
			"to": [12.99204, -3.6217, 11.81373],
			"rotation": {"angle": 0, "axis": "y", "origin": [12.89399, -2.90909, 11.24695]},
			"faces": {
				"north": {"uv": [8.25, 8, 8.375, 8.125], "texture": "#0"},
				"east": {"uv": [7.5, 3.5, 7.75, 3.625], "texture": "#0"},
				"south": {"uv": [8.25, 8.25, 8.375, 8.375], "texture": "#0"},
				"west": {"uv": [3.75, 7.5, 4, 7.625], "texture": "#0"},
				"up": {"uv": [7.625, 4, 7.5, 3.75], "texture": "#0"},
				"down": {"uv": [4.125, 7.5, 4, 7.75], "texture": "#0"}
			}
		},
		{
			"name": "hexadecagon",
			"from": [12.53426, -4.03376, 11.02551],
			"to": [13.00239, -3.56965, 11.81373],
			"rotation": {"angle": 22.5, "axis": "z", "origin": [12.89399, -2.90909, 11.24695]},
			"faces": {
				"north": {"uv": [0, 8.5, 0.125, 8.625], "texture": "#0"},
				"east": {"uv": [7.5, 4, 7.75, 4.125], "texture": "#0"},
				"south": {"uv": [8.5, 0, 8.625, 0.125], "texture": "#0"},
				"west": {"uv": [4.25, 7.5, 4.5, 7.625], "texture": "#0"},
				"up": {"uv": [7.625, 4.5, 7.5, 4.25], "texture": "#0"},
				"down": {"uv": [4.625, 7.5, 4.5, 7.75], "texture": "#0"}
			}
		},
		{
			"name": "hexadecagon",
			"from": [12.56375, -3.98963, 11.02551],
			"to": [13.03188, -3.52552, 11.81373],
			"rotation": {"angle": 45, "axis": "z", "origin": [12.89399, -2.90909, 11.24695]},
			"faces": {
				"north": {"uv": [0.25, 8.5, 0.375, 8.625], "texture": "#0"},
				"east": {"uv": [4.75, 7.5, 5, 7.625], "texture": "#0"},
				"south": {"uv": [8.5, 0.25, 8.625, 0.375], "texture": "#0"},
				"west": {"uv": [5, 7.5, 5.25, 7.625], "texture": "#0"},
				"up": {"uv": [7.625, 5.25, 7.5, 5], "texture": "#0"},
				"down": {"uv": [7.625, 5.25, 7.5, 5.5], "texture": "#0"}
			}
		},
		{
			"name": "hexadecagon",
			"from": [12.56375, -2.29266, 11.02551],
			"to": [13.03188, -1.82855, 11.81373],
			"rotation": {"angle": -45, "axis": "z", "origin": [12.89399, -2.90909, 11.24695]},
			"faces": {
				"north": {"uv": [0.5, 8.5, 0.625, 8.625], "texture": "#0"},
				"east": {"uv": [5.5, 7.5, 5.75, 7.625], "texture": "#0"},
				"south": {"uv": [8.5, 0.5, 8.625, 0.625], "texture": "#0"},
				"west": {"uv": [7.5, 5.5, 7.75, 5.625], "texture": "#0"},
				"up": {"uv": [5.875, 7.75, 5.75, 7.5], "texture": "#0"},
				"down": {"uv": [7.625, 5.75, 7.5, 6], "texture": "#0"}
			}
		},
		{
			"name": "hexadecagon",
			"from": [12.53426, -2.24853, 11.02551],
			"to": [13.00239, -1.78442, 11.81373],
			"rotation": {"angle": -22.5, "axis": "z", "origin": [12.89399, -2.90909, 11.24695]},
			"faces": {
				"north": {"uv": [0.75, 8.5, 0.875, 8.625], "texture": "#0"},
				"east": {"uv": [6, 7.5, 6.25, 7.625], "texture": "#0"},
				"south": {"uv": [8.5, 0.75, 8.625, 0.875], "texture": "#0"},
				"west": {"uv": [7.5, 6, 7.75, 6.125], "texture": "#0"},
				"up": {"uv": [6.375, 7.75, 6.25, 7.5], "texture": "#0"},
				"down": {"uv": [7.625, 6.25, 7.5, 6.5], "texture": "#0"}
			}
		},
		{
			"name": "hexadecagon",
			"from": [12.52391, -2.19648, 11.02551],
			"to": [12.99204, -1.73237, 11.81373],
			"rotation": {"angle": 0, "axis": "y", "origin": [12.89399, -2.90909, 11.24695]},
			"faces": {
				"north": {"uv": [1, 8.5, 1.125, 8.625], "texture": "#0"},
				"east": {"uv": [6.5, 7.5, 6.75, 7.625], "texture": "#0"},
				"south": {"uv": [8.5, 1, 8.625, 1.125], "texture": "#0"},
				"west": {"uv": [7.5, 6.5, 7.75, 6.625], "texture": "#0"},
				"up": {"uv": [6.875, 7.75, 6.75, 7.5], "texture": "#0"},
				"down": {"uv": [7.625, 6.75, 7.5, 7], "texture": "#0"}
			}
		},
		{
			"name": "hexadecagon",
			"from": [12.53426, -2.14443, 11.02551],
			"to": [13.00239, -1.68032, 11.81373],
			"rotation": {"angle": 22.5, "axis": "z", "origin": [12.89399, -2.90909, 11.24695]},
			"faces": {
				"north": {"uv": [1.25, 8.5, 1.375, 8.625], "texture": "#0"},
				"east": {"uv": [7, 7.5, 7.25, 7.625], "texture": "#0"},
				"south": {"uv": [8.5, 1.25, 8.625, 1.375], "texture": "#0"},
				"west": {"uv": [7.5, 7, 7.75, 7.125], "texture": "#0"},
				"up": {"uv": [7.375, 7.75, 7.25, 7.5], "texture": "#0"},
				"down": {"uv": [7.625, 7.25, 7.5, 7.5], "texture": "#0"}
			}
		},
		{
			"name": "hexadecagon",
			"from": [12.56375, -2.1003, 11.02551],
			"to": [13.03188, -1.63619, 11.81373],
			"rotation": {"angle": 45, "axis": "z", "origin": [12.89399, -2.90909, 11.24695]},
			"faces": {
				"north": {"uv": [1.5, 8.5, 1.625, 8.625], "texture": "#0"},
				"east": {"uv": [7.5, 7.5, 7.75, 7.625], "texture": "#0"},
				"south": {"uv": [8.5, 1.5, 8.625, 1.625], "texture": "#0"},
				"west": {"uv": [0, 7.75, 0.25, 7.875], "texture": "#0"},
				"up": {"uv": [7.875, 0.25, 7.75, 0], "texture": "#0"},
				"down": {"uv": [0.375, 7.75, 0.25, 8], "texture": "#0"}
			}
		},
		{
			"name": "hexadecagon",
			"from": [11.59161, -3.1952, 11.02551],
			"to": [12.05572, -2.72708, 11.81373],
			"rotation": {"angle": -22.5, "axis": "z", "origin": [12.89399, -2.90909, 11.24695]},
			"faces": {
				"north": {"uv": [1.75, 8.5, 1.875, 8.625], "texture": "#0"},
				"east": {"uv": [7.75, 0.25, 8, 0.375], "texture": "#0"},
				"south": {"uv": [8.5, 1.75, 8.625, 1.875], "texture": "#0"},
				"west": {"uv": [0.5, 7.75, 0.75, 7.875], "texture": "#0"},
				"up": {"uv": [7.875, 0.75, 7.75, 0.5], "texture": "#0"},
				"down": {"uv": [0.875, 7.75, 0.75, 8], "texture": "#0"}
			}
		},
		{
			"name": "hexadecagon",
			"from": [11.58126, -3.14315, 11.02551],
			"to": [12.04536, -2.67503, 11.81373],
			"rotation": {"angle": 0, "axis": "y", "origin": [12.89399, -2.90909, 11.24695]},
			"faces": {
				"north": {"uv": [2, 8.5, 2.125, 8.625], "texture": "#0"},
				"east": {"uv": [7.75, 0.75, 8, 0.875], "texture": "#0"},
				"south": {"uv": [8.5, 2, 8.625, 2.125], "texture": "#0"},
				"west": {"uv": [1, 7.75, 1.25, 7.875], "texture": "#0"},
				"up": {"uv": [7.875, 1.25, 7.75, 1], "texture": "#0"},
				"down": {"uv": [1.375, 7.75, 1.25, 8], "texture": "#0"}
			}
		},
		{
			"name": "hexadecagon",
			"from": [11.59161, -3.09111, 11.02551],
			"to": [12.05572, -2.62298, 11.81373],
			"rotation": {"angle": 22.5, "axis": "z", "origin": [12.89399, -2.90909, 11.24695]},
			"faces": {
				"north": {"uv": [2.25, 8.5, 2.375, 8.625], "texture": "#0"},
				"east": {"uv": [7.75, 1.25, 8, 1.375], "texture": "#0"},
				"south": {"uv": [8.5, 2.25, 8.625, 2.375], "texture": "#0"},
				"west": {"uv": [1.5, 7.75, 1.75, 7.875], "texture": "#0"},
				"up": {"uv": [7.875, 1.75, 7.75, 1.5], "texture": "#0"},
				"down": {"uv": [1.875, 7.75, 1.75, 8], "texture": "#0"}
			}
		},
		{
			"name": "hexadecagon",
			"from": [13.48093, -3.1952, 11.02551],
			"to": [13.94504, -2.72708, 11.81373],
			"rotation": {"angle": -22.5, "axis": "z", "origin": [12.89399, -2.90909, 11.24695]},
			"faces": {
				"north": {"uv": [2.5, 8.5, 2.625, 8.625], "texture": "#0"},
				"east": {"uv": [7.75, 1.75, 8, 1.875], "texture": "#0"},
				"south": {"uv": [8.5, 2.5, 8.625, 2.625], "texture": "#0"},
				"west": {"uv": [2, 7.75, 2.25, 7.875], "texture": "#0"},
				"up": {"uv": [7.875, 2.25, 7.75, 2], "texture": "#0"},
				"down": {"uv": [2.375, 7.75, 2.25, 8], "texture": "#0"}
			}
		},
		{
			"name": "hexadecagon",
			"from": [13.47058, -3.14315, 11.02551],
			"to": [13.93469, -2.67503, 11.81373],
			"rotation": {"angle": 0, "axis": "y", "origin": [12.89399, -2.90909, 11.24695]},
			"faces": {
				"north": {"uv": [2.75, 8.5, 2.875, 8.625], "texture": "#0"},
				"east": {"uv": [7.75, 2.25, 8, 2.375], "texture": "#0"},
				"south": {"uv": [8.5, 2.75, 8.625, 2.875], "texture": "#0"},
				"west": {"uv": [2.5, 7.75, 2.75, 7.875], "texture": "#0"},
				"up": {"uv": [7.875, 2.75, 7.75, 2.5], "texture": "#0"},
				"down": {"uv": [2.875, 7.75, 2.75, 8], "texture": "#0"}
			}
		},
		{
			"name": "hexadecagon",
			"from": [13.48093, -3.09111, 11.02551],
			"to": [13.94504, -2.62298, 11.81373],
			"rotation": {"angle": 22.5, "axis": "z", "origin": [12.89399, -2.90909, 11.24695]},
			"faces": {
				"north": {"uv": [3, 8.5, 3.125, 8.625], "texture": "#0"},
				"east": {"uv": [7.75, 2.75, 8, 2.875], "texture": "#0"},
				"south": {"uv": [8.5, 3, 8.625, 3.125], "texture": "#0"},
				"west": {"uv": [3, 7.75, 3.25, 7.875], "texture": "#0"},
				"up": {"uv": [7.875, 3.25, 7.75, 3], "texture": "#0"},
				"down": {"uv": [3.375, 7.75, 3.25, 8], "texture": "#0"}
			}
		},
		{
			"name": "hexadecagon",
			"from": [11.97913, -3.68008, 11.32171],
			"to": [13.51709, -2.1381, 11.51544],
			"rotation": {"angle": 0, "axis": "y", "origin": [12.89399, -2.90909, 6.47429]},
			"faces": {
				"north": {"uv": [4, 6.5, 4.375, 6.875], "texture": "#0"},
				"east": {"uv": [2.5, 7, 2.625, 7.375], "texture": "#0"},
				"south": {"uv": [6.5, 5, 6.875, 5.375], "texture": "#0"},
				"west": {"uv": [4, 7, 4.125, 7.375], "texture": "#0"},
				"up": {"uv": [7.375, 5.125, 7, 5], "texture": "#0"},
				"down": {"uv": [7.375, 5.25, 7, 5.375], "texture": "#0"}
			}
		},
		{
			"name": "hexadecagon",
			"from": [-2.45625, -4.18199, 4.73551],
			"to": [-1.98812, -3.71787, 5.52373],
			"rotation": {"angle": -45, "axis": "z", "origin": [-2.12601, -2.90909, 4.95695]},
			"faces": {
				"north": {"uv": [3.25, 8.5, 3.375, 8.625], "texture": "#0"},
				"east": {"uv": [7.75, 3.25, 8, 3.375], "texture": "#0"},
				"south": {"uv": [8.5, 3.25, 8.625, 3.375], "texture": "#0"},
				"west": {"uv": [3.5, 7.75, 3.75, 7.875], "texture": "#0"},
				"up": {"uv": [7.875, 3.75, 7.75, 3.5], "texture": "#0"},
				"down": {"uv": [3.875, 7.75, 3.75, 8], "texture": "#0"}
			}
		},
		{
			"name": "hexadecagon",
			"from": [-2.48574, -4.13786, 4.73551],
			"to": [-2.01761, -3.67375, 5.52373],
			"rotation": {"angle": -22.5, "axis": "z", "origin": [-2.12601, -2.90909, 4.95695]},
			"faces": {
				"north": {"uv": [3.5, 8.5, 3.625, 8.625], "texture": "#0"},
				"east": {"uv": [7.75, 3.75, 8, 3.875], "texture": "#0"},
				"south": {"uv": [8.5, 3.5, 8.625, 3.625], "texture": "#0"},
				"west": {"uv": [4, 7.75, 4.25, 7.875], "texture": "#0"},
				"up": {"uv": [7.875, 4.25, 7.75, 4], "texture": "#0"},
				"down": {"uv": [4.375, 7.75, 4.25, 8], "texture": "#0"}
			}
		},
		{
			"name": "hexadecagon",
			"from": [-2.49609, -4.08581, 4.73551],
			"to": [-2.02796, -3.6217, 5.52373],
			"rotation": {"angle": 0, "axis": "y", "origin": [-2.12601, -2.90909, 4.95695]},
			"faces": {
				"north": {"uv": [3.75, 8.5, 3.875, 8.625], "texture": "#0"},
				"east": {"uv": [7.75, 4.25, 8, 4.375], "texture": "#0"},
				"south": {"uv": [8.5, 3.75, 8.625, 3.875], "texture": "#0"},
				"west": {"uv": [4.5, 7.75, 4.75, 7.875], "texture": "#0"},
				"up": {"uv": [4.875, 8, 4.75, 7.75], "texture": "#0"},
				"down": {"uv": [5.125, 7.75, 5, 8], "texture": "#0"}
			}
		},
		{
			"name": "hexadecagon",
			"from": [-2.48574, -4.03376, 4.73551],
			"to": [-2.01761, -3.56965, 5.52373],
			"rotation": {"angle": 22.5, "axis": "z", "origin": [-2.12601, -2.90909, 4.95695]},
			"faces": {
				"north": {"uv": [4, 8.5, 4.125, 8.625], "texture": "#0"},
				"east": {"uv": [7.75, 5, 8, 5.125], "texture": "#0"},
				"south": {"uv": [8.5, 4, 8.625, 4.125], "texture": "#0"},
				"west": {"uv": [5.25, 7.75, 5.5, 7.875], "texture": "#0"},
				"up": {"uv": [7.875, 5.5, 7.75, 5.25], "texture": "#0"},
				"down": {"uv": [5.625, 7.75, 5.5, 8], "texture": "#0"}
			}
		},
		{
			"name": "hexadecagon",
			"from": [-2.45625, -3.98963, 4.73551],
			"to": [-1.98812, -3.52552, 5.52373],
			"rotation": {"angle": 45, "axis": "z", "origin": [-2.12601, -2.90909, 4.95695]},
			"faces": {
				"north": {"uv": [4.25, 8.5, 4.375, 8.625], "texture": "#0"},
				"east": {"uv": [7.75, 5.5, 8, 5.625], "texture": "#0"},
				"south": {"uv": [8.5, 4.25, 8.625, 4.375], "texture": "#0"},
				"west": {"uv": [5.75, 7.75, 6, 7.875], "texture": "#0"},
				"up": {"uv": [7.875, 6, 7.75, 5.75], "texture": "#0"},
				"down": {"uv": [6.125, 7.75, 6, 8], "texture": "#0"}
			}
		},
		{
			"name": "hexadecagon",
			"from": [-2.45625, -2.29266, 4.73551],
			"to": [-1.98812, -1.82855, 5.52373],
			"rotation": {"angle": -45, "axis": "z", "origin": [-2.12601, -2.90909, 4.95695]},
			"faces": {
				"north": {"uv": [4.5, 8.5, 4.625, 8.625], "texture": "#0"},
				"east": {"uv": [7.75, 6, 8, 6.125], "texture": "#0"},
				"south": {"uv": [8.5, 4.5, 8.625, 4.625], "texture": "#0"},
				"west": {"uv": [6.25, 7.75, 6.5, 7.875], "texture": "#0"},
				"up": {"uv": [7.875, 6.5, 7.75, 6.25], "texture": "#0"},
				"down": {"uv": [6.625, 7.75, 6.5, 8], "texture": "#0"}
			}
		},
		{
			"name": "hexadecagon",
			"from": [-2.48574, -2.24853, 4.73551],
			"to": [-2.01761, -1.78442, 5.52373],
			"rotation": {"angle": -22.5, "axis": "z", "origin": [-2.12601, -2.90909, 4.95695]},
			"faces": {
				"north": {"uv": [4.75, 8.5, 4.875, 8.625], "texture": "#0"},
				"east": {"uv": [7.75, 6.5, 8, 6.625], "texture": "#0"},
				"south": {"uv": [8.5, 4.75, 8.625, 4.875], "texture": "#0"},
				"west": {"uv": [6.75, 7.75, 7, 7.875], "texture": "#0"},
				"up": {"uv": [7.875, 7, 7.75, 6.75], "texture": "#0"},
				"down": {"uv": [7.125, 7.75, 7, 8], "texture": "#0"}
			}
		},
		{
			"name": "hexadecagon",
			"from": [-2.49609, -2.19648, 4.73551],
			"to": [-2.02796, -1.73237, 5.52373],
			"rotation": {"angle": 0, "axis": "y", "origin": [-2.12601, -2.90909, 4.95695]},
			"faces": {
				"north": {"uv": [5, 8.5, 5.125, 8.625], "texture": "#0"},
				"east": {"uv": [7.75, 7, 8, 7.125], "texture": "#0"},
				"south": {"uv": [8.5, 5, 8.625, 5.125], "texture": "#0"},
				"west": {"uv": [7.25, 7.75, 7.5, 7.875], "texture": "#0"},
				"up": {"uv": [7.875, 7.5, 7.75, 7.25], "texture": "#0"},
				"down": {"uv": [7.625, 7.75, 7.5, 8], "texture": "#0"}
			}
		},
		{
			"name": "hexadecagon",
			"from": [-2.48574, -2.14443, 4.73551],
			"to": [-2.01761, -1.68032, 5.52373],
			"rotation": {"angle": 22.5, "axis": "z", "origin": [-2.12601, -2.90909, 4.95695]},
			"faces": {
				"north": {"uv": [5.25, 8.5, 5.375, 8.625], "texture": "#0"},
				"east": {"uv": [7.75, 7.5, 8, 7.625], "texture": "#0"},
				"south": {"uv": [8.5, 5.25, 8.625, 5.375], "texture": "#0"},
				"west": {"uv": [7.75, 7.75, 8, 7.875], "texture": "#0"},
				"up": {"uv": [0.125, 8.25, 0, 8], "texture": "#0"},
				"down": {"uv": [8.125, 0, 8, 0.25], "texture": "#0"}
			}
		},
		{
			"name": "hexadecagon",
			"from": [-2.45625, -2.1003, 4.73551],
			"to": [-1.98812, -1.63619, 5.52373],
			"rotation": {"angle": 45, "axis": "z", "origin": [-2.12601, -2.90909, 4.95695]},
			"faces": {
				"north": {"uv": [5.5, 8.5, 5.625, 8.625], "texture": "#0"},
				"east": {"uv": [0.25, 8, 0.5, 8.125], "texture": "#0"},
				"south": {"uv": [8.5, 5.5, 8.625, 5.625], "texture": "#0"},
				"west": {"uv": [8, 0.25, 8.25, 0.375], "texture": "#0"},
				"up": {"uv": [0.625, 8.25, 0.5, 8], "texture": "#0"},
				"down": {"uv": [8.125, 0.5, 8, 0.75], "texture": "#0"}
			}
		},
		{
			"name": "hexadecagon",
			"from": [-3.42839, -3.1952, 4.73551],
			"to": [-2.96428, -2.72708, 5.52373],
			"rotation": {"angle": -22.5, "axis": "z", "origin": [-2.12601, -2.90909, 4.95695]},
			"faces": {
				"north": {"uv": [5.75, 8.5, 5.875, 8.625], "texture": "#0"},
				"east": {"uv": [0.75, 8, 1, 8.125], "texture": "#0"},
				"south": {"uv": [8.5, 5.75, 8.625, 5.875], "texture": "#0"},
				"west": {"uv": [8, 0.75, 8.25, 0.875], "texture": "#0"},
				"up": {"uv": [1.125, 8.25, 1, 8], "texture": "#0"},
				"down": {"uv": [8.125, 1, 8, 1.25], "texture": "#0"}
			}
		},
		{
			"name": "hexadecagon",
			"from": [-3.43874, -3.14315, 4.73551],
			"to": [-2.97464, -2.67503, 5.52373],
			"rotation": {"angle": 0, "axis": "y", "origin": [-2.12601, -2.90909, 4.95695]},
			"faces": {
				"north": {"uv": [6, 8.5, 6.125, 8.625], "texture": "#0"},
				"east": {"uv": [1.25, 8, 1.5, 8.125], "texture": "#0"},
				"south": {"uv": [8.5, 6, 8.625, 6.125], "texture": "#0"},
				"west": {"uv": [8, 1.25, 8.25, 1.375], "texture": "#0"},
				"up": {"uv": [1.625, 8.25, 1.5, 8], "texture": "#0"},
				"down": {"uv": [8.125, 1.5, 8, 1.75], "texture": "#0"}
			}
		},
		{
			"name": "hexadecagon",
			"from": [-3.42839, -3.09111, 4.73551],
			"to": [-2.96428, -2.62298, 5.52373],
			"rotation": {"angle": 22.5, "axis": "z", "origin": [-2.12601, -2.90909, 4.95695]},
			"faces": {
				"north": {"uv": [6.25, 8.5, 6.375, 8.625], "texture": "#0"},
				"east": {"uv": [1.75, 8, 2, 8.125], "texture": "#0"},
				"south": {"uv": [8.5, 6.25, 8.625, 6.375], "texture": "#0"},
				"west": {"uv": [8, 1.75, 8.25, 1.875], "texture": "#0"},
				"up": {"uv": [2.125, 8.25, 2, 8], "texture": "#0"},
				"down": {"uv": [8.125, 2, 8, 2.25], "texture": "#0"}
			}
		},
		{
			"name": "hexadecagon",
			"from": [-1.53907, -3.1952, 4.73551],
			"to": [-1.07496, -2.72708, 5.52373],
			"rotation": {"angle": -22.5, "axis": "z", "origin": [-2.12601, -2.90909, 4.95695]},
			"faces": {
				"north": {"uv": [6.5, 8.5, 6.625, 8.625], "texture": "#0"},
				"east": {"uv": [2.25, 8, 2.5, 8.125], "texture": "#0"},
				"south": {"uv": [8.5, 6.5, 8.625, 6.625], "texture": "#0"},
				"west": {"uv": [8, 2.25, 8.25, 2.375], "texture": "#0"},
				"up": {"uv": [2.625, 8.25, 2.5, 8], "texture": "#0"},
				"down": {"uv": [8.125, 2.5, 8, 2.75], "texture": "#0"}
			}
		},
		{
			"name": "hexadecagon",
			"from": [-1.54942, -3.14315, 4.73551],
			"to": [-1.08531, -2.67503, 5.52373],
			"rotation": {"angle": 0, "axis": "y", "origin": [-2.12601, -2.90909, 4.95695]},
			"faces": {
				"north": {"uv": [6.75, 8.5, 6.875, 8.625], "texture": "#0"},
				"east": {"uv": [2.75, 8, 3, 8.125], "texture": "#0"},
				"south": {"uv": [8.5, 6.75, 8.625, 6.875], "texture": "#0"},
				"west": {"uv": [8, 2.75, 8.25, 2.875], "texture": "#0"},
				"up": {"uv": [3.125, 8.25, 3, 8], "texture": "#0"},
				"down": {"uv": [8.125, 3, 8, 3.25], "texture": "#0"}
			}
		},
		{
			"name": "hexadecagon",
			"from": [-1.53907, -3.09111, 4.73551],
			"to": [-1.07496, -2.62298, 5.52373],
			"rotation": {"angle": 22.5, "axis": "z", "origin": [-2.12601, -2.90909, 4.95695]},
			"faces": {
				"north": {"uv": [7, 8.5, 7.125, 8.625], "texture": "#0"},
				"east": {"uv": [3.25, 8, 3.5, 8.125], "texture": "#0"},
				"south": {"uv": [8.5, 7, 8.625, 7.125], "texture": "#0"},
				"west": {"uv": [8, 3.25, 8.25, 3.375], "texture": "#0"},
				"up": {"uv": [3.625, 8.25, 3.5, 8], "texture": "#0"},
				"down": {"uv": [8.125, 3.5, 8, 3.75], "texture": "#0"}
			}
		},
		{
			"name": "hexadecagon",
			"from": [-3.04087, -3.68008, 5.03171],
			"to": [-1.50291, -2.1381, 5.22544],
			"rotation": {"angle": 0, "axis": "y", "origin": [-2.12601, -2.90909, 0.18429]},
			"faces": {
				"north": {"uv": [6.5, 6.25, 6.875, 6.625], "texture": "#0"},
				"east": {"uv": [4.25, 7, 4.375, 7.375], "texture": "#0"},
				"south": {"uv": [0, 6.75, 0.375, 7.125], "texture": "#0"},
				"west": {"uv": [4.75, 7, 4.875, 7.375], "texture": "#0"},
				"up": {"uv": [5.875, 7.125, 5.5, 7], "texture": "#0"},
				"down": {"uv": [7.375, 5.5, 7, 5.625], "texture": "#0"}
			}
		},
		{
			"name": "hexadecagon",
			"from": [-2.45625, -4.18199, 11.02551],
			"to": [-1.98812, -3.71787, 11.81373],
			"rotation": {"angle": -45, "axis": "z", "origin": [-2.12601, -2.90909, 11.24695]},
			"faces": {
				"north": {"uv": [7.25, 8.5, 7.375, 8.625], "texture": "#0"},
				"east": {"uv": [3.75, 8, 4, 8.125], "texture": "#0"},
				"south": {"uv": [8.5, 7.25, 8.625, 7.375], "texture": "#0"},
				"west": {"uv": [8, 3.75, 8.25, 3.875], "texture": "#0"},
				"up": {"uv": [4.125, 8.25, 4, 8], "texture": "#0"},
				"down": {"uv": [8.125, 4, 8, 4.25], "texture": "#0"}
			}
		},
		{
			"name": "hexadecagon",
			"from": [-2.48574, -4.13786, 11.02551],
			"to": [-2.01761, -3.67375, 11.81373],
			"rotation": {"angle": -22.5, "axis": "z", "origin": [-2.12601, -2.90909, 11.24695]},
			"faces": {
				"north": {"uv": [7.5, 8.5, 7.625, 8.625], "texture": "#0"},
				"east": {"uv": [4.25, 8, 4.5, 8.125], "texture": "#0"},
				"south": {"uv": [8.5, 7.5, 8.625, 7.625], "texture": "#0"},
				"west": {"uv": [8, 4.25, 8.25, 4.375], "texture": "#0"},
				"up": {"uv": [4.625, 8.25, 4.5, 8], "texture": "#0"},
				"down": {"uv": [8.125, 4.5, 8, 4.75], "texture": "#0"}
			}
		},
		{
			"name": "hexadecagon",
			"from": [-2.49609, -4.08581, 11.02551],
			"to": [-2.02796, -3.6217, 11.81373],
			"rotation": {"angle": 0, "axis": "y", "origin": [-2.12601, -2.90909, 11.24695]},
			"faces": {
				"north": {"uv": [7.75, 8.5, 7.875, 8.625], "texture": "#0"},
				"east": {"uv": [4.75, 8, 5, 8.125], "texture": "#0"},
				"south": {"uv": [8.5, 7.75, 8.625, 7.875], "texture": "#0"},
				"west": {"uv": [8, 4.75, 8.25, 4.875], "texture": "#0"},
				"up": {"uv": [5.125, 8.25, 5, 8], "texture": "#0"},
				"down": {"uv": [8.125, 5, 8, 5.25], "texture": "#0"}
			}
		},
		{
			"name": "hexadecagon",
			"from": [-2.48574, -4.03376, 11.02551],
			"to": [-2.01761, -3.56965, 11.81373],
			"rotation": {"angle": 22.5, "axis": "z", "origin": [-2.12601, -2.90909, 11.24695]},
			"faces": {
				"north": {"uv": [8, 8.5, 8.125, 8.625], "texture": "#0"},
				"east": {"uv": [5.25, 8, 5.5, 8.125], "texture": "#0"},
				"south": {"uv": [8.5, 8, 8.625, 8.125], "texture": "#0"},
				"west": {"uv": [8, 5.25, 8.25, 5.375], "texture": "#0"},
				"up": {"uv": [5.625, 8.25, 5.5, 8], "texture": "#0"},
				"down": {"uv": [8.125, 5.5, 8, 5.75], "texture": "#0"}
			}
		},
		{
			"name": "hexadecagon",
			"from": [-2.45625, -3.98963, 11.02551],
			"to": [-1.98812, -3.52552, 11.81373],
			"rotation": {"angle": 45, "axis": "z", "origin": [-2.12601, -2.90909, 11.24695]},
			"faces": {
				"north": {"uv": [8.25, 8.5, 8.375, 8.625], "texture": "#0"},
				"east": {"uv": [5.75, 8, 6, 8.125], "texture": "#0"},
				"south": {"uv": [8.5, 8.25, 8.625, 8.375], "texture": "#0"},
				"west": {"uv": [8, 5.75, 8.25, 5.875], "texture": "#0"},
				"up": {"uv": [6.125, 8.25, 6, 8], "texture": "#0"},
				"down": {"uv": [8.125, 6, 8, 6.25], "texture": "#0"}
			}
		},
		{
			"name": "hexadecagon",
			"from": [-2.45625, -2.29266, 11.02551],
			"to": [-1.98812, -1.82855, 11.81373],
			"rotation": {"angle": -45, "axis": "z", "origin": [-2.12601, -2.90909, 11.24695]},
			"faces": {
				"north": {"uv": [8.5, 8.5, 8.625, 8.625], "texture": "#0"},
				"east": {"uv": [6.25, 8, 6.5, 8.125], "texture": "#0"},
				"south": {"uv": [0, 8.75, 0.125, 8.875], "texture": "#0"},
				"west": {"uv": [8, 6.25, 8.25, 6.375], "texture": "#0"},
				"up": {"uv": [6.625, 8.25, 6.5, 8], "texture": "#0"},
				"down": {"uv": [8.125, 6.5, 8, 6.75], "texture": "#0"}
			}
		},
		{
			"name": "hexadecagon",
			"from": [-2.48574, -2.24853, 11.02551],
			"to": [-2.01761, -1.78442, 11.81373],
			"rotation": {"angle": -22.5, "axis": "z", "origin": [-2.12601, -2.90909, 11.24695]},
			"faces": {
				"north": {"uv": [8.75, 0, 8.875, 0.125], "texture": "#0"},
				"east": {"uv": [6.75, 8, 7, 8.125], "texture": "#0"},
				"south": {"uv": [0.25, 8.75, 0.375, 8.875], "texture": "#0"},
				"west": {"uv": [8, 6.75, 8.25, 6.875], "texture": "#0"},
				"up": {"uv": [7.125, 8.25, 7, 8], "texture": "#0"},
				"down": {"uv": [8.125, 7, 8, 7.25], "texture": "#0"}
			}
		},
		{
			"name": "hexadecagon",
			"from": [-2.49609, -2.19648, 11.02551],
			"to": [-2.02796, -1.73237, 11.81373],
			"rotation": {"angle": 0, "axis": "y", "origin": [-2.12601, -2.90909, 11.24695]},
			"faces": {
				"north": {"uv": [8.75, 0.25, 8.875, 0.375], "texture": "#0"},
				"east": {"uv": [7.25, 8, 7.5, 8.125], "texture": "#0"},
				"south": {"uv": [0.5, 8.75, 0.625, 8.875], "texture": "#0"},
				"west": {"uv": [8, 7.25, 8.25, 7.375], "texture": "#0"},
				"up": {"uv": [7.625, 8.25, 7.5, 8], "texture": "#0"},
				"down": {"uv": [8.125, 7.5, 8, 7.75], "texture": "#0"}
			}
		},
		{
			"name": "hexadecagon",
			"from": [-2.48574, -2.14443, 11.02551],
			"to": [-2.01761, -1.68032, 11.81373],
			"rotation": {"angle": 22.5, "axis": "z", "origin": [-2.12601, -2.90909, 11.24695]},
			"faces": {
				"north": {"uv": [8.75, 0.5, 8.875, 0.625], "texture": "#0"},
				"east": {"uv": [7.75, 8, 8, 8.125], "texture": "#0"},
				"south": {"uv": [0.75, 8.75, 0.875, 8.875], "texture": "#0"},
				"west": {"uv": [8, 7.75, 8.25, 7.875], "texture": "#0"},
				"up": {"uv": [8.125, 8.25, 8, 8], "texture": "#0"},
				"down": {"uv": [0.125, 8.25, 0, 8.5], "texture": "#0"}
			}
		},
		{
			"name": "hexadecagon",
			"from": [-2.45625, -2.1003, 11.02551],
			"to": [-1.98812, -1.63619, 11.81373],
			"rotation": {"angle": 45, "axis": "z", "origin": [-2.12601, -2.90909, 11.24695]},
			"faces": {
				"north": {"uv": [8.75, 0.75, 8.875, 0.875], "texture": "#0"},
				"east": {"uv": [8.25, 0, 8.5, 0.125], "texture": "#0"},
				"south": {"uv": [1, 8.75, 1.125, 8.875], "texture": "#0"},
				"west": {"uv": [0.25, 8.25, 0.5, 8.375], "texture": "#0"},
				"up": {"uv": [8.375, 0.5, 8.25, 0.25], "texture": "#0"},
				"down": {"uv": [0.625, 8.25, 0.5, 8.5], "texture": "#0"}
			}
		},
		{
			"name": "hexadecagon",
			"from": [-3.42839, -3.1952, 11.02551],
			"to": [-2.96428, -2.72708, 11.81373],
			"rotation": {"angle": -22.5, "axis": "z", "origin": [-2.12601, -2.90909, 11.24695]},
			"faces": {
				"north": {"uv": [8.75, 1, 8.875, 1.125], "texture": "#0"},
				"east": {"uv": [8.25, 0.5, 8.5, 0.625], "texture": "#0"},
				"south": {"uv": [1.25, 8.75, 1.375, 8.875], "texture": "#0"},
				"west": {"uv": [0.75, 8.25, 1, 8.375], "texture": "#0"},
				"up": {"uv": [8.375, 1, 8.25, 0.75], "texture": "#0"},
				"down": {"uv": [1.125, 8.25, 1, 8.5], "texture": "#0"}
			}
		},
		{
			"name": "hexadecagon",
			"from": [-3.43874, -3.14315, 11.02551],
			"to": [-2.97464, -2.67503, 11.81373],
			"rotation": {"angle": 0, "axis": "y", "origin": [-2.12601, -2.90909, 11.24695]},
			"faces": {
				"north": {"uv": [8.75, 1.25, 8.875, 1.375], "texture": "#0"},
				"east": {"uv": [8.25, 1, 8.5, 1.125], "texture": "#0"},
				"south": {"uv": [1.5, 8.75, 1.625, 8.875], "texture": "#0"},
				"west": {"uv": [1.25, 8.25, 1.5, 8.375], "texture": "#0"},
				"up": {"uv": [8.375, 1.5, 8.25, 1.25], "texture": "#0"},
				"down": {"uv": [1.625, 8.25, 1.5, 8.5], "texture": "#0"}
			}
		},
		{
			"name": "hexadecagon",
			"from": [-3.42839, -3.09111, 11.02551],
			"to": [-2.96428, -2.62298, 11.81373],
			"rotation": {"angle": 22.5, "axis": "z", "origin": [-2.12601, -2.90909, 11.24695]},
			"faces": {
				"north": {"uv": [8.75, 1.5, 8.875, 1.625], "texture": "#0"},
				"east": {"uv": [8.25, 1.5, 8.5, 1.625], "texture": "#0"},
				"south": {"uv": [1.75, 8.75, 1.875, 8.875], "texture": "#0"},
				"west": {"uv": [1.75, 8.25, 2, 8.375], "texture": "#0"},
				"up": {"uv": [8.375, 2, 8.25, 1.75], "texture": "#0"},
				"down": {"uv": [2.125, 8.25, 2, 8.5], "texture": "#0"}
			}
		},
		{
			"name": "hexadecagon",
			"from": [-1.53907, -3.1952, 11.02551],
			"to": [-1.07496, -2.72708, 11.81373],
			"rotation": {"angle": -22.5, "axis": "z", "origin": [-2.12601, -2.90909, 11.24695]},
			"faces": {
				"north": {"uv": [8.75, 1.75, 8.875, 1.875], "texture": "#0"},
				"east": {"uv": [8.25, 2, 8.5, 2.125], "texture": "#0"},
				"south": {"uv": [2, 8.75, 2.125, 8.875], "texture": "#0"},
				"west": {"uv": [2.25, 8.25, 2.5, 8.375], "texture": "#0"},
				"up": {"uv": [8.375, 2.5, 8.25, 2.25], "texture": "#0"},
				"down": {"uv": [2.625, 8.25, 2.5, 8.5], "texture": "#0"}
			}
		},
		{
			"name": "hexadecagon",
			"from": [-1.54942, -3.14315, 11.02551],
			"to": [-1.08531, -2.67503, 11.81373],
			"rotation": {"angle": 0, "axis": "y", "origin": [-2.12601, -2.90909, 11.24695]},
			"faces": {
				"north": {"uv": [8.75, 2, 8.875, 2.125], "texture": "#0"},
				"east": {"uv": [8.25, 2.5, 8.5, 2.625], "texture": "#0"},
				"south": {"uv": [2.25, 8.75, 2.375, 8.875], "texture": "#0"},
				"west": {"uv": [2.75, 8.25, 3, 8.375], "texture": "#0"},
				"up": {"uv": [8.375, 3, 8.25, 2.75], "texture": "#0"},
				"down": {"uv": [3.125, 8.25, 3, 8.5], "texture": "#0"}
			}
		},
		{
			"name": "hexadecagon",
			"from": [-1.53907, -3.09111, 11.02551],
			"to": [-1.07496, -2.62298, 11.81373],
			"rotation": {"angle": 22.5, "axis": "z", "origin": [-2.12601, -2.90909, 11.24695]},
			"faces": {
				"north": {"uv": [8.75, 2.25, 8.875, 2.375], "texture": "#0"},
				"east": {"uv": [8.25, 3, 8.5, 3.125], "texture": "#0"},
				"south": {"uv": [2.5, 8.75, 2.625, 8.875], "texture": "#0"},
				"west": {"uv": [3.25, 8.25, 3.5, 8.375], "texture": "#0"},
				"up": {"uv": [8.375, 3.5, 8.25, 3.25], "texture": "#0"},
				"down": {"uv": [3.625, 8.25, 3.5, 8.5], "texture": "#0"}
			}
		},
		{
			"name": "hexadecagon",
			"from": [-3.04087, -3.68008, 11.32171],
			"to": [-1.50291, -2.1381, 11.51544],
			"rotation": {"angle": 0, "axis": "y", "origin": [-2.12601, -2.90909, 6.47429]},
			"faces": {
				"north": {"uv": [0.5, 6.75, 0.875, 7.125], "texture": "#0"},
				"east": {"uv": [7, 5.75, 7.125, 6.125], "texture": "#0"},
				"south": {"uv": [1, 6.75, 1.375, 7.125], "texture": "#0"},
				"west": {"uv": [6, 7, 6.125, 7.375], "texture": "#0"},
				"up": {"uv": [6.625, 7.125, 6.25, 7], "texture": "#0"},
				"down": {"uv": [7.375, 6.25, 7, 6.375], "texture": "#0"}
			}
		},
		{
			"from": [-4.6671, -0.84433, 4.09838],
			"to": [15.50684, -0.03756, 12.45864],
			"rotation": {"angle": 0, "axis": "y", "origin": [-6.93394, -9.9115, 7.3118]},
			"faces": {
				"north": {"uv": [3, 4.5, 8, 4.75], "texture": "#0"},
				"east": {"uv": [5, 0, 7.125, 0.25], "texture": "#0"},
				"south": {"uv": [3, 4.75, 8, 5], "texture": "#0"},
				"west": {"uv": [5, 0.25, 7.125, 0.5], "texture": "#0"},
				"up": {"uv": [5, 2.125, 0, 0], "texture": "#0"},
				"down": {"uv": [5, 2.25, 0, 4.375], "texture": "#0"}
			}
		},
		{
			"from": [-2.5671, -3.19433, 5.09838],
			"to": [-1.99316, -2.63756, 11.45864],
			"rotation": {"angle": 0, "axis": "y", "origin": [-6.93394, -9.9115, 7.3118]},
			"faces": {
				"north": {"uv": [8.75, 2.5, 8.875, 2.625], "texture": "#0"},
				"east": {"uv": [5.5, 2.5, 7.125, 2.625], "texture": "#0"},
				"south": {"uv": [2.75, 8.75, 2.875, 8.875], "texture": "#0"},
				"west": {"uv": [5.5, 2.75, 7.125, 2.875], "texture": "#0"},
				"up": {"uv": [4.875, 6.875, 4.75, 5.25], "texture": "#0"},
				"down": {"uv": [5.875, 5, 5.75, 6.625], "texture": "#0"}
			}
		},
		{
			"from": [-2.4671, -2.64433, 7.09838],
			"to": [-2.09316, -2.08756, 9.45864],
			"rotation": {"angle": 0, "axis": "y", "origin": [-6.93394, -9.9115, 7.3118]},
			"faces": {
				"north": {"uv": [8.75, 2.75, 8.875, 2.875], "texture": "#0"},
				"east": {"uv": [2, 6.75, 2.625, 6.875], "texture": "#0"},
				"south": {"uv": [3, 8.75, 3.125, 8.875], "texture": "#0"},
				"west": {"uv": [6.75, 3.75, 7.375, 3.875], "texture": "#0"},
				"up": {"uv": [4.625, 7.125, 4.5, 6.5], "texture": "#0"},
				"down": {"uv": [2.875, 6.75, 2.75, 7.375], "texture": "#0"}
			}
		},
		{
			"from": [-2.8171, -2.09433, 6.84838],
			"to": [-1.74316, -1.28756, 9.70864],
			"rotation": {"angle": 0, "axis": "y", "origin": [-6.93394, -9.9115, 7.3118]},
			"faces": {
				"north": {"uv": [6.75, 6.75, 7, 7], "texture": "#0"},
				"east": {"uv": [6.25, 3.5, 7, 3.75], "texture": "#0"},
				"south": {"uv": [1.5, 7, 1.75, 7.25], "texture": "#0"},
				"west": {"uv": [4, 6.25, 4.75, 6.5], "texture": "#0"},
				"up": {"uv": [5.75, 6.75, 5.5, 6], "texture": "#0"},
				"down": {"uv": [6.5, 5, 6.25, 5.75], "texture": "#0"}
			}
		},
		{
			"from": [-2.9171, -1.29433, 6.34838],
			"to": [-1.64316, -0.48756, 10.20864],
			"rotation": {"angle": 0, "axis": "y", "origin": [-6.93394, -9.9115, 7.3118]},
			"faces": {
				"north": {"uv": [6.5, 5.5, 6.875, 5.75], "texture": "#0"},
				"east": {"uv": [5, 4, 6, 4.25], "texture": "#0"},
				"south": {"uv": [1.5, 6.75, 1.875, 7], "texture": "#0"},
				"west": {"uv": [5, 4.25, 6, 4.5], "texture": "#0"},
				"up": {"uv": [3.625, 6.25, 3.25, 5.25], "texture": "#0"},
				"down": {"uv": [4.125, 5.25, 3.75, 6.25], "texture": "#0"}
			}
		},
		{
			"from": [12.4329, -3.19433, 5.09838],
			"to": [13.00684, -2.63756, 11.45864],
			"rotation": {"angle": 0, "axis": "y", "origin": [-6.93394, -9.9115, 7.3118]},
			"faces": {
				"north": {"uv": [8.75, 3.25, 8.875, 3.375], "texture": "#0"},
				"east": {"uv": [5.5, 3, 7.125, 3.125], "texture": "#0"},
				"south": {"uv": [3.5, 8.75, 3.625, 8.875], "texture": "#0"},
				"west": {"uv": [5.5, 3.25, 7.125, 3.375], "texture": "#0"},
				"up": {"uv": [6.125, 6.625, 6, 5], "texture": "#0"},
				"down": {"uv": [5.375, 6, 5.25, 7.625], "texture": "#0"}
			}
		},
		{
			"from": [12.5329, -2.64433, 7.09838],
			"to": [12.90684, -2.08756, 9.45864],
			"rotation": {"angle": 0, "axis": "y", "origin": [-6.93394, -9.9115, 7.3118]},
			"faces": {
				"north": {"uv": [8.75, 3, 8.875, 3.125], "texture": "#0"},
				"east": {"uv": [6.75, 4, 7.375, 4.125], "texture": "#0"},
				"south": {"uv": [3.25, 8.75, 3.375, 8.875], "texture": "#0"},
				"west": {"uv": [6.75, 4.25, 7.375, 4.375], "texture": "#0"},
				"up": {"uv": [3.125, 7.375, 3, 6.75], "texture": "#0"},
				"down": {"uv": [5.125, 6.75, 5, 7.375], "texture": "#0"}
			}
		},
		{
			"from": [12.1829, -2.09433, 6.84838],
			"to": [13.25684, -1.28756, 9.70864],
			"rotation": {"angle": 0, "axis": "y", "origin": [-6.93394, -9.9115, 7.3118]},
			"faces": {
				"north": {"uv": [1.75, 7, 2, 7.25], "texture": "#0"},
				"east": {"uv": [6.25, 5.75, 7, 6], "texture": "#0"},
				"south": {"uv": [2, 7, 2.25, 7.25], "texture": "#0"},
				"west": {"uv": [6.25, 6, 7, 6.25], "texture": "#0"},
				"up": {"uv": [6.5, 7, 6.25, 6.25], "texture": "#0"},
				"down": {"uv": [3.5, 6.5, 3.25, 7.25], "texture": "#0"}
			}
		},
		{
			"from": [12.0829, -1.29433, 6.34838],
			"to": [13.35684, -0.48756, 10.20864],
			"rotation": {"angle": 0, "axis": "y", "origin": [-6.93394, -9.9115, 7.3118]},
			"faces": {
				"north": {"uv": [6.75, 1.5, 7.125, 1.75], "texture": "#0"},
				"east": {"uv": [5.5, 2, 6.5, 2.25], "texture": "#0"},
				"south": {"uv": [6.75, 1.75, 7.125, 2], "texture": "#0"},
				"west": {"uv": [5.5, 2.25, 6.5, 2.5], "texture": "#0"},
				"up": {"uv": [4.625, 6.25, 4.25, 5.25], "texture": "#0"},
				"down": {"uv": [5.625, 5, 5.25, 6], "texture": "#0"}
			}
		},
		{
			"from": [17.2579, -10.09433, 4.09838],
			"to": [20.43184, -9.28756, 12.45864],
			"rotation": {"angle": 22.5, "axis": "z", "origin": [-6.93394, -9.9115, 7.3118]},
			"faces": {
				"north": {"uv": [5.5, 3.5, 6.25, 3.75], "texture": "#0"},
				"east": {"uv": [5, 0.5, 7.125, 0.75], "texture": "#0"},
				"south": {"uv": [6, 4, 6.75, 4.25], "texture": "#0"},
				"west": {"uv": [5, 0.75, 7.125, 1], "texture": "#0"},
				"up": {"uv": [0.75, 6.625, 0, 4.5], "texture": "#0"},
				"down": {"uv": [1.5, 4.5, 0.75, 6.625], "texture": "#0"}
			}
		},
		{
			"from": [20.4329, -10.09433, 5.09838],
			"to": [21.43184, -9.28756, 11.45864],
			"rotation": {"angle": 22.5, "axis": "z", "origin": [-6.93394, -9.9115, 7.3118]},
			"faces": {
				"north": {"uv": [5.5, 6.75, 5.75, 7], "texture": "#0"},
				"east": {"uv": [5, 1.5, 6.625, 1.75], "texture": "#0"},
				"south": {"uv": [5.75, 6.75, 6, 7], "texture": "#0"},
				"west": {"uv": [5, 1.75, 6.625, 2], "texture": "#0"},
				"up": {"uv": [5.25, 3.625, 5, 2], "texture": "#0"},
				"down": {"uv": [3.25, 5, 3, 6.625], "texture": "#0"}
			}
		},
		{
			"from": [-9.20684, -12.09433, 4.09838],
			"to": [-6.0329, -11.28756, 12.45864],
			"rotation": {"angle": -22.5, "axis": "z", "origin": [22.93394, -9.9115, 7.3118]},
			"faces": {
				"north": {"uv": [6, 4.25, 6.75, 4.5], "texture": "#0"},
				"east": {"uv": [5, 1, 7.125, 1.25], "texture": "#0"},
				"south": {"uv": [3.25, 6.25, 4, 6.5], "texture": "#0"},
				"west": {"uv": [5, 1.25, 7.125, 1.5], "texture": "#0"},
				"up": {"uv": [2.25, 6.625, 1.5, 4.5], "texture": "#0"},
				"down": {"uv": [3, 4.5, 2.25, 6.625], "texture": "#0"}
			}
		},
		{
			"from": [-10.20684, -12.09433, 5.09838],
			"to": [-9.2079, -11.28756, 11.45864],
			"rotation": {"angle": -22.5, "axis": "z", "origin": [22.93394, -9.9115, 7.3118]},
			"faces": {
				"north": {"uv": [6, 6.75, 6.25, 7], "texture": "#0"},
				"east": {"uv": [3.25, 5, 4.875, 5.25], "texture": "#0"},
				"south": {"uv": [6.5, 6.75, 6.75, 7], "texture": "#0"},
				"west": {"uv": [5, 3.75, 6.625, 4], "texture": "#0"},
				"up": {"uv": [5.25, 6.625, 5, 5], "texture": "#0"},
				"down": {"uv": [5.5, 2, 5.25, 3.625], "texture": "#0"}
			}
		}
	],
	"display": {
		"thirdperson_righthand": {
			"rotation": [0, 114, 0],
			"translation": [0.75, 1.5, 0],
			"scale": [0.16, 0.16, 0.16]
		},
		"thirdperson_lefthand": {
			"rotation": [0, 114, 0],
			"translation": [0.75, 1.5, 0],
			"scale": [0.16, 0.16, 0.16]
		},
		"firstperson_righthand": {
			"scale": [0.2, 0.2, 0.2]
		},
		"firstperson_lefthand": {
			"scale": [0.2, 0.2, 0.2]
		},
		"ground": {
			"rotation": [91, -90, 0],
			"translation": [0.25, 9, 10],
			"scale": [1.1, 1.1, 1.1]
		},
		"gui": {
			"rotation": [25, -61, 0],
			"translation": [1.6, 3, 0],
			"scale": [0.67, 0.67, 0.67]
		},
		"head": {
			"rotation": [0, 0, 16],
			"translation": [-0.25, 5, 0],
			"scale": [1.21, 1.21, 1.21]
		},
		"fixed": {
			"rotation": [-90, 0, 0],
			"translation": [0, 0, -23.25],
			"scale": [2.05, 2.05, 2.05]
		}
	},
	"groups": [
		{
			"name": "WHEELBACK2",
			"origin": [8, 8, 8],
			"color": 0,
			"children": [
				{
					"name": "WHEEL1",
					"origin": [11.89399, -2.90909, 1.18429],
					"color": 0,
					"children": [0, 1, 2, 3, 4, 5, 6, 7, 8, 9, 10, 11, 12, 13, 14, 15, 16]
				},
				17,
				18,
				19,
				20,
				21,
				22,
				23,
				24,
				25,
				26,
				27,
				28,
				29,
				30,
				31,
				32,
				33
			]
		},
		{
			"name": "WHEELBACK2",
			"origin": [8, 8, 8],
			"color": 0,
			"children": [
				{
					"name": "WHEEL1",
					"origin": [-1.12601, -2.90909, 1.18429],
					"color": 0,
					"children": [34, 35, 36, 37, 38, 39, 40, 41, 42, 43, 44, 45, 46, 47, 48, 49, 50]
				},
				51,
				52,
				53,
				54,
				55,
				56,
				57,
				58,
				59,
				60,
				61,
				62,
				63,
				64,
				65,
				66,
				67
			]
		},
		{
			"name": "SEAT + PEDAL",
			"origin": [3, 3, 8],
			"color": 0,
			"children": [68, 69, 70, 71, 72, 73, 74, 75, 76, 77, 78, 79, 80]
		}
	]
}