{
	"credit": "Made with Blockbench",
	"textures": {
		"0": "item/soapcrate",
		"1": "item/soapcratefire",
		"particle": "item/soapcrate"
	},
	"elements": [
		{
			"name": "BASE",
			"from": [-4.2, 1, 3.74],
			"to": [21.36, 1.71, 12.97],
			"rotation": {"angle": 0, "axis": "y", "origin": [4.32, 1, 8]},
			"faces": {
				"north": {"uv": [6.125, 4.375, 9.3125, 4.4375], "texture": "#0"},
				"east": {"uv": [8.5, 2, 9.625, 2.0625], "texture": "#0"},
				"south": {"uv": [6.125, 4.5, 9.3125, 4.5625], "texture": "#0"},
				"west": {"uv": [8.5, 3.125, 9.625, 3.1875], "texture": "#0"},
				"up": {"uv": [3.1875, 1.125, 0, 0], "texture": "#0"},
				"down": {"uv": [3.1875, 1.125, 0, 2.25], "texture": "#0"}
			}
		},
		{
			"name": "BASE",
			"from": [21.36, 1, 5.16],
			"to": [24.91, 1.71, 11.55],
			"rotation": {"angle": 0, "axis": "y", "origin": [4.32, 1, 8]},
			"faces": {
				"north": {"uv": [9.5, 4.875, 9.9375, 4.9375], "texture": "#0"},
				"east": {"uv": [9, 8.375, 9.8125, 8.4375], "texture": "#0"},
				"south": {"uv": [5, 9.5, 5.4375, 9.5625], "texture": "#0"},
				"west": {"uv": [8.875, 9, 9.6875, 9.0625], "texture": "#0"},
				"up": {"uv": [6.8125, 2.3125, 6.375, 1.5], "texture": "#0"},
				"down": {"uv": [3.6875, 6.5, 3.25, 7.3125], "texture": "#0"}
			}
		},
		{
			"name": "BASE",
			"from": [21.36, 1, 4.45],
			"to": [22.07, 1.71, 5.16],
			"rotation": {"angle": 0, "axis": "y", "origin": [4.32, 1, 8]},
			"faces": {
				"north": {"uv": [9.75, 4.5, 9.8125, 4.5625], "texture": "#0"},
				"east": {"uv": [4.625, 9.75, 4.6875, 9.8125], "texture": "#0"},
				"south": {"uv": [9.75, 4.625, 9.8125, 4.6875], "texture": "#0"},
				"west": {"uv": [4.75, 9.75, 4.8125, 9.8125], "texture": "#0"},
				"up": {"uv": [9.8125, 4.8125, 9.75, 4.75], "texture": "#0"},
				"down": {"uv": [4.9375, 9.75, 4.875, 9.8125], "texture": "#0"}
			}
		},
		{
			"name": "BASE",
			"from": [21.36, 1, 11.55],
			"to": [22.07, 1.71, 12.26],
			"rotation": {"angle": 0, "axis": "y", "origin": [4.32, 1, 8]},
			"faces": {
				"north": {"uv": [5, 9.75, 5.0625, 9.8125], "texture": "#0"},
				"east": {"uv": [5.125, 9.75, 5.1875, 9.8125], "texture": "#0"},
				"south": {"uv": [5.25, 9.75, 5.3125, 9.8125], "texture": "#0"},
				"west": {"uv": [9.75, 5.25, 9.8125, 5.3125], "texture": "#0"},
				"up": {"uv": [5.4375, 9.8125, 5.375, 9.75], "texture": "#0"},
				"down": {"uv": [9.8125, 5.375, 9.75, 5.4375], "texture": "#0"}
			}
		},
		{
			"name": "hexadecagon",
			"from": [19.94143, -1.95173, 0.14267],
			"to": [21.13925, -0.96299, 3.94697],
			"rotation": {"angle": -45, "axis": "z", "origin": [20.78643, 1.30529, 1.78049]},
			"faces": {
				"north": {"uv": [3.75, 2.125, 3.875, 2.25], "texture": "#0"},
				"east": {"uv": [2.5, 3.125, 3, 3.25], "texture": "#0"},
				"south": {"uv": [4, 3.375, 4.125, 3.5], "texture": "#0"},
				"west": {"uv": [3.25, 2.125, 3.75, 2.25], "texture": "#0"},
				"up": {"uv": [4, 1.375, 3.875, 0.875], "texture": "#0"},
				"down": {"uv": [4, 1.375, 3.875, 1.875], "texture": "#0"}
			}
		},
		{
			"name": "hexadecagon",
			"from": [19.86599, -1.83882, 0.14267],
			"to": [21.06381, -0.85008, 3.94697],
			"rotation": {"angle": -22.5, "axis": "z", "origin": [20.78643, 1.30529, 1.78049]},
			"faces": {
				"north": {"uv": [4.125, 3.375, 4.25, 3.5], "texture": "#0"},
				"east": {"uv": [2.5, 3.25, 3, 3.375], "texture": "#0"},
				"south": {"uv": [0.875, 5.375, 1, 5.5], "texture": "#0"},
				"west": {"uv": [2.5, 3.375, 3, 3.5], "texture": "#0"},
				"up": {"uv": [3.625, 6.375, 3.5, 5.875], "texture": "#0"},
				"down": {"uv": [7, 4.625, 6.875, 5.125], "texture": "#0"}
			}
		},
		{
			"name": "hexadecagon",
			"from": [19.8395, -1.70564, 0.14267],
			"to": [21.03732, -0.7169, 3.94697],
			"rotation": {"angle": 0, "axis": "z", "origin": [20.78643, 1.30529, 1.78049]},
			"faces": {
				"north": {"uv": [5.625, 0.75, 5.75, 0.875], "texture": "#0"},
				"east": {"uv": [7.75, 6.5, 8.25, 6.625], "texture": "#0"},
				"south": {"uv": [5.875, 4.625, 6, 4.75], "texture": "#0"},
				"west": {"uv": [7.875, 5.875, 8.375, 6], "texture": "#0"},
				"up": {"uv": [6.125, 8.75, 6, 8.25], "texture": "#0"},
				"down": {"uv": [3.875, 8.5, 3.75, 9], "texture": "#0"}
			}
		},
		{
			"name": "hexadecagon",
			"from": [19.86599, -1.57246, 0.14267],
			"to": [21.06381, -0.58372, 3.94697],
			"rotation": {"angle": 22.5, "axis": "z", "origin": [20.78643, 1.30529, 1.78049]},
			"faces": {
				"north": {"uv": [5.875, 4.75, 6, 4.875], "texture": "#0"},
				"east": {"uv": [8.5, 5.625, 9, 5.75], "texture": "#0"},
				"south": {"uv": [0.625, 6.125, 0.75, 6.25], "texture": "#0"},
				"west": {"uv": [8.5, 5.75, 9, 5.875], "texture": "#0"},
				"up": {"uv": [4, 9, 3.875, 8.5], "texture": "#0"},
				"down": {"uv": [4.125, 8.5, 4, 9], "texture": "#0"}
			}
		},
		{
			"name": "hexadecagon",
			"from": [19.94143, -1.45955, 0.14267],
			"to": [21.13925, -0.47081, 3.94697],
			"rotation": {"angle": 45, "axis": "z", "origin": [20.78643, 1.30529, 1.78049]},
			"faces": {
				"north": {"uv": [0.75, 6.125, 0.875, 6.25], "texture": "#0"},
				"east": {"uv": [8.5, 7.25, 9, 7.375], "texture": "#0"},
				"south": {"uv": [6.375, 2.375, 6.5, 2.5], "texture": "#0"},
				"west": {"uv": [8.5, 7.375, 9, 7.5], "texture": "#0"},
				"up": {"uv": [4.25, 9, 4.125, 8.5], "texture": "#0"},
				"down": {"uv": [8, 8.5, 7.875, 9], "texture": "#0"}
			}
		},
		{
			"name": "hexadecagon",
			"from": [19.94143, 3.08138, 0.14267],
			"to": [21.13925, 4.07012, 3.94697],
			"rotation": {"angle": -45, "axis": "z", "origin": [20.78643, 1.30529, 1.78049]},
			"faces": {
				"north": {"uv": [3.5, 6.375, 3.625, 6.5], "texture": "#0"},
				"east": {"uv": [8.5, 7.5, 9, 7.625], "texture": "#0"},
				"south": {"uv": [6.5, 0.625, 6.625, 0.75], "texture": "#0"},
				"west": {"uv": [8.5, 7.625, 9, 7.75], "texture": "#0"},
				"up": {"uv": [8.125, 9, 8, 8.5], "texture": "#0"},
				"down": {"uv": [8.25, 8.5, 8.125, 9], "texture": "#0"}
			}
		},
		{
			"name": "hexadecagon",
			"from": [19.86599, 3.19428, 0.14267],
			"to": [21.06381, 4.18302, 3.94697],
			"rotation": {"angle": -22.5, "axis": "z", "origin": [20.78643, 1.30529, 1.78049]},
			"faces": {
				"north": {"uv": [6.5, 2.375, 6.625, 2.5], "texture": "#0"},
				"east": {"uv": [8.25, 8.5, 8.75, 8.625], "texture": "#0"},
				"south": {"uv": [4.375, 6.5, 4.5, 6.625], "texture": "#0"},
				"west": {"uv": [8.5, 8.25, 9, 8.375], "texture": "#0"},
				"up": {"uv": [8.75, 2.625, 8.625, 2.125], "texture": "#0"},
				"down": {"uv": [2.375, 8.625, 2.25, 9.125], "texture": "#0"}
			}
		},
		{
			"name": "hexadecagon",
			"from": [19.8395, 3.32747, 0.14267],
			"to": [21.03732, 4.3162, 3.94697],
			"rotation": {"angle": 0, "axis": "z", "origin": [20.78643, 1.30529, 1.78049]},
			"faces": {
				"north": {"uv": [5.875, 6.625, 6, 6.75], "texture": "#0"},
				"east": {"uv": [8.5, 8.375, 9, 8.5], "texture": "#0"},
				"south": {"uv": [6.75, 6.5, 6.875, 6.625], "texture": "#0"},
				"west": {"uv": [3.25, 8.625, 3.75, 8.75], "texture": "#0"},
				"up": {"uv": [2.5, 9.125, 2.375, 8.625], "texture": "#0"},
				"down": {"uv": [2.625, 8.625, 2.5, 9.125], "texture": "#0"}
			}
		},
		{
			"name": "hexadecagon",
			"from": [19.86599, 3.46065, 0.14267],
			"to": [21.06381, 4.44939, 3.94697],
			"rotation": {"angle": 22.5, "axis": "z", "origin": [20.78643, 1.30529, 1.78049]},
			"faces": {
				"north": {"uv": [6.875, 5.125, 7, 5.25], "texture": "#0"},
				"east": {"uv": [8.625, 3.25, 9.125, 3.375], "texture": "#0"},
				"south": {"uv": [6.875, 6.5, 7, 6.625], "texture": "#0"},
				"west": {"uv": [8.625, 3.375, 9.125, 3.5], "texture": "#0"},
				"up": {"uv": [2.75, 9.125, 2.625, 8.625], "texture": "#0"},
				"down": {"uv": [8.75, 3.5, 8.625, 4], "texture": "#0"}
			}
		},
		{
			"name": "hexadecagon",
			"from": [19.94143, 3.57356, 0.14267],
			"to": [21.13925, 4.5623, 3.94697],
			"rotation": {"angle": 45, "axis": "z", "origin": [20.78643, 1.30529, 1.78049]},
			"faces": {
				"north": {"uv": [7, 3.875, 7.125, 4], "texture": "#0"},
				"east": {"uv": [5, 8.625, 5.5, 8.75], "texture": "#0"},
				"south": {"uv": [7, 4, 7.125, 4.125], "texture": "#0"},
				"west": {"uv": [6.125, 8.625, 6.625, 8.75], "texture": "#0"},
				"up": {"uv": [8.75, 8.25, 8.625, 7.75], "texture": "#0"},
				"down": {"uv": [8.375, 8.625, 8.25, 9.125], "texture": "#0"}
			}
		},
		{
			"name": "hexadecagon",
			"from": [17.45398, 0.57319, 0.14267],
			"to": [18.44272, 1.77101, 3.94697],
			"rotation": {"angle": -22.5, "axis": "z", "origin": [20.78643, 1.30529, 1.78049]},
			"faces": {
				"north": {"uv": [7.125, 0.5, 7.25, 0.625], "texture": "#0"},
				"east": {"uv": [8.625, 7, 9.125, 7.125], "texture": "#0"},
				"south": {"uv": [7.875, 2.125, 8, 2.25], "texture": "#0"},
				"west": {"uv": [8.625, 7.125, 9.125, 7.25], "texture": "#0"},
				"up": {"uv": [8.5, 9.125, 8.375, 8.625], "texture": "#0"},
				"down": {"uv": [8.625, 8.625, 8.5, 9.125], "texture": "#0"}
			}
		},
		{
			"name": "hexadecagon",
			"from": [17.42749, 0.70637, 0.14267],
			"to": [18.41623, 1.90419, 3.94697],
			"rotation": {"angle": 0, "axis": "z", "origin": [20.78643, 1.30529, 1.78049]},
			"faces": {
				"north": {"uv": [7.875, 7.75, 8, 7.875], "texture": "#0"},
				"east": {"uv": [8.625, 8.625, 9.125, 8.75], "texture": "#0"},
				"south": {"uv": [8, 2.625, 8.125, 2.75], "texture": "#0"},
				"west": {"uv": [8.75, 2.125, 9.25, 2.25], "texture": "#0"},
				"up": {"uv": [3.375, 9.25, 3.25, 8.75], "texture": "#0"},
				"down": {"uv": [3.5, 8.75, 3.375, 9.25], "texture": "#0"}
			}
		},
		{
			"name": "hexadecagon",
			"from": [17.45398, 0.83956, 0.14267],
			"to": [18.44272, 2.03738, 3.94697],
			"rotation": {"angle": 22.5, "axis": "z", "origin": [20.78643, 1.30529, 1.78049]},
			"faces": {
				"north": {"uv": [8.125, 2.625, 8.25, 2.75], "texture": "#0"},
				"east": {"uv": [8.75, 2.25, 9.25, 2.375], "texture": "#0"},
				"south": {"uv": [7.875, 8.125, 8, 8.25], "texture": "#0"},
				"west": {"uv": [8.75, 2.375, 9.25, 2.5], "texture": "#0"},
				"up": {"uv": [3.625, 9.25, 3.5, 8.75], "texture": "#0"},
				"down": {"uv": [8.875, 3.5, 8.75, 4], "texture": "#0"}
			}
		},
		{
			"name": "hexadecagon",
			"from": [22.48708, 0.57319, 0.14267],
			"to": [23.47582, 1.77101, 3.94697],
			"rotation": {"angle": -22.5, "axis": "z", "origin": [20.78643, 1.30529, 1.78049]},
			"faces": {
				"north": {"uv": [8.375, 1.5, 8.5, 1.625], "texture": "#0"},
				"east": {"uv": [8.75, 2.5, 9.25, 2.625], "texture": "#0"},
				"south": {"uv": [8.5, 9.125, 8.625, 9.25], "texture": "#0"},
				"west": {"uv": [8.75, 4.875, 9.25, 5], "texture": "#0"},
				"up": {"uv": [3.75, 9.25, 3.625, 8.75], "texture": "#0"},
				"down": {"uv": [5.125, 8.75, 5, 9.25], "texture": "#0"}
			}
		},
		{
			"name": "hexadecagon",
			"from": [22.46059, 0.70637, 0.14267],
			"to": [23.44933, 1.90419, 3.94697],
			"rotation": {"angle": 0, "axis": "z", "origin": [20.78643, 1.30529, 1.78049]},
			"faces": {
				"north": {"uv": [9.125, 8.625, 9.25, 8.75], "texture": "#0"},
				"east": {"uv": [8.75, 5, 9.25, 5.125], "texture": "#0"},
				"south": {"uv": [8.75, 9.25, 8.875, 9.375], "texture": "#0"},
				"west": {"uv": [8.75, 5.125, 9.25, 5.25], "texture": "#0"},
				"up": {"uv": [5.25, 9.25, 5.125, 8.75], "texture": "#0"},
				"down": {"uv": [5.375, 8.75, 5.25, 9.25], "texture": "#0"}
			}
		},
		{
			"name": "hexadecagon",
			"from": [22.48708, 0.83956, 0.14267],
			"to": [23.47582, 2.03738, 3.94697],
			"rotation": {"angle": 22.5, "axis": "z", "origin": [20.78643, 1.30529, 1.78049]},
			"faces": {
				"north": {"uv": [9.5, 5.25, 9.625, 5.375], "texture": "#0"},
				"east": {"uv": [8.75, 5.25, 9.25, 5.375], "texture": "#0"},
				"south": {"uv": [9.5, 5.625, 9.625, 5.75], "texture": "#0"},
				"west": {"uv": [6, 8.75, 6.5, 8.875], "texture": "#0"},
				"up": {"uv": [5.5, 9.25, 5.375, 8.75], "texture": "#0"},
				"down": {"uv": [6.625, 8.75, 6.5, 9.25], "texture": "#0"}
			}
		},
		{
			"name": "hexadecagon",
			"from": [18.32731, -0.80724, 1.03107],
			"to": [22.54817, 3.37232, 1.60746],
			"rotation": {"angle": 0, "axis": "y", "origin": [20.5362, 1.25591, 0.76802]},
			"faces": {
				"north": {"uv": [4.375, 6.625, 4.875, 7.125], "texture": "#0"},
				"east": {"uv": [2.625, 9.5, 2.6875, 10], "texture": "#0"},
				"south": {"uv": [4.875, 6.625, 5.375, 7.125], "texture": "#0"},
				"west": {"uv": [3.25, 9.5, 3.3125, 10], "texture": "#0"},
				"up": {"uv": [10, 2.5625, 9.5, 2.5], "texture": "#0"},
				"down": {"uv": [3.875, 9.5, 3.375, 9.5625], "texture": "#0"}
			}
		},
		{
			"name": "hexadecagon",
			"from": [-2.81136, -2.53131, -1.13643],
			"to": [-1.41855, -1.15046, 3.69996],
			"rotation": {"angle": -45, "axis": "z", "origin": [-1.8288, 1.25591, 0.76802]},
			"faces": {
				"north": {"uv": [2.75, 9.125, 2.9375, 9.3125], "texture": "#0"},
				"east": {"uv": [3.25, 1.875, 3.875, 2.0625], "texture": "#0"},
				"south": {"uv": [3, 9.125, 3.1875, 9.3125], "texture": "#0"},
				"west": {"uv": [5.25, 4.625, 5.875, 4.8125], "texture": "#0"},
				"up": {"uv": [5.6875, 3.125, 5.5, 2.5], "texture": "#0"},
				"down": {"uv": [3.4375, 5.875, 3.25, 6.5], "texture": "#0"}
			}
		},
		{
			"name": "hexadecagon",
			"from": [-2.89908, -2.40003, -1.13643],
			"to": [-1.50627, -1.01917, 3.69996],
			"rotation": {"angle": -22.5, "axis": "z", "origin": [-1.8288, 1.25591, 0.76802]},
			"faces": {
				"north": {"uv": [9.125, 3.375, 9.3125, 3.5625], "texture": "#0"},
				"east": {"uv": [5.75, 1.5, 6.375, 1.6875], "texture": "#0"},
				"south": {"uv": [9.125, 3.625, 9.3125, 3.8125], "texture": "#0"},
				"west": {"uv": [7.125, 0.25, 7.75, 0.4375], "texture": "#0"},
				"up": {"uv": [4.6875, 7.75, 4.5, 7.125], "texture": "#0"},
				"down": {"uv": [4.9375, 7.125, 4.75, 7.75], "texture": "#0"}
			}
		},
		{
			"name": "hexadecagon",
			"from": [-2.92989, -2.24516, -1.13643],
			"to": [-1.53707, -0.8643, 3.69996],
			"rotation": {"angle": 0, "axis": "y", "origin": [-1.8288, 1.25591, 0.76802]},
			"faces": {
				"north": {"uv": [4.25, 9.125, 4.4375, 9.3125], "texture": "#0"},
				"east": {"uv": [5, 7.125, 5.625, 7.3125], "texture": "#0"},
				"south": {"uv": [4.5, 9.125, 4.6875, 9.3125], "texture": "#0"},
				"west": {"uv": [7.125, 6.75, 7.75, 6.9375], "texture": "#0"},
				"up": {"uv": [5.8125, 7.75, 5.625, 7.125], "texture": "#0"},
				"down": {"uv": [7.3125, 7, 7.125, 7.625], "texture": "#0"}
			}
		},
		{
			"name": "hexadecagon",
			"from": [-2.89908, -2.0903, -1.13643],
			"to": [-1.50627, -0.70944, 3.69996],
			"rotation": {"angle": 22.5, "axis": "z", "origin": [-1.8288, 1.25591, 0.76802]},
			"faces": {
				"north": {"uv": [9.125, 4.625, 9.3125, 4.8125], "texture": "#0"},
				"east": {"uv": [7.25, 0.5, 7.875, 0.6875], "texture": "#0"},
				"south": {"uv": [4.75, 9.125, 4.9375, 9.3125], "texture": "#0"},
				"west": {"uv": [7.25, 0.75, 7.875, 0.9375], "texture": "#0"},
				"up": {"uv": [0.8125, 7.875, 0.625, 7.25], "texture": "#0"},
				"down": {"uv": [1.0625, 7.25, 0.875, 7.875], "texture": "#0"}
			}
		},
		{
			"name": "hexadecagon",
			"from": [-2.81136, -1.95901, -1.13643],
			"to": [-1.41855, -0.57815, 3.69996],
			"rotation": {"angle": 45, "axis": "z", "origin": [-1.8288, 1.25591, 0.76802]},
			"faces": {
				"north": {"uv": [9.125, 5.375, 9.3125, 5.5625], "texture": "#0"},
				"east": {"uv": [7.25, 1, 7.875, 1.1875], "texture": "#0"},
				"south": {"uv": [9.125, 7, 9.3125, 7.1875], "texture": "#0"},
				"west": {"uv": [7.25, 4.625, 7.875, 4.8125], "texture": "#0"},
				"up": {"uv": [1.6875, 7.875, 1.5, 7.25], "texture": "#0"},
				"down": {"uv": [7.4375, 4.875, 7.25, 5.5], "texture": "#0"}
			}
		},
		{
			"name": "hexadecagon",
			"from": [-2.81136, 3.08997, -1.13643],
			"to": [-1.41855, 4.47083, 3.69996],
			"rotation": {"angle": -45, "axis": "z", "origin": [-1.8288, 1.25591, 0.76802]},
			"faces": {
				"north": {"uv": [8.25, 9.125, 8.4375, 9.3125], "texture": "#0"},
				"east": {"uv": [7.25, 5.5, 7.875, 5.6875], "texture": "#0"},
				"south": {"uv": [8.875, 9.125, 9.0625, 9.3125], "texture": "#0"},
				"west": {"uv": [7.25, 5.75, 7.875, 5.9375], "texture": "#0"},
				"up": {"uv": [7.4375, 6.625, 7.25, 6], "texture": "#0"},
				"down": {"uv": [7.5625, 1.625, 7.375, 2.25], "texture": "#0"}
			}
		},
		{
			"name": "hexadecagon",
			"from": [-2.89908, 3.22126, -1.13643],
			"to": [-1.50627, 4.60212, 3.69996],
			"rotation": {"angle": -22.5, "axis": "z", "origin": [-1.8288, 1.25591, 0.76802]},
			"faces": {
				"north": {"uv": [9.125, 9.125, 9.3125, 9.3125], "texture": "#0"},
				"east": {"uv": [7.375, 2.25, 8, 2.4375], "texture": "#0"},
				"south": {"uv": [2, 9.25, 2.1875, 9.4375], "texture": "#0"},
				"west": {"uv": [7.375, 2.5, 8, 2.6875], "texture": "#0"},
				"up": {"uv": [7.5625, 3.375, 7.375, 2.75], "texture": "#0"},
				"down": {"uv": [3.4375, 7.375, 3.25, 8], "texture": "#0"}
			}
		},
		{
			"name": "hexadecagon",
			"from": [-2.92989, 3.37613, -1.13643],
			"to": [-1.53707, 4.75699, 3.69996],
			"rotation": {"angle": 0, "axis": "y", "origin": [-1.8288, 1.25591, 0.76802]},
			"faces": {
				"north": {"uv": [9.25, 2.125, 9.4375, 2.3125], "texture": "#0"},
				"east": {"uv": [7.375, 3.375, 8, 3.5625], "texture": "#0"},
				"south": {"uv": [2.25, 9.25, 2.4375, 9.4375], "texture": "#0"},
				"west": {"uv": [7.375, 3.625, 8, 3.8125], "texture": "#0"},
				"up": {"uv": [3.6875, 8, 3.5, 7.375], "texture": "#0"},
				"down": {"uv": [5.1875, 7.375, 5, 8], "texture": "#0"}
			}
		},
		{
			"name": "hexadecagon",
			"from": [-2.89908, 3.53099, -1.13643],
			"to": [-1.50627, 4.91185, 3.69996],
			"rotation": {"angle": 22.5, "axis": "z", "origin": [-1.8288, 1.25591, 0.76802]},
			"faces": {
				"north": {"uv": [9.25, 2.375, 9.4375, 2.5625], "texture": "#0"},
				"east": {"uv": [7.375, 3.875, 8, 4.0625], "texture": "#0"},
				"south": {"uv": [2.5, 9.25, 2.6875, 9.4375], "texture": "#0"},
				"west": {"uv": [7.375, 7, 8, 7.1875], "texture": "#0"},
				"up": {"uv": [5.4375, 8, 5.25, 7.375], "texture": "#0"},
				"down": {"uv": [7.5625, 7.25, 7.375, 7.875], "texture": "#0"}
			}
		},
		{
			"name": "hexadecagon",
			"from": [-2.81136, 3.66228, -1.13643],
			"to": [-1.41855, 5.04314, 3.69996],
			"rotation": {"angle": 45, "axis": "z", "origin": [-1.8288, 1.25591, 0.76802]},
			"faces": {
				"north": {"uv": [3.25, 9.25, 3.4375, 9.4375], "texture": "#0"},
				"east": {"uv": [7.5, 4.875, 8.125, 5.0625], "texture": "#0"},
				"south": {"uv": [3.5, 9.25, 3.6875, 9.4375], "texture": "#0"},
				"west": {"uv": [7.5, 5.125, 8.125, 5.3125], "texture": "#0"},
				"up": {"uv": [7.6875, 6.625, 7.5, 6], "texture": "#0"},
				"down": {"uv": [7.8125, 1.625, 7.625, 2.25], "texture": "#0"}
			}
		},
		{
			"name": "hexadecagon",
			"from": [-5.70374, 0.40464, -1.13643],
			"to": [-4.32289, 1.79745, 3.69996],
			"rotation": {"angle": -22.5, "axis": "z", "origin": [-1.8288, 1.25591, 0.76802]},
			"faces": {
				"north": {"uv": [9.25, 4.125, 9.4375, 4.3125], "texture": "#0"},
				"east": {"uv": [7.625, 1.25, 8.25, 1.4375], "texture": "#0"},
				"south": {"uv": [9.25, 4.875, 9.4375, 5.0625], "texture": "#0"},
				"west": {"uv": [7.625, 2.75, 8.25, 2.9375], "texture": "#0"},
				"up": {"uv": [7.3125, 8.25, 7.125, 7.625], "texture": "#0"},
				"down": {"uv": [7.8125, 7.25, 7.625, 7.875], "texture": "#0"}
			}
		},
		{
			"name": "hexadecagon",
			"from": [-5.73455, 0.55951, -1.13643],
			"to": [-4.35369, 1.95232, 3.69996],
			"rotation": {"angle": 0, "axis": "y", "origin": [-1.8288, 1.25591, 0.76802]},
			"faces": {
				"north": {"uv": [5, 9.25, 5.1875, 9.4375], "texture": "#0"},
				"east": {"uv": [7.625, 3, 8.25, 3.1875], "texture": "#0"},
				"south": {"uv": [9.25, 5.125, 9.4375, 5.3125], "texture": "#0"},
				"west": {"uv": [7.75, 0.25, 8.375, 0.4375], "texture": "#0"},
				"up": {"uv": [1.3125, 8.375, 1.125, 7.75], "texture": "#0"},
				"down": {"uv": [1.9375, 7.75, 1.75, 8.375], "texture": "#0"}
			}
		},
		{
			"name": "hexadecagon",
			"from": [-5.70374, 0.71437, -1.13643],
			"to": [-4.32289, 2.10718, 3.69996],
			"rotation": {"angle": 22.5, "axis": "z", "origin": [-1.8288, 1.25591, 0.76802]},
			"faces": {
				"north": {"uv": [5.25, 9.25, 5.4375, 9.4375], "texture": "#0"},
				"east": {"uv": [5.5, 7.75, 6.125, 7.9375], "texture": "#0"},
				"south": {"uv": [9.25, 7.75, 9.4375, 7.9375], "texture": "#0"},
				"west": {"uv": [7.75, 6, 8.375, 6.1875], "texture": "#0"},
				"up": {"uv": [2.1875, 8.375, 2, 7.75], "texture": "#0"},
				"down": {"uv": [2.9375, 7.75, 2.75, 8.375], "texture": "#0"}
			}
		},
		{
			"name": "hexadecagon",
			"from": [-0.08246, 0.40464, -1.13643],
			"to": [1.2984, 1.79745, 3.69996],
			"rotation": {"angle": -22.5, "axis": "z", "origin": [-1.8288, 1.25591, 0.76802]},
			"faces": {
				"north": {"uv": [9.25, 8, 9.4375, 8.1875], "texture": "#0"},
				"east": {"uv": [7.75, 6.25, 8.375, 6.4375], "texture": "#0"},
				"south": {"uv": [8.5, 9.25, 8.6875, 9.4375], "texture": "#0"},
				"west": {"uv": [7.75, 6.75, 8.375, 6.9375], "texture": "#0"},
				"up": {"uv": [3.1875, 8.375, 3, 7.75], "texture": "#0"},
				"down": {"uv": [4.6875, 7.75, 4.5, 8.375], "texture": "#0"}
			}
		},
		{
			"name": "hexadecagon",
			"from": [-0.11326, 0.55951, -1.13643],
			"to": [1.2676, 1.95232, 3.69996],
			"rotation": {"angle": 0, "axis": "y", "origin": [-1.8288, 1.25591, 0.76802]},
			"faces": {
				"north": {"uv": [9.25, 8.5, 9.4375, 8.6875], "texture": "#0"},
				"east": {"uv": [7.875, 0.5, 8.5, 0.6875], "texture": "#0"},
				"south": {"uv": [9.375, 0.75, 9.5625, 0.9375], "texture": "#0"},
				"west": {"uv": [7.875, 0.75, 8.5, 0.9375], "texture": "#0"},
				"up": {"uv": [4.9375, 8.375, 4.75, 7.75], "texture": "#0"},
				"down": {"uv": [6.8125, 7.75, 6.625, 8.375], "texture": "#0"}
			}
		},
		{
			"name": "hexadecagon",
			"from": [-4.55076, -1.03799, -0.42643],
			"to": [0.0251, 3.54982, 0.14996],
			"rotation": {"angle": 0, "axis": "y", "origin": [-1.8288, 1.25591, 0.76802]},
			"faces": {
				"north": {"uv": [4.875, 1.75, 5.4375, 2.3125], "texture": "#0"},
				"east": {"uv": [1, 9.125, 1.0625, 9.6875], "texture": "#0"},
				"south": {"uv": [6.5, 0, 7.0625, 0.5625], "texture": "#0"},
				"west": {"uv": [6.5, 9.25, 6.5625, 9.8125], "texture": "#0"},
				"up": {"uv": [9.6875, 3.9375, 9.125, 3.875], "texture": "#0"},
				"down": {"uv": [9.8125, 6.375, 9.25, 6.4375], "texture": "#0"}
			}
		},
		{
			"name": "hexadecagon",
			"from": [-0.08246, 0.71437, -1.13643],
			"to": [1.2984, 2.10718, 3.69996],
			"rotation": {"angle": 22.5, "axis": "z", "origin": [-1.8288, 1.25591, 0.76802]},
			"faces": {
				"north": {"uv": [9.375, 1, 9.5625, 1.1875], "texture": "#0"},
				"east": {"uv": [7.875, 1, 8.5, 1.1875], "texture": "#0"},
				"south": {"uv": [9.375, 1.25, 9.5625, 1.4375], "texture": "#0"},
				"west": {"uv": [7.875, 1.625, 8.5, 1.8125], "texture": "#0"},
				"up": {"uv": [7.0625, 8.375, 6.875, 7.75], "texture": "#0"},
				"down": {"uv": [0.1875, 7.875, 0, 8.5], "texture": "#0"}
			}
		},
		{
			"name": "hexadecagon",
			"from": [-2.55917, 0.9574, -0.662],
			"to": [-1.93583, 1.6035, 17.2655],
			"rotation": {"angle": 0, "axis": "z", "origin": [-2.2475, 1.1775, 10.13]},
			"faces": {
				"north": {"uv": [9.625, 8.625, 9.6875, 8.6875], "texture": "#0"},
				"east": {"uv": [7, 4.125, 9.25, 4.1875], "texture": "#0"},
				"south": {"uv": [8.75, 9.625, 8.8125, 9.6875], "texture": "#0"},
				"west": {"uv": [7, 4.25, 9.25, 4.3125], "texture": "#0"},
				"up": {"uv": [1.4375, 9, 1.375, 6.75], "texture": "#0"},
				"down": {"uv": [0.5625, 6.875, 0.5, 9.125], "texture": "#0"}
			}
		},
		{
			"name": "hexadecagon",
			"from": [20.16083, 0.9574, 0.758],
			"to": [20.78417, 1.6035, 16.2005],
			"rotation": {"angle": 0, "axis": "z", "origin": [20.4725, 1.1775, 11.55]},
			"faces": {
				"north": {"uv": [9.625, 8.75, 9.6875, 8.8125], "texture": "#0"},
				"east": {"uv": [7.125, 0, 9.0625, 0.0625], "texture": "#0"},
				"south": {"uv": [8.875, 9.625, 8.9375, 9.6875], "texture": "#0"},
				"west": {"uv": [7.125, 0.125, 9.0625, 0.1875], "texture": "#0"},
				"up": {"uv": [4.3125, 9.0625, 4.25, 7.125], "texture": "#0"},
				"down": {"uv": [4.4375, 7.125, 4.375, 9.0625], "texture": "#0"}
			}
		},
		{
			"name": "hexadecagon",
			"from": [-2.81136, -2.53131, 13.06357],
			"to": [-1.41855, -1.15046, 17.89996],
			"rotation": {"angle": -45, "axis": "z", "origin": [-1.8288, 1.25591, 14.96802]},
			"faces": {
				"north": {"uv": [1.5, 9.375, 1.6875, 9.5625], "texture": "#0"},
				"east": {"uv": [7.875, 1.875, 8.5, 2.0625], "texture": "#0"},
				"south": {"uv": [9.375, 1.5, 9.5625, 1.6875], "texture": "#0"},
				"west": {"uv": [7.875, 4.625, 8.5, 4.8125], "texture": "#0"},
				"up": {"uv": [0.4375, 8.5, 0.25, 7.875], "texture": "#0"},
				"down": {"uv": [0.8125, 7.875, 0.625, 8.5], "texture": "#0"}
			}
		},
		{
			"name": "hexadecagon",
			"from": [-2.89908, -2.40003, 13.06357],
			"to": [-1.50627, -1.01917, 17.89996],
			"rotation": {"angle": -22.5, "axis": "z", "origin": [-1.8288, 1.25591, 14.96802]},
			"faces": {
				"north": {"uv": [1.75, 9.375, 1.9375, 9.5625], "texture": "#0"},
				"east": {"uv": [7.875, 5.375, 8.5, 5.5625], "texture": "#0"},
				"south": {"uv": [9.375, 1.75, 9.5625, 1.9375], "texture": "#0"},
				"west": {"uv": [7.875, 5.625, 8.5, 5.8125], "texture": "#0"},
				"up": {"uv": [1.0625, 8.5, 0.875, 7.875], "texture": "#0"},
				"down": {"uv": [1.6875, 7.875, 1.5, 8.5], "texture": "#0"}
			}
		},
		{
			"name": "hexadecagon",
			"from": [-2.92989, -2.24516, 13.06357],
			"to": [-1.53707, -0.8643, 17.89996],
			"rotation": {"angle": 0, "axis": "y", "origin": [-1.8288, 1.25591, 14.96802]},
			"faces": {
				"north": {"uv": [2.75, 9.375, 2.9375, 9.5625], "texture": "#0"},
				"east": {"uv": [7.875, 7.25, 8.5, 7.4375], "texture": "#0"},
				"south": {"uv": [3, 9.375, 3.1875, 9.5625], "texture": "#0"},
				"west": {"uv": [7.375, 7.875, 8, 8.0625], "texture": "#0"},
				"up": {"uv": [3.9375, 8.5, 3.75, 7.875], "texture": "#0"},
				"down": {"uv": [4.1875, 7.875, 4, 8.5], "texture": "#0"}
			}
		},
		{
			"name": "hexadecagon",
			"from": [-2.89908, -2.0903, 13.06357],
			"to": [-1.50627, -0.70944, 17.89996],
			"rotation": {"angle": 22.5, "axis": "z", "origin": [-1.8288, 1.25591, 14.96802]},
			"faces": {
				"north": {"uv": [9.375, 3.375, 9.5625, 3.5625], "texture": "#0"},
				"east": {"uv": [7.875, 7.5, 8.5, 7.6875], "texture": "#0"},
				"south": {"uv": [9.375, 3.625, 9.5625, 3.8125], "texture": "#0"},
				"west": {"uv": [8, 2.125, 8.625, 2.3125], "texture": "#0"},
				"up": {"uv": [2.4375, 8.625, 2.25, 8], "texture": "#0"},
				"down": {"uv": [2.6875, 8, 2.5, 8.625], "texture": "#0"}
			}
		},
		{
			"name": "hexadecagon",
			"from": [-2.81136, -1.95901, 13.06357],
			"to": [-1.41855, -0.57815, 17.89996],
			"rotation": {"angle": 45, "axis": "z", "origin": [-1.8288, 1.25591, 14.96802]},
			"faces": {
				"north": {"uv": [4.25, 9.375, 4.4375, 9.5625], "texture": "#0"},
				"east": {"uv": [8, 2.375, 8.625, 2.5625], "texture": "#0"},
				"south": {"uv": [9.375, 4.375, 9.5625, 4.5625], "texture": "#0"},
				"west": {"uv": [8, 3.25, 8.625, 3.4375], "texture": "#0"},
				"up": {"uv": [3.4375, 8.625, 3.25, 8], "texture": "#0"},
				"down": {"uv": [3.6875, 8, 3.5, 8.625], "texture": "#0"}
			}
		},
		{
			"name": "hexadecagon",
			"from": [-2.81136, 3.08997, 13.06357],
			"to": [-1.41855, 4.47083, 17.89996],
			"rotation": {"angle": -45, "axis": "z", "origin": [-1.8288, 1.25591, 14.96802]},
			"faces": {
				"north": {"uv": [4.5, 9.375, 4.6875, 9.5625], "texture": "#0"},
				"east": {"uv": [8, 3.5, 8.625, 3.6875], "texture": "#0"},
				"south": {"uv": [9.375, 4.625, 9.5625, 4.8125], "texture": "#0"},
				"west": {"uv": [8, 3.75, 8.625, 3.9375], "texture": "#0"},
				"up": {"uv": [5.1875, 8.625, 5, 8], "texture": "#0"},
				"down": {"uv": [5.4375, 8, 5.25, 8.625], "texture": "#0"}
			}
		},
		{
			"name": "hexadecagon",
			"from": [-2.89908, 3.22126, 13.06357],
			"to": [-1.50627, 4.60212, 17.89996],
			"rotation": {"angle": -22.5, "axis": "z", "origin": [-1.8288, 1.25591, 14.96802]},
			"faces": {
				"north": {"uv": [4.75, 9.375, 4.9375, 9.5625], "texture": "#0"},
				"east": {"uv": [5.5, 8, 6.125, 8.1875], "texture": "#0"},
				"south": {"uv": [9.375, 5.375, 9.5625, 5.5625], "texture": "#0"},
				"west": {"uv": [8, 7, 8.625, 7.1875], "texture": "#0"},
				"up": {"uv": [6.3125, 8.625, 6.125, 8], "texture": "#0"},
				"down": {"uv": [6.5625, 8, 6.375, 8.625], "texture": "#0"}
			}
		},
		{
			"name": "hexadecagon",
			"from": [-2.92989, 3.37613, 13.06357],
			"to": [-1.53707, 4.75699, 17.89996],
			"rotation": {"angle": 0, "axis": "y", "origin": [-1.8288, 1.25591, 14.96802]},
			"faces": {
				"north": {"uv": [5.5, 9.375, 5.6875, 9.5625], "texture": "#0"},
				"east": {"uv": [8, 7.75, 8.625, 7.9375], "texture": "#0"},
				"south": {"uv": [5.75, 9.375, 5.9375, 9.5625], "texture": "#0"},
				"west": {"uv": [8, 8, 8.625, 8.1875], "texture": "#0"},
				"up": {"uv": [7.5625, 8.75, 7.375, 8.125], "texture": "#0"},
				"down": {"uv": [7.8125, 8.125, 7.625, 8.75], "texture": "#0"}
			}
		},
		{
			"name": "hexadecagon",
			"from": [-2.89908, 3.53099, 13.06357],
			"to": [-1.50627, 4.91185, 17.89996],
			"rotation": {"angle": 22.5, "axis": "z", "origin": [-1.8288, 1.25591, 14.96802]},
			"faces": {
				"north": {"uv": [6, 9.375, 6.1875, 9.5625], "texture": "#0"},
				"east": {"uv": [8.125, 4.875, 8.75, 5.0625], "texture": "#0"},
				"south": {"uv": [6.25, 9.375, 6.4375, 9.5625], "texture": "#0"},
				"west": {"uv": [8.125, 5.125, 8.75, 5.3125], "texture": "#0"},
				"up": {"uv": [8.4375, 3.25, 8.25, 2.625], "texture": "#0"},
				"down": {"uv": [5.6875, 8.25, 5.5, 8.875], "texture": "#0"}
			}
		},
		{
			"name": "hexadecagon",
			"from": [-2.81136, 3.66228, 13.06357],
			"to": [-1.41855, 5.04314, 17.89996],
			"rotation": {"angle": 45, "axis": "z", "origin": [-1.8288, 1.25591, 14.96802]},
			"faces": {
				"north": {"uv": [9.375, 6.5, 9.5625, 6.6875], "texture": "#0"},
				"east": {"uv": [8.25, 1.25, 8.875, 1.4375], "texture": "#0"},
				"south": {"uv": [9.375, 7, 9.5625, 7.1875], "texture": "#0"},
				"west": {"uv": [8.25, 6.5, 8.875, 6.6875], "texture": "#0"},
				"up": {"uv": [5.9375, 8.875, 5.75, 8.25], "texture": "#0"},
				"down": {"uv": [7.3125, 8.25, 7.125, 8.875], "texture": "#0"}
			}
		},
		{
			"name": "hexadecagon",
			"from": [-5.70374, 0.40464, 13.06357],
			"to": [-4.32289, 1.79745, 17.89996],
			"rotation": {"angle": -22.5, "axis": "z", "origin": [-1.8288, 1.25591, 14.96802]},
			"faces": {
				"north": {"uv": [7.625, 9.375, 7.8125, 9.5625], "texture": "#0"},
				"east": {"uv": [7.875, 8.25, 8.5, 8.4375], "texture": "#0"},
				"south": {"uv": [8.25, 9.375, 8.4375, 9.5625], "texture": "#0"},
				"west": {"uv": [8.375, 0.25, 9, 0.4375], "texture": "#0"},
				"up": {"uv": [1.3125, 9, 1.125, 8.375], "texture": "#0"},
				"down": {"uv": [1.9375, 8.375, 1.75, 9], "texture": "#0"}
			}
		},
		{
			"name": "hexadecagon",
			"from": [-5.73455, 0.55951, 13.06357],
			"to": [-4.35369, 1.95232, 17.89996],
			"rotation": {"angle": 0, "axis": "y", "origin": [-1.8288, 1.25591, 14.96802]},
			"faces": {
				"north": {"uv": [8.75, 9.375, 8.9375, 9.5625], "texture": "#0"},
				"east": {"uv": [8.375, 5.875, 9, 6.0625], "texture": "#0"},
				"south": {"uv": [9.375, 8.75, 9.5625, 8.9375], "texture": "#0"},
				"west": {"uv": [8.375, 6.125, 9, 6.3125], "texture": "#0"},
				"up": {"uv": [2.1875, 9, 2, 8.375], "texture": "#0"},
				"down": {"uv": [2.9375, 8.375, 2.75, 9], "texture": "#0"}
			}
		},
		{
			"name": "hexadecagon",
			"from": [-5.70374, 0.71437, 13.06357],
			"to": [-4.32289, 2.10718, 17.89996],
			"rotation": {"angle": 22.5, "axis": "z", "origin": [-1.8288, 1.25591, 14.96802]},
			"faces": {
				"north": {"uv": [9, 9.375, 9.1875, 9.5625], "texture": "#0"},
				"east": {"uv": [8.375, 6.75, 9, 6.9375], "texture": "#0"},
				"south": {"uv": [9.375, 9.125, 9.5625, 9.3125], "texture": "#0"},
				"west": {"uv": [8.5, 0.5, 9.125, 0.6875], "texture": "#0"},
				"up": {"uv": [3.1875, 9, 3, 8.375], "texture": "#0"},
				"down": {"uv": [4.6875, 8.375, 4.5, 9], "texture": "#0"}
			}
		},
		{
			"name": "hexadecagon",
			"from": [-0.08246, 0.40464, 13.06357],
			"to": [1.2984, 1.79745, 17.89996],
			"rotation": {"angle": -22.5, "axis": "z", "origin": [-1.8288, 1.25591, 14.96802]},
			"faces": {
				"north": {"uv": [9.25, 9.375, 9.4375, 9.5625], "texture": "#0"},
				"east": {"uv": [8.5, 0.75, 9.125, 0.9375], "texture": "#0"},
				"south": {"uv": [9.5, 0.25, 9.6875, 0.4375], "texture": "#0"},
				"west": {"uv": [8.5, 1, 9.125, 1.1875], "texture": "#0"},
				"up": {"uv": [4.9375, 9, 4.75, 8.375], "texture": "#0"},
				"down": {"uv": [6.8125, 8.375, 6.625, 9], "texture": "#0"}
			}
		},
		{
			"name": "hexadecagon",
			"from": [-0.11326, 0.55951, 13.06357],
			"to": [1.2676, 1.95232, 17.89996],
			"rotation": {"angle": 0, "axis": "y", "origin": [-1.8288, 1.25591, 14.96802]},
			"faces": {
				"north": {"uv": [1.125, 9.5, 1.3125, 9.6875], "texture": "#0"},
				"east": {"uv": [8.5, 1.5, 9.125, 1.6875], "texture": "#0"},
				"south": {"uv": [2, 9.5, 2.1875, 9.6875], "texture": "#0"},
				"west": {"uv": [8.5, 1.75, 9.125, 1.9375], "texture": "#0"},
				"up": {"uv": [7.0625, 9, 6.875, 8.375], "texture": "#0"},
				"down": {"uv": [0.1875, 8.5, 0, 9.125], "texture": "#0"}
			}
		},
		{
			"name": "hexadecagon",
			"from": [-0.08246, 0.71437, 13.06357],
			"to": [1.2984, 2.10718, 17.89996],
			"rotation": {"angle": 22.5, "axis": "z", "origin": [-1.8288, 1.25591, 14.96802]},
			"faces": {
				"north": {"uv": [9.5, 2.125, 9.6875, 2.3125], "texture": "#0"},
				"east": {"uv": [8.5, 2.625, 9.125, 2.8125], "texture": "#0"},
				"south": {"uv": [2.25, 9.5, 2.4375, 9.6875], "texture": "#0"},
				"west": {"uv": [8.5, 2.875, 9.125, 3.0625], "texture": "#0"},
				"up": {"uv": [0.4375, 9.125, 0.25, 8.5], "texture": "#0"},
				"down": {"uv": [0.8125, 8.5, 0.625, 9.125], "texture": "#0"}
			}
		},
		{
			"name": "hexadecagon",
			"from": [-4.55076, -1.03799, 16.43607],
			"to": [0.0251, 3.54982, 17.01246],
			"rotation": {"angle": 0, "axis": "y", "origin": [-1.8288, 1.25591, 0.76802]},
			"faces": {
				"north": {"uv": [3.75, 6.5, 4.3125, 7.0625], "texture": "#0"},
				"east": {"uv": [1.375, 9.5, 1.4375, 10.0625], "texture": "#0"},
				"south": {"uv": [6.625, 0.625, 7.1875, 1.1875], "texture": "#0"},
				"west": {"uv": [2.5, 9.5, 2.5625, 10.0625], "texture": "#0"},
				"up": {"uv": [9.9375, 4.0625, 9.375, 4], "texture": "#0"},
				"down": {"uv": [10.0625, 2.375, 9.5, 2.4375], "texture": "#0"}
			}
		},
		{
			"name": "hexadecagon",
			"from": [19.94143, -1.95173, 12.92267],
			"to": [21.13925, -0.96299, 16.72697],
			"rotation": {"angle": -45, "axis": "z", "origin": [20.78643, 1.30529, 14.56049]},
			"faces": {
				"north": {"uv": [9.5, 5.75, 9.625, 5.875], "texture": "#0"},
				"east": {"uv": [7.375, 8.75, 7.875, 8.875], "texture": "#0"},
				"south": {"uv": [9.5, 5.875, 9.625, 6], "texture": "#0"},
				"west": {"uv": [8.75, 7.75, 9.25, 7.875], "texture": "#0"},
				"up": {"uv": [8.75, 9.25, 8.625, 8.75], "texture": "#0"},
				"down": {"uv": [8.875, 8.75, 8.75, 9.25], "texture": "#0"}
			}
		},
		{
			"name": "hexadecagon",
			"from": [19.86599, -1.83882, 12.92267],
			"to": [21.06381, -0.85008, 16.72697],
			"rotation": {"angle": -22.5, "axis": "z", "origin": [20.78643, 1.30529, 14.56049]},
			"faces": {
				"north": {"uv": [9.5, 6, 9.625, 6.125], "texture": "#0"},
				"east": {"uv": [8.75, 7.875, 9.25, 8], "texture": "#0"},
				"south": {"uv": [9.5, 6.125, 9.625, 6.25], "texture": "#0"},
				"west": {"uv": [8.75, 8, 9.25, 8.125], "texture": "#0"},
				"up": {"uv": [9, 4, 8.875, 3.5], "texture": "#0"},
				"down": {"uv": [5.625, 8.875, 5.5, 9.375], "texture": "#0"}
			}
		},
		{
			"name": "hexadecagon",
			"from": [19.8395, -1.70564, 12.92267],
			"to": [21.03732, -0.7169, 16.72697],
			"rotation": {"angle": 0, "axis": "y", "origin": [20.78643, 1.30529, 14.56049]},
			"faces": {
				"north": {"uv": [9.5, 6.25, 9.625, 6.375], "texture": "#0"},
				"east": {"uv": [8.75, 8.125, 9.25, 8.25], "texture": "#0"},
				"south": {"uv": [6.625, 9.5, 6.75, 9.625], "texture": "#0"},
				"west": {"uv": [8.75, 8.5, 9.25, 8.625], "texture": "#0"},
				"up": {"uv": [5.75, 9.375, 5.625, 8.875], "texture": "#0"},
				"down": {"uv": [5.875, 8.875, 5.75, 9.375], "texture": "#0"}
			}
		},
		{
			"name": "hexadecagon",
			"from": [19.86599, -1.57246, 12.92267],
			"to": [21.06381, -0.58372, 16.72697],
			"rotation": {"angle": 22.5, "axis": "z", "origin": [20.78643, 1.30529, 14.56049]},
			"faces": {
				"north": {"uv": [6.75, 9.5, 6.875, 9.625], "texture": "#0"},
				"east": {"uv": [8.875, 1.25, 9.375, 1.375], "texture": "#0"},
				"south": {"uv": [9.5, 6.75, 9.625, 6.875], "texture": "#0"},
				"west": {"uv": [8.875, 1.375, 9.375, 1.5], "texture": "#0"},
				"up": {"uv": [6, 9.375, 5.875, 8.875], "texture": "#0"},
				"down": {"uv": [6.125, 8.875, 6, 9.375], "texture": "#0"}
			}
		},
		{
			"name": "hexadecagon",
			"from": [19.94143, -1.45955, 12.92267],
			"to": [21.13925, -0.47081, 16.72697],
			"rotation": {"angle": 45, "axis": "z", "origin": [20.78643, 1.30529, 14.56049]},
			"faces": {
				"north": {"uv": [6.875, 9.5, 7, 9.625], "texture": "#0"},
				"east": {"uv": [8.875, 4, 9.375, 4.125], "texture": "#0"},
				"south": {"uv": [9.5, 6.875, 9.625, 7], "texture": "#0"},
				"west": {"uv": [8.875, 6.5, 9.375, 6.625], "texture": "#0"},
				"up": {"uv": [6.25, 9.375, 6.125, 8.875], "texture": "#0"},
				"down": {"uv": [6.375, 8.875, 6.25, 9.375], "texture": "#0"}
			}
		},
		{
			"name": "hexadecagon",
			"from": [19.94143, 3.08138, 12.92267],
			"to": [21.13925, 4.07012, 16.72697],
			"rotation": {"angle": -45, "axis": "z", "origin": [20.78643, 1.30529, 14.56049]},
			"faces": {
				"north": {"uv": [7, 9.5, 7.125, 9.625], "texture": "#0"},
				"east": {"uv": [8.875, 6.625, 9.375, 6.75], "texture": "#0"},
				"south": {"uv": [7.125, 9.5, 7.25, 9.625], "texture": "#0"},
				"west": {"uv": [7.125, 8.875, 7.625, 9], "texture": "#0"},
				"up": {"uv": [6.5, 9.375, 6.375, 8.875], "texture": "#0"},
				"down": {"uv": [7.75, 8.875, 7.625, 9.375], "texture": "#0"}
			}
		},
		{
			"name": "hexadecagon",
			"from": [19.86599, 3.19428, 12.92267],
			"to": [21.06381, 4.18302, 16.72697],
			"rotation": {"angle": -22.5, "axis": "z", "origin": [20.78643, 1.30529, 14.56049]},
			"faces": {
				"north": {"uv": [7.25, 9.5, 7.375, 9.625], "texture": "#0"},
				"east": {"uv": [8.875, 8.75, 9.375, 8.875], "texture": "#0"},
				"south": {"uv": [9.5, 7.25, 9.625, 7.375], "texture": "#0"},
				"west": {"uv": [8.875, 8.875, 9.375, 9], "texture": "#0"},
				"up": {"uv": [7.875, 9.375, 7.75, 8.875], "texture": "#0"},
				"down": {"uv": [1.25, 9, 1.125, 9.5], "texture": "#0"}
			}
		},
		{
			"name": "hexadecagon",
			"from": [19.8395, 3.32747, 12.92267],
			"to": [21.03732, 4.3162, 16.72697],
			"rotation": {"angle": 0, "axis": "y", "origin": [20.78643, 1.30529, 14.56049]},
			"faces": {
				"north": {"uv": [7.375, 9.5, 7.5, 9.625], "texture": "#0"},
				"east": {"uv": [9, 0.25, 9.5, 0.375], "texture": "#0"},
				"south": {"uv": [9.5, 7.375, 9.625, 7.5], "texture": "#0"},
				"west": {"uv": [9, 0.375, 9.5, 0.5], "texture": "#0"},
				"up": {"uv": [1.375, 9.5, 1.25, 9], "texture": "#0"},
				"down": {"uv": [1.5, 9, 1.375, 9.5], "texture": "#0"}
			}
		},
		{
			"name": "hexadecagon",
			"from": [19.86599, 3.46065, 12.92267],
			"to": [21.06381, 4.44939, 16.72697],
			"rotation": {"angle": 22.5, "axis": "z", "origin": [20.78643, 1.30529, 14.56049]},
			"faces": {
				"north": {"uv": [7.5, 9.5, 7.625, 9.625], "texture": "#0"},
				"east": {"uv": [1.75, 9, 2.25, 9.125], "texture": "#0"},
				"south": {"uv": [9.5, 7.5, 9.625, 7.625], "texture": "#0"},
				"west": {"uv": [2.75, 9, 3.25, 9.125], "texture": "#0"},
				"up": {"uv": [9.125, 4, 9, 3.5], "texture": "#0"},
				"down": {"uv": [3.875, 9, 3.75, 9.5], "texture": "#0"}
			}
		},
		{
			"name": "hexadecagon",
			"from": [19.94143, 3.57356, 12.92267],
			"to": [21.13925, 4.5623, 16.72697],
			"rotation": {"angle": 45, "axis": "z", "origin": [20.78643, 1.30529, 14.56049]},
			"faces": {
				"north": {"uv": [9.5, 7.625, 9.625, 7.75], "texture": "#0"},
				"east": {"uv": [4.5, 9, 5, 9.125], "texture": "#0"},
				"south": {"uv": [9.5, 7.75, 9.625, 7.875], "texture": "#0"},
				"west": {"uv": [9, 5.625, 9.5, 5.75], "texture": "#0"},
				"up": {"uv": [4, 9.5, 3.875, 9], "texture": "#0"},
				"down": {"uv": [4.125, 9, 4, 9.5], "texture": "#0"}
			}
		},
		{
			"name": "hexadecagon",
			"from": [17.45398, 0.57319, 12.92267],
			"to": [18.44272, 1.77101, 16.72697],
			"rotation": {"angle": -22.5, "axis": "z", "origin": [20.78643, 1.30529, 14.56049]},
			"faces": {
				"north": {"uv": [7.875, 9.5, 8, 9.625], "texture": "#0"},
				"east": {"uv": [9, 5.75, 9.5, 5.875], "texture": "#0"},
				"south": {"uv": [9.5, 7.875, 9.625, 8], "texture": "#0"},
				"west": {"uv": [9, 5.875, 9.5, 6], "texture": "#0"},
				"up": {"uv": [4.25, 9.5, 4.125, 9], "texture": "#0"},
				"down": {"uv": [6.75, 9, 6.625, 9.5], "texture": "#0"}
			}
		},
		{
			"name": "hexadecagon",
			"from": [17.42749, 0.70637, 12.92267],
			"to": [18.41623, 1.90419, 16.72697],
			"rotation": {"angle": 0, "axis": "y", "origin": [20.78643, 1.30529, 14.56049]},
			"faces": {
				"north": {"uv": [8, 9.5, 8.125, 9.625], "texture": "#0"},
				"east": {"uv": [9, 6, 9.5, 6.125], "texture": "#0"},
				"south": {"uv": [9.5, 8, 9.625, 8.125], "texture": "#0"},
				"west": {"uv": [9, 6.125, 9.5, 6.25], "texture": "#0"},
				"up": {"uv": [6.875, 9.5, 6.75, 9], "texture": "#0"},
				"down": {"uv": [7, 9, 6.875, 9.5], "texture": "#0"}
			}
		},
		{
			"name": "hexadecagon",
			"from": [17.45398, 0.83956, 12.92267],
			"to": [18.44272, 2.03738, 16.72697],
			"rotation": {"angle": 22.5, "axis": "z", "origin": [20.78643, 1.30529, 14.56049]},
			"faces": {
				"north": {"uv": [8.125, 9.5, 8.25, 9.625], "texture": "#0"},
				"east": {"uv": [9, 6.25, 9.5, 6.375], "texture": "#0"},
				"south": {"uv": [9.5, 8.125, 9.625, 8.25], "texture": "#0"},
				"west": {"uv": [9, 6.75, 9.5, 6.875], "texture": "#0"},
				"up": {"uv": [7.125, 9.5, 7, 9], "texture": "#0"},
				"down": {"uv": [7.25, 9, 7.125, 9.5], "texture": "#0"}
			}
		},
		{
			"name": "hexadecagon",
			"from": [22.48708, 0.57319, 12.92267],
			"to": [23.47582, 1.77101, 16.72697],
			"rotation": {"angle": -22.5, "axis": "z", "origin": [20.78643, 1.30529, 14.56049]},
			"faces": {
				"north": {"uv": [9.5, 8.25, 9.625, 8.375], "texture": "#0"},
				"east": {"uv": [9, 6.875, 9.5, 7], "texture": "#0"},
				"south": {"uv": [8.5, 9.5, 8.625, 9.625], "texture": "#0"},
				"west": {"uv": [9, 7.25, 9.5, 7.375], "texture": "#0"},
				"up": {"uv": [7.375, 9.5, 7.25, 9], "texture": "#0"},
				"down": {"uv": [7.5, 9, 7.375, 9.5], "texture": "#0"}
			}
		},
		{
			"name": "hexadecagon",
			"from": [22.46059, 0.70637, 12.92267],
			"to": [23.44933, 1.90419, 16.72697],
			"rotation": {"angle": 0, "axis": "y", "origin": [20.78643, 1.30529, 14.56049]},
			"faces": {
				"north": {"uv": [9.5, 8.5, 9.625, 8.625], "texture": "#0"},
				"east": {"uv": [9, 7.375, 9.5, 7.5], "texture": "#0"},
				"south": {"uv": [8.625, 9.5, 8.75, 9.625], "texture": "#0"},
				"west": {"uv": [9, 7.5, 9.5, 7.625], "texture": "#0"},
				"up": {"uv": [7.625, 9.5, 7.5, 9], "texture": "#0"},
				"down": {"uv": [8, 9, 7.875, 9.5], "texture": "#0"}
			}
		},
		{
			"name": "hexadecagon",
			"from": [22.48708, 0.83956, 12.92267],
			"to": [23.47582, 2.03738, 16.72697],
			"rotation": {"angle": 22.5, "axis": "z", "origin": [20.78643, 1.30529, 14.56049]},
			"faces": {
				"north": {"uv": [9.5, 8.625, 9.625, 8.75], "texture": "#0"},
				"east": {"uv": [9, 7.625, 9.5, 7.75], "texture": "#0"},
				"south": {"uv": [9.5, 9.375, 9.625, 9.5], "texture": "#0"},
				"west": {"uv": [9, 8.25, 9.5, 8.375], "texture": "#0"},
				"up": {"uv": [8.125, 9.5, 8, 9], "texture": "#0"},
				"down": {"uv": [8.25, 9, 8.125, 9.5], "texture": "#0"}
			}
		},
		{
			"name": "hexadecagon",
			"from": [18.34674, -0.80724, 15.37107],
			"to": [22.5676, 3.37232, 15.94746],
			"rotation": {"angle": 0, "axis": "y", "origin": [-1.8288, 1.25591, 0.76802]},
			"faces": {
				"north": {"uv": [5.375, 6.625, 5.875, 7.125], "texture": "#0"},
				"east": {"uv": [3.875, 9.5, 3.9375, 10], "texture": "#0"},
				"south": {"uv": [0.625, 6.75, 1.125, 7.25], "texture": "#0"},
				"west": {"uv": [4, 9.5, 4.0625, 10], "texture": "#0"},
				"up": {"uv": [10, 4.1875, 9.5, 4.125], "texture": "#0"},
				"down": {"uv": [10, 4.25, 9.5, 4.3125], "texture": "#0"}
			}
		},
		{
			"from": [6.45, 1.71, 4.45],
			"to": [11.42, 3.13, 12.26],
			"rotation": {"angle": 0, "axis": "y", "origin": [4.32, 1, 8]},
			"faces": {
				"north": {"uv": [8.5, 4.625, 9.125, 4.8125], "texture": "#0"},
				"east": {"uv": [6.625, 1.25, 7.625, 1.4375], "texture": "#0"},
				"south": {"uv": [8.5, 5.375, 9.125, 5.5625], "texture": "#0"},
				"west": {"uv": [6.125, 6.75, 7.125, 6.9375], "texture": "#0"},
				"up": {"uv": [3.875, 1.875, 3.25, 0.875], "texture": "#0"},
				"down": {"uv": [2.5, 4, 1.875, 5], "texture": "#0"}
			}
		},
		{
			"from": [5.03, 3.13, 4.45],
			"to": [6.45, 13.07, 12.26],
			"rotation": {"angle": 22.5, "axis": "z", "origin": [6.45, 3.13, 8]},
			"faces": {
				"north": {"uv": [2.25, 6.75, 2.4375, 8], "texture": "#0"},
				"east": {"uv": [3, 2.25, 4, 3.5], "texture": "#0"},
				"south": {"uv": [2.5, 6.75, 2.6875, 8], "texture": "#0"},
				"west": {"uv": [0, 3.125, 1, 4.375], "texture": "#0"},
				"up": {"uv": [0.1875, 7.875, 0, 6.875], "texture": "#0"},
				"down": {"uv": [0.4375, 6.875, 0.25, 7.875], "texture": "#0"}
			}
		},
		{
			"from": [5.03, 13.07, 5.87],
			"to": [6.45, 13.78, 10.84],
			"rotation": {"angle": 22.5, "axis": "z", "origin": [6.45, 3.13, 8]},
			"faces": {
				"north": {"uv": [9.625, 2, 9.8125, 2.0625], "texture": "#0"},
				"east": {"uv": [9.125, 3, 9.75, 3.0625], "texture": "#0"},
				"south": {"uv": [9.625, 3.125, 9.8125, 3.1875], "texture": "#0"},
				"west": {"uv": [9.125, 3.25, 9.75, 3.3125], "texture": "#0"},
				"up": {"uv": [1.0625, 9.125, 0.875, 8.5], "texture": "#0"},
				"down": {"uv": [1.6875, 8.5, 1.5, 9.125], "texture": "#0"}
			}
		},
		{
			"from": [11.42, 6.1475, 6.225],
			"to": [12.13, 8.2775, 7.645],
			"rotation": {"angle": -22.5, "axis": "z", "origin": [1.48, 3.13, 8.1775]},
			"faces": {
				"north": {"uv": [9.5, 9.5, 9.5625, 9.75], "texture": "#0"},
				"east": {"uv": [4, 3.125, 4.1875, 3.375], "texture": "#0"},
				"south": {"uv": [9.625, 0.75, 9.6875, 1], "texture": "#0"},
				"west": {"uv": [6.75, 6.25, 6.9375, 6.5], "texture": "#0"},
				"up": {"uv": [3.5625, 9.8125, 3.5, 9.625], "texture": "#0"},
				"down": {"uv": [3.6875, 9.625, 3.625, 9.8125], "texture": "#0"}
			}
		},
		{
			"from": [11.42, 6.1475, 9.2425],
			"to": [12.13, 8.2775, 10.6625],
			"rotation": {"angle": -22.5, "axis": "z", "origin": [1.48, 3.13, 8.1775]},
			"faces": {
				"north": {"uv": [9.625, 1, 9.6875, 1.25], "texture": "#0"},
				"east": {"uv": [9.125, 0.75, 9.3125, 1], "texture": "#0"},
				"south": {"uv": [9.625, 1.25, 9.6875, 1.5], "texture": "#0"},
				"west": {"uv": [9.125, 1, 9.3125, 1.25], "texture": "#0"},
				"up": {"uv": [9.6875, 3.8125, 9.625, 3.625], "texture": "#0"},
				"down": {"uv": [3.8125, 9.625, 3.75, 9.8125], "texture": "#0"}
			}
		},
		{
			"from": [11.42, -3.0825, 9.5975],
			"to": [12.13, -1.13, 10.3075],
			"rotation": {"angle": 22.5, "axis": "z", "origin": [1.48, 3.13, 8.1775]},
			"faces": {
				"north": {"uv": [1.5, 9.625, 1.5625, 9.875], "texture": "#0"},
				"east": {"uv": [9.625, 1.5, 9.6875, 1.75], "texture": "#0"},
				"south": {"uv": [1.625, 9.625, 1.6875, 9.875], "texture": "#0"},
				"west": {"uv": [1.75, 9.625, 1.8125, 9.875], "texture": "#0"},
				"up": {"uv": [9.6875, 8.9375, 9.625, 8.875], "texture": "#0"},
				"down": {"uv": [9.0625, 9.625, 9, 9.6875], "texture": "#0"}
			}
		},
		{
			"from": [11.42, -3.0825, 6.58],
			"to": [12.13, -1.13, 7.29],
			"rotation": {"angle": 22.5, "axis": "z", "origin": [1.48, 3.13, 8.1775]},
			"faces": {
				"north": {"uv": [9.625, 1.75, 9.6875, 2], "texture": "#0"},
				"east": {"uv": [1.875, 9.625, 1.9375, 9.875], "texture": "#0"},
				"south": {"uv": [2.75, 9.625, 2.8125, 9.875], "texture": "#0"},
				"west": {"uv": [2.875, 9.625, 2.9375, 9.875], "texture": "#0"},
				"up": {"uv": [9.1875, 9.6875, 9.125, 9.625], "texture": "#0"},
				"down": {"uv": [9.6875, 9.125, 9.625, 9.1875], "texture": "#0"}
			}
		},
		{
			"from": [2.3675, 0.30775, 5.16],
			"to": [3.7875, 8.11775, 7.29],
			"rotation": {"angle": 22.5, "axis": "x", "origin": [6.45, 3.13, 8]},
			"faces": {
				"north": {"uv": [7, 4.625, 7.1875, 5.625], "texture": "#0"},
				"east": {"uv": [1.5, 6.25, 1.75, 7.25], "texture": "#0"},
				"south": {"uv": [7, 5.625, 7.1875, 6.625], "texture": "#0"},
				"west": {"uv": [1.125, 6.75, 1.375, 7.75], "texture": "#0"},
				"up": {"uv": [1.6875, 9.375, 1.5, 9.125], "texture": "#0"},
				"down": {"uv": [9.3125, 1.5, 9.125, 1.75], "texture": "#0"}
			}
		},
		{
			"from": [2.3675, 0.006, 9.42],
			"to": [3.7875, 7.816, 11.55],
			"rotation": {"angle": -22.5, "axis": "x", "origin": [6.45, 3.13, 8]},
			"faces": {
				"north": {"uv": [6.125, 7, 6.3125, 8], "texture": "#0"},
				"east": {"uv": [1.75, 6.75, 2, 7.75], "texture": "#0"},
				"south": {"uv": [6.375, 7, 6.5625, 8], "texture": "#0"},
				"west": {"uv": [2, 6.75, 2.25, 7.75], "texture": "#0"},
				"up": {"uv": [1.9375, 9.375, 1.75, 9.125], "texture": "#0"},
				"down": {"uv": [9.3125, 1.75, 9.125, 2], "texture": "#0"}
			}
		},
		{
			"from": [-7.04, 3.21875, 5.515],
			"to": [-5.265, 8.89875, 11.195],
			"rotation": {"angle": 0, "axis": "z", "origin": [6.45, 3.13, 8]},
			"faces": {
				"north": {"uv": [6.875, 1.625, 7.125, 2.3125], "texture": "#0"},
				"east": {"uv": [6, 5.25, 6.6875, 5.9375], "texture": "#0"},
				"south": {"uv": [6.625, 7, 6.875, 7.6875], "texture": "#0"},
				"west": {"uv": [6, 6, 6.6875, 6.6875], "texture": "#0"},
				"up": {"uv": [7.125, 7.6875, 6.875, 7], "texture": "#0"},
				"down": {"uv": [7.375, 1.625, 7.125, 2.3125], "texture": "#0"}
			}
		},
		{
			"from": [-8.79, 2.21875, 4.515],
			"to": [-7.015, 9.89875, 12.195],
			"rotation": {"angle": 0, "axis": "z", "origin": [6.45, 3.13, 8]},
			"faces": {
				"north": {"uv": [2.75, 6.75, 3, 7.6875], "texture": "#0"},
				"east": {"uv": [4.25, 3.875, 5.1875, 4.8125], "texture": "#0"},
				"south": {"uv": [3, 6.75, 3.25, 7.6875], "texture": "#0"},
				"west": {"uv": [0, 4.375, 0.9375, 5.3125], "texture": "#0"},
				"up": {"uv": [7, 6.1875, 6.75, 5.25], "texture": "#0"},
				"down": {"uv": [6.125, 6.75, 5.875, 7.6875], "texture": "#0"}
			}
		},
		{
			"from": [-14, 0.01875, 6.165],
			"to": [-8.765, 10.79875, 6.165],
			"rotation": {"angle": 45, "axis": "x", "origin": [6.45, 3.13, 8]},
			"faces": {
				"north": {"uv": [0, 0, 5, 11], "texture": "#1"},
				"east": {"uv": [0, 0, 0, 11], "texture": "#1"},
				"south": {"uv": [5, 0, 0, 11], "texture": "#1"},
				"west": {"uv": [0, 0, 0, 11], "texture": "#1"},
				"up": {"uv": [5, 0, 0, 0], "texture": "#1"},
				"down": {"uv": [5, 0, 0, 0], "texture": "#1"}
			}
		},
		{
			"from": [-14, 6.16188, 2.88207],
			"to": [-8.765, 6.16188, 13.66207],
			"rotation": {"angle": 45, "axis": "x", "origin": [-8.55, 5.93, 8.25]},
			"faces": {
				"north": {"uv": [5.5125, 0, 0, 11.05], "texture": "#1"},
				"east": {"uv": [5.5125, 0, 0, 11.05], "texture": "#1"},
				"south": {"uv": [5.5125, 0, 0, 11.05], "texture": "#1"},
				"west": {"uv": [5.5125, 0, 0, 11.05], "texture": "#1"},
				"up": {"uv": [5.5125, 0, 0, 11.05], "texture": "#1"},
				"down": {"uv": [5.5125, 0, 0, 11.05], "texture": "#1"}
			}
		},
		{
			"name": "hexadecagon",
			"from": [12.64153, 6.02248, 5.81059],
			"to": [13.36844, 7.11472, 6.2746],
			"rotation": {"angle": -45, "axis": "x", "origin": [56.56965, 6.5686, 8.5561]},
			"faces": {
				"north": {"uv": [4.25, 9.625, 4.3125, 9.75], "texture": "#0"},
				"east": {"uv": [4.375, 9.625, 4.4375, 9.75], "texture": "#0"},
				"south": {"uv": [9.625, 4.375, 9.6875, 4.5], "texture": "#0"},
				"west": {"uv": [4.5, 9.625, 4.5625, 9.75], "texture": "#0"},
				"up": {"uv": [9.3125, 9.6875, 9.25, 9.625], "texture": "#0"},
				"down": {"uv": [9.6875, 9.25, 9.625, 9.3125], "texture": "#0"}
			}
		},
		{
			"name": "hexadecagon",
			"from": [12.64153, 6.02248, 5.81059],
			"to": [13.36844, 7.11472, 6.2746],
			"rotation": {"angle": -22.5, "axis": "x", "origin": [56.56965, 6.5686, 8.5561]},
			"faces": {
				"north": {"uv": [9.625, 4.5, 9.6875, 4.625], "texture": "#0"},
				"east": {"uv": [4.625, 9.625, 4.6875, 9.75], "texture": "#0"},
				"south": {"uv": [9.625, 4.625, 9.6875, 4.75], "texture": "#0"},
				"west": {"uv": [4.75, 9.625, 4.8125, 9.75], "texture": "#0"},
				"up": {"uv": [9.4375, 9.6875, 9.375, 9.625], "texture": "#0"},
				"down": {"uv": [9.6875, 9.375, 9.625, 9.4375], "texture": "#0"}
			}
		},
		{
			"name": "hexadecagon",
			"from": [12.64153, 6.02248, 5.81059],
			"to": [13.36844, 7.11472, 6.25295],
			"rotation": {"angle": 0, "axis": "y", "origin": [56.56965, 6.5686, 8.5561]},
			"faces": {
				"north": {"uv": [9.625, 4.75, 9.6875, 4.875], "texture": "#0"},
				"east": {"uv": [4.875, 9.625, 4.9375, 9.75], "texture": "#0"},
				"south": {"uv": [5, 9.625, 5.0625, 9.75], "texture": "#0"},
				"west": {"uv": [5.125, 9.625, 5.1875, 9.75], "texture": "#0"},
				"up": {"uv": [9.6875, 9.5625, 9.625, 9.5], "texture": "#0"},
				"down": {"uv": [9.6875, 9.625, 9.625, 9.6875], "texture": "#0"}
			}
		},
		{
			"name": "hexadecagon",
			"from": [12.64153, 6.23903, 6.24369],
			"to": [13.36844, 6.89817, 8.54838],
			"rotation": {"angle": 0, "axis": "y", "origin": [56.56965, 6.5686, 8.5561]},
			"faces": {
				"north": {"uv": [9.75, 0.25, 9.8125, 0.3125], "texture": "#0"},
				"east": {"uv": [7.5, 5.375, 7.8125, 5.4375], "texture": "#0"},
				"south": {"uv": [9.75, 0.375, 9.8125, 0.4375], "texture": "#0"},
				"west": {"uv": [7.625, 3.25, 7.9375, 3.3125], "texture": "#0"},
				"up": {"uv": [3.9375, 2.1875, 3.875, 1.875], "texture": "#0"},
				"down": {"uv": [1.8125, 5.5, 1.75, 5.8125], "texture": "#0"}
			}
		},
		{
			"name": "hexadecagon",
			"from": [12.64153, 6.02248, 5.81059],
			"to": [13.36844, 7.11472, 6.2746],
			"rotation": {"angle": 22.5, "axis": "x", "origin": [56.56965, 6.5686, 8.5561]},
			"faces": {
				"north": {"uv": [5.25, 9.625, 5.3125, 9.75], "texture": "#0"},
				"east": {"uv": [9.625, 5.25, 9.6875, 5.375], "texture": "#0"},
				"south": {"uv": [5.375, 9.625, 5.4375, 9.75], "texture": "#0"},
				"west": {"uv": [9.625, 5.375, 9.6875, 5.5], "texture": "#0"},
				"up": {"uv": [9.8125, 0.8125, 9.75, 0.75], "texture": "#0"},
				"down": {"uv": [9.8125, 0.875, 9.75, 0.9375], "texture": "#0"}
			}
		},
		{
			"name": "hexadecagon",
			"from": [12.64153, 6.02248, 5.81059],
			"to": [13.36844, 7.11472, 6.2746],
			"rotation": {"angle": 45, "axis": "x", "origin": [56.56965, 6.5686, 8.5561]},
			"faces": {
				"north": {"uv": [5.5, 9.625, 5.5625, 9.75], "texture": "#0"},
				"east": {"uv": [9.625, 5.5, 9.6875, 5.625], "texture": "#0"},
				"south": {"uv": [5.625, 9.625, 5.6875, 9.75], "texture": "#0"},
				"west": {"uv": [9.625, 5.625, 9.6875, 5.75], "texture": "#0"},
				"up": {"uv": [1.0625, 9.8125, 1, 9.75], "texture": "#0"},
				"down": {"uv": [9.8125, 1, 9.75, 1.0625], "texture": "#0"}
			}
		},
		{
			"name": "hexadecagon",
			"from": [12.64153, 6.02248, 10.8376],
			"to": [13.36844, 7.11472, 11.30161],
			"rotation": {"angle": -45, "axis": "x", "origin": [56.56965, 6.5686, 8.5561]},
			"faces": {
				"north": {"uv": [5.75, 9.625, 5.8125, 9.75], "texture": "#0"},
				"east": {"uv": [9.625, 5.75, 9.6875, 5.875], "texture": "#0"},
				"south": {"uv": [5.875, 9.625, 5.9375, 9.75], "texture": "#0"},
				"west": {"uv": [9.625, 5.875, 9.6875, 6], "texture": "#0"},
				"up": {"uv": [1.1875, 9.8125, 1.125, 9.75], "texture": "#0"},
				"down": {"uv": [9.8125, 1.125, 9.75, 1.1875], "texture": "#0"}
			}
		},
		{
			"name": "hexadecagon",
			"from": [12.64153, 6.02248, 10.8376],
			"to": [13.36844, 7.11472, 11.30161],
			"rotation": {"angle": -22.5, "axis": "x", "origin": [56.56965, 6.5686, 8.5561]},
			"faces": {
				"north": {"uv": [6, 9.625, 6.0625, 9.75], "texture": "#0"},
				"east": {"uv": [9.625, 6, 9.6875, 6.125], "texture": "#0"},
				"south": {"uv": [6.125, 9.625, 6.1875, 9.75], "texture": "#0"},
				"west": {"uv": [9.625, 6.125, 9.6875, 6.25], "texture": "#0"},
				"up": {"uv": [1.3125, 9.8125, 1.25, 9.75], "texture": "#0"},
				"down": {"uv": [9.8125, 1.25, 9.75, 1.3125], "texture": "#0"}
			}
		},
		{
			"name": "hexadecagon",
			"from": [12.64153, 6.02248, 10.8376],
			"to": [13.36844, 7.11472, 11.30161],
			"rotation": {"angle": 0, "axis": "y", "origin": [56.56965, 6.5686, 8.5561]},
			"faces": {
				"north": {"uv": [6.25, 9.625, 6.3125, 9.75], "texture": "#0"},
				"east": {"uv": [9.625, 6.25, 9.6875, 6.375], "texture": "#0"},
				"south": {"uv": [6.375, 9.625, 6.4375, 9.75], "texture": "#0"},
				"west": {"uv": [9.625, 6.5, 9.6875, 6.625], "texture": "#0"},
				"up": {"uv": [9.8125, 1.4375, 9.75, 1.375], "texture": "#0"},
				"down": {"uv": [9.8125, 1.5, 9.75, 1.5625], "texture": "#0"}
			}
		},
		{
			"name": "hexadecagon",
			"from": [12.64153, 6.23903, 8.54217],
			"to": [13.36844, 6.89817, 10.86851],
			"rotation": {"angle": 0, "axis": "y", "origin": [56.56965, 6.5686, 8.5561]},
			"faces": {
				"north": {"uv": [9.75, 1.625, 9.8125, 1.6875], "texture": "#0"},
				"east": {"uv": [9.5, 5, 9.8125, 5.0625], "texture": "#0"},
				"south": {"uv": [9.75, 1.75, 9.8125, 1.8125], "texture": "#0"},
				"west": {"uv": [9.5, 5.125, 9.8125, 5.1875], "texture": "#0"},
				"up": {"uv": [5.5625, 7.6875, 5.5, 7.375], "texture": "#0"},
				"down": {"uv": [4.1875, 9.5, 4.125, 9.8125], "texture": "#0"}
			}
		},
		{
			"name": "hexadecagon",
			"from": [12.64153, 6.02248, 10.8376],
			"to": [13.36844, 7.11472, 11.30161],
			"rotation": {"angle": 22.5, "axis": "x", "origin": [56.56965, 6.5686, 8.5561]},
			"faces": {
				"north": {"uv": [6.625, 9.625, 6.6875, 9.75], "texture": "#0"},
				"east": {"uv": [9.625, 6.625, 9.6875, 6.75], "texture": "#0"},
				"south": {"uv": [6.75, 9.625, 6.8125, 9.75], "texture": "#0"},
				"west": {"uv": [9.625, 6.75, 9.6875, 6.875], "texture": "#0"},
				"up": {"uv": [9.8125, 1.9375, 9.75, 1.875], "texture": "#0"},
				"down": {"uv": [2.0625, 9.75, 2, 9.8125], "texture": "#0"}
			}
		},
		{
			"name": "hexadecagon",
			"from": [12.64153, 6.02248, 10.8376],
			"to": [13.36844, 7.11472, 11.30161],
			"rotation": {"angle": 45, "axis": "x", "origin": [56.56965, 6.5686, 8.5561]},
			"faces": {
				"north": {"uv": [6.875, 9.625, 6.9375, 9.75], "texture": "#0"},
				"east": {"uv": [9.625, 6.875, 9.6875, 7], "texture": "#0"},
				"south": {"uv": [7, 9.625, 7.0625, 9.75], "texture": "#0"},
				"west": {"uv": [9.625, 7, 9.6875, 7.125], "texture": "#0"},
				"up": {"uv": [2.1875, 9.8125, 2.125, 9.75], "texture": "#0"},
				"down": {"uv": [9.8125, 2.125, 9.75, 2.1875], "texture": "#0"}
			}
		},
		{
			"name": "hexadecagon",
			"from": [12.64153, 3.82309, 8.00998],
			"to": [13.36844, 4.2871, 9.10222],
			"rotation": {"angle": -22.5, "axis": "x", "origin": [56.56965, 6.5686, 8.5561]},
			"faces": {
				"north": {"uv": [2.25, 9.75, 2.3125, 9.8125], "texture": "#0"},
				"east": {"uv": [7.125, 9.625, 7.25, 9.6875], "texture": "#0"},
				"south": {"uv": [9.75, 2.25, 9.8125, 2.3125], "texture": "#0"},
				"west": {"uv": [9.625, 7.125, 9.75, 7.1875], "texture": "#0"},
				"up": {"uv": [7.3125, 9.75, 7.25, 9.625], "texture": "#0"},
				"down": {"uv": [9.6875, 7.25, 9.625, 7.375], "texture": "#0"}
			}
		},
		{
			"name": "hexadecagon",
			"from": [12.64153, 3.82309, 8.00998],
			"to": [13.36844, 4.2871, 9.10222],
			"rotation": {"angle": 0, "axis": "y", "origin": [56.56965, 6.5686, 8.5561]},
			"faces": {
				"north": {"uv": [2.375, 9.75, 2.4375, 9.8125], "texture": "#0"},
				"east": {"uv": [7.375, 9.625, 7.5, 9.6875], "texture": "#0"},
				"south": {"uv": [9.75, 3, 9.8125, 3.0625], "texture": "#0"},
				"west": {"uv": [9.625, 7.375, 9.75, 7.4375], "texture": "#0"},
				"up": {"uv": [7.5625, 9.75, 7.5, 9.625], "texture": "#0"},
				"down": {"uv": [9.6875, 7.5, 9.625, 7.625], "texture": "#0"}
			}
		},
		{
			"name": "hexadecagon",
			"from": [12.64153, 4.25619, 8.22653],
			"to": [13.36844, 6.25771, 8.88567],
			"rotation": {"angle": 0, "axis": "y", "origin": [56.56965, 6.5686, 8.5561]},
			"faces": {
				"north": {"uv": [3, 9.625, 3.0625, 9.875], "texture": "#0"},
				"east": {"uv": [3.125, 9.625, 3.1875, 9.875], "texture": "#0"},
				"south": {"uv": [3.375, 9.625, 3.4375, 9.875], "texture": "#0"},
				"west": {"uv": [9.625, 3.375, 9.6875, 3.625], "texture": "#0"},
				"up": {"uv": [9.8125, 3.3125, 9.75, 3.25], "texture": "#0"},
				"down": {"uv": [9.8125, 3.375, 9.75, 3.4375], "texture": "#0"}
			}
		},
		{
			"name": "hexadecagon",
			"from": [12.64153, 3.82309, 8.00998],
			"to": [13.36844, 4.2871, 9.10222],
			"rotation": {"angle": 22.5, "axis": "x", "origin": [56.56965, 6.5686, 8.5561]},
			"faces": {
				"north": {"uv": [9.75, 3.5, 9.8125, 3.5625], "texture": "#0"},
				"east": {"uv": [7.625, 9.625, 7.75, 9.6875], "texture": "#0"},
				"south": {"uv": [9.75, 3.625, 9.8125, 3.6875], "texture": "#0"},
				"west": {"uv": [9.625, 7.625, 9.75, 7.6875], "texture": "#0"},
				"up": {"uv": [7.8125, 9.75, 7.75, 9.625], "texture": "#0"},
				"down": {"uv": [9.6875, 7.75, 9.625, 7.875], "texture": "#0"}
			}
		},
		{
			"name": "hexadecagon",
			"from": [12.64153, 8.8501, 8.00998],
			"to": [13.36844, 9.31411, 9.10222],
			"rotation": {"angle": -22.5, "axis": "x", "origin": [56.56965, 6.5686, 8.5561]},
			"faces": {
				"north": {"uv": [9.75, 3.75, 9.8125, 3.8125], "texture": "#0"},
				"east": {"uv": [7.875, 9.625, 8, 9.6875], "texture": "#0"},
				"south": {"uv": [9.75, 3.875, 9.8125, 3.9375], "texture": "#0"},
				"west": {"uv": [9.625, 7.875, 9.75, 7.9375], "texture": "#0"},
				"up": {"uv": [8.0625, 9.75, 8, 9.625], "texture": "#0"},
				"down": {"uv": [9.6875, 8, 9.625, 8.125], "texture": "#0"}
			}
		},
		{
			"name": "hexadecagon",
			"from": [12.64153, 8.8501, 8.00998],
			"to": [13.36844, 9.31411, 9.10222],
			"rotation": {"angle": 0, "axis": "y", "origin": [56.56965, 6.5686, 8.5561]},
			"faces": {
				"north": {"uv": [4.25, 9.75, 4.3125, 9.8125], "texture": "#0"},
				"east": {"uv": [8.125, 9.625, 8.25, 9.6875], "texture": "#0"},
				"south": {"uv": [4.375, 9.75, 4.4375, 9.8125], "texture": "#0"},
				"west": {"uv": [9.625, 8.125, 9.75, 8.1875], "texture": "#0"},
				"up": {"uv": [8.3125, 9.75, 8.25, 9.625], "texture": "#0"},
				"down": {"uv": [9.6875, 8.25, 9.625, 8.375], "texture": "#0"}
			}
		},
		{
			"name": "hexadecagon",
			"from": [12.64153, 8.8501, 8.00998],
			"to": [13.36844, 9.31411, 9.10222],
			"rotation": {"angle": 22.5, "axis": "x", "origin": [56.56965, 6.5686, 8.5561]},
			"faces": {
				"north": {"uv": [9.75, 4.375, 9.8125, 4.4375], "texture": "#0"},
				"east": {"uv": [8.375, 9.625, 8.5, 9.6875], "texture": "#0"},
				"south": {"uv": [4.5, 9.75, 4.5625, 9.8125], "texture": "#0"},
				"west": {"uv": [8.5, 9.625, 8.625, 9.6875], "texture": "#0"},
				"up": {"uv": [9.6875, 8.625, 9.625, 8.5], "texture": "#0"},
				"down": {"uv": [8.6875, 9.625, 8.625, 9.75], "texture": "#0"}
			}
		},
		{
			"from": [24.2, 0.98225, 5.16],
			"to": [25.62, 6.68, 11.55],
			"rotation": {"angle": 0, "axis": "y", "origin": [4.32, 1, 2.32]},
			"faces": {
				"north": {"uv": [3.75, 7.125, 3.9375, 7.8125], "texture": "#0"},
				"east": {"uv": [0.875, 5.5, 1.6875, 6.1875], "texture": "#0"},
				"south": {"uv": [4, 7.125, 4.1875, 7.8125], "texture": "#0"},
				"west": {"uv": [5.5, 1.75, 6.3125, 2.4375], "texture": "#0"},
				"up": {"uv": [7.3125, 3.1875, 7.125, 2.375], "texture": "#0"},
				"down": {"uv": [7.3125, 3.25, 7.125, 4.0625], "texture": "#0"}
			}
		},
		{
			"from": [13.337, 0.98225, 2.72825],
			"to": [19.727, 7.08825, 13.98175],
			"rotation": {"angle": 0, "axis": "y", "origin": [4.32, 1, 2.32]},
			"faces": {
				"north": {"uv": [5.25, 3.875, 6.0625, 4.625], "texture": "#0"},
				"east": {"uv": [4, 2.375, 5.4375, 3.125], "texture": "#0"},
				"south": {"uv": [6.0625, 3.875, 5.25, 4.625], "texture": "#0"},
				"west": {"uv": [4.25, 3.125, 5.6875, 3.875], "texture": "#0"},
				"up": {"uv": [3.3125, 4.9375, 2.5, 3.5], "texture": "#0"},
				"down": {"uv": [4.1875, 3.5, 3.375, 4.9375], "texture": "#0"}
			}
		},
		{
			"from": [-5.123, 0.98225, 2.72825],
			"to": [1.267, 7.79825, 13.98175],
			"rotation": {"angle": 0, "axis": "y", "origin": [4.32, 1, 2.32]},
			"faces": {
				"north": {"uv": [4.75, 0, 5.5625, 0.875], "texture": "#0"},
				"east": {"uv": [0, 2.25, 1.4375, 3.125], "texture": "#0"},
				"south": {"uv": [4.875, 0.875, 5.6875, 1.75], "texture": "#0"},
				"west": {"uv": [1.5, 2.25, 2.9375, 3.125], "texture": "#0"},
				"up": {"uv": [4.8125, 2.3125, 4, 0.875], "texture": "#0"},
				"down": {"uv": [1.8125, 4, 1, 5.4375], "texture": "#0"}
			}
		},
		{
			"from": [1.267, 0.98225, 13.37825],
			"to": [7.657, 7.62075, 13.98175],
			"rotation": {"angle": 0, "axis": "y", "origin": [4.32, 1, 2.32]},
			"faces": {
				"north": {"uv": [4.25, 4.875, 5.0625, 5.6875], "texture": "#0"},
				"east": {"uv": [0, 9.125, 0.0625, 9.9375], "texture": "#0"},
				"south": {"uv": [3.5625, 5, 2.75, 5.8125], "texture": "#0"},
				"west": {"uv": [0.125, 9.125, 0.1875, 9.9375], "texture": "#0"},
				"up": {"uv": [9.9375, 0.0625, 9.125, 0], "texture": "#0"},
				"down": {"uv": [9.9375, 0.125, 9.125, 0.1875], "texture": "#0"}
			}
		},
		{
			"from": [7.657, 0.98225, 13.37825],
			"to": [13.337, 7.26575, 13.98175],
			"rotation": {"angle": 0, "axis": "y", "origin": [4.32, 1, 2.32]},
			"faces": {
				"north": {"uv": [4.5, 5.75, 5.1875, 6.5625], "texture": "#0"},
				"east": {"uv": [0.25, 9.125, 0.3125, 9.9375], "texture": "#0"},
				"south": {"uv": [2.4375, 5.875, 1.75, 6.6875], "texture": "#0"},
				"west": {"uv": [0.375, 9.125, 0.4375, 9.9375], "texture": "#0"},
				"up": {"uv": [2.6875, 9.1875, 2, 9.125], "texture": "#0"},
				"down": {"uv": [9.8125, 2.625, 9.125, 2.6875], "texture": "#0"}
			}
		},
		{
			"from": [7.657, 0.98225, 2.72825],
			"to": [13.337, 7.26575, 3.33175],
			"rotation": {"angle": 0, "axis": "y", "origin": [4.32, 1, 2.32]},
			"faces": {
				"north": {"uv": [1.75, 5.875, 2.4375, 6.6875], "texture": "#0"},
				"east": {"uv": [0.75, 9.125, 0.8125, 9.9375], "texture": "#0"},
				"south": {"uv": [2.5, 5.875, 3.1875, 6.6875], "texture": "#0"},
				"west": {"uv": [0.875, 9.125, 0.9375, 9.9375], "texture": "#0"},
				"up": {"uv": [9.8125, 2.8125, 9.125, 2.75], "texture": "#0"},
				"down": {"uv": [9.8125, 2.875, 9.125, 2.9375], "texture": "#0"}
			}
		},
		{
			"from": [1.267, 0.98225, 2.72825],
			"to": [7.657, 7.62075, 3.33175],
			"rotation": {"angle": 0, "axis": "y", "origin": [4.32, 1, 2.32]},
			"faces": {
				"north": {"uv": [2.75, 5, 3.5625, 5.8125], "texture": "#0"},
				"east": {"uv": [0.5, 9.125, 0.5625, 9.9375], "texture": "#0"},
				"south": {"uv": [5.125, 4.875, 5.9375, 5.6875], "texture": "#0"},
				"west": {"uv": [0.625, 9.125, 0.6875, 9.9375], "texture": "#0"},
				"up": {"uv": [9.9375, 0.5625, 9.125, 0.5], "texture": "#0"},
				"down": {"uv": [9.9375, 0.625, 9.125, 0.6875], "texture": "#0"}
			}
		},
		{
			"from": [14.189, 5.98775, 5.16],
			"to": [25.549, 6.893, 11.55],
			"rotation": {"angle": 0, "axis": "z", "origin": [4.32, 1, 2.32]},
			"faces": {
				"north": {"uv": [6.75, 6.625, 8.1875, 6.75], "texture": "#0"},
				"east": {"uv": [8, 4, 8.8125, 4.125], "texture": "#0"},
				"south": {"uv": [6.875, 1.5, 8.3125, 1.625], "texture": "#0"},
				"west": {"uv": [8.375, 6.375, 9.1875, 6.5], "texture": "#0"},
				"up": {"uv": [2.4375, 3.9375, 1, 3.125], "texture": "#0"},
				"down": {"uv": [4.6875, 0, 3.25, 0.8125], "texture": "#0"}
			}
		},
		{
			"from": [18.6975, 0.98225, -3.218],
			"to": [25.0875, 6.68, 1.332],
			"rotation": {"angle": -22.5, "axis": "y", "origin": [4.32, 1, 2.32]},
			"faces": {
				"north": {"uv": [5.625, 0, 6.4375, 0.6875], "texture": "#0"},
				"east": {"uv": [6.625, 2.375, 7.0625, 3.0625], "texture": "#0"},
				"south": {"uv": [5.75, 0.75, 6.5625, 1.4375], "texture": "#0"},
				"west": {"uv": [6.625, 3.125, 7.0625, 3.8125], "texture": "#0"},
				"up": {"uv": [6.9375, 4.3125, 6.125, 3.875], "texture": "#0"},
				"down": {"uv": [1.4375, 6.25, 0.625, 6.6875], "texture": "#0"}
			}
		},
		{
			"from": [18.43125, 0.98225, 14.887],
			"to": [24.82125, 6.68, 19.857],
			"rotation": {"angle": 22.5, "axis": "y", "origin": [4.32, 1, 13.68]},
			"faces": {
				"north": {"uv": [5.75, 2.5, 6.5625, 3.1875], "texture": "#0"},
				"east": {"uv": [3.625, 5, 4.25, 5.6875], "texture": "#0"},
				"south": {"uv": [6.4375, 0, 5.625, 0.6875], "texture": "#0"},
				"west": {"uv": [0, 6.125, 0.625, 6.8125], "texture": "#0"},
				"up": {"uv": [6.5625, 3.875, 5.75, 3.25], "texture": "#0"},
				"down": {"uv": [6.8125, 4.625, 6, 5.25], "texture": "#0"}
			}
		}
	],
	"display": {
		"thirdperson_righthand": {
			"rotation": [0, 114, 0],
			"translation": [0.75, 1.5, 0],
			"scale": [0.16, 0.16, 0.16]
		},
		"thirdperson_lefthand": {
			"rotation": [0, 114, 0],
			"translation": [0.75, 1.5, 0],
			"scale": [0.16, 0.16, 0.16]
		},
		"firstperson_righthand": {
			"scale": [0.2, 0.2, 0.2]
		},
		"firstperson_lefthand": {
			"scale": [0.2, 0.2, 0.2]
		},
		"ground": {
			"rotation": [91, -90, 0],
			"translation": [0.25, 13.5, 12.75],
			"scale": [1.54, 1.54, 1.54]
		},
		"gui": {
			"rotation": [14, -65, 0],
			"translation": [0.35, 1, 0],
			"scale": [0.57, 0.57, 0.57]
		},
		"head": {
			"translation": [-1.25, 0, -0.25],
			"scale": [1.19, 1.19, 1.19]
		},
		"fixed": {
			"rotation": [-90, 0, 0],
			"translation": [0, 0, -23.25],
			"scale": [2.05, 2.05, 2.05]
		}
	},
	"groups": [
		0,
		1,
		2,
		3,
		{
			"name": "WHEELFRONT1",
			"origin": [8, 8, 8],
			"color": 0,
			"children": [4, 5, 6, 7, 8, 9, 10, 11, 12, 13, 14, 15, 16, 17, 18, 19, 20]
		},
		{
			"name": "WHEELBACK1",
			"origin": [8, 8, 8],
			"color": 0,
			"children": [21, 22, 23, 24, 25, 26, 27, 28, 29, 30, 31, 32, 33, 34, 35, 36, 37]
		},
		{
			"name": "AXISBACK",
			"origin": [8, 8, 8],
			"color": 0,
			"children": [38]
		},
		{
			"name": "AXISFRONT",
			"origin": [8, 8, 8],
			"color": 0,
			"children": [39]
		},
		{
			"name": "WHEELBACK2",
			"origin": [8, 8, 8],
			"color": 0,
			"children": [40, 41, 42, 43, 44, 45, 46, 47, 48, 49, 50, 51, 52, 53, 54, 55, 56]
		},
		{
			"name": "WHEELFRONT2",
			"origin": [8, 8, 8],
			"color": 0,
			"children": [57, 58, 59, 60, 61, 62, 63, 64, 65, 66, 67, 68, 69, 70, 71, 72, 73]
		},
		{
			"name": "SEAT + PEDAL",
			"origin": [3, 3, 8],
			"color": 0,
			"children": [74, 75, 76, 77, 78, 79, 80, 81, 82]
		},
		{
			"name": "POOF",
			"origin": [3, 3, 8],
			"color": 0,
			"children": [83, 84, 85, 86]
		},
		{
			"name": "LENKRAD",
			"origin": [8, 8, 8],
			"color": 0,
			"children": [87, 88, 89, 90, 91, 92, 93, 94, 95, 96, 97, 98, 99, 100, 101, 102, 103, 104, 105]
		},
		106,
		107,
		108,
		109,
		110,
		111,
		112,
		113,
		114,
		115
	]
}