{
	"credit": "Made by Skyblock Squad",
	"texture_size": [128, 128],
	"textures": {
		"0": "item/carts/spuelkarsten",
		"particle": "item/carts/spuelkarsten"
	},
	"elements": [
		{
			"from": [-9.96, -5.46, 5.28],
			"to": [12.97, -3.1, 7.64],
			"rotation": {"angle": 0, "axis": "y", "origin": [0.03, -4.28, 1.74]},
			"faces": {
				"north": {"uv": [8.25, 6.625, 11.125, 6.875], "texture": "#0"},
				"east": {"uv": [5.625, 6.625, 5.875, 6.875], "texture": "#0"},
				"south": {"uv": [8.25, 8.25, 11.125, 8.5], "texture": "#0"},
				"west": {"uv": [4, 7.75, 4.25, 8], "texture": "#0"},
				"up": {"uv": [11.25, 7.125, 8.375, 6.875], "texture": "#0"},
				"down": {"uv": [11.25, 7.125, 8.375, 7.375], "texture": "#0"}
			}
		},
		{
			"from": [-9.96, -5.46, 18.26],
			"to": [12.97, -3.1, 20.62],
			"rotation": {"angle": 0, "axis": "y", "origin": [0.03, -4.28, 14.72]},
			"faces": {
				"north": {"uv": [8.375, 7.375, 11.25, 7.625], "texture": "#0"},
				"east": {"uv": [6.125, 8.625, 6.375, 8.875], "texture": "#0"},
				"south": {"uv": [8.375, 7.625, 11.25, 7.875], "texture": "#0"},
				"west": {"uv": [9.875, 10.75, 10.125, 11], "texture": "#0"},
				"up": {"uv": [11.375, 0.25, 8.5, 0], "texture": "#0"},
				"down": {"uv": [11.375, 0.25, 8.5, 0.5], "texture": "#0"}
			}
		},
		{
			"name": "octagon",
			"from": [9.47, -6.23509, 1.74],
			"to": [12.42, -2.32491, 11.18],
			"rotation": {"angle": 45, "axis": "x", "origin": [7.7, -4.28, 6.46]},
			"faces": {
				"north": {"uv": [0, 11.625, 0.375, 12.125], "texture": "#0"},
				"east": {"uv": [8.625, 5.75, 9.75, 6.25], "texture": "#0"},
				"south": {"uv": [11.625, 1.25, 12, 1.75], "texture": "#0"},
				"west": {"uv": [8.25, 8.75, 9.375, 9.25], "texture": "#0"},
				"up": {"uv": [4.875, 11.5, 4.5, 10.375], "texture": "#0"},
				"down": {"uv": [5.25, 10.375, 4.875, 11.5], "texture": "#0"}
			}
		},
		{
			"name": "octagon",
			"from": [9.47, -6.23509, 1.74],
			"to": [12.42, -2.32491, 11.18],
			"rotation": {"angle": 0, "axis": "x", "origin": [7.7, -4.28, 6.46]},
			"faces": {
				"north": {"uv": [1.5, 11.625, 1.875, 12.125], "texture": "#0"},
				"east": {"uv": [8.875, 1.25, 10, 1.75], "texture": "#0"},
				"south": {"uv": [1.875, 11.625, 2.25, 12.125], "texture": "#0"},
				"west": {"uv": [8.875, 1.75, 10, 2.25], "texture": "#0"},
				"up": {"uv": [5.625, 11.5, 5.25, 10.375], "texture": "#0"},
				"down": {"uv": [8.375, 10.375, 8, 11.5], "texture": "#0"}
			}
		},
		{
			"name": "octagon",
			"from": [9.47, -9, 4.50491],
			"to": [12.42, 0.44, 8.41509],
			"rotation": {"angle": 45, "axis": "x", "origin": [7.7, -4.28, 6.46]},
			"faces": {
				"north": {"uv": [8.375, 10.375, 8.75, 11.5], "texture": "#0"},
				"east": {"uv": [6.125, 8.875, 6.625, 10], "texture": "#0"},
				"south": {"uv": [8.75, 10.375, 9.125, 11.5], "texture": "#0"},
				"west": {"uv": [6.625, 8.875, 7.125, 10], "texture": "#0"},
				"up": {"uv": [2.625, 12.125, 2.25, 11.625], "texture": "#0"},
				"down": {"uv": [12, 3.25, 11.625, 3.75], "texture": "#0"}
			}
		},
		{
			"name": "octagon",
			"from": [9.47, -9, 4.50491],
			"to": [12.42, 0.44, 8.41509],
			"rotation": {"angle": 0, "axis": "x", "origin": [7.7, -4.28, 6.46]},
			"faces": {
				"north": {"uv": [9.125, 10.375, 9.5, 11.5], "texture": "#0"},
				"east": {"uv": [7.125, 8.875, 7.625, 10], "texture": "#0"},
				"south": {"uv": [9.5, 10.375, 9.875, 11.5], "texture": "#0"},
				"west": {"uv": [7.625, 8.875, 8.125, 10], "texture": "#0"},
				"up": {"uv": [12, 4.25, 11.625, 3.75], "texture": "#0"},
				"down": {"uv": [11.75, 11.625, 11.375, 12.125], "texture": "#0"}
			}
		},
		{
			"name": "octagon",
			"from": [-9.41, -9, 4.50491],
			"to": [-6.46, 0.44, 8.41509],
			"rotation": {"angle": 45, "axis": "x", "origin": [-11.18, -4.28, 6.46]},
			"faces": {
				"north": {"uv": [6, 10.625, 6.375, 11.75], "texture": "#0"},
				"east": {"uv": [8.125, 9.25, 8.625, 10.375], "texture": "#0"},
				"south": {"uv": [6.375, 10.625, 6.75, 11.75], "texture": "#0"},
				"west": {"uv": [8.625, 9.25, 9.125, 10.375], "texture": "#0"},
				"up": {"uv": [6.75, 12.25, 6.375, 11.75], "texture": "#0"},
				"down": {"uv": [12.125, 7.25, 11.75, 7.75], "texture": "#0"}
			}
		},
		{
			"name": "octagon",
			"from": [-9.41, -9, 4.50491],
			"to": [-6.46, 0.44, 8.41509],
			"rotation": {"angle": 0, "axis": "x", "origin": [-11.18, -4.28, 6.46]},
			"faces": {
				"north": {"uv": [2.625, 10.625, 3, 11.75], "texture": "#0"},
				"east": {"uv": [4.25, 9, 4.75, 10.125], "texture": "#0"},
				"south": {"uv": [3, 10.625, 3.375, 11.75], "texture": "#0"},
				"west": {"uv": [9.125, 4.625, 9.625, 5.75], "texture": "#0"},
				"up": {"uv": [5.25, 12.25, 4.875, 11.75], "texture": "#0"},
				"down": {"uv": [6.375, 11.75, 6, 12.25], "texture": "#0"}
			}
		},
		{
			"name": "octagon",
			"from": [-9.41, -6.23509, 1.74],
			"to": [-6.46, -2.32491, 11.18],
			"rotation": {"angle": 45, "axis": "x", "origin": [-11.18, -4.28, 6.46]},
			"faces": {
				"north": {"uv": [4.125, 11.75, 4.5, 12.25], "texture": "#0"},
				"east": {"uv": [9.125, 2.75, 10.25, 3.25], "texture": "#0"},
				"south": {"uv": [4.5, 11.75, 4.875, 12.25], "texture": "#0"},
				"west": {"uv": [9.125, 3.25, 10.25, 3.75], "texture": "#0"},
				"up": {"uv": [2.25, 11.625, 1.875, 10.5], "texture": "#0"},
				"down": {"uv": [2.625, 10.5, 2.25, 11.625], "texture": "#0"}
			}
		},
		{
			"name": "octagon",
			"from": [-9.41, -6.23509, 1.74],
			"to": [-6.46, -2.32491, 11.18],
			"rotation": {"angle": 0, "axis": "x", "origin": [-11.18, -4.28, 6.46]},
			"faces": {
				"north": {"uv": [2.625, 11.75, 3, 12.25], "texture": "#0"},
				"east": {"uv": [8.875, 2.25, 10, 2.75], "texture": "#0"},
				"south": {"uv": [3, 11.75, 3.375, 12.25], "texture": "#0"},
				"west": {"uv": [3.125, 9, 4.25, 9.5], "texture": "#0"},
				"up": {"uv": [0.375, 11.625, 0, 10.5], "texture": "#0"},
				"down": {"uv": [1.875, 10.5, 1.5, 11.625], "texture": "#0"}
			}
		},
		{
			"name": "octagon",
			"from": [9.47, -6.23509, 14.72],
			"to": [12.42, -2.32491, 24.16],
			"rotation": {"angle": 45, "axis": "x", "origin": [7.7, -4.28, 19.44]},
			"faces": {
				"north": {"uv": [12, 10.75, 12.375, 11.25], "texture": "#0"},
				"east": {"uv": [1.5, 10, 2.625, 10.5], "texture": "#0"},
				"south": {"uv": [0, 12.125, 0.375, 12.625], "texture": "#0"},
				"west": {"uv": [10, 1.75, 11.125, 2.25], "texture": "#0"},
				"up": {"uv": [11.625, 4.375, 11.25, 3.25], "texture": "#0"},
				"down": {"uv": [6, 11.25, 5.625, 12.375], "texture": "#0"}
			}
		},
		{
			"name": "octagon",
			"from": [9.47, -6.23509, 14.72],
			"to": [12.42, -2.32491, 24.16],
			"rotation": {"angle": 0, "axis": "x", "origin": [7.7, -4.28, 19.44]},
			"faces": {
				"north": {"uv": [12, 9.75, 12.375, 10.25], "texture": "#0"},
				"east": {"uv": [9.75, 5.75, 10.875, 6.25], "texture": "#0"},
				"south": {"uv": [12, 10.25, 12.375, 10.75], "texture": "#0"},
				"west": {"uv": [10, 1.25, 11.125, 1.75], "texture": "#0"},
				"up": {"uv": [11.5, 11.375, 11.125, 10.25], "texture": "#0"},
				"down": {"uv": [11.625, 1, 11.25, 2.125], "texture": "#0"}
			}
		},
		{
			"name": "octagon",
			"from": [9.47, -9, 17.48491],
			"to": [12.42, 0.44, 21.39509],
			"rotation": {"angle": 45, "axis": "x", "origin": [7.7, -4.28, 19.44]},
			"faces": {
				"north": {"uv": [11.125, 5.625, 11.5, 6.75], "texture": "#0"},
				"east": {"uv": [0.5, 10, 1, 11.125], "texture": "#0"},
				"south": {"uv": [11.125, 7.875, 11.5, 9], "texture": "#0"},
				"west": {"uv": [1, 10, 1.5, 11.125], "texture": "#0"},
				"up": {"uv": [9.5, 12.5, 9.125, 12], "texture": "#0"},
				"down": {"uv": [9.875, 12, 9.5, 12.5], "texture": "#0"}
			}
		},
		{
			"name": "octagon",
			"from": [9.47, -9, 17.48491],
			"to": [12.42, 0.44, 21.39509],
			"rotation": {"angle": 0, "axis": "x", "origin": [7.7, -4.28, 19.44]},
			"faces": {
				"north": {"uv": [3.375, 11.125, 3.75, 12.25], "texture": "#0"},
				"east": {"uv": [9.625, 4.625, 10.125, 5.75], "texture": "#0"},
				"south": {"uv": [3.75, 11.125, 4.125, 12.25], "texture": "#0"},
				"west": {"uv": [9.625, 9.25, 10.125, 10.375], "texture": "#0"},
				"up": {"uv": [8.75, 12.5, 8.375, 12], "texture": "#0"},
				"down": {"uv": [9.125, 12, 8.75, 12.5], "texture": "#0"}
			}
		},
		{
			"name": "octagon",
			"from": [-9.41, -6.23509, 14.72],
			"to": [-6.46, -2.32491, 24.16],
			"rotation": {"angle": 0, "axis": "x", "origin": [-11.18, -4.28, 19.44]},
			"faces": {
				"north": {"uv": [12, 3.75, 12.375, 4.25], "texture": "#0"},
				"east": {"uv": [1.625, 9.5, 2.75, 10], "texture": "#0"},
				"south": {"uv": [8, 12, 8.375, 12.5], "texture": "#0"},
				"west": {"uv": [2.75, 9.5, 3.875, 10], "texture": "#0"},
				"up": {"uv": [1.125, 12.25, 0.75, 11.125], "texture": "#0"},
				"down": {"uv": [1.5, 11.125, 1.125, 12.25], "texture": "#0"}
			}
		},
		{
			"name": "octagon",
			"from": [-9.41, -6.23509, 14.72],
			"to": [-6.46, -2.32491, 24.16],
			"rotation": {"angle": 45, "axis": "x", "origin": [-11.18, -4.28, 19.44]},
			"faces": {
				"north": {"uv": [12, 1.25, 12.375, 1.75], "texture": "#0"},
				"east": {"uv": [9.375, 8.75, 10.5, 9.25], "texture": "#0"},
				"south": {"uv": [12, 3.25, 12.375, 3.75], "texture": "#0"},
				"west": {"uv": [0.5, 9.5, 1.625, 10], "texture": "#0"},
				"up": {"uv": [10.625, 12.125, 10.25, 11], "texture": "#0"},
				"down": {"uv": [0.75, 11.125, 0.375, 12.25], "texture": "#0"}
			}
		},
		{
			"name": "octagon",
			"from": [-9.41, -9, 17.48491],
			"to": [-6.46, 0.44, 21.39509],
			"rotation": {"angle": 0, "axis": "x", "origin": [-11.18, -4.28, 19.44]},
			"faces": {
				"north": {"uv": [10.75, 10.25, 11.125, 11.375], "texture": "#0"},
				"east": {"uv": [9.125, 9.25, 9.625, 10.375], "texture": "#0"},
				"south": {"uv": [9.875, 11, 10.25, 12.125], "texture": "#0"},
				"west": {"uv": [0, 9.375, 0.5, 10.5], "texture": "#0"},
				"up": {"uv": [12.125, 12.125, 11.75, 11.625], "texture": "#0"},
				"down": {"uv": [12.25, 0, 11.875, 0.5], "texture": "#0"}
			}
		},
		{
			"name": "octagon",
			"from": [-9.41, -9, 17.48491],
			"to": [-6.46, 0.44, 21.39509],
			"rotation": {"angle": 45, "axis": "x", "origin": [-11.18, -4.28, 19.44]},
			"faces": {
				"north": {"uv": [5.625, 10.125, 6, 11.25], "texture": "#0"},
				"east": {"uv": [1.25, 8.375, 1.75, 9.5], "texture": "#0"},
				"south": {"uv": [4.125, 10.375, 4.5, 11.5], "texture": "#0"},
				"west": {"uv": [8.625, 4.625, 9.125, 5.75], "texture": "#0"},
				"up": {"uv": [4.25, 10, 3.875, 9.5], "texture": "#0"},
				"down": {"uv": [11.25, 3.25, 10.875, 3.75], "texture": "#0"}
			}
		},
		{
			"from": [-6, -3, 3],
			"to": [9, -1, 25],
			"rotation": {"angle": 0, "axis": "y", "origin": [0, -13, 0]},
			"faces": {
				"north": {"uv": [10.125, 9.75, 12, 10], "texture": "#0"},
				"east": {"uv": [8.5, 1, 11.25, 1.25], "texture": "#0"},
				"south": {"uv": [10.125, 10, 12, 10.25], "texture": "#0"},
				"west": {"uv": [8.25, 8.5, 11, 8.75], "texture": "#0"},
				"up": {"uv": [1.875, 5.625, 0, 2.875], "texture": "#0"},
				"down": {"uv": [3.75, 2.875, 1.875, 5.625], "texture": "#0"}
			}
		},
		{
			"from": [-7, 7, 2],
			"to": [10, 9, 25],
			"rotation": {"angle": 0, "axis": "y", "origin": [0, -13, 0]},
			"faces": {
				"north": {"uv": [9.125, 3.75, 11.25, 4], "texture": "#0"},
				"east": {"uv": [8.5, 0.5, 11.375, 0.75], "texture": "#0"},
				"south": {"uv": [10, 2.25, 12.125, 2.5], "texture": "#0"},
				"west": {"uv": [8.5, 0.75, 11.375, 1], "texture": "#0"},
				"up": {"uv": [2.125, 2.875, 0, 0], "texture": "#0"},
				"down": {"uv": [4.25, 0, 2.125, 2.875], "texture": "#0"}
			}
		},
		{
			"from": [10, 9, 2],
			"to": [12, 11, 19],
			"rotation": {"angle": 0, "axis": "y", "origin": [0, -13, 0]},
			"faces": {
				"north": {"uv": [9.625, 11.5, 9.875, 11.75], "texture": "#0"},
				"east": {"uv": [10, 2.5, 12.125, 2.75], "texture": "#0"},
				"south": {"uv": [9.625, 11.75, 9.875, 12], "texture": "#0"},
				"west": {"uv": [3.5, 10.125, 5.625, 10.375], "texture": "#0"},
				"up": {"uv": [7.25, 12.125, 7, 10], "texture": "#0"},
				"down": {"uv": [7.5, 10, 7.25, 12.125], "texture": "#0"}
			}
		},
		{
			"from": [-9, 9, 2],
			"to": [-7, 11, 19],
			"rotation": {"angle": 0, "axis": "y", "origin": [0, -13, 0]},
			"faces": {
				"north": {"uv": [1.5, 12.125, 1.75, 12.375], "texture": "#0"},
				"east": {"uv": [10.125, 4.625, 12.25, 4.875], "texture": "#0"},
				"south": {"uv": [1.75, 12.125, 2, 12.375], "texture": "#0"},
				"west": {"uv": [10.125, 4.875, 12.25, 5.125], "texture": "#0"},
				"up": {"uv": [7.75, 12.125, 7.5, 10], "texture": "#0"},
				"down": {"uv": [8, 10, 7.75, 12.125], "texture": "#0"}
			}
		},
		{
			"from": [-9.5, 11, 2],
			"to": [-6.5, 12, 19],
			"rotation": {"angle": 0, "axis": "y", "origin": [0, -13, 0]},
			"faces": {
				"north": {"uv": [8.5, 1.25, 8.875, 1.375], "texture": "#0"},
				"east": {"uv": [9.125, 4, 11.25, 4.125], "texture": "#0"},
				"south": {"uv": [10.125, 5.625, 10.5, 5.75], "texture": "#0"},
				"west": {"uv": [11.125, 2.125, 13.25, 2.25], "texture": "#0"},
				"up": {"uv": [5.375, 10.125, 5, 8], "texture": "#0"},
				"down": {"uv": [5.75, 8, 5.375, 10.125], "texture": "#0"}
			}
		},
		{
			"from": [9.5, 11, 2],
			"to": [12.5, 12, 19],
			"rotation": {"angle": 0, "axis": "y", "origin": [0, -13, 0]},
			"faces": {
				"north": {"uv": [10.375, 6.5, 10.75, 6.625], "texture": "#0"},
				"east": {"uv": [11.375, 0.875, 13.5, 1], "texture": "#0"},
				"south": {"uv": [10.375, 8.125, 10.75, 8.25], "texture": "#0"},
				"west": {"uv": [11.5, 6.375, 13.625, 6.5], "texture": "#0"},
				"up": {"uv": [6.125, 10.125, 5.75, 8], "texture": "#0"},
				"down": {"uv": [8.625, 4.125, 8.25, 6.25], "texture": "#0"}
			}
		},
		{
			"from": [-7, 11, -0.5],
			"to": [10, 12, 2.5],
			"rotation": {"angle": 0, "axis": "y", "origin": [0, -13, 0]},
			"faces": {
				"north": {"uv": [11.5, 6.5, 13.625, 6.625], "texture": "#0"},
				"east": {"uv": [10.5, 5.625, 10.875, 5.75], "texture": "#0"},
				"south": {"uv": [11.5, 6.625, 13.625, 6.75], "texture": "#0"},
				"west": {"uv": [10.75, 6.5, 11.125, 6.625], "texture": "#0"},
				"up": {"uv": [10.375, 6.625, 8.25, 6.25], "texture": "#0"},
				"down": {"uv": [10.375, 7.875, 8.25, 8.25], "texture": "#0"}
			}
		},
		{
			"from": [-7, 9, 0],
			"to": [10, 11, 2],
			"rotation": {"angle": 0, "axis": "y", "origin": [0, -13, 0]},
			"faces": {
				"north": {"uv": [10.125, 5.125, 12.25, 5.375], "texture": "#0"},
				"east": {"uv": [2, 12.125, 2.25, 12.375], "texture": "#0"},
				"south": {"uv": [10.125, 5.375, 12.25, 5.625], "texture": "#0"},
				"west": {"uv": [2.25, 12.125, 2.5, 12.375], "texture": "#0"},
				"up": {"uv": [12.25, 9.5, 10.125, 9.25], "texture": "#0"},
				"down": {"uv": [12.25, 9.5, 10.125, 9.75], "texture": "#0"}
			}
		},
		{
			"from": [-6, -1, 3],
			"to": [9, 7, 19],
			"rotation": {"angle": 0, "axis": "y", "origin": [0, -13, 0]},
			"faces": {
				"north": {"uv": [6.375, 7.875, 8.25, 8.875], "texture": "#0"},
				"east": {"uv": [6.375, 6.875, 8.375, 7.875], "texture": "#0"},
				"south": {"uv": [3.125, 8, 5, 9], "texture": "#0"},
				"west": {"uv": [0, 7.375, 2, 8.375], "texture": "#0"},
				"up": {"uv": [5.625, 4.875, 3.75, 2.875], "texture": "#0"},
				"down": {"uv": [6.125, 0, 4.25, 2], "texture": "#0"}
			}
		},
		{
			"from": [-7, 9, 16],
			"to": [10, 23, 25],
			"rotation": {"angle": 0, "axis": "y", "origin": [0, -13, 0]},
			"faces": {
				"north": {"uv": [3.75, 4.875, 5.875, 6.625], "texture": "#0"},
				"east": {"uv": [7.75, 1.375, 8.875, 3.125], "texture": "#0"},
				"south": {"uv": [0, 5.625, 2.125, 7.375], "texture": "#0"},
				"west": {"uv": [2, 7.75, 3.125, 9.5], "texture": "#0"},
				"up": {"uv": [4.25, 7.75, 2.125, 6.625], "texture": "#0"},
				"down": {"uv": [6.375, 6.875, 4.25, 8], "texture": "#0"}
			}
		},
		{
			"from": [-7, 12, 14],
			"to": [10, 26, 15],
			"rotation": {"angle": 0, "axis": "y", "origin": [0, -13, 0]},
			"faces": {
				"north": {"uv": [5.625, 2, 7.75, 3.75], "texture": "#0"},
				"east": {"uv": [5.375, 11.5, 5.5, 13.25], "texture": "#0"},
				"south": {"uv": [5.875, 3.75, 8, 5.5], "texture": "#0"},
				"west": {"uv": [5.5, 11.5, 5.625, 13.25], "texture": "#0"},
				"up": {"uv": [13.625, 8.5, 11.5, 8.375], "texture": "#0"},
				"down": {"uv": [13.625, 8.5, 11.5, 8.625], "texture": "#0"}
			}
		},
		{
			"from": [6, 9, 14],
			"to": [8, 12, 16],
			"rotation": {"angle": 0, "axis": "y", "origin": [0, -13, 0]},
			"faces": {
				"north": {"uv": [1.75, 8.75, 2, 9.125], "texture": "#0"},
				"east": {"uv": [8.875, 2.75, 9.125, 3.125], "texture": "#0"},
				"south": {"uv": [4.75, 9, 5, 9.375], "texture": "#0"},
				"west": {"uv": [1.75, 9.125, 2, 9.5], "texture": "#0"},
				"up": {"uv": [12.375, 7.75, 12.125, 7.5], "texture": "#0"},
				"down": {"uv": [8, 12.125, 7.75, 12.375], "texture": "#0"}
			}
		},
		{
			"from": [-5, 9, 14],
			"to": [-3, 12, 16],
			"rotation": {"angle": 0, "axis": "y", "origin": [0, -13, 0]},
			"faces": {
				"north": {"uv": [4.75, 9.375, 5, 9.75], "texture": "#0"},
				"east": {"uv": [4.75, 9.75, 5, 10.125], "texture": "#0"},
				"south": {"uv": [9.875, 10.375, 10.125, 10.75], "texture": "#0"},
				"west": {"uv": [10.875, 5.625, 11.125, 6], "texture": "#0"},
				"up": {"uv": [12.375, 8, 12.125, 7.75], "texture": "#0"},
				"down": {"uv": [12.375, 8, 12.125, 8.25], "texture": "#0"}
			}
		},
		{
			"from": [-6, 26, 14],
			"to": [9, 28, 15],
			"rotation": {"angle": 0, "axis": "y", "origin": [0, -13, 0]},
			"faces": {
				"north": {"uv": [10.25, 2.75, 12.125, 3], "texture": "#0"},
				"east": {"uv": [6, 10.375, 6.125, 10.625], "texture": "#0"},
				"south": {"uv": [10.25, 3, 12.125, 3.25], "texture": "#0"},
				"west": {"uv": [0.375, 10.5, 0.5, 10.75], "texture": "#0"},
				"up": {"uv": [13.375, 8.75, 11.5, 8.625], "texture": "#0"},
				"down": {"uv": [13.375, 8.75, 11.5, 8.875], "texture": "#0"}
			}
		},
		{
			"from": [-4, 28, 14],
			"to": [7, 29, 15],
			"rotation": {"angle": 0, "axis": "y", "origin": [0, -13, 0]},
			"faces": {
				"north": {"uv": [11.5, 8.875, 12.875, 9], "texture": "#0"},
				"east": {"uv": [2, 7.625, 2.125, 7.75], "texture": "#0"},
				"south": {"uv": [11.5, 11.25, 12.875, 11.375], "texture": "#0"},
				"west": {"uv": [8.125, 9.125, 8.25, 9.25], "texture": "#0"},
				"up": {"uv": [13, 1.875, 11.625, 1.75], "texture": "#0"},
				"down": {"uv": [13, 1.875, 11.625, 2], "texture": "#0"}
			}
		},
		{
			"from": [-8, 23, 15],
			"to": [11, 25, 26],
			"rotation": {"angle": 0, "axis": "y", "origin": [0, -13, 0]},
			"faces": {
				"north": {"uv": [8.625, 4.125, 11, 4.375], "texture": "#0"},
				"east": {"uv": [11.25, 6.75, 12.625, 7], "texture": "#0"},
				"south": {"uv": [8.625, 4.375, 11, 4.625], "texture": "#0"},
				"west": {"uv": [11.25, 7, 12.625, 7.25], "texture": "#0"},
				"up": {"uv": [8.25, 6.875, 5.875, 5.5], "texture": "#0"},
				"down": {"uv": [8.5, 0, 6.125, 1.375], "texture": "#0"}
			}
		},
		{
			"from": [-4, -3, 1],
			"to": [7, -1, 3],
			"rotation": {"angle": 0, "axis": "y", "origin": [0, -13, 0]},
			"faces": {
				"north": {"uv": [4.25, 2.625, 5.625, 2.875], "texture": "#0"},
				"east": {"uv": [10.875, 6, 11.125, 6.25], "texture": "#0"},
				"south": {"uv": [4.25, 6.625, 5.625, 6.875], "texture": "#0"},
				"west": {"uv": [11, 4.125, 11.25, 4.375], "texture": "#0"},
				"up": {"uv": [11.875, 9.25, 10.5, 9], "texture": "#0"},
				"down": {"uv": [12.375, 4.375, 11, 4.625], "texture": "#0"}
			}
		},
		{
			"from": [-2, -1, 1],
			"to": [5, 4, 3],
			"rotation": {"angle": 0, "axis": "y", "origin": [0, -13, 0]},
			"faces": {
				"north": {"uv": [2.625, 10, 3.5, 10.625], "texture": "#0"},
				"east": {"uv": [5.375, 2, 5.625, 2.625], "texture": "#0"},
				"south": {"uv": [6.125, 10, 7, 10.625], "texture": "#0"},
				"west": {"uv": [5.625, 3.75, 5.875, 4.375], "texture": "#0"},
				"up": {"uv": [4, 8, 3.125, 7.75], "texture": "#0"},
				"down": {"uv": [12.5, 1, 11.625, 1.25], "texture": "#0"}
			}
		},
		{
			"from": [-3, -1, 19],
			"to": [6, 7, 24],
			"rotation": {"angle": 0, "axis": "y", "origin": [0, -13, 0]},
			"faces": {
				"north": {"uv": [2.125, 5.625, 3.25, 6.625], "texture": "#0"},
				"east": {"uv": [0, 8.375, 0.625, 9.375], "texture": "#0"},
				"south": {"uv": [8, 3.125, 9.125, 4.125], "texture": "#0"},
				"west": {"uv": [0.625, 8.375, 1.25, 9.375], "texture": "#0"},
				"up": {"uv": [5.375, 2.625, 4.25, 2], "texture": "#0"},
				"down": {"uv": [7.25, 1.375, 6.125, 2], "texture": "#0"}
			}
		},
		{
			"from": [-8, 19, 18],
			"to": [-6, 22, 20],
			"rotation": {"angle": 0, "axis": "y", "origin": [0, -6, 0]},
			"faces": {
				"north": {"uv": [5.625, 4.375, 5.875, 4.75], "texture": "#0"},
				"east": {"uv": [3.25, 6.25, 3.5, 6.625], "texture": "#0"},
				"south": {"uv": [3.5, 6.25, 3.75, 6.625], "texture": "#0"},
				"west": {"uv": [1.75, 8.375, 2, 8.75], "texture": "#0"},
				"up": {"uv": [12.375, 2.5, 12.125, 2.25], "texture": "#0"},
				"down": {"uv": [12.375, 2.5, 12.125, 2.75], "texture": "#0"}
			}
		},
		{
			"from": [-16, 15, 21],
			"to": [-6, 17, 23],
			"rotation": {"angle": 0, "axis": "y", "origin": [0, -6, 0]},
			"faces": {
				"north": {"uv": [11.375, 0.625, 12.625, 0.875], "texture": "#0"},
				"east": {"uv": [10.375, 12.125, 10.625, 12.375], "texture": "#0"},
				"south": {"uv": [11.375, 11.375, 12.625, 11.625], "texture": "#0"},
				"west": {"uv": [11.375, 12.125, 11.625, 12.375], "texture": "#0"},
				"up": {"uv": [5.375, 11.75, 4.125, 11.5], "texture": "#0"},
				"down": {"uv": [12.75, 5.625, 11.5, 5.875], "texture": "#0"}
			}
		},
		{
			"from": [-15, 14, 20],
			"to": [-10, 18, 24],
			"rotation": {"angle": 0, "axis": "y", "origin": [0, -6, 0]},
			"faces": {
				"north": {"uv": [10.25, 3.25, 10.875, 3.75], "texture": "#0"},
				"east": {"uv": [11.5, 10.25, 12, 10.75], "texture": "#0"},
				"south": {"uv": [11.5, 5.875, 12.125, 6.375], "texture": "#0"},
				"west": {"uv": [11.5, 10.75, 12, 11.25], "texture": "#0"},
				"up": {"uv": [12.125, 8.375, 11.5, 7.875], "texture": "#0"},
				"down": {"uv": [8.625, 11.5, 8, 12], "texture": "#0"}
			}
		},
		{
			"from": [-15, 8, 23],
			"to": [-10, 14, 24],
			"rotation": {"angle": 0, "axis": "y", "origin": [0, -6, 0]},
			"faces": {
				"north": {"uv": [10.125, 10.25, 10.75, 11], "texture": "#0"},
				"east": {"uv": [11.125, 1.25, 11.25, 2], "texture": "#0"},
				"south": {"uv": [3.5, 10.375, 4.125, 11.125], "texture": "#0"},
				"west": {"uv": [5.25, 11.75, 5.375, 12.5], "texture": "#0"},
				"up": {"uv": [1.125, 9.5, 0.5, 9.375], "texture": "#0"},
				"down": {"uv": [4.125, 10, 3.5, 10.125], "texture": "#0"}
			}
		},
		{
			"from": [-2, -5, 22],
			"to": [0, -3, 27],
			"rotation": {"angle": 0, "axis": "y", "origin": [0, -6, 0]},
			"faces": {
				"north": {"uv": [12.125, 2.75, 12.375, 3], "texture": "#0"},
				"east": {"uv": [10.375, 6.25, 11, 6.5], "texture": "#0"},
				"south": {"uv": [12.125, 3, 12.375, 3.25], "texture": "#0"},
				"west": {"uv": [10.375, 7.875, 11, 8.125], "texture": "#0"},
				"up": {"uv": [8, 3.75, 7.75, 3.125], "texture": "#0"},
				"down": {"uv": [8.25, 4.125, 8, 4.75], "texture": "#0"}
			}
		},
		{
			"from": [2, -5, 22],
			"to": [4, -3, 27],
			"rotation": {"angle": 0, "axis": "y", "origin": [0, -6, 0]},
			"faces": {
				"north": {"uv": [12.125, 5.875, 12.375, 6.125], "texture": "#0"},
				"east": {"uv": [10.5, 8.75, 11.125, 9], "texture": "#0"},
				"south": {"uv": [12.125, 6.125, 12.375, 6.375], "texture": "#0"},
				"west": {"uv": [11.875, 9, 12.5, 9.25], "texture": "#0"},
				"up": {"uv": [8.25, 5.375, 8, 4.75], "texture": "#0"},
				"down": {"uv": [6.375, 8, 6.125, 8.625], "texture": "#0"}
			}
		},
		{
			"from": [2.25, -4.75, 27],
			"to": [3.75, -3.25, 28],
			"rotation": {"angle": 0, "axis": "y", "origin": [0, -6, 0]},
			"faces": {
				"north": {"uv": [7, 12.125, 7.25, 12.375], "texture": "#0"},
				"east": {"uv": [2, 7.375, 2.125, 7.625], "texture": "#0"},
				"south": {"uv": [7.25, 12.125, 7.5, 12.375], "texture": "#0"},
				"west": {"uv": [8.125, 8.875, 8.25, 9.125], "texture": "#0"},
				"up": {"uv": [5.875, 4.875, 5.625, 4.75], "texture": "#0"},
				"down": {"uv": [8.25, 5.375, 8, 5.5], "texture": "#0"}
			}
		},
		{
			"from": [-1.75, -4.75, 27],
			"to": [-0.25, -3.25, 28],
			"rotation": {"angle": 0, "axis": "y", "origin": [0, -6, 0]},
			"faces": {
				"north": {"uv": [12.125, 7.25, 12.375, 7.5], "texture": "#0"},
				"east": {"uv": [8, 10, 8.125, 10.25], "texture": "#0"},
				"south": {"uv": [7.5, 12.125, 7.75, 12.375], "texture": "#0"},
				"west": {"uv": [6, 10.125, 6.125, 10.375], "texture": "#0"},
				"up": {"uv": [11, 8.25, 10.75, 8.125], "texture": "#0"},
				"down": {"uv": [11.875, 2, 11.625, 2.125], "texture": "#0"}
			}
		},
		{
			"from": [12.5, -4, 12],
			"to": [14.5, 9, 14],
			"rotation": {"angle": -22.5, "axis": "x", "origin": [0, 0, 0]},
			"faces": {
				"north": {"uv": [6.75, 10.625, 7, 12.25], "texture": "#0"},
				"east": {"uv": [10.625, 11.375, 10.875, 13], "texture": "#0"},
				"south": {"uv": [10.875, 11.375, 11.125, 13], "texture": "#0"},
				"west": {"uv": [11.125, 11.375, 11.375, 13], "texture": "#0"},
				"up": {"uv": [10.125, 12.375, 9.875, 12.125], "texture": "#0"},
				"down": {"uv": [10.375, 12.125, 10.125, 12.375], "texture": "#0"}
			}
		},
		{
			"from": [11.5, -3.5, 11],
			"to": [15.5, 1.5, 15],
			"rotation": {"angle": -22.5, "axis": "x", "origin": [0, 0, 0]},
			"faces": {
				"north": {"uv": [3.25, 5.625, 3.75, 6.25], "texture": "#0"},
				"east": {"uv": [7.25, 1.375, 7.75, 2], "texture": "#0"},
				"south": {"uv": [11.25, 7.25, 11.75, 7.875], "texture": "#0"},
				"west": {"uv": [11.375, 0, 11.875, 0.625], "texture": "#0"},
				"up": {"uv": [9.125, 12, 8.625, 11.5], "texture": "#0"},
				"down": {"uv": [9.625, 11.5, 9.125, 12], "texture": "#0"}
			}
		}
	],
	"display": {
		"ground": {
			"rotation": [90, -180, 0],
			"translation": [-4.25, 14.5, 6.75],
			"scale": [0.63, 0.63, 0.63]
		},
		"gui": {
			"rotation": [22, -144, 0],
			"translation": [-0.75, -1.5, 0],
			"scale": [0.37, 0.37, 0.37]
		},
		"head": {
			"translation": [4.75, -0.25, -3.25],
			"scale": [0.74, 0.74, 0.74]
		}
	},
	"groups": [
		0,
		1,
		{
			"name": "octagon",
			"origin": [8, 8, 8],
			"color": 0,
			"children": [2, 3, 4, 5, 6, 7, 8, 9, 10, 11, 12, 13, 14, 15, 16, 17]
		},
		18,
		19,
		20,
		21,
		22,
		23,
		24,
		25,
		26,
		27,
		28,
		29,
		30,
		31,
		32,
		33,
		34,
		35,
		36,
		37,
		38,
		39,
		40,
		41,
		42,
		43,
		44,
		45,
		46
	]
}