{
	"credit": "Made with Blockbench",
	"texture_size": [128, 128],
	"textures": {
		"0": "item/carts/truck",
		"particle": "item/carts/truck"
	},
	"elements": [
		{
			"from": [1, 3.2, -6],
			"to": [15, 5, 22],
			"faces": {
				"north": {"uv": [7.625, 5.25, 9.375, 5.5], "texture": "#0"},
				"east": {"uv": [7.125, 0.75, 10.625, 1], "texture": "#0"},
				"south": {"uv": [7.625, 5.5, 9.375, 5.75], "texture": "#0"},
				"west": {"uv": [7.125, 1, 10.625, 1.25], "texture": "#0"},
				"up": {"uv": [1.75, 3.5, 0, 0], "texture": "#0"},
				"down": {"uv": [3.5, 0, 1.75, 3.5], "texture": "#0"}
			}
		},
		{
			"from": [1, 5, 21.4],
			"to": [15, 10, 23],
			"faces": {
				"north": {"uv": [1.875, 4.75, 3.625, 5.375], "texture": "#0"},
				"east": {"uv": [9.875, 5.25, 10.125, 5.875], "texture": "#0"},
				"south": {"uv": [2.125, 6, 3.875, 6.625], "texture": "#0"},
				"west": {"uv": [9.875, 5.875, 10.125, 6.5], "texture": "#0"},
				"up": {"uv": [9.75, 4.875, 8, 4.625], "texture": "#0"},
				"down": {"uv": [9.75, 4.875, 8, 5.125], "texture": "#0"}
			}
		},
		{
			"from": [0.2, 5, 6.5],
			"to": [1.8, 10, 22.5],
			"rotation": {"angle": 0, "axis": "y", "origin": [8, 7.5, 22.2]},
			"faces": {
				"north": {"uv": [5.25, 10.25, 5.5, 10.875], "texture": "#0"},
				"east": {"uv": [2.125, 5.375, 4.125, 6], "texture": "#0"},
				"south": {"uv": [5.5, 10.25, 5.75, 10.875], "texture": "#0"},
				"west": {"uv": [5.375, 2.5, 7.375, 3.125], "texture": "#0"},
				"up": {"uv": [6.5, 9.25, 6.25, 7.25], "texture": "#0"},
				"down": {"uv": [7.625, 7.75, 7.375, 9.75], "texture": "#0"}
			}
		},
		{
			"from": [-0.9, 7.1, 13.85],
			"to": [0.8, 8, 19.9],
			"rotation": {"angle": 0, "axis": "y", "origin": [8, 7.5, 22.2]},
			"faces": {
				"north": {"uv": [10.75, 11.25, 11, 11.375], "texture": "#0"},
				"east": {"uv": [10.5, 6.25, 11.25, 6.375], "texture": "#0"},
				"south": {"uv": [11, 11.25, 11.25, 11.375], "texture": "#0"},
				"west": {"uv": [0.75, 10.625, 1.5, 10.75], "texture": "#0"},
				"up": {"uv": [1.5, 10.625, 1.25, 9.875], "texture": "#0"},
				"down": {"uv": [1.75, 9.875, 1.5, 10.625], "texture": "#0"}
			}
		},
		{
			"from": [-0.9, 4.025, 11.9],
			"to": [0.8, 6.075, 12.8],
			"rotation": {"angle": 0, "axis": "y", "origin": [-0.05, 3.05, 12.35]},
			"faces": {
				"north": {"uv": [2.875, 11, 3.125, 11.25], "texture": "#0"},
				"east": {"uv": [11.375, 0, 11.5, 0.25], "texture": "#0"},
				"south": {"uv": [11, 3.125, 11.25, 3.375], "texture": "#0"},
				"west": {"uv": [0.75, 11.375, 0.875, 11.625], "texture": "#0"},
				"up": {"uv": [11.625, 0.625, 11.375, 0.5], "texture": "#0"},
				"down": {"uv": [1.125, 11.375, 0.875, 11.5], "texture": "#0"}
			}
		},
		{
			"from": [-0.9, 4.025, 20.95],
			"to": [0.8, 6.075, 21.85],
			"rotation": {"angle": 0, "axis": "y", "origin": [-0.05, 3.05, 21.4]},
			"faces": {
				"north": {"uv": [3.5, 11, 3.75, 11.25], "texture": "#0"},
				"east": {"uv": [1.125, 11.375, 1.25, 11.625], "texture": "#0"},
				"south": {"uv": [3.75, 11, 4, 11.25], "texture": "#0"},
				"west": {"uv": [1.25, 11.375, 1.375, 11.625], "texture": "#0"},
				"up": {"uv": [11.625, 1.625, 11.375, 1.5], "texture": "#0"},
				"down": {"uv": [11.625, 1.625, 11.375, 1.75], "texture": "#0"}
			}
		},
		{
			"from": [3.7, 3.425, 21.95],
			"to": [5, 4.725, 23.85],
			"rotation": {"angle": 0, "axis": "y", "origin": [-0.05, 3.05, 21.4]},
			"faces": {
				"north": {"uv": [8.875, 11.5, 9, 11.625], "texture": "#0"},
				"east": {"uv": [3.75, 11.5, 4, 11.625], "texture": "#0"},
				"south": {"uv": [11.5, 8.875, 11.625, 9], "texture": "#0"},
				"west": {"uv": [11.5, 3.875, 11.75, 4], "texture": "#0"},
				"up": {"uv": [4.125, 11.75, 4, 11.5], "texture": "#0"},
				"down": {"uv": [4.25, 11.5, 4.125, 11.75], "texture": "#0"}
			}
		},
		{
			"from": [5.5, 3.425, 21.95],
			"to": [6.8, 4.725, 23.85],
			"rotation": {"angle": 0, "axis": "y", "origin": [-0.05, 3.05, 21.4]},
			"faces": {
				"north": {"uv": [9, 11.5, 9.125, 11.625], "texture": "#0"},
				"east": {"uv": [11.5, 4.125, 11.75, 4.25], "texture": "#0"},
				"south": {"uv": [11.5, 9, 11.625, 9.125], "texture": "#0"},
				"west": {"uv": [4.25, 11.5, 4.5, 11.625], "texture": "#0"},
				"up": {"uv": [4.625, 11.75, 4.5, 11.5], "texture": "#0"},
				"down": {"uv": [11.625, 4.5, 11.5, 4.75], "texture": "#0"}
			}
		},
		{
			"from": [-0.875, 4.675, 12.475],
			"to": [0.825, 5.575, 15.225],
			"rotation": {"angle": -45, "axis": "x", "origin": [-0.025, 5.125, 11.6]},
			"faces": {
				"north": {"uv": [11.25, 11, 11.5, 11.125], "texture": "#0"},
				"east": {"uv": [5.625, 5.25, 6, 5.375], "texture": "#0"},
				"south": {"uv": [11.25, 11.125, 11.5, 11.25], "texture": "#0"},
				"west": {"uv": [6.125, 5.875, 6.5, 6], "texture": "#0"},
				"up": {"uv": [10.875, 1.125, 10.625, 0.75], "texture": "#0"},
				"down": {"uv": [10.875, 1.125, 10.625, 1.5], "texture": "#0"}
			}
		},
		{
			"from": [-0.875, 4.675, 18.525],
			"to": [0.825, 5.575, 21.275],
			"rotation": {"angle": 45, "axis": "x", "origin": [-0.025, 5.125, 22.15]},
			"faces": {
				"north": {"uv": [11.25, 11.25, 11.5, 11.375], "texture": "#0"},
				"east": {"uv": [7.625, 5.75, 8, 5.875], "texture": "#0"},
				"south": {"uv": [0, 11.375, 0.25, 11.5], "texture": "#0"},
				"west": {"uv": [10.875, 2.875, 11.25, 3], "texture": "#0"},
				"up": {"uv": [1.75, 11, 1.5, 10.625], "texture": "#0"},
				"down": {"uv": [2, 10.625, 1.75, 11], "texture": "#0"}
			}
		},
		{
			"from": [-1.5, 4.025, 3.95],
			"to": [0.2, 6.075, 4.85],
			"rotation": {"angle": 0, "axis": "y", "origin": [-0.65, 3.05, 4.4]},
			"faces": {
				"north": {"uv": [7.625, 11, 7.875, 11.25], "texture": "#0"},
				"east": {"uv": [11.375, 4.625, 11.5, 4.875], "texture": "#0"},
				"south": {"uv": [9.625, 11, 9.875, 11.25], "texture": "#0"},
				"west": {"uv": [11.375, 4.875, 11.5, 5.125], "texture": "#0"},
				"up": {"uv": [11.625, 4.125, 11.375, 4], "texture": "#0"},
				"down": {"uv": [11.625, 4.375, 11.375, 4.5], "texture": "#0"}
			}
		},
		{
			"from": [-1.475, 4.675, 1.525],
			"to": [0.225, 5.575, 4.275],
			"rotation": {"angle": 45, "axis": "x", "origin": [-0.625, 5.125, 5.15]},
			"faces": {
				"north": {"uv": [3.5, 11.375, 3.75, 11.5], "texture": "#0"},
				"east": {"uv": [11, 4.375, 11.375, 4.5], "texture": "#0"},
				"south": {"uv": [3.75, 11.375, 4, 11.5], "texture": "#0"},
				"west": {"uv": [11.125, 7.75, 11.5, 7.875], "texture": "#0"},
				"up": {"uv": [2.5, 11, 2.25, 10.625], "texture": "#0"},
				"down": {"uv": [10.875, 2.25, 10.625, 2.625], "texture": "#0"}
			}
		},
		{
			"from": [-1.5, 7.1, -3.15],
			"to": [0.2, 8, 2.9],
			"rotation": {"angle": 0, "axis": "y", "origin": [7.4, 7.5, 5.2]},
			"faces": {
				"north": {"uv": [11.375, 2.75, 11.625, 2.875], "texture": "#0"},
				"east": {"uv": [10.625, 1.5, 11.375, 1.625], "texture": "#0"},
				"south": {"uv": [11.375, 3, 11.625, 3.125], "texture": "#0"},
				"west": {"uv": [10.625, 1.625, 11.375, 1.75], "texture": "#0"},
				"up": {"uv": [2, 10.625, 1.75, 9.875], "texture": "#0"},
				"down": {"uv": [2.25, 9.875, 2, 10.625], "texture": "#0"}
			}
		},
		{
			"from": [-1.475, 4.675, -4.525],
			"to": [0.225, 5.575, -1.775],
			"rotation": {"angle": -45, "axis": "x", "origin": [-0.625, 5.125, -5.4]},
			"faces": {
				"north": {"uv": [11.375, 2.375, 11.625, 2.5], "texture": "#0"},
				"east": {"uv": [10.875, 10.125, 11.25, 10.25], "texture": "#0"},
				"south": {"uv": [11.375, 2.625, 11.625, 2.75], "texture": "#0"},
				"west": {"uv": [11, 2.375, 11.375, 2.5], "texture": "#0"},
				"up": {"uv": [10.875, 2.25, 10.625, 1.875], "texture": "#0"},
				"down": {"uv": [2.25, 10.625, 2, 11], "texture": "#0"}
			}
		},
		{
			"from": [-1.5, 4.025, -5.1],
			"to": [0.2, 6.075, -4.2],
			"rotation": {"angle": 0, "axis": "y", "origin": [-0.65, 3.05, -4.65]},
			"faces": {
				"north": {"uv": [11, 4.125, 11.25, 4.375], "texture": "#0"},
				"east": {"uv": [1.375, 11.375, 1.5, 11.625], "texture": "#0"},
				"south": {"uv": [7.375, 11, 7.625, 11.25], "texture": "#0"},
				"west": {"uv": [11.375, 1.875, 11.5, 2.125], "texture": "#0"},
				"up": {"uv": [11.625, 2.25, 11.375, 2.125], "texture": "#0"},
				"down": {"uv": [11.625, 2.25, 11.375, 2.375], "texture": "#0"}
			}
		},
		{
			"from": [1.9, 3.6, -6.6],
			"to": [14.1, 10, -5],
			"faces": {
				"north": {"uv": [5.625, 3.75, 7.125, 4.5], "texture": "#0"},
				"east": {"uv": [0.75, 9.875, 1, 10.625], "texture": "#0"},
				"south": {"uv": [5.625, 4.5, 7.125, 5.25], "texture": "#0"},
				"west": {"uv": [1, 9.875, 1.25, 10.625], "texture": "#0"},
				"up": {"uv": [10, 2.125, 8.5, 1.875], "texture": "#0"},
				"down": {"uv": [10, 4.25, 8.5, 4.5], "texture": "#0"}
			}
		},
		{
			"from": [-0.3, 3.6, -6.2],
			"to": [16.3, 10, -5],
			"faces": {
				"north": {"uv": [0, 5.375, 2.125, 6.125], "texture": "#0"},
				"east": {"uv": [4.375, 8.125, 4.5, 8.875], "texture": "#0"},
				"south": {"uv": [5.375, 0, 7.5, 0.75], "texture": "#0"},
				"west": {"uv": [6.25, 10.5, 6.375, 11.25], "texture": "#0"},
				"up": {"uv": [9.625, 0.75, 7.5, 0.625], "texture": "#0"},
				"down": {"uv": [10.125, 5.125, 8, 5.25], "texture": "#0"}
			}
		},
		{
			"from": [15, 8.55, -7.3],
			"to": [16.6, 10.65, -5.5],
			"faces": {
				"north": {"uv": [7.125, 2.25, 7.375, 2.5], "texture": "#0"},
				"east": {"uv": [7.375, 2.875, 7.625, 3.125], "texture": "#0"},
				"south": {"uv": [9.875, 2.875, 10.125, 3.125], "texture": "#0"},
				"west": {"uv": [10.875, 2.625, 11.125, 2.875], "texture": "#0"},
				"up": {"uv": [11.125, 7.5, 10.875, 7.25], "texture": "#0"},
				"down": {"uv": [11.125, 7.5, 10.875, 7.75], "texture": "#0"}
			}
		},
		{
			"from": [14.75, 8.8, -7.3],
			"to": [16.85, 10.4, -5.9],
			"rotation": {"angle": 0, "axis": "y", "origin": [15.2, 8.5, -6.7]},
			"faces": {
				"north": {"uv": [10.875, 7.75, 11.125, 8], "texture": "#0"},
				"east": {"uv": [8.25, 7.5, 8.375, 7.75], "texture": "#0"},
				"south": {"uv": [10.875, 8.125, 11.125, 8.375], "texture": "#0"},
				"west": {"uv": [6.125, 8.75, 6.25, 9], "texture": "#0"},
				"up": {"uv": [4, 11.375, 3.75, 11.25], "texture": "#0"},
				"down": {"uv": [11.5, 4.125, 11.25, 4.25], "texture": "#0"}
			}
		},
		{
			"from": [15, 8.8, -7.4],
			"to": [16.6, 10.4, -6.5],
			"rotation": {"angle": 0, "axis": "y", "origin": [15.2, 8.5, -6.7]},
			"faces": {
				"north": {"uv": [8.375, 10.875, 8.625, 11.125], "texture": "#0"},
				"east": {"uv": [10, 1.875, 10.125, 2.125], "texture": "#0"},
				"south": {"uv": [10.875, 8.375, 11.125, 8.625], "texture": "#0"},
				"west": {"uv": [4.5, 11.25, 4.625, 11.5], "texture": "#0"},
				"up": {"uv": [11.5, 4.375, 11.25, 4.25], "texture": "#0"},
				"down": {"uv": [11.5, 4.5, 11.25, 4.625], "texture": "#0"}
			}
		},
		{
			"from": [-0.6, 8.8, -7.4],
			"to": [1, 10.4, -6.5],
			"rotation": {"angle": 0, "axis": "y", "origin": [0.8, 8.5, -6.7]},
			"faces": {
				"north": {"uv": [10, 10.875, 10.25, 11.125], "texture": "#0"},
				"east": {"uv": [11.25, 6.75, 11.375, 7], "texture": "#0"},
				"south": {"uv": [10.875, 10.75, 11.125, 11], "texture": "#0"},
				"west": {"uv": [11.25, 7, 11.375, 7.25], "texture": "#0"},
				"up": {"uv": [11.5, 7.375, 11.25, 7.25], "texture": "#0"},
				"down": {"uv": [7.625, 11.25, 7.375, 11.375], "texture": "#0"}
			}
		},
		{
			"from": [-0.6, 8.55, -7.3],
			"to": [1, 10.65, -5.5],
			"rotation": {"angle": 0, "axis": "y", "origin": [16, 0, 0]},
			"faces": {
				"north": {"uv": [8.875, 10.875, 9.125, 11.125], "texture": "#0"},
				"east": {"uv": [10.875, 8.875, 11.125, 9.125], "texture": "#0"},
				"south": {"uv": [9.125, 10.875, 9.375, 11.125], "texture": "#0"},
				"west": {"uv": [10.875, 9.125, 11.125, 9.375], "texture": "#0"},
				"up": {"uv": [11.125, 9.625, 10.875, 9.375], "texture": "#0"},
				"down": {"uv": [11.125, 9.875, 10.875, 10.125], "texture": "#0"}
			}
		},
		{
			"from": [-0.85, 8.8, -7.3],
			"to": [1.25, 10.4, -5.9],
			"rotation": {"angle": 0, "axis": "y", "origin": [0.8, 8.5, -6.7]},
			"faces": {
				"north": {"uv": [8.625, 10.875, 8.875, 11.125], "texture": "#0"},
				"east": {"uv": [4.625, 11.25, 4.75, 11.5], "texture": "#0"},
				"south": {"uv": [10.875, 8.625, 11.125, 8.875], "texture": "#0"},
				"west": {"uv": [6.25, 11.25, 6.375, 11.5], "texture": "#0"},
				"up": {"uv": [11.5, 6.375, 11.25, 6.25], "texture": "#0"},
				"down": {"uv": [11.5, 6.625, 11.25, 6.75], "texture": "#0"}
			}
		},
		{
			"from": [3.5, 4.425, -7],
			"to": [12.5, 4.875, -5],
			"faces": {
				"north": {"uv": [10, 0, 11.125, 0.125], "texture": "#0"},
				"east": {"uv": [8, 2.125, 8.25, 2.25], "texture": "#0"},
				"south": {"uv": [10, 0.125, 11.125, 0.25], "texture": "#0"},
				"west": {"uv": [3, 8.25, 3.25, 8.375], "texture": "#0"},
				"up": {"uv": [2, 6.375, 0.875, 6.125], "texture": "#0"},
				"down": {"uv": [2, 6.375, 0.875, 6.625], "texture": "#0"}
			}
		},
		{
			"from": [2.5, 5.175, -7],
			"to": [13.5, 5.625, -5],
			"faces": {
				"north": {"uv": [9.75, 4.625, 11.125, 4.75], "texture": "#0"},
				"east": {"uv": [8.25, 3.625, 8.5, 3.75], "texture": "#0"},
				"south": {"uv": [9.75, 4.75, 11.125, 4.875], "texture": "#0"},
				"west": {"uv": [8.5, 6.5, 8.75, 6.625], "texture": "#0"},
				"up": {"uv": [9.875, 6, 8.5, 5.75], "texture": "#0"},
				"down": {"uv": [9.875, 6, 8.5, 6.25], "texture": "#0"}
			}
		},
		{
			"from": [2.5, 5.925, -7],
			"to": [13.5, 6.375, -5],
			"faces": {
				"north": {"uv": [9.75, 4.875, 11.125, 5], "texture": "#0"},
				"east": {"uv": [8.875, 3.5, 9.125, 3.625], "texture": "#0"},
				"south": {"uv": [9.75, 5, 11.125, 5.125], "texture": "#0"},
				"west": {"uv": [2.75, 9.125, 3, 9.25], "texture": "#0"},
				"up": {"uv": [9.875, 6.5, 8.5, 6.25], "texture": "#0"},
				"down": {"uv": [10.125, 2.125, 8.75, 2.375], "texture": "#0"}
			}
		},
		{
			"from": [2.5, 6.675, -7],
			"to": [13.5, 7.125, -5],
			"faces": {
				"north": {"uv": [9.75, 6.75, 11.125, 6.875], "texture": "#0"},
				"east": {"uv": [11.25, 1.125, 11.5, 1.25], "texture": "#0"},
				"south": {"uv": [9.75, 6.875, 11.125, 7], "texture": "#0"},
				"west": {"uv": [11.25, 2.875, 11.5, 3], "texture": "#0"},
				"up": {"uv": [10.125, 2.625, 8.75, 2.375], "texture": "#0"},
				"down": {"uv": [10.125, 2.625, 8.75, 2.875], "texture": "#0"}
			}
		},
		{
			"from": [2.5, 7.425, -7],
			"to": [13.5, 7.875, -5],
			"faces": {
				"north": {"uv": [9.75, 7, 11.125, 7.125], "texture": "#0"},
				"east": {"uv": [11.25, 3.125, 11.5, 3.25], "texture": "#0"},
				"south": {"uv": [9.75, 7.125, 11.125, 7.25], "texture": "#0"},
				"west": {"uv": [11.25, 3.25, 11.5, 3.375], "texture": "#0"},
				"up": {"uv": [6.125, 9, 4.75, 8.75], "texture": "#0"},
				"down": {"uv": [10.125, 6.5, 8.75, 6.75], "texture": "#0"}
			}
		},
		{
			"from": [4, 8.175, -7],
			"to": [12, 8.625, -5],
			"faces": {
				"north": {"uv": [10, 0.25, 11, 0.375], "texture": "#0"},
				"east": {"uv": [11.25, 3.375, 11.5, 3.5], "texture": "#0"},
				"south": {"uv": [10, 0.375, 11, 0.5], "texture": "#0"},
				"west": {"uv": [3.5, 11.25, 3.75, 11.375], "texture": "#0"},
				"up": {"uv": [10.375, 7.625, 9.375, 7.375], "texture": "#0"},
				"down": {"uv": [10.375, 7.625, 9.375, 7.875], "texture": "#0"}
			}
		},
		{
			"from": [0.5, 9.4, -4.9],
			"to": [15.5, 19.8, -3.8],
			"rotation": {"angle": 22.5, "axis": "x", "origin": [8, 12.6, -4.6]},
			"faces": {
				"north": {"uv": [1.875, 3.5, 3.75, 4.75], "texture": "#0"},
				"east": {"uv": [7.25, 9.875, 7.375, 11.125], "texture": "#0"},
				"south": {"uv": [3.5, 1.875, 5.375, 3.125], "texture": "#0"},
				"west": {"uv": [9.375, 9.875, 9.5, 11.125], "texture": "#0"},
				"up": {"uv": [10.375, 4.625, 8.5, 4.5], "texture": "#0"},
				"down": {"uv": [11, 4.125, 9.125, 4.25], "texture": "#0"}
			}
		},
		{
			"from": [-0.2, 9.4, -5],
			"to": [0.8, 19.8, -4.4],
			"rotation": {"angle": 22.5, "axis": "x", "origin": [8, 12.6, -4.6]},
			"faces": {
				"north": {"uv": [9.5, 9.875, 9.625, 11.125], "texture": "#0"},
				"east": {"uv": [9.875, 9.75, 10, 11], "texture": "#0"},
				"south": {"uv": [10, 7.875, 10.125, 9.125], "texture": "#0"},
				"west": {"uv": [10, 9.125, 10.125, 10.375], "texture": "#0"},
				"up": {"uv": [6.125, 5.375, 6, 5.25], "texture": "#0"},
				"down": {"uv": [8.875, 2.875, 8.75, 3], "texture": "#0"}
			}
		},
		{
			"from": [15.2, 9.4, -5],
			"to": [16.2, 19.8, -4.4],
			"rotation": {"angle": 22.5, "axis": "x", "origin": [8, 12.6, -4.6]},
			"faces": {
				"north": {"uv": [8, 10.125, 8.125, 11.375], "texture": "#0"},
				"east": {"uv": [8.125, 10.125, 8.25, 11.375], "texture": "#0"},
				"south": {"uv": [8.25, 10.125, 8.375, 11.375], "texture": "#0"},
				"west": {"uv": [10.125, 9.125, 10.25, 10.375], "texture": "#0"},
				"up": {"uv": [4.75, 11.625, 4.625, 11.5], "texture": "#0"},
				"down": {"uv": [4.875, 11.5, 4.75, 11.625], "texture": "#0"}
			}
		},
		{
			"from": [7.5, 9.4, -5.4],
			"to": [8.5, 19.8, -4.3],
			"rotation": {"angle": 22.5, "axis": "x", "origin": [8, 12.6, -4.6]},
			"faces": {
				"north": {"uv": [10.125, 1.875, 10.25, 3.125], "texture": "#0"},
				"east": {"uv": [10.125, 5.125, 10.25, 6.375], "texture": "#0"},
				"south": {"uv": [7.875, 10.125, 8, 11.375], "texture": "#0"},
				"west": {"uv": [10.125, 7.875, 10.25, 9.125], "texture": "#0"},
				"up": {"uv": [8.875, 7.5, 8.75, 7.375], "texture": "#0"},
				"down": {"uv": [4.5, 8.875, 4.375, 9], "texture": "#0"}
			}
		},
		{
			"from": [9.4, 9.4, -5.175],
			"to": [9.8, 13.4, -4.3],
			"rotation": {"angle": 22.5, "axis": "x", "origin": [8, 12.6, -4.6]},
			"faces": {
				"north": {"uv": [0.5, 11, 0.625, 11.5], "texture": "#0"},
				"east": {"uv": [0.625, 11, 0.75, 11.5], "texture": "#0"},
				"south": {"uv": [1.5, 11, 1.625, 11.5], "texture": "#0"},
				"west": {"uv": [1.625, 11, 1.75, 11.5], "texture": "#0"},
				"up": {"uv": [11.625, 4.875, 11.5, 4.75], "texture": "#0"},
				"down": {"uv": [5, 11.5, 4.875, 11.625], "texture": "#0"}
			}
		},
		{
			"from": [9.8, 13.1, -5.075],
			"to": [10.2, 15.8, -4.3],
			"rotation": {"angle": 22.5, "axis": "x", "origin": [8, 12.6, -4.6]},
			"faces": {
				"north": {"uv": [5.125, 11, 5.25, 11.375], "texture": "#0"},
				"east": {"uv": [9.875, 11, 10, 11.375], "texture": "#0"},
				"south": {"uv": [0.25, 11.125, 0.375, 11.5], "texture": "#0"},
				"west": {"uv": [6.375, 11.125, 6.5, 11.5], "texture": "#0"},
				"up": {"uv": [11.625, 5, 11.5, 4.875], "texture": "#0"},
				"down": {"uv": [5.125, 11.5, 5, 11.625], "texture": "#0"}
			}
		},
		{
			"from": [1.8, 13.1, -5.075],
			"to": [2.2, 15.8, -4.3],
			"rotation": {"angle": 22.5, "axis": "x", "origin": [8, 12.6, -4.6]},
			"faces": {
				"north": {"uv": [11.125, 6.625, 11.25, 7], "texture": "#0"},
				"east": {"uv": [11.125, 7, 11.25, 7.375], "texture": "#0"},
				"south": {"uv": [7.25, 11.125, 7.375, 11.5], "texture": "#0"},
				"west": {"uv": [11.125, 7.375, 11.25, 7.75], "texture": "#0"},
				"up": {"uv": [5.5, 11.625, 5.375, 11.5], "texture": "#0"},
				"down": {"uv": [5.625, 11.5, 5.5, 11.625], "texture": "#0"}
			}
		},
		{
			"from": [1.4, 9.4, -5.175],
			"to": [1.8, 13.4, -4.3],
			"rotation": {"angle": 22.5, "axis": "x", "origin": [8, 12.6, -4.6]},
			"faces": {
				"north": {"uv": [1.75, 11, 1.875, 11.5], "texture": "#0"},
				"east": {"uv": [1.875, 11, 2, 11.5], "texture": "#0"},
				"south": {"uv": [11, 1.875, 11.125, 2.375], "texture": "#0"},
				"west": {"uv": [2, 11, 2.125, 11.5], "texture": "#0"},
				"up": {"uv": [11.625, 5.125, 11.5, 5], "texture": "#0"},
				"down": {"uv": [5.375, 11.5, 5.25, 11.625], "texture": "#0"}
			}
		},
		{
			"from": [0.3, 19.34343, -4.4906],
			"to": [15.7, 20.34343, -3.5156],
			"rotation": {"angle": 22.5, "axis": "x", "origin": [8, 14.54343, -4.0656]},
			"faces": {
				"north": {"uv": [9.375, 3.375, 11.25, 3.5], "texture": "#0"},
				"east": {"uv": [11, 6.625, 11.125, 6.75], "texture": "#0"},
				"south": {"uv": [9.5, 0.5, 11.375, 0.625], "texture": "#0"},
				"west": {"uv": [11.5, 4.25, 11.625, 4.375], "texture": "#0"},
				"up": {"uv": [11.5, 0.75, 9.625, 0.625], "texture": "#0"},
				"down": {"uv": [11.5, 1.75, 9.625, 1.875], "texture": "#0"}
			}
		},
		{
			"from": [0.3, 19.10357, -2.27964],
			"to": [15.7, 20.07857, 6.72036],
			"rotation": {"angle": 0, "axis": "y", "origin": [8, 19.41607, -1.97964]},
			"faces": {
				"north": {"uv": [9.625, 3.5, 11.5, 3.625], "texture": "#0"},
				"east": {"uv": [9.875, 3.125, 11, 3.25], "texture": "#0"},
				"south": {"uv": [9.625, 3.625, 11.5, 3.75], "texture": "#0"},
				"west": {"uv": [9.875, 3.25, 11, 3.375], "texture": "#0"},
				"up": {"uv": [5.625, 4.25, 3.75, 3.125], "texture": "#0"},
				"down": {"uv": [5.625, 4.25, 3.75, 5.375], "texture": "#0"}
			}
		},
		{
			"from": [1.1, 19.50357, -1.27964],
			"to": [14.9, 20.47857, 5.72036],
			"rotation": {"angle": 0, "axis": "y", "origin": [8, 19.41607, -1.97964]},
			"faces": {
				"north": {"uv": [9.625, 4, 11.375, 4.125], "texture": "#0"},
				"east": {"uv": [10.125, 6.625, 11, 6.75], "texture": "#0"},
				"south": {"uv": [0.75, 9.75, 2.5, 9.875], "texture": "#0"},
				"west": {"uv": [10.375, 4.5, 11.25, 4.625], "texture": "#0"},
				"up": {"uv": [7.125, 1.625, 5.375, 0.75], "texture": "#0"},
				"down": {"uv": [7.125, 1.625, 5.375, 2.5], "texture": "#0"}
			}
		},
		{
			"from": [0.3, 4.09107, 6.03286],
			"to": [15.7, 19.09107, 7.00786],
			"rotation": {"angle": 0, "axis": "y", "origin": [8, 19.59107, 2.22036]},
			"faces": {
				"north": {"uv": [0, 3.5, 1.875, 5.375], "texture": "#0"},
				"east": {"uv": [7.25, 8, 7.375, 9.875], "texture": "#0"},
				"south": {"uv": [3.5, 0, 5.375, 1.875], "texture": "#0"},
				"west": {"uv": [4, 9.625, 4.125, 11.5], "texture": "#0"},
				"up": {"uv": [11.5, 3.875, 9.625, 3.75], "texture": "#0"},
				"down": {"uv": [11.5, 3.875, 9.625, 4], "texture": "#0"}
			}
		},
		{
			"from": [-0.5, 3.35, -5.35],
			"to": [1.6, 8.15, 6.75],
			"faces": {
				"north": {"uv": [0, 10.25, 0.25, 10.875], "texture": "#0"},
				"east": {"uv": [6.125, 5.25, 7.625, 5.875], "texture": "#0"},
				"south": {"uv": [0.25, 10.25, 0.5, 10.875], "texture": "#0"},
				"west": {"uv": [6.5, 5.875, 8, 6.5], "texture": "#0"},
				"up": {"uv": [7.25, 9.5, 7, 8], "texture": "#0"},
				"down": {"uv": [3.75, 8.375, 3.5, 9.875], "texture": "#0"}
			}
		},
		{
			"from": [-0.2, 8.15, -1.35],
			"to": [1.6, 18.45, 5.65],
			"faces": {
				"north": {"uv": [6, 9, 6.25, 10.25], "texture": "#0"},
				"east": {"uv": [3.875, 6, 4.75, 7.25], "texture": "#0"},
				"south": {"uv": [0.5, 9.125, 0.75, 10.375], "texture": "#0"},
				"west": {"uv": [4.75, 6, 5.625, 7.25], "texture": "#0"},
				"up": {"uv": [2.75, 10.625, 2.5, 9.75], "texture": "#0"},
				"down": {"uv": [7.625, 9.75, 7.375, 10.625], "texture": "#0"}
			}
		},
		{
			"from": [-0.2, 8.15, -4.35],
			"to": [1.6, 13.35, -1.45],
			"faces": {
				"north": {"uv": [4.875, 10.25, 5.125, 10.875], "texture": "#0"},
				"east": {"uv": [4.75, 9.625, 5.125, 10.25], "texture": "#0"},
				"south": {"uv": [10.25, 5.125, 10.5, 5.75], "texture": "#0"},
				"west": {"uv": [9.625, 7.875, 10, 8.5], "texture": "#0"},
				"up": {"uv": [7.25, 10.875, 7, 10.5], "texture": "#0"},
				"down": {"uv": [8.625, 10.5, 8.375, 10.875], "texture": "#0"}
			}
		},
		{
			"from": [-0.2, 13.35, -3.15],
			"to": [1.6, 16.25, -1.45],
			"faces": {
				"north": {"uv": [8.625, 10.5, 8.875, 10.875], "texture": "#0"},
				"east": {"uv": [8.875, 10.5, 9.125, 10.875], "texture": "#0"},
				"south": {"uv": [9.125, 10.5, 9.375, 10.875], "texture": "#0"},
				"west": {"uv": [10.5, 10.375, 10.75, 10.75], "texture": "#0"},
				"up": {"uv": [11.25, 0.5, 11, 0.25], "texture": "#0"},
				"down": {"uv": [2.375, 11, 2.125, 11.25], "texture": "#0"}
			}
		},
		{
			"from": [-0.2, 16.25, -2.25],
			"to": [1.6, 17.15, -1.45],
			"faces": {
				"north": {"uv": [11.25, 8.75, 11.5, 8.875], "texture": "#0"},
				"east": {"uv": [5.625, 11.5, 5.75, 11.625], "texture": "#0"},
				"south": {"uv": [8.875, 11.25, 9.125, 11.375], "texture": "#0"},
				"west": {"uv": [5.75, 11.5, 5.875, 11.625], "texture": "#0"},
				"up": {"uv": [9.375, 11.375, 9.125, 11.25], "texture": "#0"},
				"down": {"uv": [9.875, 11.25, 9.625, 11.375], "texture": "#0"}
			}
		},
		{
			"from": [-0.475, 6.9, -5.1],
			"to": [1.6, 17.6, -3.9],
			"rotation": {"angle": 22.5, "axis": "x", "origin": [0.55, 10.55, 0.7]},
			"faces": {
				"north": {"uv": [0, 8.875, 0.25, 10.25], "texture": "#0"},
				"east": {"uv": [4.125, 9.625, 4.25, 11], "texture": "#0"},
				"south": {"uv": [0.25, 8.875, 0.5, 10.25], "texture": "#0"},
				"west": {"uv": [5.125, 9.625, 5.25, 11], "texture": "#0"},
				"up": {"uv": [11.5, 7.5, 11.25, 7.375], "texture": "#0"},
				"down": {"uv": [11.5, 7.5, 11.25, 7.625], "texture": "#0"}
			}
		},
		{
			"from": [-0.5, 8.13555, -5.45361],
			"to": [1.575, 10.76055, -4.25361],
			"rotation": {"angle": 0, "axis": "y", "origin": [0.5625, 14.11055, -3.45361]},
			"faces": {
				"north": {"uv": [3.5, 3.125, 3.75, 3.5], "texture": "#0"},
				"east": {"uv": [11.125, 8.125, 11.25, 8.5], "texture": "#0"},
				"south": {"uv": [10.5, 5.875, 10.75, 6.25], "texture": "#0"},
				"west": {"uv": [8.375, 11.125, 8.5, 11.5], "texture": "#0"},
				"up": {"uv": [7.875, 11.375, 7.625, 11.25], "texture": "#0"},
				"down": {"uv": [11.5, 7.625, 11.25, 7.75], "texture": "#0"}
			}
		},
		{
			"from": [-0.5, 8.13555, -1.65361],
			"to": [1.575, 18.16055, -1.25361],
			"rotation": {"angle": 0, "axis": "y", "origin": [0.5625, 14.11055, -3.45361]},
			"faces": {
				"north": {"uv": [5.5, 9, 5.75, 10.25], "texture": "#0"},
				"east": {"uv": [4.375, 10.25, 4.5, 11.5], "texture": "#0"},
				"south": {"uv": [5.75, 9, 6, 10.25], "texture": "#0"},
				"west": {"uv": [4.75, 10.25, 4.875, 11.5], "texture": "#0"},
				"up": {"uv": [8.875, 11.375, 8.625, 11.25], "texture": "#0"},
				"down": {"uv": [11.5, 8.625, 11.25, 8.75], "texture": "#0"}
			}
		},
		{
			"from": [-1.9, 17.93555, -1.75361],
			"to": [-0.425, 18.66055, -1.15361],
			"rotation": {"angle": 0, "axis": "y", "origin": [0.5625, 14.11055, -3.45361]},
			"faces": {
				"north": {"uv": [5.875, 11.5, 6, 11.625], "texture": "#0"},
				"east": {"uv": [11.5, 5.875, 11.625, 6], "texture": "#0"},
				"south": {"uv": [6, 11.5, 6.125, 11.625], "texture": "#0"},
				"west": {"uv": [11.5, 6, 11.625, 6.125], "texture": "#0"},
				"up": {"uv": [6.25, 11.625, 6.125, 11.5], "texture": "#0"},
				"down": {"uv": [11.625, 6.125, 11.5, 6.25], "texture": "#0"}
			}
		},
		{
			"from": [-2.6, 14.23555, -1.95361],
			"to": [-1.025, 17.96055, -0.95361],
			"rotation": {"angle": 0, "axis": "y", "origin": [0.5625, 14.11055, -3.45361]},
			"faces": {
				"north": {"uv": [8, 6.625, 8.25, 7.125], "texture": "#0"},
				"east": {"uv": [2.625, 11, 2.75, 11.5], "texture": "#0"},
				"south": {"uv": [10.125, 1.25, 10.375, 1.75], "texture": "#0"},
				"west": {"uv": [2.75, 11, 2.875, 11.5], "texture": "#0"},
				"up": {"uv": [11.5, 10.25, 11.25, 10.125], "texture": "#0"},
				"down": {"uv": [10.75, 11.25, 10.5, 11.375], "texture": "#0"}
			}
		},
		{
			"from": [-0.5, 8.13555, 5.54639],
			"to": [1.575, 18.16055, 6.74639],
			"rotation": {"angle": 0, "axis": "y", "origin": [0.5625, 14.11055, -3.45361]},
			"faces": {
				"north": {"uv": [4.25, 9, 4.5, 10.25], "texture": "#0"},
				"east": {"uv": [10.25, 1.875, 10.375, 3.125], "texture": "#0"},
				"south": {"uv": [5.25, 9, 5.5, 10.25], "texture": "#0"},
				"west": {"uv": [4.25, 10.25, 4.375, 11.5], "texture": "#0"},
				"up": {"uv": [11.5, 8.5, 11.25, 8.375], "texture": "#0"},
				"down": {"uv": [11.5, 8.5, 11.25, 8.625], "texture": "#0"}
			}
		},
		{
			"from": [-0.5, 18.13555, -1.95361],
			"to": [1.575, 19.33555, 6.44639],
			"rotation": {"angle": 0, "axis": "y", "origin": [0.5375, 9.41055, -4.85361]},
			"faces": {
				"north": {"uv": [11.25, 8.125, 11.5, 8.25], "texture": "#0"},
				"east": {"uv": [10, 4.25, 11, 4.375], "texture": "#0"},
				"south": {"uv": [11.25, 8.25, 11.5, 8.375], "texture": "#0"},
				"west": {"uv": [10, 4.375, 11, 4.5], "texture": "#0"},
				"up": {"uv": [9.625, 8.875, 9.375, 7.875], "texture": "#0"},
				"down": {"uv": [9.625, 8.875, 9.375, 9.875], "texture": "#0"}
			}
		},
		{
			"from": [15.8, 4.025, 3.95],
			"to": [17.5, 6.075, 4.85],
			"rotation": {"angle": 0, "axis": "y", "origin": [16.65, 3.05, 4.4]},
			"faces": {
				"north": {"uv": [11.125, 1.875, 11.375, 2.125], "texture": "#0"},
				"east": {"uv": [0.875, 11.5, 1, 11.75], "texture": "#0"},
				"south": {"uv": [11.125, 2.125, 11.375, 2.375], "texture": "#0"},
				"west": {"uv": [1, 11.5, 1.125, 11.75], "texture": "#0"},
				"up": {"uv": [11.75, 1.25, 11.5, 1.125], "texture": "#0"},
				"down": {"uv": [11.75, 1.25, 11.5, 1.375], "texture": "#0"}
			}
		},
		{
			"from": [15.775, 4.675, 1.525],
			"to": [17.475, 5.575, 4.275],
			"rotation": {"angle": 45, "axis": "x", "origin": [16.625, 5.125, 5.15]},
			"faces": {
				"north": {"uv": [0.5, 11.5, 0.75, 11.625], "texture": "#0"},
				"east": {"uv": [11.125, 9.25, 11.5, 9.375], "texture": "#0"},
				"south": {"uv": [11.5, 0.625, 11.75, 0.75], "texture": "#0"},
				"west": {"uv": [11.125, 9.375, 11.5, 9.5], "texture": "#0"},
				"up": {"uv": [9.875, 11, 9.625, 10.625], "texture": "#0"},
				"down": {"uv": [10.875, 9.875, 10.625, 10.25], "texture": "#0"}
			}
		},
		{
			"from": [15.8, 7.1, -3.15],
			"to": [17.5, 8, 2.9],
			"rotation": {"angle": 0, "axis": "y", "origin": [8.6, 7.5, 5.2]},
			"faces": {
				"north": {"uv": [11.5, 0.125, 11.75, 0.25], "texture": "#0"},
				"east": {"uv": [10.625, 9.625, 11.375, 9.75], "texture": "#0"},
				"south": {"uv": [0.25, 11.5, 0.5, 11.625], "texture": "#0"},
				"west": {"uv": [10.625, 9.75, 11.375, 9.875], "texture": "#0"},
				"up": {"uv": [3.25, 10.625, 3, 9.875], "texture": "#0"},
				"down": {"uv": [3.75, 9.875, 3.5, 10.625], "texture": "#0"}
			}
		},
		{
			"from": [15.775, 4.675, -4.525],
			"to": [17.475, 5.575, -1.775],
			"rotation": {"angle": -45, "axis": "x", "origin": [16.625, 5.125, -5.4]},
			"faces": {
				"north": {"uv": [0, 11.5, 0.25, 11.625], "texture": "#0"},
				"east": {"uv": [11.125, 9, 11.5, 9.125], "texture": "#0"},
				"south": {"uv": [11.5, 0, 11.75, 0.125], "texture": "#0"},
				"west": {"uv": [11.125, 9.125, 11.5, 9.25], "texture": "#0"},
				"up": {"uv": [10.875, 9.25, 10.625, 8.875], "texture": "#0"},
				"down": {"uv": [10.875, 9.25, 10.625, 9.625], "texture": "#0"}
			}
		},
		{
			"from": [15.8, 4.025, -5.1],
			"to": [17.5, 6.075, -4.2],
			"rotation": {"angle": 0, "axis": "y", "origin": [16.65, 3.05, -4.65]},
			"faces": {
				"north": {"uv": [1, 11.125, 1.25, 11.375], "texture": "#0"},
				"east": {"uv": [10.875, 11.375, 11, 11.625], "texture": "#0"},
				"south": {"uv": [1.25, 11.125, 1.5, 11.375], "texture": "#0"},
				"west": {"uv": [11, 11.375, 11.125, 11.625], "texture": "#0"},
				"up": {"uv": [11.375, 11.5, 11.125, 11.375], "texture": "#0"},
				"down": {"uv": [11.625, 11.375, 11.375, 11.5], "texture": "#0"}
			}
		},
		{
			"from": [15.2, 4.025, 11.9],
			"to": [16.9, 6.075, 12.8],
			"rotation": {"angle": 0, "axis": "y", "origin": [16.05, 3.05, 12.35]},
			"faces": {
				"north": {"uv": [11.125, 0, 11.375, 0.25], "texture": "#0"},
				"east": {"uv": [9.875, 11.375, 10, 11.625], "texture": "#0"},
				"south": {"uv": [0.75, 11.125, 1, 11.375], "texture": "#0"},
				"west": {"uv": [10.5, 11.375, 10.625, 11.625], "texture": "#0"},
				"up": {"uv": [11.625, 10.375, 11.375, 10.25], "texture": "#0"},
				"down": {"uv": [10.875, 11.375, 10.625, 11.5], "texture": "#0"}
			}
		},
		{
			"from": [15.175, 4.675, 12.475],
			"to": [16.875, 5.575, 15.225],
			"rotation": {"angle": -45, "axis": "x", "origin": [16.025, 5.125, 11.6]},
			"faces": {
				"north": {"uv": [11.375, 9.75, 11.625, 9.875], "texture": "#0"},
				"east": {"uv": [11.125, 8.875, 11.5, 9], "texture": "#0"},
				"south": {"uv": [10.25, 11.375, 10.5, 11.5], "texture": "#0"},
				"west": {"uv": [9, 11.125, 9.375, 11.25], "texture": "#0"},
				"up": {"uv": [10.875, 8.5, 10.625, 8.125], "texture": "#0"},
				"down": {"uv": [10.875, 8.5, 10.625, 8.875], "texture": "#0"}
			}
		},
		{
			"from": [15.2, 7.1, 13.85],
			"to": [16.9, 8, 19.9],
			"rotation": {"angle": 0, "axis": "y", "origin": [8, 7.5, 22.2]},
			"faces": {
				"north": {"uv": [9.625, 11.375, 9.875, 11.5], "texture": "#0"},
				"east": {"uv": [10.625, 3, 11.375, 3.125], "texture": "#0"},
				"south": {"uv": [11.375, 9.625, 11.625, 9.75], "texture": "#0"},
				"west": {"uv": [10.625, 8, 11.375, 8.125], "texture": "#0"},
				"up": {"uv": [2.5, 10.625, 2.25, 9.875], "texture": "#0"},
				"down": {"uv": [3, 9.875, 2.75, 10.625], "texture": "#0"}
			}
		},
		{
			"from": [15.175, 4.675, 18.525],
			"to": [16.875, 5.575, 21.275],
			"rotation": {"angle": 45, "axis": "x", "origin": [16.025, 5.125, 22.15]},
			"faces": {
				"north": {"uv": [8.875, 11.375, 9.125, 11.5], "texture": "#0"},
				"east": {"uv": [11.125, 7.875, 11.5, 8], "texture": "#0"},
				"south": {"uv": [9.125, 11.375, 9.375, 11.5], "texture": "#0"},
				"west": {"uv": [8.625, 11.125, 9, 11.25], "texture": "#0"},
				"up": {"uv": [7.875, 11, 7.625, 10.625], "texture": "#0"},
				"down": {"uv": [10.875, 7.625, 10.625, 8], "texture": "#0"}
			}
		},
		{
			"from": [15.2, 4.025, 20.95],
			"to": [16.9, 6.075, 21.85],
			"rotation": {"angle": 0, "axis": "y", "origin": [16.05, 3.05, 21.4]},
			"faces": {
				"north": {"uv": [11, 11, 11.25, 11.25], "texture": "#0"},
				"east": {"uv": [5.125, 11.375, 5.25, 11.625], "texture": "#0"},
				"south": {"uv": [0, 11.125, 0.25, 11.375], "texture": "#0"},
				"west": {"uv": [7.125, 11.375, 7.25, 11.625], "texture": "#0"},
				"up": {"uv": [8.375, 11.5, 8.125, 11.375], "texture": "#0"},
				"down": {"uv": [8.875, 11.375, 8.625, 11.5], "texture": "#0"}
			}
		},
		{
			"from": [14.2, 5, 6.5],
			"to": [15.8, 10, 22.5],
			"rotation": {"angle": 0, "axis": "y", "origin": [8, 7.5, 22.2]},
			"faces": {
				"north": {"uv": [0.5, 10.375, 0.75, 11], "texture": "#0"},
				"east": {"uv": [4.125, 5.375, 6.125, 6], "texture": "#0"},
				"south": {"uv": [10.375, 1.875, 10.625, 2.5], "texture": "#0"},
				"west": {"uv": [5.625, 3.125, 7.625, 3.75], "texture": "#0"},
				"up": {"uv": [7.875, 9.75, 7.625, 7.75], "texture": "#0"},
				"down": {"uv": [4.75, 7.875, 4.5, 9.875], "texture": "#0"}
			}
		},
		{
			"from": [14.4, 8.15, -1.35],
			"to": [16.2, 18.45, 5.65],
			"rotation": {"angle": 0, "axis": "y", "origin": [16, 0, 0]},
			"faces": {
				"north": {"uv": [8.875, 9.25, 9.125, 10.5], "texture": "#0"},
				"east": {"uv": [5.625, 6, 6.5, 7.25], "texture": "#0"},
				"south": {"uv": [9.125, 9.25, 9.375, 10.5], "texture": "#0"},
				"west": {"uv": [0, 6.125, 0.875, 7.375], "texture": "#0"},
				"up": {"uv": [7.875, 10.625, 7.625, 9.75], "texture": "#0"},
				"down": {"uv": [9.875, 9.75, 9.625, 10.625], "texture": "#0"}
			}
		},
		{
			"from": [14.425, 8.13555, 5.54639],
			"to": [16.5, 18.16055, 6.74639],
			"rotation": {"angle": 0, "axis": "y", "origin": [15.4375, 14.11055, -3.45361]},
			"faces": {
				"north": {"uv": [8.375, 9.25, 8.625, 10.5], "texture": "#0"},
				"east": {"uv": [10.25, 7.875, 10.375, 9.125], "texture": "#0"},
				"south": {"uv": [8.625, 9.25, 8.875, 10.5], "texture": "#0"},
				"west": {"uv": [10.25, 9.125, 10.375, 10.375], "texture": "#0"},
				"up": {"uv": [8.125, 11.5, 7.875, 11.375], "texture": "#0"},
				"down": {"uv": [11.625, 8, 11.375, 8.125], "texture": "#0"}
			}
		},
		{
			"from": [14.425, 18.13555, -1.95361],
			"to": [16.5, 19.33555, 6.44639],
			"rotation": {"angle": 0, "axis": "y", "origin": [15.4625, 9.41055, -4.85361]},
			"faces": {
				"north": {"uv": [7.375, 11.375, 7.625, 11.5], "texture": "#0"},
				"east": {"uv": [10.125, 6.375, 11.125, 6.5], "texture": "#0"},
				"south": {"uv": [7.625, 11.375, 7.875, 11.5], "texture": "#0"},
				"west": {"uv": [10.125, 6.5, 11.125, 6.625], "texture": "#0"},
				"up": {"uv": [7.25, 10.5, 7, 9.5], "texture": "#0"},
				"down": {"uv": [4, 9.625, 3.75, 10.625], "texture": "#0"}
			}
		},
		{
			"from": [16.425, 17.93555, -1.75361],
			"to": [17.9, 18.66055, -1.15361],
			"rotation": {"angle": 0, "axis": "y", "origin": [15.4375, 14.11055, -3.45361]},
			"faces": {
				"north": {"uv": [6.375, 11.5, 6.5, 11.625], "texture": "#0"},
				"east": {"uv": [6.5, 11.5, 6.625, 11.625], "texture": "#0"},
				"south": {"uv": [6.625, 11.5, 6.75, 11.625], "texture": "#0"},
				"west": {"uv": [11.5, 6.625, 11.625, 6.75], "texture": "#0"},
				"up": {"uv": [6.875, 11.625, 6.75, 11.5], "texture": "#0"},
				"down": {"uv": [7, 11.5, 6.875, 11.625], "texture": "#0"}
			}
		},
		{
			"from": [17.025, 14.23555, -1.95361],
			"to": [18.6, 17.96055, -0.95361],
			"rotation": {"angle": 0, "axis": "y", "origin": [15.4375, 14.11055, -3.45361]},
			"faces": {
				"north": {"uv": [10.375, 1.25, 10.625, 1.75], "texture": "#0"},
				"east": {"uv": [3.125, 11, 3.25, 11.5], "texture": "#0"},
				"south": {"uv": [10, 10.375, 10.25, 10.875], "texture": "#0"},
				"west": {"uv": [4.125, 11, 4.25, 11.5], "texture": "#0"},
				"up": {"uv": [11.625, 7.125, 11.375, 7], "texture": "#0"},
				"down": {"uv": [11.625, 7.125, 11.375, 7.25], "texture": "#0"}
			}
		},
		{
			"from": [14.4, 8.15, -4.35],
			"to": [16.2, 13.35, -1.45],
			"rotation": {"angle": 0, "axis": "y", "origin": [16, 0, 0]},
			"faces": {
				"north": {"uv": [6.5, 10.25, 6.75, 10.875], "texture": "#0"},
				"east": {"uv": [9.625, 8.5, 10, 9.125], "texture": "#0"},
				"south": {"uv": [6.75, 10.25, 7, 10.875], "texture": "#0"},
				"west": {"uv": [9.625, 9.125, 10, 9.75], "texture": "#0"},
				"up": {"uv": [10.875, 7.625, 10.625, 7.25], "texture": "#0"},
				"down": {"uv": [7.625, 10.625, 7.375, 11], "texture": "#0"}
			}
		},
		{
			"from": [14.425, 8.13555, -1.65361],
			"to": [16.5, 18.16055, -1.25361],
			"rotation": {"angle": 0, "axis": "y", "origin": [15.4375, 14.11055, -3.45361]},
			"faces": {
				"north": {"uv": [3.25, 9.25, 3.5, 10.5], "texture": "#0"},
				"east": {"uv": [6, 10.25, 6.125, 11.5], "texture": "#0"},
				"south": {"uv": [6.25, 9.25, 6.5, 10.5], "texture": "#0"},
				"west": {"uv": [6.125, 10.25, 6.25, 11.5], "texture": "#0"},
				"up": {"uv": [11.625, 6.875, 11.375, 6.75], "texture": "#0"},
				"down": {"uv": [11.625, 6.875, 11.375, 7], "texture": "#0"}
			}
		},
		{
			"from": [14.4, 13.35, -3.15],
			"to": [16.2, 16.25, -1.45],
			"rotation": {"angle": 0, "axis": "y", "origin": [16, 0, 0]},
			"faces": {
				"north": {"uv": [2.75, 10.625, 3, 11], "texture": "#0"},
				"east": {"uv": [3, 10.625, 3.25, 11], "texture": "#0"},
				"south": {"uv": [3.5, 10.625, 3.75, 11], "texture": "#0"},
				"west": {"uv": [3.75, 10.625, 4, 11], "texture": "#0"},
				"up": {"uv": [10.75, 11.25, 10.5, 11], "texture": "#0"},
				"down": {"uv": [11, 11, 10.75, 11.25], "texture": "#0"}
			}
		},
		{
			"from": [14.4, 16.25, -2.25],
			"to": [16.2, 17.15, -1.45],
			"rotation": {"angle": 0, "axis": "y", "origin": [16, 0, 0]},
			"faces": {
				"north": {"uv": [11.375, 5.625, 11.625, 5.75], "texture": "#0"},
				"east": {"uv": [6.25, 11.5, 6.375, 11.625], "texture": "#0"},
				"south": {"uv": [11.375, 5.75, 11.625, 5.875], "texture": "#0"},
				"west": {"uv": [11.5, 6.25, 11.625, 6.375], "texture": "#0"},
				"up": {"uv": [11.625, 6.5, 11.375, 6.375], "texture": "#0"},
				"down": {"uv": [11.625, 6.5, 11.375, 6.625], "texture": "#0"}
			}
		},
		{
			"from": [14.4, 6.9, -5.1],
			"to": [16.475, 17.6, -3.9],
			"rotation": {"angle": 22.5, "axis": "x", "origin": [15.45, 10.55, 0.7]},
			"faces": {
				"north": {"uv": [6.5, 8.875, 6.75, 10.25], "texture": "#0"},
				"east": {"uv": [4.5, 9.875, 4.625, 11.25], "texture": "#0"},
				"south": {"uv": [6.75, 8.875, 7, 10.25], "texture": "#0"},
				"west": {"uv": [4.625, 9.875, 4.75, 11.25], "texture": "#0"},
				"up": {"uv": [11.625, 5.5, 11.375, 5.375], "texture": "#0"},
				"down": {"uv": [11.625, 5.5, 11.375, 5.625], "texture": "#0"}
			}
		},
		{
			"from": [14.425, 8.13555, -5.45361],
			"to": [16.5, 10.76055, -4.25361],
			"rotation": {"angle": 0, "axis": "y", "origin": [15.4375, 14.11055, -3.45361]},
			"faces": {
				"north": {"uv": [2.5, 10.625, 2.75, 11], "texture": "#0"},
				"east": {"uv": [8.5, 11.125, 8.625, 11.5], "texture": "#0"},
				"south": {"uv": [10.625, 2.625, 10.875, 3], "texture": "#0"},
				"west": {"uv": [11.125, 8.5, 11.25, 8.875], "texture": "#0"},
				"up": {"uv": [11.625, 5.25, 11.375, 5.125], "texture": "#0"},
				"down": {"uv": [11.625, 5.25, 11.375, 5.375], "texture": "#0"}
			}
		},
		{
			"from": [14.4, 3.35, -5.35],
			"to": [16.5, 8.15, 6.75],
			"rotation": {"angle": 0, "axis": "y", "origin": [16, 0, 0]},
			"faces": {
				"north": {"uv": [5.75, 10.25, 6, 10.875], "texture": "#0"},
				"east": {"uv": [6.5, 6.5, 8, 7.125], "texture": "#0"},
				"south": {"uv": [10.25, 5.75, 10.5, 6.375], "texture": "#0"},
				"west": {"uv": [0.875, 6.625, 2.375, 7.25], "texture": "#0"},
				"up": {"uv": [8.125, 10.125, 7.875, 8.625], "texture": "#0"},
				"down": {"uv": [8.375, 8.625, 8.125, 10.125], "texture": "#0"}
			}
		},
		{
			"from": [-1.7, -0.3, -2.35],
			"to": [2.3, 6.7, 2.15],
			"faces": {
				"north": {"uv": [4.75, 7.875, 5.25, 8.75], "texture": "#0"},
				"east": {"uv": [3.25, 6.625, 3.875, 7.5], "texture": "#0"},
				"south": {"uv": [5.25, 7.875, 5.75, 8.75], "texture": "#0"},
				"west": {"uv": [3.875, 7.25, 4.5, 8.125], "texture": "#0"},
				"up": {"uv": [9.25, 7.375, 8.75, 6.75], "texture": "#0"},
				"down": {"uv": [9.375, 2.875, 8.875, 3.5], "texture": "#0"}
			}
		},
		{
			"from": [-2.1, 0.95, -2.35],
			"to": [-1.7, 5.45, 2.15],
			"faces": {
				"north": {"uv": [3.625, 4.75, 3.75, 5.375], "texture": "#0"},
				"east": {"uv": [8.25, 3, 8.875, 3.625], "texture": "#0"},
				"south": {"uv": [3.75, 8.375, 3.875, 9], "texture": "#0"},
				"west": {"uv": [8.375, 0, 9, 0.625], "texture": "#0"},
				"up": {"uv": [6.5, 11.125, 6.375, 10.5], "texture": "#0"},
				"down": {"uv": [0.5, 10.875, 0.375, 11.5], "texture": "#0"}
			}
		},
		{
			"from": [-1.7, 0.95, -3.6],
			"to": [2.3, 5.45, 3.4],
			"rotation": {"angle": 0, "axis": "y", "origin": [-2, 4, 1]},
			"faces": {
				"north": {"uv": [8.875, 7.375, 9.375, 8], "texture": "#0"},
				"east": {"uv": [7.125, 4.625, 8, 5.25], "texture": "#0"},
				"south": {"uv": [8.875, 8, 9.375, 8.625], "texture": "#0"},
				"west": {"uv": [4.5, 7.25, 5.375, 7.875], "texture": "#0"},
				"up": {"uv": [6.25, 8.75, 5.75, 7.875], "texture": "#0"},
				"down": {"uv": [8.375, 7.75, 7.875, 8.625], "texture": "#0"}
			}
		},
		{
			"from": [-2.1, 0.95, 14.65],
			"to": [-1.7, 5.45, 19.15],
			"faces": {
				"north": {"uv": [10.875, 1.875, 11, 2.5], "texture": "#0"},
				"east": {"uv": [3.75, 9, 4.25, 9.625], "texture": "#0"},
				"south": {"uv": [4.875, 10.875, 5, 11.5], "texture": "#0"},
				"west": {"uv": [4.75, 9, 5.25, 9.625], "texture": "#0"},
				"up": {"uv": [2.125, 6.625, 2, 6.125], "texture": "#0"},
				"down": {"uv": [7.25, 10.875, 7.125, 11.375], "texture": "#0"}
			}
		},
		{
			"from": [-1.7, -0.3, 14.65],
			"to": [2.3, 6.7, 19.15],
			"faces": {
				"north": {"uv": [8, 3.75, 8.5, 4.625], "texture": "#0"},
				"east": {"uv": [8, 5.75, 8.5, 6.625], "texture": "#0"},
				"south": {"uv": [6.5, 8, 7, 8.875], "texture": "#0"},
				"west": {"uv": [3.875, 8.125, 4.375, 9], "texture": "#0"},
				"up": {"uv": [9.875, 3.375, 9.375, 2.875], "texture": "#0"},
				"down": {"uv": [9.875, 5.25, 9.375, 5.75], "texture": "#0"}
			}
		},
		{
			"from": [-1.7, 0.95, 13.4],
			"to": [2.3, 5.45, 20.4],
			"rotation": {"angle": 0, "axis": "y", "origin": [-2, 4, 1]},
			"faces": {
				"north": {"uv": [8.875, 8.625, 9.375, 9.25], "texture": "#0"},
				"east": {"uv": [5.375, 7.25, 6.25, 7.875], "texture": "#0"},
				"south": {"uv": [9, 0, 9.5, 0.625], "texture": "#0"},
				"west": {"uv": [0, 7.375, 0.875, 8], "texture": "#0"},
				"up": {"uv": [0.5, 8.875, 0, 8], "texture": "#0"},
				"down": {"uv": [8.5, 1.25, 8, 2.125], "texture": "#0"}
			}
		},
		{
			"from": [17.7, 0.95, -2.35],
			"to": [18.1, 5.45, 2.15],
			"rotation": {"angle": 0, "axis": "y", "origin": [16, 0, 0]},
			"faces": {
				"north": {"uv": [5.375, 10.875, 5.5, 11.5], "texture": "#0"},
				"east": {"uv": [8.5, 1.25, 9.125, 1.875], "texture": "#0"},
				"south": {"uv": [5.5, 10.875, 5.625, 11.5], "texture": "#0"},
				"west": {"uv": [8.5, 3.625, 9.125, 4.25], "texture": "#0"},
				"up": {"uv": [5.75, 11.5, 5.625, 10.875], "texture": "#0"},
				"down": {"uv": [5.875, 10.875, 5.75, 11.5], "texture": "#0"}
			}
		},
		{
			"from": [13.7, -0.3, -2.35],
			"to": [17.7, 6.7, 2.15],
			"rotation": {"angle": 0, "axis": "y", "origin": [16, 0, 0]},
			"faces": {
				"north": {"uv": [8.375, 7.5, 8.875, 8.375], "texture": "#0"},
				"east": {"uv": [3.25, 7.5, 3.875, 8.375], "texture": "#0"},
				"south": {"uv": [8.375, 8.375, 8.875, 9.25], "texture": "#0"},
				"west": {"uv": [7.625, 2.875, 8.25, 3.75], "texture": "#0"},
				"up": {"uv": [3.25, 9.875, 2.75, 9.25], "texture": "#0"},
				"down": {"uv": [9.75, 6.75, 9.25, 7.375], "texture": "#0"}
			}
		},
		{
			"from": [13.7, 0.95, -3.6],
			"to": [17.7, 5.45, 3.4],
			"rotation": {"angle": 0, "axis": "y", "origin": [18, 4, 1]},
			"faces": {
				"north": {"uv": [2.25, 9.125, 2.75, 9.75], "texture": "#0"},
				"east": {"uv": [7.5, 0, 8.375, 0.625], "texture": "#0"},
				"south": {"uv": [9.125, 3.5, 9.625, 4.125], "texture": "#0"},
				"west": {"uv": [2.375, 7.625, 3.25, 8.25], "texture": "#0"},
				"up": {"uv": [8.75, 7.5, 8.25, 6.625], "texture": "#0"},
				"down": {"uv": [3.5, 8.375, 3, 9.25], "texture": "#0"}
			}
		},
		{
			"from": [17.7, 0.95, 14.65],
			"to": [18.1, 5.45, 19.15],
			"rotation": {"angle": 0, "axis": "y", "origin": [16, 0, 0]},
			"faces": {
				"north": {"uv": [5, 10.875, 5.125, 11.5], "texture": "#0"},
				"east": {"uv": [9.125, 1.25, 9.625, 1.875], "texture": "#0"},
				"south": {"uv": [5.25, 10.875, 5.375, 11.5], "texture": "#0"},
				"west": {"uv": [1.75, 9.125, 2.25, 9.75], "texture": "#0"},
				"up": {"uv": [2.5, 11.5, 2.375, 11], "texture": "#0"},
				"down": {"uv": [2.625, 11, 2.5, 11.5], "texture": "#0"}
			}
		},
		{
			"from": [13.7, 0.95, 13.4],
			"to": [17.7, 5.45, 20.4],
			"rotation": {"angle": 0, "axis": "y", "origin": [18, 4, 1]},
			"faces": {
				"north": {"uv": [0.75, 9.125, 1.25, 9.75], "texture": "#0"},
				"east": {"uv": [7.375, 2.25, 8.25, 2.875], "texture": "#0"},
				"south": {"uv": [1.25, 9.125, 1.75, 9.75], "texture": "#0"},
				"west": {"uv": [7.375, 7.125, 8.25, 7.75], "texture": "#0"},
				"up": {"uv": [8.75, 3, 8.25, 2.125], "texture": "#0"},
				"down": {"uv": [3, 8.25, 2.5, 9.125], "texture": "#0"}
			}
		},
		{
			"from": [13.7, -0.3, 14.65],
			"to": [17.7, 6.7, 19.15],
			"rotation": {"angle": 0, "axis": "y", "origin": [16, 0, 0]},
			"faces": {
				"north": {"uv": [0.5, 8.25, 1, 9.125], "texture": "#0"},
				"east": {"uv": [1, 8.25, 1.5, 9.125], "texture": "#0"},
				"south": {"uv": [1.5, 8.25, 2, 9.125], "texture": "#0"},
				"west": {"uv": [2, 8.25, 2.5, 9.125], "texture": "#0"},
				"up": {"uv": [10, 0.5, 9.5, 0], "texture": "#0"},
				"down": {"uv": [10.125, 1.25, 9.625, 1.75], "texture": "#0"}
			}
		},
		{
			"from": [7, 4.75, 15.3],
			"to": [9, 9.75, 16.7],
			"rotation": {"angle": 0, "axis": "y", "origin": [7, 4.75, 15]},
			"faces": {
				"north": {"uv": [10.375, 2.5, 10.625, 3.125], "texture": "#0"},
				"east": {"uv": [5.875, 10.875, 6, 11.5], "texture": "#0"},
				"south": {"uv": [10.375, 7.25, 10.625, 7.875], "texture": "#0"},
				"west": {"uv": [6.5, 10.875, 6.625, 11.5], "texture": "#0"},
				"up": {"uv": [11.75, 1.5, 11.5, 1.375], "texture": "#0"},
				"down": {"uv": [1.75, 11.5, 1.5, 11.625], "texture": "#0"}
			}
		},
		{
			"from": [7.25, 6.45, 15.3],
			"to": [8.75, 11.45, 16.7],
			"rotation": {"angle": 0, "axis": "y", "origin": [7, 2.75, 15]},
			"faces": {
				"north": {"uv": [10.375, 9.125, 10.625, 9.75], "texture": "#0"},
				"east": {"uv": [6.875, 10.875, 7, 11.5], "texture": "#0"},
				"south": {"uv": [10.375, 9.75, 10.625, 10.375], "texture": "#0"},
				"west": {"uv": [7, 10.875, 7.125, 11.5], "texture": "#0"},
				"up": {"uv": [11.75, 3.375, 11.5, 3.25], "texture": "#0"},
				"down": {"uv": [3.625, 11.5, 3.375, 11.625], "texture": "#0"}
			}
		},
		{
			"from": [7.3, 4.75, 15],
			"to": [8.7, 9.75, 17],
			"rotation": {"angle": 0, "axis": "y", "origin": [8, 5.75, 16]},
			"faces": {
				"north": {"uv": [6.625, 10.875, 6.75, 11.5], "texture": "#0"},
				"east": {"uv": [10.375, 7.875, 10.625, 8.5], "texture": "#0"},
				"south": {"uv": [6.75, 10.875, 6.875, 11.5], "texture": "#0"},
				"west": {"uv": [10.375, 8.5, 10.625, 9.125], "texture": "#0"},
				"up": {"uv": [1.875, 11.75, 1.75, 11.5], "texture": "#0"},
				"down": {"uv": [11.625, 1.75, 11.5, 2], "texture": "#0"}
			}
		},
		{
			"from": [4.3, 11.5, 12.5],
			"to": [11.7, 12.2, 19.7],
			"rotation": {"angle": 0, "axis": "y", "origin": [7, 11.5, 14.6]},
			"faces": {
				"north": {"uv": [10.5, 5.125, 11.375, 5.25], "texture": "#0"},
				"east": {"uv": [10.5, 5.25, 11.375, 5.375], "texture": "#0"},
				"south": {"uv": [10.5, 5.375, 11.375, 5.5], "texture": "#0"},
				"west": {"uv": [10.5, 5.5, 11.375, 5.625], "texture": "#0"},
				"up": {"uv": [8, 4.625, 7.125, 3.75], "texture": "#0"},
				"down": {"uv": [7.375, 7.125, 6.5, 8], "texture": "#0"}
			}
		},
		{
			"from": [6.7, 9.8, 14.9],
			"to": [9.3, 11.5, 17.3],
			"rotation": {"angle": 0, "axis": "y", "origin": [7, 11.5, 14.6]},
			"faces": {
				"north": {"uv": [0.5, 8, 0.875, 8.25], "texture": "#0"},
				"east": {"uv": [11.125, 2.625, 11.375, 2.875], "texture": "#0"},
				"south": {"uv": [10.5, 10.75, 10.875, 11], "texture": "#0"},
				"west": {"uv": [11.125, 4.625, 11.375, 4.875], "texture": "#0"},
				"up": {"uv": [11.125, 10.75, 10.75, 10.5], "texture": "#0"},
				"down": {"uv": [0.375, 10.875, 0, 11.125], "texture": "#0"}
			}
		},
		{
			"from": [6.7, 4.9, 14.775],
			"to": [9.3, 6.6, 17.175],
			"rotation": {"angle": 0, "axis": "y", "origin": [7, 13.5, 14.6]},
			"faces": {
				"north": {"uv": [0.75, 10.875, 1.125, 11.125], "texture": "#0"},
				"east": {"uv": [11.125, 4.875, 11.375, 5.125], "texture": "#0"},
				"south": {"uv": [10.875, 0.75, 11.25, 1], "texture": "#0"},
				"west": {"uv": [11.125, 6.375, 11.375, 6.625], "texture": "#0"},
				"up": {"uv": [11.25, 1.25, 10.875, 1], "texture": "#0"},
				"down": {"uv": [1.5, 10.875, 1.125, 11.125], "texture": "#0"}
			}
		},
		{
			"from": [4.8, 11.5, 11.325],
			"to": [11.2, 12.2, 12.525],
			"rotation": {"angle": 0, "axis": "y", "origin": [7, 11.5, 14.6]},
			"faces": {
				"north": {"uv": [10.75, 5.875, 11.5, 6], "texture": "#0"},
				"east": {"uv": [11.5, 7.5, 11.625, 7.625], "texture": "#0"},
				"south": {"uv": [10.75, 6, 11.5, 6.125], "texture": "#0"},
				"west": {"uv": [7.625, 11.5, 7.75, 11.625], "texture": "#0"},
				"up": {"uv": [11.5, 6.25, 10.75, 6.125], "texture": "#0"},
				"down": {"uv": [11.5, 10.375, 10.75, 10.5], "texture": "#0"}
			}
		},
		{
			"from": [4.25, 11.6, 20.2],
			"to": [11.75, 19.8, 20.9],
			"rotation": {"angle": 22.5, "axis": "x", "origin": [7, 14.7, 20.9]},
			"faces": {
				"north": {"uv": [2.375, 6.625, 3.25, 7.625], "texture": "#0"},
				"east": {"uv": [10.25, 10.375, 10.375, 11.375], "texture": "#0"},
				"south": {"uv": [7.125, 1.25, 8, 2.25], "texture": "#0"},
				"west": {"uv": [10.375, 10.375, 10.5, 11.375], "texture": "#0"},
				"up": {"uv": [11.375, 5.75, 10.5, 5.625], "texture": "#0"},
				"down": {"uv": [11.375, 5.75, 10.5, 5.875], "texture": "#0"}
			}
		},
		{
			"from": [5.25, 19.8, 20.2],
			"to": [10.75, 20.8, 20.9],
			"rotation": {"angle": 22.5, "axis": "x", "origin": [7, 14.7, 20.9]},
			"faces": {
				"north": {"uv": [9.75, 7.25, 10.375, 7.375], "texture": "#0"},
				"east": {"uv": [7, 11.5, 7.125, 11.625], "texture": "#0"},
				"south": {"uv": [10.875, 1.25, 11.5, 1.375], "texture": "#0"},
				"west": {"uv": [7.25, 11.5, 7.375, 11.625], "texture": "#0"},
				"up": {"uv": [11.5, 1.5, 10.875, 1.375], "texture": "#0"},
				"down": {"uv": [11.5, 2.5, 10.875, 2.625], "texture": "#0"}
			}
		},
		{
			"from": [4.95, 11.4, 20],
			"to": [11.05, 19.1, 20.7],
			"rotation": {"angle": 22.5, "axis": "x", "origin": [7, 14.7, 20.9]},
			"faces": {
				"north": {"uv": [0.875, 7.25, 1.625, 8.25], "texture": "#0"},
				"east": {"uv": [3.25, 10.5, 3.375, 11.5], "texture": "#0"},
				"south": {"uv": [1.625, 7.25, 2.375, 8.25], "texture": "#0"},
				"west": {"uv": [3.375, 10.5, 3.5, 11.5], "texture": "#0"},
				"up": {"uv": [11.375, 10.375, 10.625, 10.25], "texture": "#0"},
				"down": {"uv": [1.5, 10.75, 0.75, 10.875], "texture": "#0"}
			}
		},
		{
			"from": [9.1, 8.425, 16.025],
			"to": [11.4, 8.775, 16.575],
			"rotation": {"angle": -22.5, "axis": "y", "origin": [9.1, 9.6, 15.3]},
			"faces": {
				"north": {"uv": [1.875, 11.5, 2.125, 11.625], "texture": "#0"},
				"east": {"uv": [11.5, 7.25, 11.625, 7.375], "texture": "#0"},
				"south": {"uv": [11.5, 2, 11.75, 2.125], "texture": "#0"},
				"west": {"uv": [7.375, 11.5, 7.5, 11.625], "texture": "#0"},
				"up": {"uv": [2.625, 11.625, 2.375, 11.5], "texture": "#0"},
				"down": {"uv": [11.75, 2.5, 11.5, 2.625], "texture": "#0"}
			}
		},
		{
			"from": [10.825, 8.275, 15.875],
			"to": [12.475, 8.65, 17.075],
			"rotation": {"angle": -22.5, "axis": "y", "origin": [9.1, 9.6, 15.3]},
			"faces": {
				"north": {"uv": [2.625, 11.5, 2.875, 11.625], "texture": "#0"},
				"east": {"uv": [11.5, 7.375, 11.625, 7.5], "texture": "#0"},
				"south": {"uv": [11.5, 2.875, 11.75, 3], "texture": "#0"},
				"west": {"uv": [7.5, 11.5, 7.625, 11.625], "texture": "#0"},
				"up": {"uv": [3.375, 11.625, 3.125, 11.5], "texture": "#0"},
				"down": {"uv": [11.75, 3.125, 11.5, 3.25], "texture": "#0"}
			}
		},
		{
			"from": [7.65, 18.05, 6.6],
			"to": [8.35, 18.75, 8.6],
			"rotation": {"angle": -22.5, "axis": "x", "origin": [8, 18.4, 8]},
			"faces": {
				"north": {"uv": [11.5, 7.625, 11.625, 7.75], "texture": "#0"},
				"east": {"uv": [11.5, 3.375, 11.75, 3.5], "texture": "#0"},
				"south": {"uv": [7.75, 11.5, 7.875, 11.625], "texture": "#0"},
				"west": {"uv": [11.5, 3.5, 11.75, 3.625], "texture": "#0"},
				"up": {"uv": [3.75, 11.75, 3.625, 11.5], "texture": "#0"},
				"down": {"uv": [11.625, 3.625, 11.5, 3.875], "texture": "#0"}
			}
		},
		{
			"from": [6.65, 18.37528, 8.5353],
			"to": [9.35, 19.07528, 8.9353],
			"rotation": {"angle": -22.5, "axis": "x", "origin": [8, 18.72528, 8.7853]},
			"faces": {
				"north": {"uv": [11.125, 9.5, 11.5, 9.625], "texture": "#0"},
				"east": {"uv": [11.5, 7.75, 11.625, 7.875], "texture": "#0"},
				"south": {"uv": [11.125, 9.875, 11.5, 10], "texture": "#0"},
				"west": {"uv": [7.875, 11.5, 8, 11.625], "texture": "#0"},
				"up": {"uv": [11.5, 10.125, 11.125, 10], "texture": "#0"},
				"down": {"uv": [11.5, 10.5, 11.125, 10.625], "texture": "#0"}
			}
		},
		{
			"from": [7.65, 17.37528, 8.5353],
			"to": [8.35, 18.37528, 8.9353],
			"rotation": {"angle": -22.5, "axis": "x", "origin": [8, 18.72528, 8.7853]},
			"faces": {
				"north": {"uv": [8.5, 11.5, 8.625, 11.625], "texture": "#0"},
				"east": {"uv": [11.5, 8.5, 11.625, 8.625], "texture": "#0"},
				"south": {"uv": [8.625, 11.5, 8.75, 11.625], "texture": "#0"},
				"west": {"uv": [11.5, 8.625, 11.625, 8.75], "texture": "#0"},
				"up": {"uv": [8.875, 11.625, 8.75, 11.5], "texture": "#0"},
				"down": {"uv": [11.625, 8.75, 11.5, 8.875], "texture": "#0"}
			}
		},
		{
			"from": [6.4, 19.97528, 8.4353],
			"to": [9.6, 20.57528, 8.8353],
			"rotation": {"angle": -22.5, "axis": "x", "origin": [8, 18.72528, 8.7853]},
			"faces": {
				"north": {"uv": [11.125, 10.625, 11.5, 10.75], "texture": "#0"},
				"east": {"uv": [11.5, 7.875, 11.625, 8], "texture": "#0"},
				"south": {"uv": [11.125, 10.75, 11.5, 10.875], "texture": "#0"},
				"west": {"uv": [8, 11.5, 8.125, 11.625], "texture": "#0"},
				"up": {"uv": [11.5, 11, 11.125, 10.875], "texture": "#0"},
				"down": {"uv": [11.625, 0.25, 11.25, 0.375], "texture": "#0"}
			}
		},
		{
			"from": [6.4, 16.87528, 8.4353],
			"to": [9.6, 17.47528, 8.8353],
			"rotation": {"angle": -22.5, "axis": "x", "origin": [8, 18.72528, 8.7853]},
			"faces": {
				"north": {"uv": [11.25, 0.375, 11.625, 0.5], "texture": "#0"},
				"east": {"uv": [8.125, 11.5, 8.25, 11.625], "texture": "#0"},
				"south": {"uv": [11.25, 0.75, 11.625, 0.875], "texture": "#0"},
				"west": {"uv": [11.5, 8.125, 11.625, 8.25], "texture": "#0"},
				"up": {"uv": [11.625, 1, 11.25, 0.875], "texture": "#0"},
				"down": {"uv": [11.625, 1, 11.25, 1.125], "texture": "#0"}
			}
		},
		{
			"from": [9.25, 17.06788, 8.42172],
			"to": [9.85, 20.26788, 8.82172],
			"rotation": {"angle": -22.5, "axis": "x", "origin": [8, 18.66788, 8.64672]},
			"faces": {
				"north": {"uv": [2.125, 11.25, 2.25, 11.625], "texture": "#0"},
				"east": {"uv": [2.25, 11.25, 2.375, 11.625], "texture": "#0"},
				"south": {"uv": [2.875, 11.25, 3, 11.625], "texture": "#0"},
				"west": {"uv": [3, 11.25, 3.125, 11.625], "texture": "#0"},
				"up": {"uv": [8.5, 11.625, 8.375, 11.5], "texture": "#0"},
				"down": {"uv": [11.625, 8.375, 11.5, 8.5], "texture": "#0"}
			}
		},
		{
			"from": [6.05, 17.06788, 8.42172],
			"to": [6.65, 20.26788, 8.82172],
			"rotation": {"angle": -22.5, "axis": "x", "origin": [8, 18.66788, 8.64672]},
			"faces": {
				"north": {"uv": [9.375, 11.125, 9.5, 11.5], "texture": "#0"},
				"east": {"uv": [9.5, 11.125, 9.625, 11.5], "texture": "#0"},
				"south": {"uv": [10, 11.125, 10.125, 11.5], "texture": "#0"},
				"west": {"uv": [10.125, 11.125, 10.25, 11.5], "texture": "#0"},
				"up": {"uv": [8.375, 11.625, 8.25, 11.5], "texture": "#0"},
				"down": {"uv": [11.625, 8.25, 11.5, 8.375], "texture": "#0"}
			}
		}
	],
	"display": {
		"thirdperson_righthand": {
			"scale": [0, 0, 0]
		},
		"thirdperson_lefthand": {
			"scale": [0, 0, 0]
		},
		"firstperson_righthand": {
			"scale": [0, 0, 0]
		},
		"firstperson_lefthand": {
			"scale": [0, 0, 0]
		},
		"ground": {
			"rotation": [-90, 0, 180],
			"translation": [0, 6.75, 4.5],
			"scale": [0.9, 0.9, 0.9]
		},
		"gui": {
			"rotation": [7, -164, 0],
			"translation": [0.5, -1.75, 0],
			"scale": [0.61, 0.61, 0.61]
		},
		"head": {
			"translation": [0, -2.25, 0],
			"scale": [1.21, 1.21, 1.21]
		}
	},
	"groups": [
		{
			"name": "case",
			"origin": [8, 8, 8],
			"color": 0,
			"children": [
				0,
				1,
				2,
				3,
				4,
				5,
				6,
				7,
				8,
				9,
				10,
				11,
				12,
				13,
				14,
				15,
				16,
				17,
				18,
				19,
				20,
				21,
				22,
				23,
				24,
				25,
				26,
				27,
				28,
				29,
				30,
				31,
				32,
				33,
				34,
				35,
				36,
				37,
				38,
				39,
				40,
				41,
				42,
				43,
				44,
				45,
				46,
				47,
				48,
				49,
				50,
				51,
				52,
				53,
				54,
				55,
				56,
				57,
				58,
				59,
				60,
				61,
				62,
				63,
				64,
				65,
				66,
				67,
				68,
				69,
				70,
				71,
				72,
				73,
				74,
				75
			]
		},
		{
			"name": "wheels",
			"origin": [8, 8, 8],
			"color": 0,
			"children": [76, 77, 78, 79, 80, 81, 82, 83, 84, 85, 86, 87]
		},
		88,
		89,
		90,
		91,
		92,
		93,
		94,
		95,
		96,
		97,
		98,
		99,
		100,
		101,
		102,
		103,
		104,
		105,
		106
	]
}