{
	"credit": "Made with Blockbench",
	"texture_size": [64, 64],
	"textures": {
		"0": "item/carts/ufokart",
		"1": "item/carts/ufo",
		"particle": "item/carts/ufokart"
	},
	"elements": [
		{
			"from": [4.46447, 3, 0.22183],
			"to": [11.53553, 5, 15.77817],
			"rotation": {"angle": 0, "axis": "y", "origin": [8, 3, 8]},
			"faces": {
				"north": {"uv": [1.25, 5.5, 3, 6], "texture": "#0"},
				"east": {"uv": [4.75, 0, 8.625, 0.5], "texture": "#0"},
				"south": {"uv": [5.5, 2.5, 7.25, 3], "texture": "#0"},
				"west": {"uv": [4.75, 0.5, 8.625, 1], "texture": "#0"},
				"up": {"uv": [1.75, 3.875, 0, 0], "texture": "#0"},
				"down": {"uv": [3.5, 0, 1.75, 3.875], "texture": "#0"}
			}
		},
		{
			"from": [11.47183, 3, 4.46447],
			"to": [15.77817, 5, 11.53553],
			"rotation": {"angle": 0, "axis": "y", "origin": [8, 3, 8]},
			"faces": {
				"north": {"uv": [6.25, 4, 7.375, 4.5], "texture": "#0"},
				"east": {"uv": [3, 5.5, 4.75, 6], "texture": "#0"},
				"south": {"uv": [6.25, 4.5, 7.375, 5], "texture": "#0"},
				"west": {"uv": [5.5, 3, 7.25, 3.5], "texture": "#0"},
				"up": {"uv": [4.625, 1.75, 3.5, 0], "texture": "#0"},
				"down": {"uv": [4.625, 1.75, 3.5, 3.5], "texture": "#0"}
			}
		},
		{
			"from": [0.22183, 3, 4.46447],
			"to": [4.52817, 5, 11.53553],
			"rotation": {"angle": 0, "axis": "y", "origin": [8, 3, 8]},
			"faces": {
				"north": {"uv": [7.25, 3.5, 8.375, 4], "texture": "#0"},
				"east": {"uv": [5.5, 3.5, 7.25, 4], "texture": "#0"},
				"south": {"uv": [0, 7.5, 1.125, 8], "texture": "#0"},
				"west": {"uv": [4.75, 5.5, 6.5, 6], "texture": "#0"},
				"up": {"uv": [4.625, 5.25, 3.5, 3.5], "texture": "#0"},
				"down": {"uv": [1.125, 4, 0, 5.75], "texture": "#0"}
			}
		},
		{
			"from": [5, 3.025, 13],
			"to": [11, 5, 16],
			"rotation": {"angle": 45, "axis": "y", "origin": [8, 3, 8]},
			"faces": {
				"north": {"uv": [6.25, 1.5, 7.75, 2], "texture": "#0"},
				"east": {"uv": [5.5, 9.25, 6.25, 9.75], "texture": "#0"},
				"south": {"uv": [6.25, 2, 7.75, 2.5], "texture": "#0"},
				"west": {"uv": [9.25, 5.5, 10, 6], "texture": "#0"},
				"up": {"uv": [6.25, 4.75, 4.75, 4], "texture": "#0"},
				"down": {"uv": [6.25, 4.75, 4.75, 5.5], "texture": "#0"}
			}
		},
		{
			"from": [0, 3.025, 5],
			"to": [3, 5, 11],
			"rotation": {"angle": 45, "axis": "y", "origin": [8, 3, 8]},
			"faces": {
				"north": {"uv": [3.25, 9.25, 4, 9.75], "texture": "#0"},
				"east": {"uv": [6, 6, 7.5, 6.5], "texture": "#0"},
				"south": {"uv": [4, 9.25, 4.75, 9.75], "texture": "#0"},
				"west": {"uv": [6.25, 1, 7.75, 1.5], "texture": "#0"},
				"up": {"uv": [3.5, 5.5, 2.75, 4], "texture": "#0"},
				"down": {"uv": [5.5, 2.5, 4.75, 4], "texture": "#0"}
			}
		},
		{
			"from": [5, 3.025, 0],
			"to": [11, 5, 3],
			"rotation": {"angle": 45, "axis": "y", "origin": [8, 3, 8]},
			"faces": {
				"north": {"uv": [3, 6, 4.5, 6.5], "texture": "#0"},
				"east": {"uv": [9, 5, 9.75, 5.5], "texture": "#0"},
				"south": {"uv": [4.5, 6, 6, 6.5], "texture": "#0"},
				"west": {"uv": [0, 9.25, 0.75, 9.75], "texture": "#0"},
				"up": {"uv": [6.25, 1.75, 4.75, 1], "texture": "#0"},
				"down": {"uv": [6.25, 1.75, 4.75, 2.5], "texture": "#0"}
			}
		},
		{
			"from": [13, 3.025, 5],
			"to": [16, 5, 11],
			"rotation": {"angle": 45, "axis": "y", "origin": [8, 3, 8]},
			"faces": {
				"north": {"uv": [9, 1.5, 9.75, 2], "texture": "#0"},
				"east": {"uv": [0, 6, 1.5, 6.5], "texture": "#0"},
				"south": {"uv": [9, 2, 9.75, 2.5], "texture": "#0"},
				"west": {"uv": [1.5, 6, 3, 6.5], "texture": "#0"},
				"up": {"uv": [2, 5.5, 1.25, 4], "texture": "#0"},
				"down": {"uv": [2.75, 4, 2, 5.5], "texture": "#0"}
			}
		},
		{
			"from": [4.9948, 4.7, 13.1],
			"to": [11.0052, 6.4, 14.61145],
			"rotation": {"angle": 0, "axis": "y", "origin": [8, 4.7, 8]},
			"faces": {
				"north": {"uv": [4, 7, 5.5, 7.375], "texture": "#0"},
				"east": {"uv": [10.5, 7.5, 10.875, 7.875], "texture": "#0"},
				"south": {"uv": [0, 0, 6, 1.5], "texture": "#1"},
				"west": {"uv": [8, 10.5, 8.375, 10.875], "texture": "#0"},
				"up": {"uv": [8.75, 2.875, 7.25, 2.5], "texture": "#0"},
				"down": {"uv": [8.75, 3, 7.25, 3.375], "texture": "#0"}
			}
		},
		{
			"from": [4.9948, 4.7, 1.38855],
			"to": [11.0052, 6.4, 2.9],
			"rotation": {"angle": 0, "axis": "y", "origin": [8, 4.7, 8]},
			"faces": {
				"north": {"uv": [0, 0, 6, 1.5], "texture": "#1"},
				"east": {"uv": [7, 10.5, 7.375, 10.875], "texture": "#0"},
				"south": {"uv": [6.5, 6.5, 8, 6.875], "texture": "#0"},
				"west": {"uv": [7.5, 10.5, 7.875, 10.875], "texture": "#0"},
				"up": {"uv": [1.5, 7.375, 0, 7], "texture": "#0"},
				"down": {"uv": [4, 7, 2.5, 7.375], "texture": "#0"}
			}
		},
		{
			"from": [1.38855, 4.7, 4.9948],
			"to": [2.9, 6.4, 11.0052],
			"rotation": {"angle": 0, "axis": "y", "origin": [8, 4.7, 8]},
			"faces": {
				"north": {"uv": [6, 10.5, 6.375, 10.875], "texture": "#0"},
				"east": {"uv": [2.5, 6.5, 4, 6.875], "texture": "#0"},
				"south": {"uv": [6.5, 10.5, 6.875, 10.875], "texture": "#0"},
				"west": {"uv": [0, 0, 6, 1.5], "texture": "#1"},
				"up": {"uv": [5.875, 8, 5.5, 6.5], "texture": "#0"},
				"down": {"uv": [6.375, 6.5, 6, 8], "texture": "#0"}
			}
		},
		{
			"from": [13.1, 4.7, 4.9948],
			"to": [14.61145, 6.4, 11.0052],
			"rotation": {"angle": 0, "axis": "y", "origin": [8, 4.7, 8]},
			"faces": {
				"north": {"uv": [3.5, 10.5, 3.875, 10.875], "texture": "#0"},
				"east": {"uv": [0, 0, 6, 1.5], "texture": "#1"},
				"south": {"uv": [5.5, 10.5, 5.875, 10.875], "texture": "#0"},
				"west": {"uv": [0, 6.5, 1.5, 6.875], "texture": "#0"},
				"up": {"uv": [1.875, 8, 1.5, 6.5], "texture": "#0"},
				"down": {"uv": [2.375, 6.5, 2, 8], "texture": "#0"}
			}
		},
		{
			"from": [5.45, 4.7, 13.1],
			"to": [10.55, 6.4, 14.8],
			"rotation": {"angle": 45, "axis": "y", "origin": [8, 4.7, 8]},
			"faces": {
				"north": {"uv": [7.75, 2, 9, 2.375], "texture": "#0"},
				"east": {"uv": [2.5, 10.5, 2.875, 10.875], "texture": "#0"},
				"south": {"uv": [0, 0, 6, 1.5], "texture": "#1"},
				"west": {"uv": [3, 10.5, 3.375, 10.875], "texture": "#0"},
				"up": {"uv": [2.25, 8.375, 1, 8], "texture": "#0"},
				"down": {"uv": [3.5, 8, 2.25, 8.375], "texture": "#0"}
			}
		},
		{
			"from": [1.2, 4.7, 5.45],
			"to": [2.9, 6.4, 10.55],
			"rotation": {"angle": 45, "axis": "y", "origin": [8, 4.7, 8]},
			"faces": {
				"north": {"uv": [0, 10.5, 0.375, 10.875], "texture": "#0"},
				"east": {"uv": [7.75, 1, 9, 1.375], "texture": "#0"},
				"south": {"uv": [0.5, 10.5, 0.875, 10.875], "texture": "#0"},
				"west": {"uv": [0, 0, 6, 1.5], "texture": "#1"},
				"up": {"uv": [0.375, 9.25, 0, 8], "texture": "#0"},
				"down": {"uv": [0.875, 8, 0.5, 9.25], "texture": "#0"}
			}
		},
		{
			"from": [5.45, 4.7, 1.2],
			"to": [10.55, 6.4, 2.9],
			"rotation": {"angle": 45, "axis": "y", "origin": [8, 4.7, 8]},
			"faces": {
				"north": {"uv": [0, 0, 6, 1.5], "texture": "#1"},
				"east": {"uv": [9.75, 10.25, 10.125, 10.625], "texture": "#0"},
				"south": {"uv": [7.5, 4.5, 8.75, 4.875], "texture": "#0"},
				"west": {"uv": [10.25, 10.25, 10.625, 10.625], "texture": "#0"},
				"up": {"uv": [8.75, 6.375, 7.5, 6], "texture": "#0"},
				"down": {"uv": [8.25, 7.5, 7, 7.875], "texture": "#0"}
			}
		},
		{
			"from": [13.1, 4.7, 5.45],
			"to": [14.8, 6.4, 10.55],
			"rotation": {"angle": 45, "axis": "y", "origin": [8, 4.7, 8]},
			"faces": {
				"north": {"uv": [8.75, 10.25, 9.125, 10.625], "texture": "#0"},
				"east": {"uv": [0, 0, 6, 1.5], "texture": "#1"},
				"south": {"uv": [9.25, 10.25, 9.625, 10.625], "texture": "#0"},
				"west": {"uv": [3.75, 7.5, 5, 7.875], "texture": "#0"},
				"up": {"uv": [5.375, 8.75, 5, 7.5], "texture": "#0"},
				"down": {"uv": [6.875, 7.5, 6.5, 8.75], "texture": "#0"}
			}
		},
		{
			"from": [5.44558, 6.39, 12.335],
			"to": [10.55442, 7.1125, 13.61973],
			"rotation": {"angle": 0, "axis": "y", "origin": [8, 5.795, 8]},
			"faces": {
				"north": {"uv": [10.25, 4, 11.5, 4.125], "texture": "#0"},
				"east": {"uv": [2, 11.25, 2.375, 11.375], "texture": "#0"},
				"south": {"uv": [10.25, 4.25, 11.5, 4.375], "texture": "#0"},
				"west": {"uv": [2.5, 11.25, 2.875, 11.375], "texture": "#0"},
				"up": {"uv": [8.25, 8.375, 7, 8], "texture": "#0"},
				"down": {"uv": [9.25, 7, 8, 7.375], "texture": "#0"}
			}
		},
		{
			"from": [5.44558, 6.39, 2.38027],
			"to": [10.55442, 7.1125, 3.665],
			"rotation": {"angle": 0, "axis": "y", "origin": [8, 5.795, 8]},
			"faces": {
				"north": {"uv": [10.25, 1.25, 11.5, 1.375], "texture": "#0"},
				"east": {"uv": [1, 11.25, 1.375, 11.375], "texture": "#0"},
				"south": {"uv": [2.75, 10.25, 4, 10.375], "texture": "#0"},
				"west": {"uv": [1.5, 11.25, 1.875, 11.375], "texture": "#0"},
				"up": {"uv": [9.25, 5.875, 8, 5.5], "texture": "#0"},
				"down": {"uv": [9.25, 6.5, 8, 6.875], "texture": "#0"}
			}
		},
		{
			"from": [2.38027, 6.39, 5.44558],
			"to": [3.665, 7.1125, 10.55442],
			"rotation": {"angle": 0, "axis": "y", "origin": [8, 5.795, 8]},
			"faces": {
				"north": {"uv": [0, 11.25, 0.375, 11.375], "texture": "#0"},
				"east": {"uv": [0, 10.25, 1.25, 10.375], "texture": "#0"},
				"south": {"uv": [0.5, 11.25, 0.875, 11.375], "texture": "#0"},
				"west": {"uv": [10.25, 1, 11.5, 1.125], "texture": "#0"},
				"up": {"uv": [4.875, 9.25, 4.5, 8], "texture": "#0"},
				"down": {"uv": [5.875, 8, 5.5, 9.25], "texture": "#0"}
			}
		},
		{
			"from": [12.335, 6.39, 5.44558],
			"to": [13.61973, 7.1125, 10.55442],
			"rotation": {"angle": 0, "axis": "y", "origin": [8, 5.795, 8]},
			"faces": {
				"north": {"uv": [10.25, 11, 10.625, 11.125], "texture": "#0"},
				"east": {"uv": [8, 10, 9.25, 10.125], "texture": "#0"},
				"south": {"uv": [10.75, 11, 11.125, 11.125], "texture": "#0"},
				"west": {"uv": [9.25, 10, 10.5, 10.125], "texture": "#0"},
				"up": {"uv": [3.875, 9.25, 3.5, 8], "texture": "#0"},
				"down": {"uv": [4.375, 8, 4, 9.25], "texture": "#0"}
			}
		},
		{
			"from": [5.8325, 6.39, 12.335],
			"to": [10.1675, 7.1125, 13.78],
			"rotation": {"angle": 45, "axis": "y", "origin": [8, 5.795, 8]},
			"faces": {
				"north": {"uv": [10.5, 9.75, 11.625, 9.875], "texture": "#0"},
				"east": {"uv": [9.25, 11, 9.625, 11.125], "texture": "#0"},
				"south": {"uv": [10.5, 10, 11.625, 10.125], "texture": "#0"},
				"west": {"uv": [9.75, 11, 10.125, 11.125], "texture": "#0"},
				"up": {"uv": [9.875, 3.375, 8.75, 3], "texture": "#0"},
				"down": {"uv": [9.875, 4, 8.75, 4.375], "texture": "#0"}
			}
		},
		{
			"from": [2.22, 6.39, 5.8325],
			"to": [3.665, 7.1125, 10.1675],
			"rotation": {"angle": 45, "axis": "y", "origin": [8, 5.795, 8]},
			"faces": {
				"north": {"uv": [11, 8.25, 11.375, 8.375], "texture": "#0"},
				"east": {"uv": [10.5, 9.25, 11.625, 9.375], "texture": "#0"},
				"south": {"uv": [8.75, 11, 9.125, 11.125], "texture": "#0"},
				"west": {"uv": [10.5, 9.5, 11.625, 9.625], "texture": "#0"},
				"up": {"uv": [9.125, 8.625, 8.75, 7.5], "texture": "#0"},
				"down": {"uv": [8.375, 8.75, 8, 9.875], "texture": "#0"}
			}
		},
		{
			"from": [5.8325, 6.39, 2.22],
			"to": [10.1675, 7.1125, 3.665],
			"rotation": {"angle": 45, "axis": "y", "origin": [8, 5.795, 8]},
			"faces": {
				"north": {"uv": [10.5, 8.75, 11.625, 8.875], "texture": "#0"},
				"east": {"uv": [5, 10.75, 5.375, 10.875], "texture": "#0"},
				"south": {"uv": [10.5, 9, 11.625, 9.125], "texture": "#0"},
				"west": {"uv": [8.25, 11, 8.625, 11.125], "texture": "#0"},
				"up": {"uv": [9.875, 0.875, 8.75, 0.5], "texture": "#0"},
				"down": {"uv": [9.875, 2.5, 8.75, 2.875], "texture": "#0"}
			}
		},
		{
			"from": [12.335, 6.39, 5.8325],
			"to": [13.78, 7.1125, 10.1675],
			"rotation": {"angle": 45, "axis": "y", "origin": [8, 5.795, 8]},
			"faces": {
				"north": {"uv": [6.5, 10, 6.875, 10.125], "texture": "#0"},
				"east": {"uv": [10.5, 8, 11.625, 8.125], "texture": "#0"},
				"south": {"uv": [4.25, 10.75, 4.625, 10.875], "texture": "#0"},
				"west": {"uv": [10.5, 8.5, 11.625, 8.625], "texture": "#0"},
				"up": {"uv": [5.375, 9.875, 5, 8.75], "texture": "#0"},
				"down": {"uv": [6.875, 8.75, 6.5, 9.875], "texture": "#0"}
			}
		},
		{
			"from": [12.335, 7.09, 6.1825],
			"to": [12.335, 8.8125, 9.8175],
			"rotation": {"angle": 45, "axis": "y", "origin": [8, 6.495, 8]},
			"faces": {
				"north": {"uv": [0, 0, 0, 0.375], "texture": "#0"},
				"east": {"uv": [5.5, 9.75, 6.375, 10.125], "texture": "#0"},
				"south": {"uv": [0, 0, 0, 0.375], "texture": "#0"},
				"west": {"uv": [6.375, 9.75, 5.5, 10.125], "texture": "#0"},
				"up": {"uv": [0, 0.875, 0, 0], "texture": "#0"},
				"down": {"uv": [0, 0, 0, 0.875], "texture": "#0"}
			}
		},
		{
			"from": [6.2075, 7.09, 3.665],
			"to": [9.7925, 8.8125, 3.665],
			"rotation": {"angle": 45, "axis": "y", "origin": [8, 6.495, 8]},
			"faces": {
				"north": {"uv": [9.75, 3.5, 10.625, 3.875], "texture": "#0"},
				"east": {"uv": [0, 0, 0, 0.375], "texture": "#0"},
				"south": {"uv": [10.625, 3.5, 9.75, 3.875], "texture": "#0"},
				"west": {"uv": [0, 0, 0, 0.375], "texture": "#0"},
				"up": {"uv": [0.875, 0, 0, 0], "texture": "#0"},
				"down": {"uv": [0.875, 0, 0, 0], "texture": "#0"}
			}
		},
		{
			"from": [3.665, 7.09, 6.2075],
			"to": [3.665, 8.8125, 9.7925],
			"rotation": {"angle": 45, "axis": "y", "origin": [8, 6.495, 8]},
			"faces": {
				"north": {"uv": [0, 0, 0, 0.375], "texture": "#0"},
				"east": {"uv": [4.125, 9.75, 3.25, 10.125], "texture": "#0"},
				"south": {"uv": [0, 0, 0, 0.375], "texture": "#0"},
				"west": {"uv": [3.25, 9.75, 4.125, 10.125], "texture": "#0"},
				"up": {"uv": [0, 0.875, 0, 0], "texture": "#0"},
				"down": {"uv": [0, 0, 0, 0.875], "texture": "#0"}
			}
		},
		{
			"from": [6.2075, 7.09, 12.335],
			"to": [9.7925, 8.8125, 12.335],
			"rotation": {"angle": 45, "axis": "y", "origin": [8, 6.495, 8]},
			"faces": {
				"north": {"uv": [10.625, 1.5, 9.75, 1.875], "texture": "#0"},
				"east": {"uv": [0, 0, 0, 0.375], "texture": "#0"},
				"south": {"uv": [9.75, 1.5, 10.625, 1.875], "texture": "#0"},
				"west": {"uv": [0, 0, 0, 0.375], "texture": "#0"},
				"up": {"uv": [0.875, 0, 0, 0], "texture": "#0"},
				"down": {"uv": [0.875, 0, 0, 0], "texture": "#0"}
			}
		},
		{
			"from": [12.335, 7.09, 6.22058],
			"to": [12.335, 8.8125, 9.80442],
			"rotation": {"angle": 0, "axis": "y", "origin": [8, 6.495, 8]},
			"faces": {
				"north": {"uv": [0, 0, 0, 0.375], "texture": "#0"},
				"east": {"uv": [9.5, 9, 10.375, 9.375], "texture": "#0"},
				"south": {"uv": [0, 0, 0, 0.375], "texture": "#0"},
				"west": {"uv": [10.375, 9, 9.5, 9.375], "texture": "#0"},
				"up": {"uv": [0, 0.875, 0, 0], "texture": "#0"},
				"down": {"uv": [0, 0, 0, 0.875], "texture": "#0"}
			}
		},
		{
			"from": [3.665, 7.09, 6.19558],
			"to": [3.665, 8.8125, 9.80442],
			"rotation": {"angle": 0, "axis": "y", "origin": [8, 6.495, 8]},
			"faces": {
				"north": {"uv": [0, 0, 0, 0.375], "texture": "#0"},
				"east": {"uv": [10.375, 8.5, 9.5, 8.875], "texture": "#0"},
				"south": {"uv": [0, 0, 0, 0.375], "texture": "#0"},
				"west": {"uv": [9.5, 8.5, 10.375, 8.875], "texture": "#0"},
				"up": {"uv": [0, 0.875, 0, 0], "texture": "#0"},
				"down": {"uv": [0, 0, 0, 0.875], "texture": "#0"}
			}
		},
		{
			"from": [6.19558, 7.09, 3.665],
			"to": [9.80442, 8.8125, 3.665],
			"rotation": {"angle": 0, "axis": "y", "origin": [8, 6.495, 8]},
			"faces": {
				"north": {"uv": [9.25, 7.5, 10.125, 7.875], "texture": "#0"},
				"east": {"uv": [0, 0, 0, 0.375], "texture": "#0"},
				"south": {"uv": [10.125, 7.5, 9.25, 7.875], "texture": "#0"},
				"west": {"uv": [0, 0, 0, 0.375], "texture": "#0"},
				"up": {"uv": [0.875, 0, 0, 0], "texture": "#0"},
				"down": {"uv": [0.875, 0, 0, 0], "texture": "#0"}
			}
		},
		{
			"from": [6.19558, 7.09, 12.335],
			"to": [9.80442, 8.8125, 12.335],
			"rotation": {"angle": 0, "axis": "y", "origin": [8, 6.495, 8]},
			"faces": {
				"north": {"uv": [10.125, 7, 9.25, 7.375], "texture": "#0"},
				"east": {"uv": [0, 0, 0, 0.375], "texture": "#0"},
				"south": {"uv": [9.25, 7, 10.125, 7.375], "texture": "#0"},
				"west": {"uv": [0, 0, 0, 0.375], "texture": "#0"},
				"up": {"uv": [0.875, 0, 0, 0], "texture": "#0"},
				"down": {"uv": [0.875, 0, 0, 0], "texture": "#0"}
			}
		},
		{
			"from": [5.44558, -2.61, 12.335],
			"to": [10.55442, -1.8875, 13.61973],
			"rotation": {"angle": 0, "axis": "y", "origin": [8, -3.205, 8]},
			"faces": {
				"north": {"uv": [6.75, 10.25, 8, 10.375], "texture": "#0"},
				"east": {"uv": [10, 11.25, 10.375, 11.375], "texture": "#0"},
				"south": {"uv": [10.25, 6.75, 11.5, 6.875], "texture": "#0"},
				"west": {"uv": [10.5, 11.25, 10.875, 11.375], "texture": "#0"},
				"up": {"uv": [9.75, 3.875, 8.5, 3.5], "texture": "#0"},
				"down": {"uv": [10, 0, 8.75, 0.375], "texture": "#0"}
			}
		},
		{
			"from": [2.22, -2.61, 5.8325],
			"to": [3.665, -1.8875, 10.1675],
			"rotation": {"angle": 45, "axis": "y", "origin": [8, -3.205, 8]},
			"faces": {
				"north": {"uv": [9, 11.25, 9.375, 11.375], "texture": "#0"},
				"east": {"uv": [10.75, 2.5, 11.875, 2.625], "texture": "#0"},
				"south": {"uv": [9.5, 11.25, 9.875, 11.375], "texture": "#0"},
				"west": {"uv": [10.75, 2.75, 11.875, 2.875], "texture": "#0"},
				"up": {"uv": [3.125, 10.125, 2.75, 9], "texture": "#0"},
				"down": {"uv": [9.375, 8.75, 9, 9.875], "texture": "#0"}
			}
		},
		{
			"from": [5.8325, -2.61, 12.335],
			"to": [10.1675, -1.8875, 13.78],
			"rotation": {"angle": 45, "axis": "y", "origin": [8, -3.205, 8]},
			"faces": {
				"north": {"uv": [10.75, 2, 11.875, 2.125], "texture": "#0"},
				"east": {"uv": [8, 11.25, 8.375, 11.375], "texture": "#0"},
				"south": {"uv": [10.75, 2.25, 11.875, 2.375], "texture": "#0"},
				"west": {"uv": [8.5, 11.25, 8.875, 11.375], "texture": "#0"},
				"up": {"uv": [10.125, 1.375, 9, 1], "texture": "#0"},
				"down": {"uv": [2.625, 9, 1.5, 9.375], "texture": "#0"}
			}
		},
		{
			"from": [12.335, -2.61, 5.44558],
			"to": [13.61973, -1.8875, 10.55442],
			"rotation": {"angle": 0, "axis": "y", "origin": [8, -3.205, 8]},
			"faces": {
				"north": {"uv": [7, 11.25, 7.375, 11.375], "texture": "#0"},
				"east": {"uv": [10.25, 6.25, 11.5, 6.375], "texture": "#0"},
				"south": {"uv": [7.5, 11.25, 7.875, 11.375], "texture": "#0"},
				"west": {"uv": [10.25, 6.5, 11.5, 6.625], "texture": "#0"},
				"up": {"uv": [7.375, 9.75, 7, 8.5], "texture": "#0"},
				"down": {"uv": [7.875, 8.5, 7.5, 9.75], "texture": "#0"}
			}
		},
		{
			"from": [12.335, -2.61, 5.8325],
			"to": [13.78, -1.8875, 10.1675],
			"rotation": {"angle": 45, "axis": "y", "origin": [8, -3.205, 8]},
			"faces": {
				"north": {"uv": [6, 11.25, 6.375, 11.375], "texture": "#0"},
				"east": {"uv": [10.75, 1.5, 11.875, 1.625], "texture": "#0"},
				"south": {"uv": [6.5, 11.25, 6.875, 11.375], "texture": "#0"},
				"west": {"uv": [10.75, 1.75, 11.875, 1.875], "texture": "#0"},
				"up": {"uv": [8.875, 9.875, 8.5, 8.75], "texture": "#0"},
				"down": {"uv": [1.375, 9, 1, 10.125], "texture": "#0"}
			}
		},
		{
			"from": [5.44558, -2.61, 2.38027],
			"to": [10.55442, -1.8875, 3.665],
			"rotation": {"angle": 0, "axis": "y", "origin": [8, -3.205, 8]},
			"faces": {
				"north": {"uv": [10.25, 5.75, 11.5, 5.875], "texture": "#0"},
				"east": {"uv": [5, 11.25, 5.375, 11.375], "texture": "#0"},
				"south": {"uv": [10.25, 6, 11.5, 6.125], "texture": "#0"},
				"west": {"uv": [5.5, 11.25, 5.875, 11.375], "texture": "#0"},
				"up": {"uv": [2.25, 8.875, 1, 8.5], "texture": "#0"},
				"down": {"uv": [3.5, 8.5, 2.25, 8.875], "texture": "#0"}
			}
		},
		{
			"from": [5.8325, -2.61, 2.22],
			"to": [10.1675, -1.8875, 3.665],
			"rotation": {"angle": 45, "axis": "y", "origin": [8, -3.205, 8]},
			"faces": {
				"north": {"uv": [10.75, 0.5, 11.875, 0.625], "texture": "#0"},
				"east": {"uv": [4, 11.25, 4.375, 11.375], "texture": "#0"},
				"south": {"uv": [10.75, 0.75, 11.875, 0.875], "texture": "#0"},
				"west": {"uv": [4.5, 11.25, 4.875, 11.375], "texture": "#0"},
				"up": {"uv": [9.875, 4.875, 8.75, 4.5], "texture": "#0"},
				"down": {"uv": [9.875, 6, 8.75, 6.375], "texture": "#0"}
			}
		},
		{
			"from": [2.38027, -2.61, 5.44558],
			"to": [3.665, -1.8875, 10.55442],
			"rotation": {"angle": 0, "axis": "y", "origin": [8, -3.205, 8]},
			"faces": {
				"north": {"uv": [3, 11.25, 3.375, 11.375], "texture": "#0"},
				"east": {"uv": [10.25, 4.5, 11.5, 4.625], "texture": "#0"},
				"south": {"uv": [3.5, 11.25, 3.875, 11.375], "texture": "#0"},
				"west": {"uv": [5.5, 10.25, 6.75, 10.375], "texture": "#0"},
				"up": {"uv": [6.375, 9.25, 6, 8], "texture": "#0"},
				"down": {"uv": [8.625, 7.5, 8.25, 8.75], "texture": "#0"}
			}
		},
		{
			"from": [6.13527, -4.96065, 11.16455],
			"to": [9.86473, -4.43322, 12.1024],
			"rotation": {"angle": 0, "axis": "y", "origin": [8, -5.395, 8]},
			"faces": {
				"north": {"uv": [1.5, 10.75, 2.375, 10.875], "texture": "#0"},
				"east": {"uv": [4.5, 5.25, 4.75, 5.375], "texture": "#0"},
				"south": {"uv": [10.75, 3, 11.625, 3.125], "texture": "#0"},
				"west": {"uv": [1, 5.75, 1.25, 5.875], "texture": "#0"},
				"up": {"uv": [4.375, 5.5, 3.5, 5.25], "texture": "#0"},
				"down": {"uv": [0.875, 5.75, 0, 6], "texture": "#0"}
			}
		},
		{
			"from": [3.7806, -4.96065, 6.41773],
			"to": [4.83545, -4.43322, 9.58228],
			"rotation": {"angle": 45, "axis": "y", "origin": [8, -5.395, 8]},
			"faces": {
				"north": {"uv": [1.25, 7.5, 1.5, 7.625], "texture": "#0"},
				"east": {"uv": [10.75, 5.5, 11.5, 5.625], "texture": "#0"},
				"south": {"uv": [1.25, 7.75, 1.5, 7.875], "texture": "#0"},
				"west": {"uv": [8.5, 10.75, 9.25, 10.875], "texture": "#0"},
				"up": {"uv": [1.75, 10.75, 1.5, 10], "texture": "#0"},
				"down": {"uv": [2, 10, 1.75, 10.75], "texture": "#0"}
			}
		},
		{
			"from": [6.41773, -4.96065, 11.16455],
			"to": [9.58228, -4.43322, 12.2194],
			"rotation": {"angle": 45, "axis": "y", "origin": [8, -5.395, 8]},
			"faces": {
				"north": {"uv": [9.25, 10.75, 10, 10.875], "texture": "#0"},
				"east": {"uv": [8, 8.5, 8.25, 8.625], "texture": "#0"},
				"south": {"uv": [10, 10.75, 10.75, 10.875], "texture": "#0"},
				"west": {"uv": [3.25, 9, 3.5, 9.125], "texture": "#0"},
				"up": {"uv": [10.75, 0.75, 10, 0.5], "texture": "#0"},
				"down": {"uv": [10.75, 0.75, 10, 1], "texture": "#0"}
			}
		},
		{
			"from": [11.16455, -4.96065, 6.13527],
			"to": [12.1024, -4.43322, 9.86473],
			"rotation": {"angle": 0, "axis": "y", "origin": [8, -5.395, 8]},
			"faces": {
				"north": {"uv": [0.75, 9.25, 1, 9.375], "texture": "#0"},
				"east": {"uv": [10.75, 3.25, 11.625, 3.375], "texture": "#0"},
				"south": {"uv": [6.25, 9.25, 6.5, 9.375], "texture": "#0"},
				"west": {"uv": [10.75, 3.5, 11.625, 3.625], "texture": "#0"},
				"up": {"uv": [5, 10.125, 4.75, 9.25], "texture": "#0"},
				"down": {"uv": [2.75, 9.5, 2.5, 10.375], "texture": "#0"}
			}
		},
		{
			"from": [11.16455, -4.96065, 6.41773],
			"to": [12.2194, -4.43322, 9.58228],
			"rotation": {"angle": 45, "axis": "y", "origin": [8, -5.395, 8]},
			"faces": {
				"north": {"uv": [9.25, 8.5, 9.5, 8.625], "texture": "#0"},
				"east": {"uv": [10.75, 10.25, 11.5, 10.375], "texture": "#0"},
				"south": {"uv": [0.75, 9.5, 1, 9.625], "texture": "#0"},
				"west": {"uv": [10.75, 10.5, 11.5, 10.625], "texture": "#0"},
				"up": {"uv": [2.25, 10.75, 2, 10], "texture": "#0"},
				"down": {"uv": [2.5, 10, 2.25, 10.75], "texture": "#0"}
			}
		},
		{
			"from": [6.13527, -4.96065, 3.8976],
			"to": [9.86473, -4.43322, 4.83545],
			"rotation": {"angle": 0, "axis": "y", "origin": [8, -5.395, 8]},
			"faces": {
				"north": {"uv": [10.75, 3.75, 11.625, 3.875], "texture": "#0"},
				"east": {"uv": [6.25, 9.5, 6.5, 9.625], "texture": "#0"},
				"south": {"uv": [10.75, 4.75, 11.625, 4.875], "texture": "#0"},
				"west": {"uv": [1, 10.5, 1.25, 10.625], "texture": "#0"},
				"up": {"uv": [10.875, 0.25, 10, 0], "texture": "#0"},
				"down": {"uv": [10.875, 0.25, 10, 0.5], "texture": "#0"}
			}
		},
		{
			"from": [6.41773, -4.96065, 3.7806],
			"to": [9.58228, -4.43322, 4.83545],
			"rotation": {"angle": 45, "axis": "y", "origin": [8, -5.395, 8]},
			"faces": {
				"north": {"uv": [10.75, 10.75, 11.5, 10.875], "texture": "#0"},
				"east": {"uv": [8.5, 10.5, 8.75, 10.625], "texture": "#0"},
				"south": {"uv": [0, 11, 0.75, 11.125], "texture": "#0"},
				"west": {"uv": [1, 10.75, 1.25, 10.875], "texture": "#0"},
				"up": {"uv": [10.75, 2.75, 10, 2.5], "texture": "#0"},
				"down": {"uv": [10.75, 2.75, 10, 3], "texture": "#0"}
			}
		},
		{
			"from": [3.8976, -4.96065, 6.13527],
			"to": [4.83545, -4.43322, 9.86473],
			"rotation": {"angle": 0, "axis": "y", "origin": [8, -5.395, 8]},
			"faces": {
				"north": {"uv": [11, 11.25, 11.25, 11.375], "texture": "#0"},
				"east": {"uv": [10.75, 5, 11.625, 5.125], "texture": "#0"},
				"south": {"uv": [11.25, 11, 11.5, 11.125], "texture": "#0"},
				"west": {"uv": [10.75, 5.25, 11.625, 5.375], "texture": "#0"},
				"up": {"uv": [4.5, 10.625, 4.25, 9.75], "texture": "#0"},
				"down": {"uv": [4.75, 9.75, 4.5, 10.625], "texture": "#0"}
			}
		},
		{
			"from": [6.47092, -6.87463, 10.59493],
			"to": [9.52908, -6.44214, 11.36397],
			"rotation": {"angle": 0, "axis": "y", "origin": [8, -7.2308, 8]},
			"faces": {
				"north": {"uv": [11, 0, 11.75, 0.125], "texture": "#0"},
				"east": {"uv": [11.25, 11.25, 11.5, 11.375], "texture": "#0"},
				"south": {"uv": [11, 0.25, 11.75, 0.375], "texture": "#0"},
				"west": {"uv": [0, 11.5, 0.25, 11.625], "texture": "#0"},
				"up": {"uv": [10.75, 3.25, 10, 3], "texture": "#0"},
				"down": {"uv": [10.75, 3.25, 10, 3.5], "texture": "#0"}
			}
		},
		{
			"from": [4.54009, -6.87463, 6.70253],
			"to": [5.40507, -6.44214, 9.29747],
			"rotation": {"angle": 45, "axis": "y", "origin": [8, -7.2308, 8]},
			"faces": {
				"north": {"uv": [0.25, 11.5, 0.5, 11.625], "texture": "#0"},
				"east": {"uv": [5.25, 11, 5.875, 11.125], "texture": "#0"},
				"south": {"uv": [0.5, 11.5, 0.75, 11.625], "texture": "#0"},
				"west": {"uv": [6, 11, 6.625, 11.125], "texture": "#0"},
				"up": {"uv": [1.5, 10.875, 1.25, 10.25], "texture": "#0"},
				"down": {"uv": [4.25, 10.25, 4, 10.875], "texture": "#0"}
			}
		},
		{
			"from": [6.70253, -6.87463, 10.59493],
			"to": [9.29747, -6.44214, 11.45991],
			"rotation": {"angle": 45, "axis": "y", "origin": [8, -7.2308, 8]},
			"faces": {
				"north": {"uv": [6.75, 11, 7.375, 11.125], "texture": "#0"},
				"east": {"uv": [0.75, 11.5, 1, 11.625], "texture": "#0"},
				"south": {"uv": [11, 7, 11.625, 7.125], "texture": "#0"},
				"west": {"uv": [1, 11.5, 1.25, 11.625], "texture": "#0"},
				"up": {"uv": [10.875, 7.25, 10.25, 7], "texture": "#0"},
				"down": {"uv": [10.875, 7.25, 10.25, 7.5], "texture": "#0"}
			}
		},
		{
			"from": [10.59493, -6.87463, 6.47092],
			"to": [11.36397, -6.44214, 9.52908],
			"rotation": {"angle": 0, "axis": "y", "origin": [8, -7.2308, 8]},
			"faces": {
				"north": {"uv": [11.5, 1, 11.75, 1.125], "texture": "#0"},
				"east": {"uv": [0.75, 11, 1.5, 11.125], "texture": "#0"},
				"south": {"uv": [1.25, 11.5, 1.5, 11.625], "texture": "#0"},
				"west": {"uv": [1.5, 11, 2.25, 11.125], "texture": "#0"},
				"up": {"uv": [10.25, 4.75, 10, 4], "texture": "#0"},
				"down": {"uv": [5.25, 10, 5, 10.75], "texture": "#0"}
			}
		},
		{
			"from": [10.59493, -6.87463, 6.70253],
			"to": [11.45991, -6.44214, 9.29747],
			"rotation": {"angle": 45, "axis": "y", "origin": [8, -7.2308, 8]},
			"faces": {
				"north": {"uv": [11.5, 1.25, 11.75, 1.375], "texture": "#0"},
				"east": {"uv": [11, 7.25, 11.625, 7.375], "texture": "#0"},
				"south": {"uv": [1.5, 11.5, 1.75, 11.625], "texture": "#0"},
				"west": {"uv": [7.5, 11, 8.125, 11.125], "texture": "#0"},
				"up": {"uv": [5, 10.875, 4.75, 10.25], "texture": "#0"},
				"down": {"uv": [10.5, 7.5, 10.25, 8.125], "texture": "#0"}
			}
		},
		{
			"from": [6.47092, -6.87463, 4.63603],
			"to": [9.52908, -6.44214, 5.40507],
			"rotation": {"angle": 0, "axis": "y", "origin": [8, -7.2308, 8]},
			"faces": {
				"north": {"uv": [2.25, 11, 3, 11.125], "texture": "#0"},
				"east": {"uv": [1.75, 11.5, 2, 11.625], "texture": "#0"},
				"south": {"uv": [3, 11, 3.75, 11.125], "texture": "#0"},
				"west": {"uv": [2, 11.5, 2.25, 11.625], "texture": "#0"},
				"up": {"uv": [10.75, 5, 10, 4.75], "texture": "#0"},
				"down": {"uv": [10.75, 5.5, 10, 5.75], "texture": "#0"}
			}
		},
		{
			"from": [6.70253, -6.87463, 4.54009],
			"to": [9.29747, -6.44214, 5.40507],
			"rotation": {"angle": 45, "axis": "y", "origin": [8, -7.2308, 8]},
			"faces": {
				"north": {"uv": [11, 7.5, 11.625, 7.625], "texture": "#0"},
				"east": {"uv": [2.25, 11.5, 2.5, 11.625], "texture": "#0"},
				"south": {"uv": [11, 7.75, 11.625, 7.875], "texture": "#0"},
				"west": {"uv": [2.5, 11.5, 2.75, 11.625], "texture": "#0"},
				"up": {"uv": [8.625, 10.5, 8, 10.25], "texture": "#0"},
				"down": {"uv": [10.875, 8.25, 10.25, 8.5], "texture": "#0"}
			}
		},
		{
			"from": [4.63603, -6.87463, 6.47092],
			"to": [5.40507, -6.44214, 9.52908],
			"rotation": {"angle": 0, "axis": "y", "origin": [8, -7.2308, 8]},
			"faces": {
				"north": {"uv": [2.75, 11.5, 3, 11.625], "texture": "#0"},
				"east": {"uv": [3.75, 11, 4.5, 11.125], "texture": "#0"},
				"south": {"uv": [3, 11.5, 3.25, 11.625], "texture": "#0"},
				"west": {"uv": [4.5, 11, 5.25, 11.125], "texture": "#0"},
				"up": {"uv": [5.5, 10.75, 5.25, 10], "texture": "#0"},
				"down": {"uv": [10.25, 5.75, 10, 6.5], "texture": "#0"}
			}
		}
	],
	"display": {
		"ground": {
			"rotation": [90, 0, 0],
			"translation": [0, 12, 11.75],
			"scale": [2.46, 2.46, 2.46]
		},
		"gui": {
			"rotation": [33, 29, 0],
			"translation": [0, 4.25, 0],
			"scale": [0.85, 0.85, 0.85]
		}
	},
	"groups": [
		0,
		1,
		2,
		3,
		4,
		5,
		6,
		7,
		8,
		9,
		10,
		11,
		12,
		13,
		14,
		15,
		16,
		17,
		18,
		19,
		20,
		21,
		22,
		23,
		24,
		25,
		26,
		27,
		28,
		29,
		30,
		{
			"name": "group",
			"origin": [8, -1.205, 8],
			"color": 0,
			"children": [31, 32, 33, 34, 35, 36, 37, 38]
		},
		{
			"name": "group",
			"origin": [8, -1.205, 8],
			"color": 0,
			"children": [39, 40, 41, 42, 43, 44, 45, 46]
		},
		{
			"name": "group",
			"origin": [8, -1.205, 8],
			"color": 0,
			"children": [47, 48, 49, 50, 51, 52, 53, 54]
		}
	]
}