{
	"credit": "Made with Blockbench",
	"texture_size": [64, 64],
	"textures": {
		"0": "item/vespacyan",
		"particle": "item/vespacyan"
	},
	"elements": [
		{
			"name": "hexadecagon",
			"from": [21.7882, -4.11816, 6.89809],
			"to": [23.30802, -2.61138, 9.45709],
			"rotation": {"angle": -45, "axis": "z", "origin": [22.86036, 0.01441, 7.617]},
			"faces": {
				"north": {"uv": [11.75, 11, 12.125, 11.375], "texture": "#0"},
				"east": {"uv": [4.25, 9.25, 4.875, 9.625], "texture": "#0"},
				"south": {"uv": [11.75, 11.5, 12.125, 11.875], "texture": "#0"},
				"west": {"uv": [5.5, 9.25, 6.125, 9.625], "texture": "#0"},
				"up": {"uv": [7.125, 9.875, 6.75, 9.25], "texture": "#0"},
				"down": {"uv": [7.625, 9.25, 7.25, 9.875], "texture": "#0"}
			}
		},
		{
			"name": "hexadecagon",
			"from": [21.69248, -3.9749, 6.89809],
			"to": [23.2123, -2.46813, 9.45709],
			"rotation": {"angle": -22.5, "axis": "z", "origin": [22.86036, 0.01441, 7.617]},
			"faces": {
				"north": {"uv": [0, 12, 0.375, 12.375], "texture": "#0"},
				"east": {"uv": [9, 9.25, 9.625, 9.625], "texture": "#0"},
				"south": {"uv": [12, 0.5, 12.375, 0.875], "texture": "#0"},
				"west": {"uv": [0, 9.5, 0.625, 9.875], "texture": "#0"},
				"up": {"uv": [1.125, 10.125, 0.75, 9.5], "texture": "#0"},
				"down": {"uv": [2.125, 9.5, 1.75, 10.125], "texture": "#0"}
			}
		},
		{
			"name": "hexadecagon",
			"from": [21.65886, -3.80591, 6.89809],
			"to": [23.17868, -2.29914, 9.45709],
			"rotation": {"angle": 0, "axis": "y", "origin": [22.86036, 0.01441, 7.617]},
			"faces": {
				"north": {"uv": [1, 12, 1.375, 12.375], "texture": "#0"},
				"east": {"uv": [2.25, 9.5, 2.875, 9.875], "texture": "#0"},
				"south": {"uv": [12, 3.25, 12.375, 3.625], "texture": "#0"},
				"west": {"uv": [3, 9.5, 3.625, 9.875], "texture": "#0"},
				"up": {"uv": [8.125, 10.125, 7.75, 9.5], "texture": "#0"},
				"down": {"uv": [8.625, 9.5, 8.25, 10.125], "texture": "#0"}
			}
		},
		{
			"name": "hexadecagon",
			"from": [21.69248, -3.63692, 6.89809],
			"to": [23.2123, -2.13015, 9.45709],
			"rotation": {"angle": 22.5, "axis": "z", "origin": [22.86036, 0.01441, 7.617]},
			"faces": {
				"north": {"uv": [3.5, 12, 3.875, 12.375], "texture": "#0"},
				"east": {"uv": [9.5, 3.75, 10.125, 4.125], "texture": "#0"},
				"south": {"uv": [4, 12, 4.375, 12.375], "texture": "#0"},
				"west": {"uv": [4.25, 9.75, 4.875, 10.125], "texture": "#0"},
				"up": {"uv": [5.375, 10.375, 5, 9.75], "texture": "#0"},
				"down": {"uv": [5.875, 9.75, 5.5, 10.375], "texture": "#0"}
			}
		},
		{
			"name": "hexadecagon",
			"from": [21.7882, -3.49367, 6.89809],
			"to": [23.30802, -1.9869, 9.45709],
			"rotation": {"angle": 45, "axis": "z", "origin": [22.86036, 0.01441, 7.617]},
			"faces": {
				"north": {"uv": [12, 4.25, 12.375, 4.625], "texture": "#0"},
				"east": {"uv": [9.75, 5.75, 10.375, 6.125], "texture": "#0"},
				"south": {"uv": [4.5, 12, 4.875, 12.375], "texture": "#0"},
				"west": {"uv": [9.75, 7.75, 10.375, 8.125], "texture": "#0"},
				"up": {"uv": [9.125, 10.375, 8.75, 9.75], "texture": "#0"},
				"down": {"uv": [9.625, 9.75, 9.25, 10.375], "texture": "#0"}
			}
		},
		{
			"name": "hexadecagon",
			"from": [21.7882, 2.0157, 6.89809],
			"to": [23.30802, 3.52248, 9.45709],
			"rotation": {"angle": -45, "axis": "z", "origin": [22.86036, 0.01441, 7.617]},
			"faces": {
				"north": {"uv": [5, 12, 5.375, 12.375], "texture": "#0"},
				"east": {"uv": [9.75, 8.5, 10.375, 8.875], "texture": "#0"},
				"south": {"uv": [5.5, 12, 5.875, 12.375], "texture": "#0"},
				"west": {"uv": [9.75, 9.25, 10.375, 9.625], "texture": "#0"},
				"up": {"uv": [10.125, 10.375, 9.75, 9.75], "texture": "#0"},
				"down": {"uv": [0.375, 10, 0, 10.625], "texture": "#0"}
			}
		},
		{
			"name": "hexadecagon",
			"from": [21.69248, 2.15897, 6.89809],
			"to": [23.2123, 3.66574, 9.45709],
			"rotation": {"angle": -22.5, "axis": "z", "origin": [22.86036, 0.01441, 7.617]},
			"faces": {
				"north": {"uv": [12, 5.5, 12.375, 5.875], "texture": "#0"},
				"east": {"uv": [10, 0, 10.625, 0.375], "texture": "#0"},
				"south": {"uv": [12, 6.5, 12.375, 6.875], "texture": "#0"},
				"west": {"uv": [10, 0.5, 10.625, 0.875], "texture": "#0"},
				"up": {"uv": [10.375, 1.625, 10, 1], "texture": "#0"},
				"down": {"uv": [10.375, 1.75, 10, 2.375], "texture": "#0"}
			}
		},
		{
			"name": "hexadecagon",
			"from": [21.65886, 2.32795, 6.89809],
			"to": [23.17868, 3.83473, 9.45709],
			"rotation": {"angle": 0, "axis": "y", "origin": [22.86036, 0.01441, 7.617]},
			"faces": {
				"north": {"uv": [7, 12, 7.375, 12.375], "texture": "#0"},
				"east": {"uv": [2.25, 10, 2.875, 10.375], "texture": "#0"},
				"south": {"uv": [12, 7.5, 12.375, 7.875], "texture": "#0"},
				"west": {"uv": [10, 2.75, 10.625, 3.125], "texture": "#0"},
				"up": {"uv": [3.375, 10.625, 3, 10], "texture": "#0"},
				"down": {"uv": [10.375, 4.25, 10, 4.875], "texture": "#0"}
			}
		},
		{
			"name": "hexadecagon",
			"from": [21.69248, 2.49694, 6.89809],
			"to": [23.2123, 4.00371, 9.45709],
			"rotation": {"angle": 22.5, "axis": "z", "origin": [22.86036, 0.01441, 7.617]},
			"faces": {
				"north": {"uv": [8, 12, 8.375, 12.375], "texture": "#0"},
				"east": {"uv": [10, 5, 10.625, 5.375], "texture": "#0"},
				"south": {"uv": [12, 8, 12.375, 8.375], "texture": "#0"},
				"west": {"uv": [10, 6.25, 10.625, 6.625], "texture": "#0"},
				"up": {"uv": [7.125, 10.625, 6.75, 10], "texture": "#0"},
				"down": {"uv": [10.375, 6.75, 10, 7.375], "texture": "#0"}
			}
		},
		{
			"name": "hexadecagon",
			"from": [21.7882, 2.6402, 6.89809],
			"to": [23.30802, 4.14697, 9.45709],
			"rotation": {"angle": 45, "axis": "z", "origin": [22.86036, 0.01441, 7.617]},
			"faces": {
				"north": {"uv": [12, 9, 12.375, 9.375], "texture": "#0"},
				"east": {"uv": [0.5, 10.25, 1.125, 10.625], "texture": "#0"},
				"south": {"uv": [10, 12, 10.375, 12.375], "texture": "#0"},
				"west": {"uv": [3.5, 10.25, 4.125, 10.625], "texture": "#0"},
				"up": {"uv": [7.625, 10.625, 7.25, 10], "texture": "#0"},
				"down": {"uv": [2.125, 10.25, 1.75, 10.875], "texture": "#0"}
			}
		},
		{
			"name": "hexadecagon",
			"from": [18.63207, -0.91448, 6.89809],
			"to": [20.13884, 0.60533, 9.45709],
			"rotation": {"angle": -22.5, "axis": "z", "origin": [22.86036, 0.01441, 7.617]},
			"faces": {
				"north": {"uv": [12, 10.25, 12.375, 10.625], "texture": "#0"},
				"east": {"uv": [10.25, 3.75, 10.875, 4.125], "texture": "#0"},
				"south": {"uv": [10.5, 12, 10.875, 12.375], "texture": "#0"},
				"west": {"uv": [4.25, 10.25, 4.875, 10.625], "texture": "#0"},
				"up": {"uv": [6.375, 10.875, 6, 10.25], "texture": "#0"},
				"down": {"uv": [8.125, 10.25, 7.75, 10.875], "texture": "#0"}
			}
		},
		{
			"name": "hexadecagon",
			"from": [18.59846, -0.7455, 6.89809],
			"to": [20.10523, 0.77431, 9.45709],
			"rotation": {"angle": 0, "axis": "y", "origin": [22.86036, 0.01441, 7.617]},
			"faces": {
				"north": {"uv": [11.75, 12, 12.125, 12.375], "texture": "#0"},
				"east": {"uv": [10.25, 9.75, 10.875, 10.125], "texture": "#0"},
				"south": {"uv": [12.25, 0, 12.625, 0.375], "texture": "#0"},
				"west": {"uv": [10.25, 10.25, 10.875, 10.625], "texture": "#0"},
				"up": {"uv": [8.625, 10.875, 8.25, 10.25], "texture": "#0"},
				"down": {"uv": [10.875, 1, 10.5, 1.625], "texture": "#0"}
			}
		},
		{
			"name": "hexadecagon",
			"from": [18.63207, -0.57652, 6.89809],
			"to": [20.13884, 0.9433, 9.45709],
			"rotation": {"angle": 22.5, "axis": "z", "origin": [22.86036, 0.01441, 7.617]},
			"faces": {
				"north": {"uv": [0.5, 12.25, 0.875, 12.625], "texture": "#0"},
				"east": {"uv": [10.5, 1.75, 11.125, 2.125], "texture": "#0"},
				"south": {"uv": [12.25, 1, 12.625, 1.375], "texture": "#0"},
				"west": {"uv": [2.25, 10.5, 2.875, 10.875], "texture": "#0"},
				"up": {"uv": [1.625, 11.125, 1.25, 10.5], "texture": "#0"},
				"down": {"uv": [10.875, 4.25, 10.5, 4.875], "texture": "#0"}
			}
		},
		{
			"name": "hexadecagon",
			"from": [24.76593, -0.91448, 6.89809],
			"to": [26.2727, 0.60533, 9.45709],
			"rotation": {"angle": -22.5, "axis": "z", "origin": [22.86036, 0.01441, 7.617]},
			"faces": {
				"north": {"uv": [1.5, 12.25, 1.875, 12.625], "texture": "#0"},
				"east": {"uv": [10.5, 2.25, 11.125, 2.625], "texture": "#0"},
				"south": {"uv": [2, 12.25, 2.375, 12.625], "texture": "#0"},
				"west": {"uv": [10.5, 3.25, 11.125, 3.625], "texture": "#0"},
				"up": {"uv": [5.375, 11.125, 5, 10.5], "texture": "#0"},
				"down": {"uv": [5.875, 10.5, 5.5, 11.125], "texture": "#0"}
			}
		},
		{
			"name": "hexadecagon",
			"from": [24.73232, -0.7455, 6.89809],
			"to": [26.23909, 0.77431, 9.45709],
			"rotation": {"angle": 0, "axis": "y", "origin": [22.86036, 0.01441, 7.617]},
			"faces": {
				"north": {"uv": [12.25, 2.25, 12.625, 2.625], "texture": "#0"},
				"east": {"uv": [10.5, 5.5, 11.125, 5.875], "texture": "#0"},
				"south": {"uv": [12.25, 2.75, 12.625, 3.125], "texture": "#0"},
				"west": {"uv": [10.5, 6.75, 11.125, 7.125], "texture": "#0"},
				"up": {"uv": [10.875, 7.875, 10.5, 7.25], "texture": "#0"},
				"down": {"uv": [10.875, 8, 10.5, 8.625], "texture": "#0"}
			}
		},
		{
			"name": "hexadecagon",
			"from": [24.76593, -0.57652, 6.89809],
			"to": [26.2727, 0.9433, 9.45709],
			"rotation": {"angle": 22.5, "axis": "z", "origin": [22.86036, 0.01441, 7.617]},
			"faces": {
				"north": {"uv": [3, 12.25, 3.375, 12.625], "texture": "#0"},
				"east": {"uv": [8.75, 10.5, 9.375, 10.875], "texture": "#0"},
				"south": {"uv": [12.25, 4.75, 12.625, 5.125], "texture": "#0"},
				"west": {"uv": [10.5, 8.75, 11.125, 9.125], "texture": "#0"},
				"up": {"uv": [9.875, 11.125, 9.5, 10.5], "texture": "#0"},
				"down": {"uv": [0.375, 10.75, 0, 11.375], "texture": "#0"}
			}
		},
		{
			"name": "hexadecagon",
			"from": [19.89019, -2.48867, 7.85972],
			"to": [24.8833, 2.51748, 8.48867],
			"rotation": {"angle": 0, "axis": "y", "origin": [22.86036, 0.01441, -7.87783]},
			"faces": {
				"north": {"uv": [5.75, 6.25, 6.875, 7.375], "texture": "#0"},
				"east": {"uv": [8.5, 12, 8.625, 13.125], "texture": "#0"},
				"south": {"uv": [6.5, 0, 7.625, 1.125], "texture": "#0"},
				"west": {"uv": [11, 12, 11.125, 13.125], "texture": "#0"},
				"up": {"uv": [13.125, 9.625, 12, 9.5], "texture": "#0"},
				"down": {"uv": [13.125, 10.75, 12, 10.875], "texture": "#0"}
			}
		},
		{
			"name": "hexadecagon",
			"from": [1.5307, -4.11816, 6.89809],
			"to": [3.05052, -2.61138, 9.45709],
			"rotation": {"angle": -45, "axis": "z", "origin": [2.60286, 0.01441, 7.617]},
			"faces": {
				"north": {"uv": [12.25, 6, 12.625, 6.375], "texture": "#0"},
				"east": {"uv": [10.5, 9.25, 11.125, 9.625], "texture": "#0"},
				"south": {"uv": [6.5, 12.25, 6.875, 12.625], "texture": "#0"},
				"west": {"uv": [10.75, 0, 11.375, 0.375], "texture": "#0"},
				"up": {"uv": [0.875, 11.375, 0.5, 10.75], "texture": "#0"},
				"down": {"uv": [3.375, 10.75, 3, 11.375], "texture": "#0"}
			}
		},
		{
			"name": "hexadecagon",
			"from": [1.43498, -3.9749, 6.89809],
			"to": [2.9548, -2.46813, 9.45709],
			"rotation": {"angle": -22.5, "axis": "z", "origin": [2.60286, 0.01441, 7.617]},
			"faces": {
				"north": {"uv": [12.25, 7, 12.625, 7.375], "texture": "#0"},
				"east": {"uv": [10.75, 0.5, 11.375, 0.875], "texture": "#0"},
				"south": {"uv": [7.5, 12.25, 7.875, 12.625], "texture": "#0"},
				"west": {"uv": [10.75, 2.75, 11.375, 3.125], "texture": "#0"},
				"up": {"uv": [3.875, 11.375, 3.5, 10.75], "texture": "#0"},
				"down": {"uv": [4.375, 10.75, 4, 11.375], "texture": "#0"}
			}
		},
		{
			"name": "hexadecagon",
			"from": [1.40136, -3.80591, 6.89809],
			"to": [2.92118, -2.29914, 9.45709],
			"rotation": {"angle": 0, "axis": "y", "origin": [2.60286, 0.01441, 7.617]},
			"faces": {
				"north": {"uv": [12.25, 8.5, 12.625, 8.875], "texture": "#0"},
				"east": {"uv": [10.75, 5, 11.375, 5.375], "texture": "#0"},
				"south": {"uv": [8.75, 12.25, 9.125, 12.625], "texture": "#0"},
				"west": {"uv": [10.75, 6, 11.375, 6.375], "texture": "#0"},
				"up": {"uv": [4.875, 11.375, 4.5, 10.75], "texture": "#0"},
				"down": {"uv": [6.875, 10.75, 6.5, 11.375], "texture": "#0"}
			}
		},
		{
			"name": "hexadecagon",
			"from": [1.43498, -3.63692, 6.89809],
			"to": [2.9548, -2.13015, 9.45709],
			"rotation": {"angle": 22.5, "axis": "z", "origin": [2.60286, 0.01441, 7.617]},
			"faces": {
				"north": {"uv": [9.25, 12.25, 9.625, 12.625], "texture": "#0"},
				"east": {"uv": [7, 10.75, 7.625, 11.125], "texture": "#0"},
				"south": {"uv": [12.25, 9.75, 12.625, 10.125], "texture": "#0"},
				"west": {"uv": [10, 10.75, 10.625, 11.125], "texture": "#0"},
				"up": {"uv": [11.125, 11.375, 10.75, 10.75], "texture": "#0"},
				"down": {"uv": [11.375, 1, 11, 1.625], "texture": "#0"}
			}
		},
		{
			"name": "hexadecagon",
			"from": [1.5307, -3.49367, 6.89809],
			"to": [3.05052, -1.9869, 9.45709],
			"rotation": {"angle": 45, "axis": "z", "origin": [2.60286, 0.01441, 7.617]},
			"faces": {
				"north": {"uv": [12.25, 11, 12.625, 11.375], "texture": "#0"},
				"east": {"uv": [1.75, 11, 2.375, 11.375], "texture": "#0"},
				"south": {"uv": [11.25, 12.25, 11.625, 12.625], "texture": "#0"},
				"west": {"uv": [11, 3.75, 11.625, 4.125], "texture": "#0"},
				"up": {"uv": [2.875, 11.625, 2.5, 11], "texture": "#0"},
				"down": {"uv": [11.375, 4.25, 11, 4.875], "texture": "#0"}
			}
		},
		{
			"name": "hexadecagon",
			"from": [1.5307, 2.0157, 6.89809],
			"to": [3.05052, 3.52248, 9.45709],
			"rotation": {"angle": -45, "axis": "z", "origin": [2.60286, 0.01441, 7.617]},
			"faces": {
				"north": {"uv": [12.25, 11.5, 12.625, 11.875], "texture": "#0"},
				"east": {"uv": [11, 7.25, 11.625, 7.625], "texture": "#0"},
				"south": {"uv": [12.25, 12, 12.625, 12.375], "texture": "#0"},
				"west": {"uv": [7.75, 11, 8.375, 11.375], "texture": "#0"},
				"up": {"uv": [6.375, 11.625, 6, 11], "texture": "#0"},
				"down": {"uv": [11.375, 7.75, 11, 8.375], "texture": "#0"}
			}
		},
		{
			"name": "hexadecagon",
			"from": [1.43498, 2.15897, 6.89809],
			"to": [2.9548, 3.66574, 9.45709],
			"rotation": {"angle": -22.5, "axis": "z", "origin": [2.60286, 0.01441, 7.617]},
			"faces": {
				"north": {"uv": [0, 12.5, 0.375, 12.875], "texture": "#0"},
				"east": {"uv": [8.5, 11, 9.125, 11.375], "texture": "#0"},
				"south": {"uv": [12.5, 0.5, 12.875, 0.875], "texture": "#0"},
				"west": {"uv": [11, 9.75, 11.625, 10.125], "texture": "#0"},
				"up": {"uv": [1.375, 11.875, 1, 11.25], "texture": "#0"},
				"down": {"uv": [11.625, 1.75, 11.25, 2.375], "texture": "#0"}
			}
		},
		{
			"name": "hexadecagon",
			"from": [1.40136, 2.32795, 6.89809],
			"to": [2.92118, 3.83473, 9.45709],
			"rotation": {"angle": 0, "axis": "y", "origin": [2.60286, 0.01441, 7.617]},
			"faces": {
				"north": {"uv": [1, 12.5, 1.375, 12.875], "texture": "#0"},
				"east": {"uv": [11, 10.25, 11.625, 10.625], "texture": "#0"},
				"south": {"uv": [12.5, 1.5, 12.875, 1.875], "texture": "#0"},
				"west": {"uv": [11.25, 3.25, 11.875, 3.625], "texture": "#0"},
				"up": {"uv": [5.375, 11.875, 5, 11.25], "texture": "#0"},
				"down": {"uv": [5.875, 11.25, 5.5, 11.875], "texture": "#0"}
			}
		},
		{
			"name": "hexadecagon",
			"from": [1.43498, 2.49694, 6.89809],
			"to": [2.9548, 4.00371, 9.45709],
			"rotation": {"angle": 22.5, "axis": "z", "origin": [2.60286, 0.01441, 7.617]},
			"faces": {
				"north": {"uv": [2.5, 12.5, 2.875, 12.875], "texture": "#0"},
				"east": {"uv": [11.25, 5.5, 11.875, 5.875], "texture": "#0"},
				"south": {"uv": [12.5, 3.25, 12.875, 3.625], "texture": "#0"},
				"west": {"uv": [11.25, 6.5, 11.875, 6.875], "texture": "#0"},
				"up": {"uv": [7.375, 11.875, 7, 11.25], "texture": "#0"},
				"down": {"uv": [11.625, 8.5, 11.25, 9.125], "texture": "#0"}
			}
		},
		{
			"name": "hexadecagon",
			"from": [1.5307, 2.6402, 6.89809],
			"to": [3.05052, 4.14697, 9.45709],
			"rotation": {"angle": 45, "axis": "z", "origin": [2.60286, 0.01441, 7.617]},
			"faces": {
				"north": {"uv": [3.5, 12.5, 3.875, 12.875], "texture": "#0"},
				"east": {"uv": [9.25, 11.25, 9.875, 11.625], "texture": "#0"},
				"south": {"uv": [12.5, 3.75, 12.875, 4.125], "texture": "#0"},
				"west": {"uv": [11.25, 9.25, 11.875, 9.625], "texture": "#0"},
				"up": {"uv": [10.375, 11.875, 10, 11.25], "texture": "#0"},
				"down": {"uv": [11.625, 10.75, 11.25, 11.375], "texture": "#0"}
			}
		},
		{
			"name": "hexadecagon",
			"from": [-1.62543, -0.91448, 6.89809],
			"to": [-0.11866, 0.60533, 9.45709],
			"rotation": {"angle": -22.5, "axis": "z", "origin": [2.60286, 0.01441, 7.617]},
			"faces": {
				"north": {"uv": [4, 12.5, 4.375, 12.875], "texture": "#0"},
				"east": {"uv": [0, 11.5, 0.625, 11.875], "texture": "#0"},
				"south": {"uv": [12.5, 4.25, 12.875, 4.625], "texture": "#0"},
				"west": {"uv": [11.5, 0, 12.125, 0.375], "texture": "#0"},
				"up": {"uv": [11.875, 1.125, 11.5, 0.5], "texture": "#0"},
				"down": {"uv": [1.875, 11.5, 1.5, 12.125], "texture": "#0"}
			}
		},
		{
			"name": "hexadecagon",
			"from": [-1.65904, -0.7455, 6.89809],
			"to": [-0.15227, 0.77431, 9.45709],
			"rotation": {"angle": 0, "axis": "y", "origin": [2.60286, 0.01441, 7.617]},
			"faces": {
				"north": {"uv": [4.5, 12.5, 4.875, 12.875], "texture": "#0"},
				"east": {"uv": [11.5, 1.25, 12.125, 1.625], "texture": "#0"},
				"south": {"uv": [5, 12.5, 5.375, 12.875], "texture": "#0"},
				"west": {"uv": [11.5, 2.5, 12.125, 2.875], "texture": "#0"},
				"up": {"uv": [2.375, 12.125, 2, 11.5], "texture": "#0"},
				"down": {"uv": [3.375, 11.5, 3, 12.125], "texture": "#0"}
			}
		},
		{
			"name": "hexadecagon",
			"from": [-1.62543, -0.57652, 6.89809],
			"to": [-0.11866, 0.9433, 9.45709],
			"rotation": {"angle": 22.5, "axis": "z", "origin": [2.60286, 0.01441, 7.617]},
			"faces": {
				"north": {"uv": [12.5, 5.25, 12.875, 5.625], "texture": "#0"},
				"east": {"uv": [3.5, 11.5, 4.125, 11.875], "texture": "#0"},
				"south": {"uv": [5.5, 12.5, 5.875, 12.875], "texture": "#0"},
				"west": {"uv": [4.25, 11.5, 4.875, 11.875], "texture": "#0"},
				"up": {"uv": [11.875, 4.875, 11.5, 4.25], "texture": "#0"},
				"down": {"uv": [6.875, 11.5, 6.5, 12.125], "texture": "#0"}
			}
		},
		{
			"name": "hexadecagon",
			"from": [4.50843, -0.91448, 6.89809],
			"to": [6.0152, 0.60533, 9.45709],
			"rotation": {"angle": -22.5, "axis": "z", "origin": [2.60286, 0.01441, 7.617]},
			"faces": {
				"north": {"uv": [6, 12.5, 6.375, 12.875], "texture": "#0"},
				"east": {"uv": [11.5, 5, 12.125, 5.375], "texture": "#0"},
				"south": {"uv": [12.5, 6.5, 12.875, 6.875], "texture": "#0"},
				"west": {"uv": [11.5, 6, 12.125, 6.375], "texture": "#0"},
				"up": {"uv": [7.875, 12.125, 7.5, 11.5], "texture": "#0"},
				"down": {"uv": [11.875, 7.75, 11.5, 8.375], "texture": "#0"}
			}
		},
		{
			"name": "hexadecagon",
			"from": [4.47482, -0.7455, 6.89809],
			"to": [5.98159, 0.77431, 9.45709],
			"rotation": {"angle": 0, "axis": "y", "origin": [2.60286, 0.01441, 7.617]},
			"faces": {
				"north": {"uv": [7, 12.5, 7.375, 12.875], "texture": "#0"},
				"east": {"uv": [8, 11.5, 8.625, 11.875], "texture": "#0"},
				"south": {"uv": [12.5, 7.5, 12.875, 7.875], "texture": "#0"},
				"west": {"uv": [10.5, 11.5, 11.125, 11.875], "texture": "#0"},
				"up": {"uv": [9.125, 12.125, 8.75, 11.5], "texture": "#0"},
				"down": {"uv": [11.625, 11.5, 11.25, 12.125], "texture": "#0"}
			}
		},
		{
			"name": "hexadecagon",
			"from": [4.50843, -0.57652, 6.89809],
			"to": [6.0152, 0.9433, 9.45709],
			"rotation": {"angle": 22.5, "axis": "z", "origin": [2.60286, 0.01441, 7.617]},
			"faces": {
				"north": {"uv": [8, 12.5, 8.375, 12.875], "texture": "#0"},
				"east": {"uv": [11.75, 1.75, 12.375, 2.125], "texture": "#0"},
				"south": {"uv": [12.5, 8, 12.875, 8.375], "texture": "#0"},
				"west": {"uv": [11.75, 3.75, 12.375, 4.125], "texture": "#0"},
				"up": {"uv": [2.875, 12.375, 2.5, 11.75], "texture": "#0"},
				"down": {"uv": [6.375, 11.75, 6, 12.375], "texture": "#0"}
			}
		},
		{
			"name": "hexadecagon",
			"from": [-0.36731, -2.48867, 7.85972],
			"to": [4.6258, 2.51748, 8.48867],
			"rotation": {"angle": 0, "axis": "y", "origin": [2.60286, 0.01441, -7.87783]},
			"faces": {
				"north": {"uv": [6.5, 1.25, 7.625, 2.375], "texture": "#0"},
				"east": {"uv": [9.75, 12.5, 9.875, 13.625], "texture": "#0"},
				"south": {"uv": [6.5, 2.5, 7.625, 3.625], "texture": "#0"},
				"west": {"uv": [10, 12.5, 10.125, 13.625], "texture": "#0"},
				"up": {"uv": [13.625, 2.125, 12.5, 2], "texture": "#0"},
				"down": {"uv": [13.625, 5.75, 12.5, 5.875], "texture": "#0"}
			}
		},
		{
			"from": [-0.6025, 5.73038, 5.7245],
			"to": [11.441, 7.881, 10.886],
			"rotation": {"angle": 0, "axis": "y", "origin": [-4.0435, -4.1625, 7.445]},
			"faces": {
				"north": {"uv": [5.75, 5.75, 8.5, 6.25], "texture": "#0"},
				"east": {"uv": [8.75, 4.75, 9.875, 5.25], "texture": "#0"},
				"south": {"uv": [6.25, 4.25, 9, 4.75], "texture": "#0"},
				"west": {"uv": [8.75, 5.25, 9.875, 5.75], "texture": "#0"},
				"up": {"uv": [5.25, 4.125, 2.5, 3], "texture": "#0"},
				"down": {"uv": [2.75, 4.25, 0, 5.375], "texture": "#0"}
			}
		},
		{
			"from": [21.45875, 3.78788, 6.41825],
			"to": [25.205, 5.661, 10.24775],
			"rotation": {"angle": 0, "axis": "y", "origin": [-4.0435, -4.1625, 7.445]},
			"faces": {
				"north": {"uv": [8.75, 8.5, 9.625, 8.875], "texture": "#0"},
				"east": {"uv": [1.75, 9, 2.625, 9.375], "texture": "#0"},
				"south": {"uv": [9, 4.25, 9.875, 4.625], "texture": "#0"},
				"west": {"uv": [8, 9, 8.875, 9.375], "texture": "#0"},
				"up": {"uv": [0.875, 8.625, 0, 7.75], "texture": "#0"},
				"down": {"uv": [8.625, 0, 7.75, 0.875], "texture": "#0"}
			}
		},
		{
			"from": [9.52625, 21.96413, 6.557],
			"to": [14.07725, 23.28225, 10.0535],
			"rotation": {"angle": -45, "axis": "z", "origin": [-4.0435, -4.1625, 7.445]},
			"faces": {
				"north": {"uv": [9.25, 2.5, 10.25, 2.75], "texture": "#0"},
				"east": {"uv": [9.25, 2.75, 10, 3], "texture": "#0"},
				"south": {"uv": [2.75, 9.25, 3.75, 9.5], "texture": "#0"},
				"west": {"uv": [11.5, 3, 12.25, 3.25], "texture": "#0"},
				"up": {"uv": [8.75, 3.75, 7.75, 3], "texture": "#0"},
				"down": {"uv": [7.25, 7.75, 6.25, 8.5], "texture": "#0"}
			}
		},
		{
			"from": [22.2668, 5.11713, 6.557],
			"to": [23.58493, 9.66813, 10.0535],
			"rotation": {"angle": 22.5, "axis": "z", "origin": [24.8165, 3.6075, 7.445]},
			"faces": {
				"north": {"uv": [3.75, 9.25, 4, 10.25], "texture": "#0"},
				"east": {"uv": [1.75, 8, 2.5, 9], "texture": "#0"},
				"south": {"uv": [4, 9.25, 4.25, 10.25], "texture": "#0"},
				"west": {"uv": [2.5, 8, 3.25, 9], "texture": "#0"},
				"up": {"uv": [10, 12.5, 9.75, 11.75], "texture": "#0"},
				"down": {"uv": [12, 10.25, 11.75, 11], "texture": "#0"}
			}
		},
		{
			"from": [10.58075, -0.29137, 6.58475],
			"to": [16.17238, 1.554, 10.02575],
			"rotation": {"angle": 0, "axis": "y", "origin": [-4.0435, -4.1625, 7.445]},
			"faces": {
				"north": {"uv": [8.75, 6.25, 10, 6.625], "texture": "#0"},
				"east": {"uv": [9.25, 1.5, 10, 1.875], "texture": "#0"},
				"south": {"uv": [6.75, 8.75, 8, 9.125], "texture": "#0"},
				"west": {"uv": [9.25, 2, 10, 2.375], "texture": "#0"},
				"up": {"uv": [1.25, 4.25, 0, 3.5], "texture": "#0"},
				"down": {"uv": [2.5, 3.5, 1.25, 4.25], "texture": "#0"}
			}
		},
		{
			"from": [10.58075, -0.29137, 4.43413],
			"to": [16.17238, 1.31813, 12.08475],
			"rotation": {"angle": 0, "axis": "y", "origin": [-4.0435, -4.1625, 7.445]},
			"faces": {
				"north": {"uv": [10, 7.25, 8.75, 7.625], "texture": "#0"},
				"east": {"uv": [11.75, 7, 12.25, 7.375], "texture": "#0"},
				"south": {"uv": [8.75, 7.25, 10, 7.625], "texture": "#0"},
				"west": {"uv": [11.75, 8.5, 12.25, 8.875], "texture": "#0"},
				"up": {"uv": [1.25, 9.25, 0, 8.75], "texture": "#0"},
				"down": {"uv": [10, 0, 8.75, 0.5], "texture": "#0"}
			}
		},
		{
			"from": [18.94737, 3.69075, 5.82162],
			"to": [21.47262, 9.28238, 10.80275],
			"rotation": {"angle": 0, "axis": "z", "origin": [-4.0435, -4.1625, 7.445]},
			"faces": {
				"north": {"uv": [6.125, 7.5, 5.5, 8.75], "texture": "#0"},
				"east": {"uv": [5.25, 3, 6.375, 4.25], "texture": "#0"},
				"south": {"uv": [5.5, 7.5, 6.125, 8.75], "texture": "#0"},
				"west": {"uv": [4.5, 5.75, 5.625, 7], "texture": "#0"},
				"up": {"uv": [4.875, 9.125, 4.25, 8], "texture": "#0"},
				"down": {"uv": [8.625, 6.75, 8, 7.875], "texture": "#0"}
			}
		},
		{
			"from": [19.24985, 9.1464, 6.65395],
			"to": [20.28215, 10.19535, 9.9673],
			"rotation": {"angle": 0, "axis": "z", "origin": [-6.4522, -4.995, 7.445]},
			"faces": {
				"north": {"uv": [5.5, 7.25, 5.75, 7.5], "texture": "#0"},
				"east": {"uv": [1.75, 7.25, 2.5, 7.5], "texture": "#0"},
				"south": {"uv": [4.25, 7.5, 4.5, 7.75], "texture": "#0"},
				"west": {"uv": [6.25, 7.5, 7, 7.75], "texture": "#0"},
				"up": {"uv": [3.5, 8.75, 3.25, 8], "texture": "#0"},
				"down": {"uv": [1, 11.5, 0.75, 12.25], "texture": "#0"}
			}
		},
		{
			"from": [18.05199, 10.15139, 6.21655],
			"to": [21.41563, 13.90314, 10.63363],
			"rotation": {"angle": 0, "axis": "z", "origin": [-8.04194, -5.54445, 7.445]},
			"faces": {
				"north": {"uv": [8, 4.75, 8.75, 5.625], "texture": "#0"},
				"east": {"uv": [4.5, 7, 5.5, 7.875], "texture": "#0"},
				"south": {"uv": [8, 8, 8.75, 8.875], "texture": "#0"},
				"west": {"uv": [7, 6.75, 8, 7.625], "texture": "#0"},
				"up": {"uv": [1.75, 8.75, 1, 7.75], "texture": "#0"},
				"down": {"uv": [8, 7.75, 7.25, 8.75], "texture": "#0"}
			}
		},
		{
			"from": [21.37866, 10.89065, 6.95581],
			"to": [21.78526, 13.16388, 9.89437],
			"rotation": {"angle": 0, "axis": "z", "origin": [-8.04194, -5.54445, 7.445]},
			"faces": {
				"north": {"uv": [6, 9.75, 6.125, 10.25], "texture": "#0"},
				"east": {"uv": [5.5, 8.75, 6.125, 9.25], "texture": "#0"},
				"south": {"uv": [6.5, 10.25, 6.625, 10.75], "texture": "#0"},
				"west": {"uv": [9.25, 1, 9.875, 1.5], "texture": "#0"},
				"up": {"uv": [12.125, 13.125, 12, 12.5], "texture": "#0"},
				"down": {"uv": [12.375, 12.5, 12.25, 13.125], "texture": "#0"}
			}
		},
		{
			"from": [18.79125, 10.89065, 4.73803],
			"to": [20.67637, 13.16388, 12.11215],
			"rotation": {"angle": 0, "axis": "z", "origin": [-8.04194, -5.54445, 7.445]},
			"faces": {
				"north": {"uv": [9.25, 11.75, 9.625, 12.25], "texture": "#0"},
				"east": {"uv": [0, 7.25, 1.625, 7.75], "texture": "#0"},
				"south": {"uv": [11.75, 9.75, 12.125, 10.25], "texture": "#0"},
				"west": {"uv": [1.75, 7.5, 3.375, 8], "texture": "#0"},
				"up": {"uv": [5.375, 9.625, 5, 8], "texture": "#0"},
				"down": {"uv": [6.625, 8.5, 6.25, 10.125], "texture": "#0"}
			}
		},
		{
			"from": [19.16088, 11.62991, 12.13063],
			"to": [19.93711, 12.42462, 15.06919],
			"rotation": {"angle": 0, "axis": "z", "origin": [-8.04194, -5.54445, 7.445]},
			"faces": {
				"north": {"uv": [4.25, 7.75, 4.375, 7.875], "texture": "#0"},
				"east": {"uv": [12.5, 9, 13.125, 9.125], "texture": "#0"},
				"south": {"uv": [7.75, 9.25, 7.875, 9.375], "texture": "#0"},
				"west": {"uv": [12.5, 9.25, 13.125, 9.375], "texture": "#0"},
				"up": {"uv": [10.375, 13.125, 10.25, 12.5], "texture": "#0"},
				"down": {"uv": [10.625, 12.5, 10.5, 13.125], "texture": "#0"}
			}
		},
		{
			"from": [19.16088, 11.62991, 1.78099],
			"to": [19.93711, 12.42462, 4.71955],
			"rotation": {"angle": 0, "axis": "z", "origin": [-8.04194, -5.54445, 7.445]},
			"faces": {
				"north": {"uv": [8.75, 9.5, 8.875, 9.625], "texture": "#0"},
				"east": {"uv": [12.5, 10.25, 13.125, 10.375], "texture": "#0"},
				"south": {"uv": [0.5, 10, 0.625, 10.125], "texture": "#0"},
				"west": {"uv": [12.5, 10.5, 13.125, 10.625], "texture": "#0"},
				"up": {"uv": [10.875, 13.125, 10.75, 12.5], "texture": "#0"},
				"down": {"uv": [11.875, 12.5, 11.75, 13.125], "texture": "#0"}
			}
		},
		{
			"from": [11.76725, -14.44262, 4.98912],
			"to": [12.96888, -13.44487, 11.63525],
			"rotation": {"angle": 45, "axis": "z", "origin": [-4.0435, -4.1625, 7.445]},
			"faces": {
				"north": {"uv": [2.5, 2, 2.75, 2.25], "texture": "#0"},
				"east": {"uv": [2.5, 1.5, 4.125, 1.75], "texture": "#0"},
				"south": {"uv": [2.5, 2.25, 2.75, 2.5], "texture": "#0"},
				"west": {"uv": [2.5, 1.75, 4.125, 2], "texture": "#0"},
				"up": {"uv": [12.75, 14.125, 12.5, 12.5], "texture": "#0"},
				"down": {"uv": [0.75, 12.75, 0.5, 14.375], "texture": "#0"}
			}
		},
		{
			"from": [12.96725, -15.69262, 4.98913],
			"to": [19.66888, -13.44487, 11.63525],
			"rotation": {"angle": 45, "axis": "z", "origin": [-4.0435, -4.1625, 7.445]},
			"faces": {
				"north": {"uv": [9.25, 2, 7.75, 2.5], "texture": "#0"},
				"east": {"uv": [7.75, 1.5, 9.25, 2], "texture": "#0"},
				"south": {"uv": [7.75, 2, 9.25, 2.5], "texture": "#0"},
				"west": {"uv": [7.75, 2.5, 9.25, 3], "texture": "#0"},
				"up": {"uv": [6.5, 1.5, 5, 0], "texture": "#0"},
				"down": {"uv": [6.5, 1.5, 5, 3], "texture": "#0"}
			}
		},
		{
			"from": [-0.6025, -0.29137, 4.43413],
			"to": [10.58075, 5.73038, 12.17638],
			"rotation": {"angle": 0, "axis": "y", "origin": [-4.0435, -4.1625, 7.445]},
			"faces": {
				"north": {"uv": [2.5, 0, 5, 1.375], "texture": "#0"},
				"east": {"uv": [2.75, 4.25, 4.5, 5.625], "texture": "#0"},
				"south": {"uv": [5, 0, 2.5, 1.375], "texture": "#0"},
				"west": {"uv": [4.5, 4.25, 6.25, 5.625], "texture": "#0"},
				"up": {"uv": [2.5, 1.75, 0, 0], "texture": "#0"},
				"down": {"uv": [2.5, 1.75, 0, 3.5], "texture": "#0"}
			}
		},
		{
			"from": [-4.51664, -0.29137, 4.43413],
			"to": [-0.64551, 1.85925, 12.17638],
			"rotation": {"angle": 0, "axis": "y", "origin": [-4.0435, -4.1625, 7.445]},
			"faces": {
				"north": {"uv": [3.25, 8.75, 4.125, 9.25], "texture": "#0"},
				"east": {"uv": [6.5, 3.75, 8.25, 4.25], "texture": "#0"},
				"south": {"uv": [8.75, 7.75, 9.625, 8.25], "texture": "#0"},
				"west": {"uv": [7, 6.25, 8.75, 6.75], "texture": "#0"},
				"up": {"uv": [3.375, 7.5, 2.5, 5.75], "texture": "#0"},
				"down": {"uv": [4.375, 5.75, 3.5, 7.5], "texture": "#0"}
			}
		},
		{
			"from": [-1.50576, 1.85925, 4.43413],
			"to": [-0.64551, 2.7195, 12.17638],
			"rotation": {"angle": 0, "axis": "y", "origin": [-4.0435, -4.1625, 7.445]},
			"faces": {
				"north": {"uv": [2.5, 5.5, 2.75, 5.75], "texture": "#0"},
				"east": {"uv": [8.75, 3.5, 10.5, 3.75], "texture": "#0"},
				"south": {"uv": [5.5, 7, 5.75, 7.25], "texture": "#0"},
				"west": {"uv": [8.75, 8.25, 10.5, 8.5], "texture": "#0"},
				"up": {"uv": [1.5, 10.5, 1.25, 8.75], "texture": "#0"},
				"down": {"uv": [1.75, 8.75, 1.5, 10.5], "texture": "#0"}
			}
		},
		{
			"from": [-0.17238, -1.7538, 4.43413],
			"to": [5.41925, 0.39683, 12.17638],
			"rotation": {"angle": 45, "axis": "z", "origin": [-4.0435, -4.1625, 7.445]},
			"faces": {
				"north": {"uv": [8.25, 3.75, 9.5, 4.25], "texture": "#0"},
				"east": {"uv": [6.25, 4.75, 8, 5.25], "texture": "#0"},
				"south": {"uv": [8.5, 5.75, 9.75, 6.25], "texture": "#0"},
				"west": {"uv": [6.25, 5.25, 8, 5.75], "texture": "#0"},
				"up": {"uv": [1.25, 7.25, 0, 5.5], "texture": "#0"},
				"down": {"uv": [2.5, 5.5, 1.25, 7.25], "texture": "#0"}
			}
		},
		{
			"from": [0.57762, 0.2462, 7.43413],
			"to": [3.16925, 1.14683, 9.17638],
			"rotation": {"angle": 45, "axis": "z", "origin": [-4.0435, -4.1625, 7.445]},
			"faces": {
				"north": {"uv": [3.25, 2.5, 3.875, 2.75], "texture": "#0"},
				"east": {"uv": [3.5, 2, 3.875, 2.25], "texture": "#0"},
				"south": {"uv": [3.25, 2.75, 3.875, 3], "texture": "#0"},
				"west": {"uv": [3.5, 2.25, 3.875, 2.5], "texture": "#0"},
				"up": {"uv": [3.125, 2.875, 2.5, 2.5], "texture": "#0"},
				"down": {"uv": [3.375, 2, 2.75, 2.375], "texture": "#0"}
			}
		}
	],
	"display": {
		"thirdperson_righthand": {
			"rotation": [0, 114, 0],
			"translation": [0.75, 1.5, 0],
			"scale": [0.16, 0.16, 0.16]
		},
		"thirdperson_lefthand": {
			"rotation": [0, 114, 0],
			"translation": [0.75, 1.5, 0],
			"scale": [0.16, 0.16, 0.16]
		},
		"firstperson_righthand": {
			"scale": [0.2, 0.2, 0.2]
		},
		"firstperson_lefthand": {
			"scale": [0.2, 0.2, 0.2]
		},
		"ground": {
			"rotation": [91, -90, 0],
			"translation": [0.25, 13, 9.5],
			"scale": [1.04, 1.04, 1.04]
		},
		"gui": {
			"rotation": [18, -65, 3],
			"translation": [-0.4, 2.75, 0],
			"scale": [0.64, 0.64, 0.64]
		},
		"head": {
			"translation": [-2.75, 0.75, 0],
			"scale": [1.15, 1.15, 1.15]
		},
		"fixed": {
			"rotation": [-90, 0, 0],
			"translation": [0, 0, -23.25],
			"scale": [2.05, 2.05, 2.05]
		}
	},
	"groups": [
		{
			"name": "WHEELBACK2",
			"origin": [8, 8, 8],
			"color": 0,
			"nbt": "{}",
			"children": [0, 1, 2, 3, 4, 5, 6, 7, 8, 9, 10, 11, 12, 13, 14, 15, 16]
		},
		{
			"name": "WHEELBACK2",
			"origin": [8, 8, 8],
			"color": 0,
			"nbt": "{}",
			"children": [17, 18, 19, 20, 21, 22, 23, 24, 25, 26, 27, 28, 29, 30, 31, 32, 33]
		},
		{
			"name": "SEAT + PEDAL",
			"origin": [3, 3, 8],
			"color": 0,
			"nbt": "{}",
			"children": [34, 35, 36, 37, 38, 39, 40, 41, 42, 43, 44, 45, 46, 47, 48, 49, 50, 51, 52, 53]
		}
	]
}