{
	"credit": "Made with Blockbench",
	"texture_size": [128, 128],
	"textures": {
		"0": "item/carts/wv_bus",
		"particle": "item/carts/wv_bus"
	},
	"elements": [
		{
			"from": [14.75, 7, -7],
			"to": [17.5, 9.5, 23],
			"faces": {
				"north": {"uv": [11.625, 4.375, 12, 4.6875], "texture": "#0"},
				"east": {"uv": [7, 1.5, 10.75, 1.8125], "texture": "#0"},
				"south": {"uv": [13.25, 3.125, 13.625, 3.4375], "texture": "#0"},
				"west": {"uv": [7, 1.875, 10.75, 2.1875], "texture": "#0"},
				"up": {"uv": [1.625, 8.625, 1.25, 4.875], "texture": "#0"},
				"down": {"uv": [2, 4.875, 1.625, 8.625], "texture": "#0"}
			}
		},
		{
			"from": [14.75, 10, 0.25],
			"to": [17.5, 10.5, 2.125],
			"rotation": {"angle": 0, "axis": "y", "origin": [0, 2, -6.5]},
			"faces": {
				"north": {"uv": [14.125, 0, 14.5, 0.0625], "texture": "#0"},
				"east": {"uv": [0.5, 14.25, 0.75, 14.3125], "texture": "#0"},
				"south": {"uv": [14.125, 0.125, 14.5, 0.1875], "texture": "#0"},
				"west": {"uv": [14.25, 1.5, 14.5, 1.5625], "texture": "#0"},
				"up": {"uv": [4.75, 6.25, 4.375, 6], "texture": "#0"},
				"down": {"uv": [13, 10.25, 12.625, 10.5], "texture": "#0"}
			}
		},
		{
			"from": [15.25, 10, 8.25],
			"to": [17.5, 10.5, 10.125],
			"rotation": {"angle": 0, "axis": "y", "origin": [0, 2, 1.5]},
			"faces": {
				"north": {"uv": [14.125, 7.375, 14.4375, 7.4375], "texture": "#0"},
				"east": {"uv": [14.25, 1.625, 14.5, 1.6875], "texture": "#0"},
				"south": {"uv": [14.125, 8.375, 14.4375, 8.4375], "texture": "#0"},
				"west": {"uv": [1.75, 14.25, 2, 14.3125], "texture": "#0"},
				"up": {"uv": [2.3125, 14, 2, 13.75], "texture": "#0"},
				"down": {"uv": [2.6875, 13.75, 2.375, 14], "texture": "#0"}
			}
		},
		{
			"from": [14.625, 9.5, -8],
			"to": [17.125, 13.125, 24],
			"rotation": {"angle": 0, "axis": "y", "origin": [0, 3.5, 0]},
			"faces": {
				"north": {"uv": [13, 11.875, 13.3125, 12.3125], "texture": "#0"},
				"east": {"uv": [5.875, 3, 9.875, 3.4375], "texture": "#0"},
				"south": {"uv": [3.125, 13.125, 3.4375, 13.5625], "texture": "#0"},
				"west": {"uv": [5.875, 3.5, 9.875, 3.9375], "texture": "#0"},
				"up": {"uv": [0.3125, 10.375, 0, 6.375], "texture": "#0"},
				"down": {"uv": [0.6875, 6.375, 0.375, 10.375], "texture": "#0"}
			}
		},
		{
			"from": [15.625, 17.5, -6.25],
			"to": [17.125, 18.125, 23.25],
			"rotation": {"angle": 0, "axis": "y", "origin": [0, 11, 0]},
			"faces": {
				"north": {"uv": [14.25, 8, 14.4375, 8.0625], "texture": "#0"},
				"east": {"uv": [11.25, 10, 14.9375, 10.0625], "texture": "#0"},
				"south": {"uv": [14.25, 8.125, 14.4375, 8.1875], "texture": "#0"},
				"west": {"uv": [11.25, 10.125, 14.9375, 10.1875], "texture": "#0"},
				"up": {"uv": [1.3125, 12.3125, 1.125, 8.625], "texture": "#0"},
				"down": {"uv": [1.5625, 8.625, 1.375, 12.3125], "texture": "#0"}
			}
		},
		{
			"from": [-1.125, 17.5, -6.25],
			"to": [0.375, 18.125, 23.25],
			"rotation": {"angle": 0, "axis": "y", "origin": [-0.375, 17.8125, 8.5]},
			"faces": {
				"north": {"uv": [14.25, 8.25, 14.4375, 8.3125], "texture": "#0"},
				"east": {"uv": [11.375, 9.25, 15.0625, 9.3125], "texture": "#0"},
				"south": {"uv": [14.25, 8.75, 14.4375, 8.8125], "texture": "#0"},
				"west": {"uv": [11.375, 9.375, 15.0625, 9.4375], "texture": "#0"},
				"up": {"uv": [1.8125, 12.3125, 1.625, 8.625], "texture": "#0"},
				"down": {"uv": [2.0625, 8.625, 1.875, 12.3125], "texture": "#0"}
			}
		},
		{
			"from": [-0.375, 17.75, -4.5],
			"to": [0.375, 18.625, 21.75],
			"rotation": {"angle": 0, "axis": "y", "origin": [0.125, 17.8125, 8.5]},
			"faces": {
				"north": {"uv": [14.25, 3.125, 14.375, 3.25], "texture": "#0"},
				"east": {"uv": [9, 1.375, 12.3125, 1.5], "texture": "#0"},
				"south": {"uv": [14.25, 3.25, 14.375, 3.375], "texture": "#0"},
				"west": {"uv": [9.875, 7.75, 13.1875, 7.875], "texture": "#0"},
				"up": {"uv": [7.25, 13.5625, 7.125, 10.25], "texture": "#0"},
				"down": {"uv": [7.375, 10.25, 7.25, 13.5625], "texture": "#0"}
			}
		},
		{
			"from": [15.625, 17.75, -4.5],
			"to": [16.375, 18.625, 21.75],
			"rotation": {"angle": 0, "axis": "y", "origin": [15.875, 17.8125, 8.5]},
			"faces": {
				"north": {"uv": [3.375, 14.25, 3.5, 14.375], "texture": "#0"},
				"east": {"uv": [9.875, 7.875, 13.1875, 8], "texture": "#0"},
				"south": {"uv": [14.25, 3.375, 14.375, 3.5], "texture": "#0"},
				"west": {"uv": [9.875, 8.625, 13.1875, 8.75], "texture": "#0"},
				"up": {"uv": [7.5, 13.5625, 7.375, 10.25], "texture": "#0"},
				"down": {"uv": [7.625, 10.25, 7.5, 13.5625], "texture": "#0"}
			}
		},
		{
			"from": [-0.875, 17.625, -4.5],
			"to": [-0.125, 19.75, 21.75],
			"rotation": {"angle": -45, "axis": "z", "origin": [-0.375, 17.9375, 8.5]},
			"faces": {
				"north": {"uv": [5.875, 4.5, 6, 4.75], "texture": "#0"},
				"east": {"uv": [8.375, 7.125, 11.6875, 7.375], "texture": "#0"},
				"south": {"uv": [10.125, 6.25, 10.25, 6.5], "texture": "#0"},
				"west": {"uv": [3.125, 8.625, 6.4375, 8.875], "texture": "#0"},
				"up": {"uv": [2.5, 12.6875, 2.375, 9.375], "texture": "#0"},
				"down": {"uv": [2.625, 9.375, 2.5, 12.6875], "texture": "#0"}
			}
		},
		{
			"from": [16.125, 17.625, -4.5],
			"to": [16.875, 19.75, 21.75],
			"rotation": {"angle": 45, "axis": "z", "origin": [16.375, 17.9375, 8.5]},
			"faces": {
				"north": {"uv": [12, 5.625, 12.125, 5.875], "texture": "#0"},
				"east": {"uv": [6.5, 8.625, 9.8125, 8.875], "texture": "#0"},
				"south": {"uv": [1, 12.125, 1.125, 12.375], "texture": "#0"},
				"west": {"uv": [8.75, 8, 12.0625, 8.25], "texture": "#0"},
				"up": {"uv": [2.75, 12.6875, 2.625, 9.375], "texture": "#0"},
				"down": {"uv": [7.125, 10.25, 7, 13.5625], "texture": "#0"}
			}
		},
		{
			"from": [0.375, 17.5, -6.25],
			"to": [15.625, 18.125, -4.75],
			"rotation": {"angle": 0, "axis": "y", "origin": [8.125, 17.8125, -5.5]},
			"faces": {
				"north": {"uv": [12.375, 5.375, 14.3125, 5.4375], "texture": "#0"},
				"east": {"uv": [14.25, 8.875, 14.4375, 8.9375], "texture": "#0"},
				"south": {"uv": [12.375, 9.625, 14.3125, 9.6875], "texture": "#0"},
				"west": {"uv": [9.25, 14.25, 9.4375, 14.3125], "texture": "#0"},
				"up": {"uv": [11.9375, 4.9375, 10, 4.75], "texture": "#0"},
				"down": {"uv": [10.0625, 10.25, 8.125, 10.4375], "texture": "#0"}
			}
		},
		{
			"from": [0.375, 17, -5.5],
			"to": [15.625, 19.375, -4.875],
			"rotation": {"angle": 45, "axis": "x", "origin": [8, 18.3125, -4.75]},
			"faces": {
				"north": {"uv": [9, 1, 10.9375, 1.3125], "texture": "#0"},
				"east": {"uv": [13.75, 14.125, 13.8125, 14.4375], "texture": "#0"},
				"south": {"uv": [5.375, 9.25, 7.3125, 9.5625], "texture": "#0"},
				"west": {"uv": [13.875, 14.125, 13.9375, 14.4375], "texture": "#0"},
				"up": {"uv": [14.8125, 0.5625, 12.875, 0.5], "texture": "#0"},
				"down": {"uv": [14.8125, 0.625, 12.875, 0.6875], "texture": "#0"}
			}
		},
		{
			"from": [0.375, 17, 21.75],
			"to": [15.625, 19.375, 22.75],
			"rotation": {"angle": -45, "axis": "x", "origin": [8, 18.3125, 22]},
			"faces": {
				"north": {"uv": [7.375, 9.25, 9.3125, 9.5625], "texture": "#0"},
				"east": {"uv": [11.75, 5.875, 11.875, 6.1875], "texture": "#0"},
				"south": {"uv": [9.375, 9.25, 11.3125, 9.5625], "texture": "#0"},
				"west": {"uv": [12.25, 11.375, 12.375, 11.6875], "texture": "#0"},
				"up": {"uv": [12.9375, 1.375, 11, 1.25], "texture": "#0"},
				"down": {"uv": [13.0625, 8.5, 11.125, 8.625], "texture": "#0"}
			}
		},
		{
			"from": [0.375, 17.5, 22.25],
			"to": [15.625, 18.125, 23.75],
			"rotation": {"angle": 0, "axis": "y", "origin": [8.125, 17.8125, 23]},
			"faces": {
				"north": {"uv": [12.375, 9.75, 14.3125, 9.8125], "texture": "#0"},
				"east": {"uv": [14.25, 10.25, 14.4375, 10.3125], "texture": "#0"},
				"south": {"uv": [12.5, 7.625, 14.4375, 7.6875], "texture": "#0"},
				"west": {"uv": [14.25, 10.375, 14.4375, 10.4375], "texture": "#0"},
				"up": {"uv": [12.1875, 8.9375, 10.25, 8.75], "texture": "#0"},
				"down": {"uv": [12.1875, 9, 10.25, 9.1875], "texture": "#0"}
			}
		},
		{
			"from": [1.4242, 19.1625, -4.8235],
			"to": [14.5758, 19.7125, -3.4639],
			"rotation": {"angle": 0, "axis": "y", "origin": [8.1078, 19.4375, -4.1437]},
			"faces": {
				"north": {"uv": [13.25, 7.5, 14.875, 7.5625], "texture": "#0"},
				"east": {"uv": [14.25, 11.375, 14.4375, 11.4375], "texture": "#0"},
				"south": {"uv": [13.25, 7.75, 14.875, 7.8125], "texture": "#0"},
				"west": {"uv": [14.25, 11.5, 14.4375, 11.5625], "texture": "#0"},
				"up": {"uv": [12.5, 3.3125, 10.875, 3.125], "texture": "#0"},
				"down": {"uv": [12.5, 3.375, 10.875, 3.5625], "texture": "#0"}
			}
		},
		{
			"from": [14.5758, 19.1625, -4.8235],
			"to": [15.8694, 19.7125, 21.9153],
			"rotation": {"angle": 0, "axis": "y", "origin": [1.1008, 13.4425, 0.8415]},
			"faces": {
				"north": {"uv": [14.25, 11, 14.4375, 11.0625], "texture": "#0"},
				"east": {"uv": [11.625, 3, 14.9375, 3.0625], "texture": "#0"},
				"south": {"uv": [14.25, 11.125, 14.4375, 11.1875], "texture": "#0"},
				"west": {"uv": [11.875, 6.75, 15.1875, 6.8125], "texture": "#0"},
				"up": {"uv": [5.0625, 12.5625, 4.875, 9.25], "texture": "#0"},
				"down": {"uv": [5.3125, 9.25, 5.125, 12.5625], "texture": "#0"}
			}
		},
		{
			"from": [0.1306, 19.1625, -4.8235],
			"to": [1.4242, 19.7125, 21.9153],
			"rotation": {"angle": 0, "axis": "y", "origin": [0.7774, 19.4375, 8.5459]},
			"faces": {
				"north": {"uv": [14.25, 10.75, 14.4375, 10.8125], "texture": "#0"},
				"east": {"uv": [11.375, 9.5, 14.6875, 9.5625], "texture": "#0"},
				"south": {"uv": [14.25, 10.875, 14.4375, 10.9375], "texture": "#0"},
				"west": {"uv": [11.625, 0.875, 14.9375, 0.9375], "texture": "#0"},
				"up": {"uv": [2.3125, 11.9375, 2.125, 8.625], "texture": "#0"},
				"down": {"uv": [4.8125, 9.25, 4.625, 12.5625], "texture": "#0"}
			}
		},
		{
			"from": [1.4242, 19.1625, 21.0089],
			"to": [14.5758, 19.7125, 22.3685],
			"rotation": {"angle": 0, "axis": "y", "origin": [8.1078, 19.4375, 21.6887]},
			"faces": {
				"north": {"uv": [13.25, 5.125, 14.875, 5.1875], "texture": "#0"},
				"east": {"uv": [14.25, 10.5, 14.4375, 10.5625], "texture": "#0"},
				"south": {"uv": [13.25, 6, 14.875, 6.0625], "texture": "#0"},
				"west": {"uv": [14.25, 10.625, 14.4375, 10.6875], "texture": "#0"},
				"up": {"uv": [12.375, 5.1875, 10.75, 5], "texture": "#0"},
				"down": {"uv": [12.375, 5.25, 10.75, 5.4375], "texture": "#0"}
			}
		},
		{
			"from": [1.4242, 19.1625, 18.7589],
			"to": [14.5758, 19.4625, 21.1185],
			"rotation": {"angle": 0, "axis": "y", "origin": [8.1078, 19.1875, 20.4387]},
			"faces": {
				"north": {"uv": [13.25, 7.875, 14.875, 7.9375], "texture": "#0"},
				"east": {"uv": [14.125, 13.75, 14.4375, 13.8125], "texture": "#0"},
				"south": {"uv": [13.25, 8.625, 14.875, 8.6875], "texture": "#0"},
				"west": {"uv": [14, 14.125, 14.3125, 14.1875], "texture": "#0"},
				"up": {"uv": [11.5, 7.6875, 9.875, 7.375], "texture": "#0"},
				"down": {"uv": [11.625, 4.375, 10, 4.6875], "texture": "#0"}
			}
		},
		{
			"from": [1.4242, 19.5375, 16.7589],
			"to": [14.5758, 19.8375, 19.1185],
			"rotation": {"angle": 0, "axis": "y", "origin": [8.1078, 19.5625, 18.4387]},
			"faces": {
				"north": {"uv": [13.25, 9.875, 14.875, 9.9375], "texture": "#0"},
				"east": {"uv": [14.25, 1, 14.5625, 1.0625], "texture": "#0"},
				"south": {"uv": [13.375, 6.125, 15, 6.1875], "texture": "#0"},
				"west": {"uv": [14.25, 1.125, 14.5625, 1.1875], "texture": "#0"},
				"up": {"uv": [11.75, 6.1875, 10.125, 5.875], "texture": "#0"},
				"down": {"uv": [7, 10.25, 5.375, 10.5625], "texture": "#0"}
			}
		},
		{
			"from": [1.4242, 19.5375, 14.7589],
			"to": [14.5758, 20.3375, 15.6185],
			"rotation": {"angle": 0, "axis": "y", "origin": [8.1078, 19.5625, 14.9387]},
			"faces": {
				"north": {"uv": [11.875, 6.875, 13.5, 7], "texture": "#0"},
				"east": {"uv": [3.5, 14.25, 3.625, 14.375], "texture": "#0"},
				"south": {"uv": [12.125, 3.625, 13.75, 3.75], "texture": "#0"},
				"west": {"uv": [14.25, 3.875, 14.375, 4], "texture": "#0"},
				"up": {"uv": [13.75, 3.875, 12.125, 3.75], "texture": "#0"},
				"down": {"uv": [13.75, 3.875, 12.125, 4], "texture": "#0"}
			}
		},
		{
			"from": [1.4242, 19.1625, 15.2589],
			"to": [14.5758, 19.4625, 17.6185],
			"rotation": {"angle": 0, "axis": "y", "origin": [8.1078, 19.1875, 16.9387]},
			"faces": {
				"north": {"uv": [13.375, 6.25, 15, 6.3125], "texture": "#0"},
				"east": {"uv": [14.25, 1.25, 14.5625, 1.3125], "texture": "#0"},
				"south": {"uv": [13.375, 6.375, 15, 6.4375], "texture": "#0"},
				"west": {"uv": [14.25, 1.375, 14.5625, 1.4375], "texture": "#0"},
				"up": {"uv": [11.875, 6.5625, 10.25, 6.25], "texture": "#0"},
				"down": {"uv": [11.875, 6.625, 10.25, 6.9375], "texture": "#0"}
			}
		},
		{
			"from": [0.375, 17.5, 21.75],
			"to": [15.625, 18.625, 22.25],
			"rotation": {"angle": 0, "axis": "y", "origin": [8.125, 18.3125, 22.5]},
			"faces": {
				"north": {"uv": [11.125, 10.5, 13.0625, 10.625], "texture": "#0"},
				"east": {"uv": [14.375, 2.625, 14.4375, 2.75], "texture": "#0"},
				"south": {"uv": [11.125, 10.625, 13.0625, 10.75], "texture": "#0"},
				"west": {"uv": [2.75, 14.375, 2.8125, 14.5], "texture": "#0"},
				"up": {"uv": [14.8125, 0.8125, 12.875, 0.75], "texture": "#0"},
				"down": {"uv": [14.8125, 5.25, 12.875, 5.3125], "texture": "#0"}
			}
		},
		{
			"from": [0.375, 17.5, -5.25],
			"to": [15.625, 18.875, -4.5],
			"rotation": {"angle": 0, "axis": "y", "origin": [8.125, 18.8125, -5]},
			"faces": {
				"north": {"uv": [10.125, 10.25, 12.0625, 10.4375], "texture": "#0"},
				"east": {"uv": [11.75, 14.125, 11.875, 14.3125], "texture": "#0"},
				"south": {"uv": [10.375, 9.625, 12.3125, 9.8125], "texture": "#0"},
				"west": {"uv": [11.875, 14.125, 12, 14.3125], "texture": "#0"},
				"up": {"uv": [13.0625, 10.875, 11.125, 10.75], "texture": "#0"},
				"down": {"uv": [13.1875, 9.875, 11.25, 10], "texture": "#0"}
			}
		},
		{
			"from": [-1.5, 7, -7],
			"to": [1.25, 9.5, 23],
			"rotation": {"angle": 0, "axis": "y", "origin": [16, 0, 0]},
			"faces": {
				"north": {"uv": [13.25, 4.625, 13.625, 4.9375], "texture": "#0"},
				"east": {"uv": [7, 2.25, 10.75, 2.5625], "texture": "#0"},
				"south": {"uv": [5.375, 13.25, 5.75, 13.5625], "texture": "#0"},
				"west": {"uv": [7, 2.625, 10.75, 2.9375], "texture": "#0"},
				"up": {"uv": [2.375, 8.625, 2, 4.875], "texture": "#0"},
				"down": {"uv": [2.75, 5.625, 2.375, 9.375], "texture": "#0"}
			}
		},
		{
			"from": [-1.125, 9.5, -8],
			"to": [1.375, 13.125, 24],
			"rotation": {"angle": 0, "axis": "y", "origin": [16, 3.5, 0]},
			"faces": {
				"north": {"uv": [3.5, 13.125, 3.8125, 13.5625], "texture": "#0"},
				"east": {"uv": [5.875, 4, 9.875, 4.4375], "texture": "#0"},
				"south": {"uv": [3.875, 13.125, 4.1875, 13.5625], "texture": "#0"},
				"west": {"uv": [6, 4.5, 10, 4.9375], "texture": "#0"},
				"up": {"uv": [1.0625, 10.375, 0.75, 6.375], "texture": "#0"},
				"down": {"uv": [3.0625, 6.875, 2.75, 10.875], "texture": "#0"}
			}
		},
		{
			"from": [-1.5, 10, 8.25],
			"to": [0.75, 10.5, 10.125],
			"rotation": {"angle": 0, "axis": "y", "origin": [16, 2, 1.5]},
			"faces": {
				"north": {"uv": [14.125, 9, 14.4375, 9.0625], "texture": "#0"},
				"east": {"uv": [14.25, 2.125, 14.5, 2.1875], "texture": "#0"},
				"south": {"uv": [12.25, 14.125, 12.5625, 14.1875], "texture": "#0"},
				"west": {"uv": [14.25, 2.25, 14.5, 2.3125], "texture": "#0"},
				"up": {"uv": [14.0625, 3.875, 13.75, 3.625], "texture": "#0"},
				"down": {"uv": [6.3125, 13.75, 6, 14], "texture": "#0"}
			}
		},
		{
			"from": [-1.5, 10, 0.25],
			"to": [1.25, 10.5, 2.125],
			"rotation": {"angle": 0, "axis": "y", "origin": [16, 2, -6.5]},
			"faces": {
				"north": {"uv": [14.125, 0.25, 14.5, 0.3125], "texture": "#0"},
				"east": {"uv": [14.25, 1.75, 14.5, 1.8125], "texture": "#0"},
				"south": {"uv": [14.125, 2, 14.5, 2.0625], "texture": "#0"},
				"west": {"uv": [14.25, 1.875, 14.5, 1.9375], "texture": "#0"},
				"up": {"uv": [13.875, 11.25, 13.5, 11], "texture": "#0"},
				"down": {"uv": [3.75, 13.625, 3.375, 13.875], "texture": "#0"}
			}
		},
		{
			"from": [14.75, 2.5, 0.75],
			"to": [17.5, 7, 15.25],
			"faces": {
				"north": {"uv": [11.75, 7.125, 12.125, 7.6875], "texture": "#0"},
				"east": {"uv": [3.125, 8, 4.9375, 8.5625], "texture": "#0"},
				"south": {"uv": [11.875, 2.375, 12.25, 2.9375], "texture": "#0"},
				"west": {"uv": [5, 8, 6.8125, 8.5625], "texture": "#0"},
				"up": {"uv": [3.5, 11.0625, 3.125, 9.25], "texture": "#0"},
				"down": {"uv": [3.875, 9.25, 3.5, 11.0625], "texture": "#0"}
			}
		},
		{
			"from": [15, 5, -0.5],
			"to": [17.375, 8.5, 2],
			"rotation": {"angle": -45, "axis": "x", "origin": [8, 6.75, 0.5]},
			"faces": {
				"north": {"uv": [12.875, 1.875, 13.1875, 2.3125], "texture": "#0"},
				"east": {"uv": [12.875, 2.375, 13.1875, 2.8125], "texture": "#0"},
				"south": {"uv": [12.875, 3.125, 13.1875, 3.5625], "texture": "#0"},
				"west": {"uv": [12.875, 4.75, 13.1875, 5.1875], "texture": "#0"},
				"up": {"uv": [2.0625, 13.6875, 1.75, 13.375], "texture": "#0"},
				"down": {"uv": [9.1875, 13.375, 8.875, 13.6875], "texture": "#0"}
			}
		},
		{
			"from": [15, 5, -8.25],
			"to": [17.375, 8.5, -5.75],
			"rotation": {"angle": 45, "axis": "x", "origin": [8, 6.75, -6.75]},
			"faces": {
				"north": {"uv": [12.875, 5.625, 13.1875, 6.0625], "texture": "#0"},
				"east": {"uv": [12.875, 7.125, 13.1875, 7.5625], "texture": "#0"},
				"south": {"uv": [8.875, 12.875, 9.1875, 13.3125], "texture": "#0"},
				"west": {"uv": [9.625, 12.875, 9.9375, 13.3125], "texture": "#0"},
				"up": {"uv": [9.9375, 13.6875, 9.625, 13.375], "texture": "#0"},
				"down": {"uv": [10.3125, 13.375, 10, 13.6875], "texture": "#0"}
			}
		},
		{
			"from": [15, 5, 13.875],
			"to": [17.375, 8.5, 16.375],
			"rotation": {"angle": 45, "axis": "x", "origin": [8, 6.75, 15.375]},
			"faces": {
				"north": {"uv": [0, 13, 0.3125, 13.4375], "texture": "#0"},
				"east": {"uv": [0.375, 13, 0.6875, 13.4375], "texture": "#0"},
				"south": {"uv": [13, 6.125, 13.3125, 6.5625], "texture": "#0"},
				"west": {"uv": [13, 11.375, 13.3125, 11.8125], "texture": "#0"},
				"up": {"uv": [13.6875, 11.6875, 13.375, 11.375], "texture": "#0"},
				"down": {"uv": [13.6875, 11.75, 13.375, 12.0625], "texture": "#0"}
			}
		},
		{
			"from": [15, 5, 21.625],
			"to": [17.375, 8.5, 24.125],
			"rotation": {"angle": -45, "axis": "x", "origin": [8, 6.75, 22.625]},
			"faces": {
				"north": {"uv": [10, 12.875, 10.3125, 13.3125], "texture": "#0"},
				"east": {"uv": [10.375, 12.875, 10.6875, 13.3125], "texture": "#0"},
				"south": {"uv": [10.75, 12.875, 11.0625, 13.3125], "texture": "#0"},
				"west": {"uv": [12.75, 12.875, 13.0625, 13.3125], "texture": "#0"},
				"up": {"uv": [10.6875, 13.6875, 10.375, 13.375], "texture": "#0"},
				"down": {"uv": [11.0625, 13.375, 10.75, 13.6875], "texture": "#0"}
			}
		},
		{
			"from": [-1.375, 5, -0.5],
			"to": [1, 8.5, 2],
			"rotation": {"angle": -45, "axis": "x", "origin": [8, 6.75, 0.5]},
			"faces": {
				"north": {"uv": [13.125, 12.875, 13.4375, 13.3125], "texture": "#0"},
				"east": {"uv": [13.25, 0, 13.5625, 0.4375], "texture": "#0"},
				"south": {"uv": [13.25, 1, 13.5625, 1.4375], "texture": "#0"},
				"west": {"uv": [13.25, 1.5, 13.5625, 1.9375], "texture": "#0"},
				"up": {"uv": [13.8125, 4.3125, 13.5, 4], "texture": "#0"},
				"down": {"uv": [13.8125, 8, 13.5, 8.3125], "texture": "#0"}
			}
		},
		{
			"from": [-1.375, 5, -8.25],
			"to": [1, 8.5, -5.75],
			"rotation": {"angle": 45, "axis": "x", "origin": [8, 6.75, -6.75]},
			"faces": {
				"north": {"uv": [9.25, 13.125, 9.5625, 13.5625], "texture": "#0"},
				"east": {"uv": [13.125, 10.25, 13.4375, 10.6875], "texture": "#0"},
				"south": {"uv": [13.125, 10.75, 13.4375, 11.1875], "texture": "#0"},
				"west": {"uv": [13.125, 12.375, 13.4375, 12.8125], "texture": "#0"},
				"up": {"uv": [0.3125, 13.8125, 0, 13.5], "texture": "#0"},
				"down": {"uv": [0.6875, 13.5, 0.375, 13.8125], "texture": "#0"}
			}
		},
		{
			"from": [-1.375, 5, 13.875],
			"to": [1, 8.5, 16.375],
			"rotation": {"angle": 45, "axis": "x", "origin": [8, 6.75, 15.375]},
			"faces": {
				"north": {"uv": [7.875, 13.125, 8.1875, 13.5625], "texture": "#0"},
				"east": {"uv": [13.125, 8, 13.4375, 8.4375], "texture": "#0"},
				"south": {"uv": [8.25, 13.125, 8.5625, 13.5625], "texture": "#0"},
				"west": {"uv": [13.125, 8.75, 13.4375, 9.1875], "texture": "#0"},
				"up": {"uv": [13.0625, 13.6875, 12.75, 13.375], "texture": "#0"},
				"down": {"uv": [13.4375, 13.375, 13.125, 13.6875], "texture": "#0"}
			}
		},
		{
			"from": [-1.375, 5, 21.625],
			"to": [1, 8.5, 24.125],
			"rotation": {"angle": -45, "axis": "x", "origin": [8, 6.75, 22.625]},
			"faces": {
				"north": {"uv": [13.125, 4, 13.4375, 4.4375], "texture": "#0"},
				"east": {"uv": [4.25, 13.125, 4.5625, 13.5625], "texture": "#0"},
				"south": {"uv": [4.625, 13.125, 4.9375, 13.5625], "texture": "#0"},
				"west": {"uv": [5, 13.125, 5.3125, 13.5625], "texture": "#0"},
				"up": {"uv": [12.3125, 13.6875, 12, 13.375], "texture": "#0"},
				"down": {"uv": [12.6875, 13.375, 12.375, 13.6875], "texture": "#0"}
			}
		},
		{
			"from": [14.75, 2.5, -7],
			"to": [16.25, 7, 0.75],
			"faces": {
				"north": {"uv": [0.75, 13, 0.9375, 13.5625], "texture": "#0"},
				"east": {"uv": [2.375, 4, 3.375, 4.5625], "texture": "#0"},
				"south": {"uv": [8.625, 13.125, 8.8125, 13.6875], "texture": "#0"},
				"west": {"uv": [5.375, 9.625, 6.375, 10.1875], "texture": "#0"},
				"up": {"uv": [12.5625, 5, 12.375, 4], "texture": "#0"},
				"down": {"uv": [12.5625, 5.625, 12.375, 6.625], "texture": "#0"}
			}
		},
		{
			"from": [14.75, 2.5, 15.25],
			"to": [16.25, 7, 23],
			"rotation": {"angle": 0, "axis": "y", "origin": [0, 0, 16]},
			"faces": {
				"north": {"uv": [11.75, 13.125, 11.9375, 13.6875], "texture": "#0"},
				"east": {"uv": [6.375, 9.625, 7.375, 10.1875], "texture": "#0"},
				"south": {"uv": [6.75, 13.25, 6.9375, 13.8125], "texture": "#0"},
				"west": {"uv": [7.375, 9.625, 8.375, 10.1875], "texture": "#0"},
				"up": {"uv": [6.3125, 13.375, 6.125, 12.375], "texture": "#0"},
				"down": {"uv": [12.5625, 11.375, 12.375, 12.375], "texture": "#0"}
			}
		},
		{
			"from": [-0.25, 2.5, 15.25],
			"to": [1.25, 7, 23],
			"rotation": {"angle": 0, "axis": "y", "origin": [16, 0, 16]},
			"faces": {
				"north": {"uv": [1.25, 13.375, 1.4375, 13.9375], "texture": "#0"},
				"east": {"uv": [9.75, 5, 10.75, 5.5625], "texture": "#0"},
				"south": {"uv": [1.5, 13.375, 1.6875, 13.9375], "texture": "#0"},
				"west": {"uv": [9.875, 3, 10.875, 3.5625], "texture": "#0"},
				"up": {"uv": [12.6875, 13.375, 12.5, 12.375], "texture": "#0"},
				"down": {"uv": [12.8125, 1.875, 12.625, 2.875], "texture": "#0"}
			}
		},
		{
			"from": [-1.5, 2.5, 0.75],
			"to": [1.25, 7, 15.25],
			"rotation": {"angle": 0, "axis": "y", "origin": [16, 0, 0]},
			"faces": {
				"north": {"uv": [12, 4.375, 12.375, 4.9375], "texture": "#0"},
				"east": {"uv": [6.875, 8, 8.6875, 8.5625], "texture": "#0"},
				"south": {"uv": [12, 11.75, 12.375, 12.3125], "texture": "#0"},
				"west": {"uv": [8.375, 6.5, 10.1875, 7.0625], "texture": "#0"},
				"up": {"uv": [4.25, 11.0625, 3.875, 9.25], "texture": "#0"},
				"down": {"uv": [4.625, 9.25, 4.25, 11.0625], "texture": "#0"}
			}
		},
		{
			"from": [-0.25, 2.5, -7],
			"to": [1.25, 7, 0.75],
			"rotation": {"angle": 0, "axis": "y", "origin": [16, 0, 0]},
			"faces": {
				"north": {"uv": [7.625, 13.25, 7.8125, 13.8125], "texture": "#0"},
				"east": {"uv": [8.375, 9.625, 9.375, 10.1875], "texture": "#0"},
				"south": {"uv": [1, 13.375, 1.1875, 13.9375], "texture": "#0"},
				"west": {"uv": [9.375, 9.625, 10.375, 10.1875], "texture": "#0"},
				"up": {"uv": [12.1875, 13.375, 12, 12.375], "texture": "#0"},
				"down": {"uv": [12.4375, 12.375, 12.25, 13.375], "texture": "#0"}
			}
		},
		{
			"from": [-1.5, 2.5, -9.5],
			"to": [17.5, 9.5, -7],
			"faces": {
				"north": {"uv": [3.5, 3, 5.875, 3.875], "texture": "#0"},
				"east": {"uv": [8.875, 11.375, 9.1875, 12.25], "texture": "#0"},
				"south": {"uv": [3.5, 3.875, 5.875, 4.75], "texture": "#0"},
				"west": {"uv": [9.75, 11.375, 10.0625, 12.25], "texture": "#0"},
				"up": {"uv": [11.125, 8.5625, 8.75, 8.25], "texture": "#0"},
				"down": {"uv": [5.5, 8.875, 3.125, 9.1875], "texture": "#0"}
			}
		},
		{
			"from": [6, 8, -9.75],
			"to": [10, 11, -7.25],
			"rotation": {"angle": 0, "axis": "y", "origin": [0, 1, -0.25]},
			"faces": {
				"north": {"uv": [12.375, 0.5, 12.875, 0.875], "texture": "#0"},
				"east": {"uv": [13.25, 5.625, 13.5625, 6], "texture": "#0"},
				"south": {"uv": [12.375, 5, 12.875, 5.375], "texture": "#0"},
				"west": {"uv": [5.75, 13.25, 6.0625, 13.625], "texture": "#0"},
				"up": {"uv": [13.125, 4.3125, 12.625, 4], "texture": "#0"},
				"down": {"uv": [13.125, 4.375, 12.625, 4.6875], "texture": "#0"}
			}
		},
		{
			"from": [6.5, 7.5, -9.75],
			"to": [9.5, 11.5, -7.25],
			"rotation": {"angle": 0, "axis": "z", "origin": [8, 9.5, -8.5]},
			"faces": {
				"north": {"uv": [12.5, 3.125, 12.875, 3.625], "texture": "#0"},
				"east": {"uv": [4.625, 12.625, 4.9375, 13.125], "texture": "#0"},
				"south": {"uv": [12.5, 7.125, 12.875, 7.625], "texture": "#0"},
				"west": {"uv": [5, 12.625, 5.3125, 13.125], "texture": "#0"},
				"up": {"uv": [6.75, 13.5625, 6.375, 13.25], "texture": "#0"},
				"down": {"uv": [13.625, 7.125, 13.25, 7.4375], "texture": "#0"}
			}
		},
		{
			"from": [12.75, 6, -9.75],
			"to": [15.25, 7.5, -7.25],
			"rotation": {"angle": 0, "axis": "y", "origin": [6, -1.75, -0.25]},
			"faces": {
				"north": {"uv": [0, 13.875, 0.3125, 14.0625], "texture": "#0"},
				"east": {"uv": [0.375, 13.875, 0.6875, 14.0625], "texture": "#0"},
				"south": {"uv": [13.875, 1, 14.1875, 1.1875], "texture": "#0"},
				"west": {"uv": [13.875, 1.25, 14.1875, 1.4375], "texture": "#0"},
				"up": {"uv": [13.8125, 10.9375, 13.5, 10.625], "texture": "#0"},
				"down": {"uv": [13.8125, 12.125, 13.5, 12.4375], "texture": "#0"}
			}
		},
		{
			"from": [13.25, 5.5, -9.75],
			"to": [14.75, 8, -7.25],
			"rotation": {"angle": 0, "axis": "z", "origin": [14, 6.75, -8.5]},
			"faces": {
				"north": {"uv": [12.75, 13.75, 12.9375, 14.0625], "texture": "#0"},
				"east": {"uv": [13.5, 8.75, 13.8125, 9.0625], "texture": "#0"},
				"south": {"uv": [13, 13.75, 13.1875, 14.0625], "texture": "#0"},
				"west": {"uv": [13.5, 10.25, 13.8125, 10.5625], "texture": "#0"},
				"up": {"uv": [13.4375, 14.0625, 13.25, 13.75], "texture": "#0"},
				"down": {"uv": [13.9375, 13.625, 13.75, 13.9375], "texture": "#0"}
			}
		},
		{
			"from": [13.25, 6, -9.875],
			"to": [14.75, 7.5, -7.25],
			"rotation": {"angle": 0, "axis": "z", "origin": [14, 6.75, -8.5]},
			"faces": {
				"north": {"uv": [11.5, 10.875, 11.6875, 11.0625], "texture": "#0"},
				"east": {"uv": [13.875, 1.5, 14.1875, 1.6875], "texture": "#0"},
				"south": {"uv": [12.625, 4.75, 12.8125, 4.9375], "texture": "#0"},
				"west": {"uv": [13.875, 1.75, 14.1875, 1.9375], "texture": "#0"},
				"up": {"uv": [14.0625, 2.3125, 13.875, 2], "texture": "#0"},
				"down": {"uv": [14.0625, 2.375, 13.875, 2.6875], "texture": "#0"}
			}
		},
		{
			"from": [14.1376, 9.6812, -9.5965],
			"to": [15.4376, 10.4612, -8.2965],
			"rotation": {"angle": 0, "axis": "y", "origin": [10.6276, 5.6512, -4.6565]},
			"faces": {
				"north": {"uv": [14.125, 2.375, 14.3125, 2.5], "texture": "#0"},
				"east": {"uv": [14.125, 2.5, 14.3125, 2.625], "texture": "#0"},
				"south": {"uv": [14.125, 2.625, 14.3125, 2.75], "texture": "#0"},
				"west": {"uv": [3.375, 14.125, 3.5625, 14.25], "texture": "#0"},
				"up": {"uv": [9.4375, 14.1875, 9.25, 14], "texture": "#0"},
				"down": {"uv": [14.1875, 10.25, 14, 10.4375], "texture": "#0"}
			}
		},
		{
			"from": [14.3976, 9.4212, -9.5965],
			"to": [15.1776, 10.7212, -8.2965],
			"rotation": {"angle": 0, "axis": "z", "origin": [14.7876, 10.0712, -8.9465]},
			"faces": {
				"north": {"uv": [9.625, 12.625, 9.75, 12.8125], "texture": "#0"},
				"east": {"uv": [12.75, 1, 12.9375, 1.1875], "texture": "#0"},
				"south": {"uv": [13, 10.25, 13.125, 10.4375], "texture": "#0"},
				"west": {"uv": [13.875, 11, 14.0625, 11.1875], "texture": "#0"},
				"up": {"uv": [13.5, 12.3125, 13.375, 12.125], "texture": "#0"},
				"down": {"uv": [14.25, 2.125, 14.125, 2.3125], "texture": "#0"}
			}
		},
		{
			"from": [14.3976, 9.6812, -9.6615],
			"to": [15.1776, 10.4612, -8.2965],
			"rotation": {"angle": 0, "axis": "z", "origin": [14.7876, 10.0712, -8.9465]},
			"faces": {
				"north": {"uv": [3.25, 4.625, 3.375, 4.75], "texture": "#0"},
				"east": {"uv": [0.5, 14.125, 0.6875, 14.25], "texture": "#0"},
				"south": {"uv": [9.75, 7.375, 9.875, 7.5], "texture": "#0"},
				"west": {"uv": [1.75, 14.125, 1.9375, 14.25], "texture": "#0"},
				"up": {"uv": [12.25, 8.1875, 12.125, 8], "texture": "#0"},
				"down": {"uv": [6.5, 12.375, 6.375, 12.5625], "texture": "#0"}
			}
		},
		{
			"from": [1.25, 6, -9.875],
			"to": [2.75, 7.5, -7.25],
			"rotation": {"angle": 0, "axis": "z", "origin": [2, 6.75, -8.5]},
			"faces": {
				"north": {"uv": [14, 11.875, 14.1875, 12.0625], "texture": "#0"},
				"east": {"uv": [13.875, 4.125, 14.1875, 4.3125], "texture": "#0"},
				"south": {"uv": [14, 12.125, 14.1875, 12.3125], "texture": "#0"},
				"west": {"uv": [13.875, 8, 14.1875, 8.1875], "texture": "#0"},
				"up": {"uv": [7.8125, 14.1875, 7.625, 13.875], "texture": "#0"},
				"down": {"uv": [14.0625, 8.75, 13.875, 9.0625], "texture": "#0"}
			}
		},
		{
			"from": [1.25, 5.5, -9.75],
			"to": [2.75, 8, -7.25],
			"rotation": {"angle": 0, "axis": "z", "origin": [2, 6.75, -8.5]},
			"faces": {
				"north": {"uv": [13.875, 4.625, 14.0625, 4.9375], "texture": "#0"},
				"east": {"uv": [13.5, 13.25, 13.8125, 13.5625], "texture": "#0"},
				"south": {"uv": [13.875, 5.625, 14.0625, 5.9375], "texture": "#0"},
				"west": {"uv": [13.625, 0, 13.9375, 0.3125], "texture": "#0"},
				"up": {"uv": [6.9375, 14.1875, 6.75, 13.875], "texture": "#0"},
				"down": {"uv": [14.0625, 7.125, 13.875, 7.4375], "texture": "#0"}
			}
		},
		{
			"from": [0.75, 6, -9.75],
			"to": [3.25, 7.5, -7.25],
			"rotation": {"angle": 0, "axis": "y", "origin": [10, -1.75, -0.25]},
			"faces": {
				"north": {"uv": [13.875, 2.75, 14.1875, 2.9375], "texture": "#0"},
				"east": {"uv": [13.875, 3.125, 14.1875, 3.3125], "texture": "#0"},
				"south": {"uv": [3.375, 13.875, 3.6875, 14.0625], "texture": "#0"},
				"west": {"uv": [13.875, 3.875, 14.1875, 4.0625], "texture": "#0"},
				"up": {"uv": [13.8125, 12.8125, 13.5, 12.5], "texture": "#0"},
				"down": {"uv": [13.8125, 12.875, 13.5, 13.1875], "texture": "#0"}
			}
		},
		{
			"from": [0.8224, 9.6812, -9.6615],
			"to": [1.6024, 10.4612, -8.2965],
			"rotation": {"angle": 0, "axis": "z", "origin": [1.2124, 10.0712, -8.9465]},
			"faces": {
				"north": {"uv": [9.875, 4.375, 10, 4.5], "texture": "#0"},
				"east": {"uv": [14.125, 5, 14.3125, 5.125], "texture": "#0"},
				"south": {"uv": [12.875, 6.125, 13, 6.25], "texture": "#0"},
				"west": {"uv": [14.125, 5.875, 14.3125, 6], "texture": "#0"},
				"up": {"uv": [14.25, 8.9375, 14.125, 8.75], "texture": "#0"},
				"down": {"uv": [14.25, 11, 14.125, 11.1875], "texture": "#0"}
			}
		},
		{
			"from": [0.8224, 9.4212, -9.5965],
			"to": [1.6024, 10.7212, -8.2965],
			"rotation": {"angle": 0, "axis": "z", "origin": [1.2124, 10.0712, -8.9465]},
			"faces": {
				"north": {"uv": [3.625, 14.125, 3.75, 14.3125], "texture": "#0"},
				"east": {"uv": [14, 11.375, 14.1875, 11.5625], "texture": "#0"},
				"south": {"uv": [14.125, 4.75, 14.25, 4.9375], "texture": "#0"},
				"west": {"uv": [14, 11.625, 14.1875, 11.8125], "texture": "#0"},
				"up": {"uv": [14.25, 5.8125, 14.125, 5.625], "texture": "#0"},
				"down": {"uv": [14.25, 7.125, 14.125, 7.3125], "texture": "#0"}
			}
		},
		{
			"from": [0.5624, 9.6812, -9.5965],
			"to": [1.8624, 10.4612, -8.2965],
			"rotation": {"angle": 0, "axis": "y", "origin": [5.3724, 5.6512, -4.6565]},
			"faces": {
				"north": {"uv": [14.125, 3.5, 14.3125, 3.625], "texture": "#0"},
				"east": {"uv": [14.125, 3.625, 14.3125, 3.75], "texture": "#0"},
				"south": {"uv": [14.125, 3.75, 14.3125, 3.875], "texture": "#0"},
				"west": {"uv": [14.125, 4.625, 14.3125, 4.75], "texture": "#0"},
				"up": {"uv": [14.1875, 10.6875, 14, 10.5], "texture": "#0"},
				"down": {"uv": [14.1875, 10.75, 14, 10.9375], "texture": "#0"}
			}
		},
		{
			"from": [7, 10.5, -9.875],
			"to": [8.5, 11, -7.375],
			"rotation": {"angle": 0, "axis": "z", "origin": [7.75, 9.5, -8.625]},
			"faces": {
				"north": {"uv": [6.75, 14.25, 6.9375, 14.3125], "texture": "#0"},
				"east": {"uv": [14.125, 12.375, 14.4375, 12.4375], "texture": "#0"},
				"south": {"uv": [14.25, 6.875, 14.4375, 6.9375], "texture": "#0"},
				"west": {"uv": [14.125, 12.5, 14.4375, 12.5625], "texture": "#0"},
				"up": {"uv": [13.9375, 11.6875, 13.75, 11.375], "texture": "#0"},
				"down": {"uv": [11.9375, 13.75, 11.75, 14.0625], "texture": "#0"}
			}
		},
		{
			"from": [7.25, 9.25, -9.875],
			"to": [8.75, 9.75, -7.375],
			"rotation": {"angle": 0, "axis": "z", "origin": [8, 8.25, -8.625]},
			"faces": {
				"north": {"uv": [14.25, 7.25, 14.4375, 7.3125], "texture": "#0"},
				"east": {"uv": [14.125, 12.75, 14.4375, 12.8125], "texture": "#0"},
				"south": {"uv": [7.5, 14.25, 7.6875, 14.3125], "texture": "#0"},
				"west": {"uv": [14.125, 12.875, 14.4375, 12.9375], "texture": "#0"},
				"up": {"uv": [12.4375, 14.0625, 12.25, 13.75], "texture": "#0"},
				"down": {"uv": [12.6875, 13.75, 12.5, 14.0625], "texture": "#0"}
			}
		},
		{
			"from": [8.5, 9.75, -9.875],
			"to": [9, 10.75, -7.375],
			"rotation": {"angle": 0, "axis": "z", "origin": [8.75, 10, -8.625]},
			"faces": {
				"north": {"uv": [11.125, 14.25, 11.1875, 14.375], "texture": "#0"},
				"east": {"uv": [9.75, 5.875, 10.0625, 6], "texture": "#0"},
				"south": {"uv": [14.25, 11.625, 14.3125, 11.75], "texture": "#0"},
				"west": {"uv": [9.875, 8.75, 10.1875, 8.875], "texture": "#0"},
				"up": {"uv": [13.0625, 14.4375, 13, 14.125], "texture": "#0"},
				"down": {"uv": [14.1875, 13, 14.125, 13.3125], "texture": "#0"}
			}
		},
		{
			"from": [7.625, 7.75, -9.875],
			"to": [7.875, 11.25, -7.375],
			"rotation": {"angle": 0, "axis": "z", "origin": [7.875, 10, -8.625]},
			"faces": {
				"north": {"uv": [0, 14.125, 0.0625, 14.5625], "texture": "#0"},
				"east": {"uv": [13.25, 2, 13.5625, 2.4375], "texture": "#0"},
				"south": {"uv": [0.125, 14.125, 0.1875, 14.5625], "texture": "#0"},
				"west": {"uv": [2.125, 13.25, 2.4375, 13.6875], "texture": "#0"},
				"up": {"uv": [13.4375, 14.4375, 13.375, 14.125], "texture": "#0"},
				"down": {"uv": [14.1875, 13.375, 14.125, 13.6875], "texture": "#0"}
			}
		},
		{
			"from": [8.125, 7.75, -9.875],
			"to": [8.375, 11.25, -7.375],
			"rotation": {"angle": 0, "axis": "z", "origin": [8.375, 10, -8.625]},
			"faces": {
				"north": {"uv": [0.25, 14.125, 0.3125, 14.5625], "texture": "#0"},
				"east": {"uv": [2.5, 13.25, 2.8125, 13.6875], "texture": "#0"},
				"south": {"uv": [0.375, 14.125, 0.4375, 14.5625], "texture": "#0"},
				"west": {"uv": [13.25, 2.5, 13.5625, 2.9375], "texture": "#0"},
				"up": {"uv": [13.5625, 14.4375, 13.5, 14.125], "texture": "#0"},
				"down": {"uv": [13.6875, 14.125, 13.625, 14.4375], "texture": "#0"}
			}
		},
		{
			"from": [7, 8.25, -9.875],
			"to": [7.5, 9.25, -7.375],
			"rotation": {"angle": 0, "axis": "z", "origin": [7.25, 8.5, -8.625]},
			"faces": {
				"north": {"uv": [14.25, 11.75, 14.3125, 11.875], "texture": "#0"},
				"east": {"uv": [13.5, 6.875, 13.8125, 7], "texture": "#0"},
				"south": {"uv": [14.25, 11.875, 14.3125, 12], "texture": "#0"},
				"west": {"uv": [13.5, 8.375, 13.8125, 8.5], "texture": "#0"},
				"up": {"uv": [13.1875, 14.4375, 13.125, 14.125], "texture": "#0"},
				"down": {"uv": [13.3125, 14.125, 13.25, 14.4375], "texture": "#0"}
			}
		},
		{
			"from": [7.5, 8, -9.875],
			"to": [9, 8.5, -7.375],
			"rotation": {"angle": 0, "axis": "z", "origin": [8.25, 7, -8.625]},
			"faces": {
				"north": {"uv": [14.25, 7, 14.4375, 7.0625], "texture": "#0"},
				"east": {"uv": [12.625, 14.125, 12.9375, 14.1875], "texture": "#0"},
				"south": {"uv": [14.25, 7.125, 14.4375, 7.1875], "texture": "#0"},
				"west": {"uv": [14.125, 12.625, 14.4375, 12.6875], "texture": "#0"},
				"up": {"uv": [13.9375, 12.0625, 13.75, 11.75], "texture": "#0"},
				"down": {"uv": [12.1875, 13.75, 12, 14.0625], "texture": "#0"}
			}
		},
		{
			"from": [-1.5, 2.5, 23],
			"to": [17.5, 9.5, 25.5],
			"rotation": {"angle": 0, "axis": "y", "origin": [0, 0, 16]},
			"faces": {
				"north": {"uv": [0, 4, 2.375, 4.875], "texture": "#0"},
				"east": {"uv": [11.375, 11.125, 11.6875, 12], "texture": "#0"},
				"south": {"uv": [2.375, 4.75, 4.75, 5.625], "texture": "#0"},
				"west": {"uv": [6.125, 11.5, 6.4375, 12.375], "texture": "#0"},
				"up": {"uv": [7.875, 9.1875, 5.5, 8.875], "texture": "#0"},
				"down": {"uv": [10.25, 8.875, 7.875, 9.1875], "texture": "#0"}
			}
		},
		{
			"from": [-0.75, 9, -9.125],
			"to": [16.75, 13, -7],
			"rotation": {"angle": 22.5, "axis": "x", "origin": [8, 10.25, -8.25]},
			"faces": {
				"north": {"uv": [3.125, 7.5, 5.3125, 8], "texture": "#0"},
				"east": {"uv": [12.375, 1.875, 12.625, 2.375], "texture": "#0"},
				"south": {"uv": [5.375, 7.5, 7.5625, 8], "texture": "#0"},
				"west": {"uv": [7.875, 12.625, 8.125, 13.125], "texture": "#0"},
				"up": {"uv": [11.9375, 5.875, 9.75, 5.625], "texture": "#0"},
				"down": {"uv": [12.0625, 3.625, 9.875, 3.875], "texture": "#0"}
			}
		},
		{
			"from": [7.5, 13, -7.625],
			"to": [8.5, 18.5, -6.5],
			"rotation": {"angle": 22.5, "axis": "x", "origin": [8, 14.25, -8.25]},
			"faces": {
				"north": {"uv": [3.375, 4, 3.5, 4.6875], "texture": "#0"},
				"east": {"uv": [1.125, 6.375, 1.25, 7.0625], "texture": "#0"},
				"south": {"uv": [1.125, 7.125, 1.25, 7.8125], "texture": "#0"},
				"west": {"uv": [1.125, 7.875, 1.25, 8.5625], "texture": "#0"},
				"up": {"uv": [13.25, 3, 13.125, 2.875], "texture": "#0"},
				"down": {"uv": [13.25, 4.625, 13.125, 4.75], "texture": "#0"}
			}
		},
		{
			"from": [15.75, 13, -7.625],
			"to": [16.75, 18.5, -6.5],
			"rotation": {"angle": 22.5, "axis": "x", "origin": [16.25, 14.25, -8.25]},
			"faces": {
				"north": {"uv": [10.75, 2.25, 10.875, 2.9375], "texture": "#0"},
				"east": {"uv": [2.875, 13.25, 3, 13.9375], "texture": "#0"},
				"south": {"uv": [3.75, 13.625, 3.875, 14.3125], "texture": "#0"},
				"west": {"uv": [3.875, 13.625, 4, 14.3125], "texture": "#0"},
				"up": {"uv": [6.125, 13.75, 6, 13.625], "texture": "#0"},
				"down": {"uv": [13.875, 3.875, 13.75, 4], "texture": "#0"}
			}
		},
		{
			"from": [0.25, 13, -7.125],
			"to": [15.75, 18.5, -7],
			"rotation": {"angle": 22.5, "axis": "x", "origin": [15.25, 14.25, -8.25]},
			"faces": {
				"north": {"uv": [3.875, 6.25, 5.8125, 6.9375], "texture": "#0"},
				"east": {"uv": [0.75, 14, 0.8125, 14.6875], "texture": "#0"},
				"south": {"uv": [5.875, 6.25, 7.8125, 6.9375], "texture": "#0"},
				"west": {"uv": [0.875, 14, 0.9375, 14.6875], "texture": "#0"},
				"up": {"uv": [14.9375, 6.6875, 13, 6.625], "texture": "#0"},
				"down": {"uv": [15.0625, 4.5, 13.125, 4.5625], "texture": "#0"}
			}
		},
		{
			"from": [0.25, 13, 23.375],
			"to": [15.75, 18.5, 23.375],
			"rotation": {"angle": -22.5, "axis": "x", "origin": [15.25, 14.25, 24.5]},
			"faces": {
				"north": {"uv": [7, 0, 8.9375, 0.6875], "texture": "#0"},
				"east": {"uv": [0, 0, 0, 0.6875], "texture": "#0"},
				"south": {"uv": [7, 0.75, 8.9375, 1.4375], "texture": "#0"},
				"west": {"uv": [0, 0, 0, 0.6875], "texture": "#0"},
				"up": {"uv": [1.9375, 0, 0, 0], "texture": "#0"},
				"down": {"uv": [1.9375, 0, 0, 0], "texture": "#0"}
			}
		},
		{
			"from": [16.1875, 12.43138, -4.82887],
			"to": [16.3125, 17.93138, 22.67113],
			"rotation": {"angle": 0, "axis": "y", "origin": [16.25, 15.18138, 2.92113]},
			"faces": {
				"north": {"uv": [1, 14, 1.0625, 14.6875], "texture": "#0"},
				"east": {"uv": [3.5, 0, 6.9375, 0.6875], "texture": "#0"},
				"south": {"uv": [1.125, 14, 1.1875, 14.6875], "texture": "#0"},
				"west": {"uv": [3.5, 0.75, 6.9375, 1.4375], "texture": "#0"},
				"up": {"uv": [3.0625, 15.1875, 3, 11.75], "texture": "#0"},
				"down": {"uv": [11.4375, 12, 11.375, 15.4375], "texture": "#0"}
			}
		},
		{
			"from": [16.1875, 12.43138, -6.32887],
			"to": [16.3125, 17.68138, -4.32887],
			"rotation": {"angle": 22.5, "axis": "x", "origin": [16.25, 15.05638, -5.32887]},
			"faces": {
				"north": {"uv": [7.875, 14, 7.9375, 14.625], "texture": "#0"},
				"east": {"uv": [12.625, 5.625, 12.875, 6.25], "texture": "#0"},
				"south": {"uv": [8, 14, 8.0625, 14.625], "texture": "#0"},
				"west": {"uv": [6.375, 12.625, 6.625, 13.25], "texture": "#0"},
				"up": {"uv": [14.3125, 4.25, 14.25, 4], "texture": "#0"},
				"down": {"uv": [14.3125, 4.75, 14.25, 5], "texture": "#0"}
			}
		},
		{
			"from": [-0.3125, 12.43138, -6.32887],
			"to": [-0.1875, 17.68138, -4.32887],
			"rotation": {"angle": 22.5, "axis": "x", "origin": [-0.25, 15.05638, -5.32887]},
			"faces": {
				"north": {"uv": [8.125, 14, 8.1875, 14.625], "texture": "#0"},
				"east": {"uv": [6.625, 12.625, 6.875, 13.25], "texture": "#0"},
				"south": {"uv": [8.25, 14, 8.3125, 14.625], "texture": "#0"},
				"west": {"uv": [7.625, 12.625, 7.875, 13.25], "texture": "#0"},
				"up": {"uv": [14.3125, 5.875, 14.25, 5.625], "texture": "#0"},
				"down": {"uv": [6.6875, 14.25, 6.625, 14.5], "texture": "#0"}
			}
		},
		{
			"from": [-0.3125, 12.43138, -4.82887],
			"to": [-0.1875, 17.93138, 22.67113],
			"rotation": {"angle": 0, "axis": "y", "origin": [-0.25, 15.18138, 2.92113]},
			"faces": {
				"north": {"uv": [1.25, 14, 1.3125, 14.6875], "texture": "#0"},
				"east": {"uv": [3.5, 1.5, 6.9375, 2.1875], "texture": "#0"},
				"south": {"uv": [1.375, 14, 1.4375, 14.6875], "texture": "#0"},
				"west": {"uv": [3.5, 2.25, 6.9375, 2.9375], "texture": "#0"},
				"up": {"uv": [11.5625, 15.4375, 11.5, 12], "texture": "#0"},
				"down": {"uv": [11.6875, 12, 11.625, 15.4375], "texture": "#0"}
			}
		},
		{
			"from": [15.75, 13, -4.625],
			"to": [16.75, 18.5, -4],
			"rotation": {"angle": 22.5, "axis": "x", "origin": [16.25, 14.25, -5.25]},
			"faces": {
				"north": {"uv": [4, 13.625, 4.125, 14.3125], "texture": "#0"},
				"east": {"uv": [11.25, 13.75, 11.3125, 14.4375], "texture": "#0"},
				"south": {"uv": [4.125, 13.625, 4.25, 14.3125], "texture": "#0"},
				"west": {"uv": [13.875, 10.25, 13.9375, 10.9375], "texture": "#0"},
				"up": {"uv": [14.375, 12.0625, 14.25, 12], "texture": "#0"},
				"down": {"uv": [14.375, 12.125, 14.25, 12.1875], "texture": "#0"}
			}
		},
		{
			"from": [15.75, 12.52705, 3.37766],
			"to": [16.75, 17.52705, 4.00266],
			"rotation": {"angle": 0, "axis": "x", "origin": [16.25, 15.27705, 3.69016]},
			"faces": {
				"north": {"uv": [9.25, 11.125, 9.375, 11.75], "texture": "#0"},
				"east": {"uv": [2.875, 14, 2.9375, 14.625], "texture": "#0"},
				"south": {"uv": [10.125, 11.375, 10.25, 12], "texture": "#0"},
				"west": {"uv": [3.125, 14, 3.1875, 14.625], "texture": "#0"},
				"up": {"uv": [12.375, 14.3125, 12.25, 14.25], "texture": "#0"},
				"down": {"uv": [14.375, 12.25, 14.25, 12.3125], "texture": "#0"}
			}
		},
		{
			"from": [15.75, 12.52705, 14.37766],
			"to": [16.75, 17.52705, 15.00266],
			"rotation": {"angle": 0, "axis": "x", "origin": [16.25, 15.27705, 14.69016]},
			"faces": {
				"north": {"uv": [6.875, 12.625, 7, 13.25], "texture": "#0"},
				"east": {"uv": [3.25, 14, 3.3125, 14.625], "texture": "#0"},
				"south": {"uv": [6.625, 13.625, 6.75, 14.25], "texture": "#0"},
				"west": {"uv": [5, 14, 5.0625, 14.625], "texture": "#0"},
				"up": {"uv": [12.5, 14.3125, 12.375, 14.25], "texture": "#0"},
				"down": {"uv": [12.625, 14.25, 12.5, 14.3125], "texture": "#0"}
			}
		},
		{
			"from": [15.75, 12.52705, 8.87766],
			"to": [16.75, 17.52705, 9.50266],
			"rotation": {"angle": 0, "axis": "x", "origin": [16.25, 15.27705, 9.19016]},
			"faces": {
				"north": {"uv": [7.5, 13.625, 7.625, 14.25], "texture": "#0"},
				"east": {"uv": [5.125, 14, 5.1875, 14.625], "texture": "#0"},
				"south": {"uv": [9.5, 13.625, 9.625, 14.25], "texture": "#0"},
				"west": {"uv": [5.25, 14, 5.3125, 14.625], "texture": "#0"},
				"up": {"uv": [12.75, 14.3125, 12.625, 14.25], "texture": "#0"},
				"down": {"uv": [12.875, 14.25, 12.75, 14.3125], "texture": "#0"}
			}
		},
		{
			"from": [15.75, 12.52705, 22.62766],
			"to": [16.75, 17.52705, 23.25266],
			"rotation": {"angle": 0, "axis": "x", "origin": [16.25, 15.27705, 22.94016]},
			"faces": {
				"north": {"uv": [2.75, 13.75, 2.875, 14.375], "texture": "#0"},
				"east": {"uv": [5.375, 14, 5.4375, 14.625], "texture": "#0"},
				"south": {"uv": [8.625, 13.75, 8.75, 14.375], "texture": "#0"},
				"west": {"uv": [5.5, 14, 5.5625, 14.625], "texture": "#0"},
				"up": {"uv": [13, 14.3125, 12.875, 14.25], "texture": "#0"},
				"down": {"uv": [14.375, 13, 14.25, 13.0625], "texture": "#0"}
			}
		},
		{
			"from": [15.75, 12.52705, 18.62766],
			"to": [16.75, 17.52705, 19.25266],
			"rotation": {"angle": 0, "axis": "x", "origin": [16.25, 15.27705, 18.94016]},
			"faces": {
				"north": {"uv": [8.75, 13.75, 8.875, 14.375], "texture": "#0"},
				"east": {"uv": [5.625, 14, 5.6875, 14.625], "texture": "#0"},
				"south": {"uv": [8.875, 13.75, 9, 14.375], "texture": "#0"},
				"west": {"uv": [5.75, 14, 5.8125, 14.625], "texture": "#0"},
				"up": {"uv": [14.375, 13.1875, 14.25, 13.125], "texture": "#0"},
				"down": {"uv": [14.375, 13.25, 14.25, 13.3125], "texture": "#0"}
			}
		},
		{
			"from": [-0.75, 12.52705, 18.62766],
			"to": [0.25, 17.52705, 19.25266],
			"rotation": {"angle": 0, "axis": "x", "origin": [-0.25, 15.27705, 18.94016]},
			"faces": {
				"north": {"uv": [10.375, 13.75, 10.5, 14.375], "texture": "#0"},
				"east": {"uv": [7.25, 14, 7.3125, 14.625], "texture": "#0"},
				"south": {"uv": [10.5, 13.75, 10.625, 14.375], "texture": "#0"},
				"west": {"uv": [7.375, 14, 7.4375, 14.625], "texture": "#0"},
				"up": {"uv": [14.5, 2.4375, 14.375, 2.375], "texture": "#0"},
				"down": {"uv": [14.5, 2.5, 14.375, 2.5625], "texture": "#0"}
			}
		},
		{
			"from": [-0.75, 13, -7.625],
			"to": [0.25, 18.5, -6.5],
			"rotation": {"angle": 22.5, "axis": "x", "origin": [-0.25, 14.25, -8.25]},
			"faces": {
				"north": {"uv": [4.5, 13.625, 4.625, 14.3125], "texture": "#0"},
				"east": {"uv": [4.625, 13.625, 4.75, 14.3125], "texture": "#0"},
				"south": {"uv": [4.75, 13.625, 4.875, 14.3125], "texture": "#0"},
				"west": {"uv": [4.875, 13.625, 5, 14.3125], "texture": "#0"},
				"up": {"uv": [14.375, 2.875, 14.25, 2.75], "texture": "#0"},
				"down": {"uv": [14.375, 2.875, 14.25, 3], "texture": "#0"}
			}
		},
		{
			"from": [-0.75, 13, -4.625],
			"to": [0.25, 18.5, -4],
			"rotation": {"angle": 22.5, "axis": "x", "origin": [-0.25, 14.25, -5.25]},
			"faces": {
				"north": {"uv": [4.25, 13.625, 4.375, 14.3125], "texture": "#0"},
				"east": {"uv": [13.875, 12.125, 13.9375, 12.8125], "texture": "#0"},
				"south": {"uv": [4.375, 13.625, 4.5, 14.3125], "texture": "#0"},
				"west": {"uv": [13.875, 12.875, 13.9375, 13.5625], "texture": "#0"},
				"up": {"uv": [1.875, 14.4375, 1.75, 14.375], "texture": "#0"},
				"down": {"uv": [2, 14.375, 1.875, 14.4375], "texture": "#0"}
			}
		},
		{
			"from": [-0.75, 12.52705, 3.37766],
			"to": [0.25, 17.52705, 4.00266],
			"rotation": {"angle": 0, "axis": "x", "origin": [-0.25, 15.27705, 3.69016]},
			"faces": {
				"north": {"uv": [10.125, 13.75, 10.25, 14.375], "texture": "#0"},
				"east": {"uv": [7, 14, 7.0625, 14.625], "texture": "#0"},
				"south": {"uv": [10.25, 13.75, 10.375, 14.375], "texture": "#0"},
				"west": {"uv": [7.125, 14, 7.1875, 14.625], "texture": "#0"},
				"up": {"uv": [0.625, 14.4375, 0.5, 14.375], "texture": "#0"},
				"down": {"uv": [0.75, 14.375, 0.625, 14.4375], "texture": "#0"}
			}
		},
		{
			"from": [-0.75, 12.52705, 8.87766],
			"to": [0.25, 17.52705, 9.50266],
			"rotation": {"angle": 0, "axis": "x", "origin": [-0.25, 15.27705, 9.19016]},
			"faces": {
				"north": {"uv": [9.875, 13.75, 10, 14.375], "texture": "#0"},
				"east": {"uv": [6.375, 14, 6.4375, 14.625], "texture": "#0"},
				"south": {"uv": [10, 13.75, 10.125, 14.375], "texture": "#0"},
				"west": {"uv": [6.5, 14, 6.5625, 14.625], "texture": "#0"},
				"up": {"uv": [14.25, 14.3125, 14.125, 14.25], "texture": "#0"},
				"down": {"uv": [14.375, 14.25, 14.25, 14.3125], "texture": "#0"}
			}
		},
		{
			"from": [-0.75, 12.52705, 14.37766],
			"to": [0.25, 17.52705, 15.00266],
			"rotation": {"angle": 0, "axis": "x", "origin": [-0.25, 15.27705, 14.69016]},
			"faces": {
				"north": {"uv": [9.625, 13.75, 9.75, 14.375], "texture": "#0"},
				"east": {"uv": [6.125, 14, 6.1875, 14.625], "texture": "#0"},
				"south": {"uv": [9.75, 13.75, 9.875, 14.375], "texture": "#0"},
				"west": {"uv": [6.25, 14, 6.3125, 14.625], "texture": "#0"},
				"up": {"uv": [14.375, 13.6875, 14.25, 13.625], "texture": "#0"},
				"down": {"uv": [14.125, 14.25, 14, 14.3125], "texture": "#0"}
			}
		},
		{
			"from": [-0.75, 12.52705, 22.62766],
			"to": [0.25, 17.52705, 23.25266],
			"rotation": {"angle": 0, "axis": "x", "origin": [-0.25, 15.27705, 22.94016]},
			"faces": {
				"north": {"uv": [9, 13.75, 9.125, 14.375], "texture": "#0"},
				"east": {"uv": [5.875, 14, 5.9375, 14.625], "texture": "#0"},
				"south": {"uv": [9.125, 13.75, 9.25, 14.375], "texture": "#0"},
				"west": {"uv": [6, 14, 6.0625, 14.625], "texture": "#0"},
				"up": {"uv": [14.375, 13.4375, 14.25, 13.375], "texture": "#0"},
				"down": {"uv": [14.375, 13.5, 14.25, 13.5625], "texture": "#0"}
			}
		},
		{
			"from": [-0.75, 9, 23],
			"to": [16.75, 13, 25.125],
			"rotation": {"angle": -22.5, "axis": "x", "origin": [8, 10.25, 24.25]},
			"faces": {
				"north": {"uv": [7.625, 7.5, 9.8125, 8], "texture": "#0"},
				"east": {"uv": [11.75, 12.625, 12, 13.125], "texture": "#0"},
				"south": {"uv": [7.875, 6, 10.0625, 6.5], "texture": "#0"},
				"west": {"uv": [11.125, 12.875, 11.375, 13.375], "texture": "#0"},
				"up": {"uv": [12.0625, 4.125, 9.875, 3.875], "texture": "#0"},
				"down": {"uv": [12.0625, 4.125, 9.875, 4.375], "texture": "#0"}
			}
		},
		{
			"from": [13.75, 12.46578, 22.7098],
			"to": [16.25, 17.46578, 23.8348],
			"rotation": {"angle": 0, "axis": "x", "origin": [15, 14.96578, 23.2723]},
			"faces": {
				"north": {"uv": [12.125, 7.125, 12.4375, 7.75], "texture": "#0"},
				"east": {"uv": [10.625, 13.75, 10.75, 14.375], "texture": "#0"},
				"south": {"uv": [12.25, 2.375, 12.5625, 3], "texture": "#0"},
				"west": {"uv": [10.75, 13.75, 10.875, 14.375], "texture": "#0"},
				"up": {"uv": [13.8125, 9.25, 13.5, 9.125], "texture": "#0"},
				"down": {"uv": [13.9375, 0.375, 13.625, 0.5], "texture": "#0"}
			}
		},
		{
			"from": [-0.25, 12.46578, 22.7098],
			"to": [2.25, 17.46578, 23.8348],
			"rotation": {"angle": 0, "axis": "x", "origin": [1, 14.96578, 23.2723]},
			"faces": {
				"north": {"uv": [8.875, 12.25, 9.1875, 12.875], "texture": "#0"},
				"east": {"uv": [10.875, 13.75, 11, 14.375], "texture": "#0"},
				"south": {"uv": [9.75, 12.25, 10.0625, 12.875], "texture": "#0"},
				"west": {"uv": [11, 13.75, 11.125, 14.375], "texture": "#0"},
				"up": {"uv": [14.1875, 3.5, 13.875, 3.375], "texture": "#0"},
				"down": {"uv": [14.1875, 6.5, 13.875, 6.625], "texture": "#0"}
			}
		},
		{
			"from": [-2.25, 2.5, -10.25],
			"to": [18.25, 4.25, -6.75],
			"rotation": {"angle": 0, "axis": "y", "origin": [0, 0, -0.5]},
			"faces": {
				"north": {"uv": [9, 0, 11.5625, 0.25], "texture": "#0"},
				"east": {"uv": [3.875, 6, 4.3125, 6.25], "texture": "#0"},
				"south": {"uv": [9, 0.25, 11.5625, 0.5], "texture": "#0"},
				"west": {"uv": [7.125, 6, 7.5625, 6.25], "texture": "#0"},
				"up": {"uv": [5.6875, 7.4375, 3.125, 7], "texture": "#0"},
				"down": {"uv": [8.3125, 7, 5.75, 7.4375], "texture": "#0"}
			}
		},
		{
			"from": [-2.25, 2.5, 22.75],
			"to": [18.25, 4.25, 26.25],
			"rotation": {"angle": 0, "axis": "y", "origin": [0, 0, 16.5]},
			"faces": {
				"north": {"uv": [9, 0.5, 11.5625, 0.75], "texture": "#0"},
				"east": {"uv": [12.125, 10.25, 12.5625, 10.5], "texture": "#0"},
				"south": {"uv": [9, 0.75, 11.5625, 1], "texture": "#0"},
				"west": {"uv": [12.25, 1, 12.6875, 1.25], "texture": "#0"},
				"up": {"uv": [9.6875, 5.4375, 7.125, 5], "texture": "#0"},
				"down": {"uv": [9.6875, 5.5, 7.125, 5.9375], "texture": "#0"}
			}
		},
		{
			"from": [-2.25, 1.5, 17.25],
			"to": [-0.4, 5, 20.75],
			"rotation": {"angle": 0, "axis": "y", "origin": [1.5, 0, 16]},
			"faces": {
				"north": {"uv": [12.75, 8.75, 13.0625, 9.1875], "texture": "#0"},
				"east": {"uv": [12.375, 0, 12.8125, 0.4375], "texture": "#0"},
				"south": {"uv": [12.75, 10.875, 13.0625, 11.3125], "texture": "#0"},
				"west": {"uv": [1, 12.375, 1.4375, 12.8125], "texture": "#0"},
				"up": {"uv": [13.0625, 12.8125, 12.75, 12.375], "texture": "#0"},
				"down": {"uv": [13.1875, 0, 12.875, 0.4375], "texture": "#0"}
			}
		},
		{
			"from": [-2, -0.125, 17.75],
			"to": [0, 6.625, 20.25],
			"rotation": {"angle": -45, "axis": "x", "origin": [-1, 3.25, 19]},
			"faces": {
				"north": {"uv": [11.875, 1.5, 12.125, 2.375], "texture": "#0"},
				"east": {"uv": [0.75, 11.25, 1.0625, 12.125], "texture": "#0"},
				"south": {"uv": [5.375, 11.875, 5.625, 12.75], "texture": "#0"},
				"west": {"uv": [11.25, 2.25, 11.5625, 3.125], "texture": "#0"},
				"up": {"uv": [13.875, 7.4375, 13.625, 7.125], "texture": "#0"},
				"down": {"uv": [7.5, 13.625, 7.25, 13.9375], "texture": "#0"}
			}
		},
		{
			"from": [-2, -0.125, 17.75],
			"to": [0, 6.625, 20.25],
			"rotation": {"angle": 45, "axis": "x", "origin": [-1, 3.25, 19]},
			"faces": {
				"north": {"uv": [5.625, 11.875, 5.875, 12.75], "texture": "#0"},
				"east": {"uv": [3.125, 11.375, 3.4375, 12.25], "texture": "#0"},
				"south": {"uv": [5.875, 11.875, 6.125, 12.75], "texture": "#0"},
				"west": {"uv": [3.5, 11.375, 3.8125, 12.25], "texture": "#0"},
				"up": {"uv": [8.125, 13.9375, 7.875, 13.625], "texture": "#0"},
				"down": {"uv": [8.375, 13.625, 8.125, 13.9375], "texture": "#0"}
			}
		},
		{
			"from": [-2, 1.75, 15.75],
			"to": [0, 4.75, 22.25],
			"rotation": {"angle": 0, "axis": "x", "origin": [-1, 3.25, 19]},
			"faces": {
				"north": {"uv": [0.75, 13.625, 1, 14], "texture": "#0"},
				"east": {"uv": [10.25, 10.5, 11.0625, 10.875], "texture": "#0"},
				"south": {"uv": [13.625, 1, 13.875, 1.375], "texture": "#0"},
				"west": {"uv": [5.375, 10.625, 6.1875, 11], "texture": "#0"},
				"up": {"uv": [3.625, 13.0625, 3.375, 12.25], "texture": "#0"},
				"down": {"uv": [3.875, 12.25, 3.625, 13.0625], "texture": "#0"}
			}
		},
		{
			"from": [-2, 0, 17.5],
			"to": [0, 6.5, 20.5],
			"rotation": {"angle": 0, "axis": "y", "origin": [1.5, 0, 16]},
			"faces": {
				"north": {"uv": [3.875, 12.25, 4.125, 13.0625], "texture": "#0"},
				"east": {"uv": [6.25, 10.625, 6.625, 11.4375], "texture": "#0"},
				"south": {"uv": [4.125, 12.25, 4.375, 13.0625], "texture": "#0"},
				"west": {"uv": [6.625, 10.625, 7, 11.4375], "texture": "#0"},
				"up": {"uv": [13.875, 1.75, 13.625, 1.375], "texture": "#0"},
				"down": {"uv": [13.875, 1.75, 13.625, 2.125], "texture": "#0"}
			}
		},
		{
			"from": [16, 0, 17.5],
			"to": [18, 6.5, 20.5],
			"rotation": {"angle": 0, "axis": "y", "origin": [14.5, 0, 16]},
			"faces": {
				"north": {"uv": [8.375, 12.25, 8.625, 13.0625], "texture": "#0"},
				"east": {"uv": [10.875, 2.25, 11.25, 3.0625], "texture": "#0"},
				"south": {"uv": [8.625, 12.25, 8.875, 13.0625], "texture": "#0"},
				"west": {"uv": [2.75, 10.875, 3.125, 11.6875], "texture": "#0"},
				"up": {"uv": [3.375, 14, 3.125, 13.625], "texture": "#0"},
				"down": {"uv": [13.875, 3.125, 13.625, 3.5], "texture": "#0"}
			}
		},
		{
			"from": [16, -0.125, 17.75],
			"to": [18, 6.625, 20.25],
			"rotation": {"angle": 45, "axis": "x", "origin": [17, 3.25, 19]},
			"faces": {
				"north": {"uv": [10.125, 12, 10.375, 12.875], "texture": "#0"},
				"east": {"uv": [8.125, 11.375, 8.4375, 12.25], "texture": "#0"},
				"south": {"uv": [10.375, 12, 10.625, 12.875], "texture": "#0"},
				"west": {"uv": [8.5, 11.375, 8.8125, 12.25], "texture": "#0"},
				"up": {"uv": [13.75, 13.9375, 13.5, 13.625], "texture": "#0"},
				"down": {"uv": [2, 13.75, 1.75, 14.0625], "texture": "#0"}
			}
		},
		{
			"from": [16.4, 1.5, 17.25],
			"to": [18.25, 5, 20.75],
			"rotation": {"angle": 0, "axis": "y", "origin": [14.5, 0, 16]},
			"faces": {
				"north": {"uv": [1, 12.875, 1.3125, 13.3125], "texture": "#0"},
				"east": {"uv": [12.375, 1.375, 12.8125, 1.8125], "texture": "#0"},
				"south": {"uv": [1.375, 12.875, 1.6875, 13.3125], "texture": "#0"},
				"west": {"uv": [1.5, 12.375, 1.9375, 12.8125], "texture": "#0"},
				"up": {"uv": [13.1875, 1.8125, 12.875, 1.375], "texture": "#0"},
				"down": {"uv": [2.0625, 12.875, 1.75, 13.3125], "texture": "#0"}
			}
		},
		{
			"from": [16, -0.125, 17.75],
			"to": [18, 6.625, 20.25],
			"rotation": {"angle": -45, "axis": "x", "origin": [17, 3.25, 19]},
			"faces": {
				"north": {"uv": [11.875, 5.875, 12.125, 6.75], "texture": "#0"},
				"east": {"uv": [3.875, 11.375, 4.1875, 12.25], "texture": "#0"},
				"south": {"uv": [2.125, 12, 2.375, 12.875], "texture": "#0"},
				"west": {"uv": [4.25, 11.375, 4.5625, 12.25], "texture": "#0"},
				"up": {"uv": [8.625, 13.9375, 8.375, 13.625], "texture": "#0"},
				"down": {"uv": [9.5, 13.625, 9.25, 13.9375], "texture": "#0"}
			}
		},
		{
			"from": [16, 1.75, 15.75],
			"to": [18, 4.75, 22.25],
			"rotation": {"angle": 0, "axis": "x", "origin": [17, 3.25, 19]},
			"faces": {
				"north": {"uv": [13.625, 2.125, 13.875, 2.5], "texture": "#0"},
				"east": {"uv": [10.75, 1.5, 11.5625, 1.875], "texture": "#0"},
				"south": {"uv": [13.625, 2.5, 13.875, 2.875], "texture": "#0"},
				"west": {"uv": [10.75, 1.875, 11.5625, 2.25], "texture": "#0"},
				"up": {"uv": [4.625, 13.0625, 4.375, 12.25], "texture": "#0"},
				"down": {"uv": [8.375, 12.25, 8.125, 13.0625], "texture": "#0"}
			}
		},
		{
			"from": [-2, 0, -4.5],
			"to": [0, 6.5, -1.5],
			"rotation": {"angle": 0, "axis": "y", "origin": [1.5, 0, 0]},
			"faces": {
				"north": {"uv": [0, 12.125, 0.25, 12.9375], "texture": "#0"},
				"east": {"uv": [0, 10.375, 0.375, 11.1875], "texture": "#0"},
				"south": {"uv": [12.125, 0, 12.375, 0.8125], "texture": "#0"},
				"west": {"uv": [0.375, 10.375, 0.75, 11.1875], "texture": "#0"},
				"up": {"uv": [11.75, 7.75, 11.5, 7.375], "texture": "#0"},
				"down": {"uv": [11.875, 2.625, 11.625, 3], "texture": "#0"}
			}
		},
		{
			"from": [-2.25, 1.5, -4.75],
			"to": [-0.4, 5, -1.25],
			"rotation": {"angle": 0, "axis": "y", "origin": [1.5, 0, 0]},
			"faces": {
				"north": {"uv": [12.625, 6.25, 12.9375, 6.6875], "texture": "#0"},
				"east": {"uv": [7.875, 6.5, 8.3125, 6.9375], "texture": "#0"},
				"south": {"uv": [9.25, 12.625, 9.5625, 13.0625], "texture": "#0"},
				"west": {"uv": [12.25, 8, 12.6875, 8.4375], "texture": "#0"},
				"up": {"uv": [12.9375, 11.8125, 12.625, 11.375], "texture": "#0"},
				"down": {"uv": [12.9375, 11.875, 12.625, 12.3125], "texture": "#0"}
			}
		},
		{
			"from": [-2, 1.75, -6.25],
			"to": [0, 4.75, 0.25],
			"rotation": {"angle": 0, "axis": "x", "origin": [-1, 3.25, -3]},
			"faces": {
				"north": {"uv": [12.125, 4, 12.375, 4.375], "texture": "#0"},
				"east": {"uv": [3.875, 5.625, 4.6875, 6], "texture": "#0"},
				"south": {"uv": [2.125, 12.875, 2.375, 13.25], "texture": "#0"},
				"west": {"uv": [10.375, 9.875, 11.1875, 10.25], "texture": "#0"},
				"up": {"uv": [0.5, 12.9375, 0.25, 12.125], "texture": "#0"},
				"down": {"uv": [0.75, 12.125, 0.5, 12.9375], "texture": "#0"}
			}
		},
		{
			"from": [-2, -0.125, -4.25],
			"to": [0, 6.625, -1.75],
			"rotation": {"angle": 45, "axis": "x", "origin": [-1, 3.25, -3]},
			"faces": {
				"north": {"uv": [7.875, 11.75, 8.125, 12.625], "texture": "#0"},
				"east": {"uv": [5.75, 11, 6.0625, 11.875], "texture": "#0"},
				"south": {"uv": [9.25, 11.75, 9.5, 12.625], "texture": "#0"},
				"west": {"uv": [10.25, 11.125, 10.5625, 12], "texture": "#0"},
				"up": {"uv": [5.5, 13.9375, 5.25, 13.625], "texture": "#0"},
				"down": {"uv": [5.75, 13.625, 5.5, 13.9375], "texture": "#0"}
			}
		},
		{
			"from": [-2, -0.125, -4.25],
			"to": [0, 6.625, -1.75],
			"rotation": {"angle": -45, "axis": "x", "origin": [-1, 3.25, -3]},
			"faces": {
				"north": {"uv": [11.625, 0, 11.875, 0.875], "texture": "#0"},
				"east": {"uv": [9.375, 10.875, 9.6875, 11.75], "texture": "#0"},
				"south": {"uv": [7.625, 11.75, 7.875, 12.625], "texture": "#0"},
				"west": {"uv": [5.375, 11, 5.6875, 11.875], "texture": "#0"},
				"up": {"uv": [13.875, 4.9375, 13.625, 4.625], "texture": "#0"},
				"down": {"uv": [5.25, 13.625, 5, 13.9375], "texture": "#0"}
			}
		},
		{
			"from": [16.4, 1.5, -4.75],
			"to": [18.25, 5, -1.25],
			"rotation": {"angle": 0, "axis": "y", "origin": [14.5, 0, 0]},
			"faces": {
				"north": {"uv": [2.375, 12.75, 2.6875, 13.1875], "texture": "#0"},
				"east": {"uv": [12.25, 8.75, 12.6875, 9.1875], "texture": "#0"},
				"south": {"uv": [5.375, 12.75, 5.6875, 13.1875], "texture": "#0"},
				"west": {"uv": [12.25, 10.875, 12.6875, 11.3125], "texture": "#0"},
				"up": {"uv": [6.0625, 13.1875, 5.75, 12.75], "texture": "#0"},
				"down": {"uv": [13.0625, 8, 12.75, 8.4375], "texture": "#0"}
			}
		},
		{
			"from": [16, 0, -4.5],
			"to": [18, 6.5, -1.5],
			"rotation": {"angle": 0, "axis": "y", "origin": [14.5, 0, 0]},
			"faces": {
				"north": {"uv": [12.125, 5.625, 12.375, 6.4375], "texture": "#0"},
				"east": {"uv": [0.75, 10.375, 1.125, 11.1875], "texture": "#0"},
				"south": {"uv": [3.125, 12.25, 3.375, 13.0625], "texture": "#0"},
				"west": {"uv": [9.875, 10.5, 10.25, 11.3125], "texture": "#0"},
				"up": {"uv": [6.375, 13.75, 6.125, 13.375], "texture": "#0"},
				"down": {"uv": [11.375, 13.375, 11.125, 13.75], "texture": "#0"}
			}
		},
		{
			"from": [16, -0.125, -4.25],
			"to": [18, 6.625, -1.75],
			"rotation": {"angle": 45, "axis": "x", "origin": [17, 3.25, -3]},
			"faces": {
				"north": {"uv": [9.5, 11.75, 9.75, 12.625], "texture": "#0"},
				"east": {"uv": [10.625, 11.125, 10.9375, 12], "texture": "#0"},
				"south": {"uv": [11.75, 10.875, 12, 11.75], "texture": "#0"},
				"west": {"uv": [11, 11.125, 11.3125, 12], "texture": "#0"},
				"up": {"uv": [13.875, 5.9375, 13.625, 5.625], "texture": "#0"},
				"down": {"uv": [6, 13.625, 5.75, 13.9375], "texture": "#0"}
			}
		},
		{
			"from": [16, 1.75, -6.25],
			"to": [18, 4.75, 0.25],
			"rotation": {"angle": 0, "axis": "x", "origin": [17, 3.25, -3]},
			"faces": {
				"north": {"uv": [2.75, 12.875, 3, 13.25], "texture": "#0"},
				"east": {"uv": [8.125, 10.5, 8.9375, 10.875], "texture": "#0"},
				"south": {"uv": [13, 1, 13.25, 1.375], "texture": "#0"},
				"west": {"uv": [9, 10.5, 9.8125, 10.875], "texture": "#0"},
				"up": {"uv": [1, 12.9375, 0.75, 12.125], "texture": "#0"},
				"down": {"uv": [12.375, 1.5, 12.125, 2.3125], "texture": "#0"}
			}
		},
		{
			"from": [16, -0.125, -4.25],
			"to": [18, 6.625, -1.75],
			"rotation": {"angle": -45, "axis": "x", "origin": [17, 3.25, -3]},
			"faces": {
				"north": {"uv": [11.75, 11.75, 12, 12.625], "texture": "#0"},
				"east": {"uv": [0, 11.25, 0.3125, 12.125], "texture": "#0"},
				"south": {"uv": [11.875, 0, 12.125, 0.875], "texture": "#0"},
				"west": {"uv": [0.375, 11.25, 0.6875, 12.125], "texture": "#0"},
				"up": {"uv": [6.625, 13.9375, 6.375, 13.625], "texture": "#0"},
				"down": {"uv": [7.25, 13.625, 7, 13.9375], "texture": "#0"}
			}
		},
		{
			"from": [1, 3, -7.5],
			"to": [15, 3.5, 24],
			"rotation": {"angle": 0, "axis": "y", "origin": [7, 1.5, 0]},
			"faces": {
				"north": {"uv": [13.125, 8.5, 14.875, 8.5625], "texture": "#0"},
				"east": {"uv": [10.25, 7, 14.1875, 7.0625], "texture": "#0"},
				"south": {"uv": [13.125, 11.25, 14.875, 11.3125], "texture": "#0"},
				"west": {"uv": [10.75, 5.5, 14.6875, 5.5625], "texture": "#0"},
				"up": {"uv": [1.75, 3.9375, 0, 0], "texture": "#0"},
				"down": {"uv": [3.5, 0, 1.75, 3.9375], "texture": "#0"}
			}
		},
		{
			"from": [7, 3.25, 3.25],
			"to": [9, 11.5, 5.25],
			"rotation": {"angle": 0, "axis": "y", "origin": [7, 8.5, -4]},
			"faces": {
				"north": {"uv": [6.5, 11.5, 6.75, 12.5625], "texture": "#0"},
				"east": {"uv": [6.75, 11.5, 7, 12.5625], "texture": "#0"},
				"south": {"uv": [11.625, 1.5, 11.875, 2.5625], "texture": "#0"},
				"west": {"uv": [2.75, 11.75, 3, 12.8125], "texture": "#0"},
				"up": {"uv": [7.875, 6.25, 7.625, 6], "texture": "#0"},
				"down": {"uv": [4.625, 11.125, 4.375, 11.375], "texture": "#0"}
			}
		},
		{
			"from": [7.5, 16.875, -5.25],
			"to": [8.5, 17.875, -2.75],
			"rotation": {"angle": 0, "axis": "y", "origin": [7, 18.5, -12]},
			"faces": {
				"north": {"uv": [14.25, 4.25, 14.375, 4.375], "texture": "#0"},
				"east": {"uv": [13.875, 6.875, 14.1875, 7], "texture": "#0"},
				"south": {"uv": [14.25, 6.5, 14.375, 6.625], "texture": "#0"},
				"west": {"uv": [13.875, 8.25, 14.1875, 8.375], "texture": "#0"},
				"up": {"uv": [14.125, 0.3125, 14, 0], "texture": "#0"},
				"down": {"uv": [8.5, 14, 8.375, 14.3125], "texture": "#0"}
			}
		},
		{
			"from": [6, 17.25, -2.75],
			"to": [10, 18, -2.25],
			"rotation": {"angle": 0, "axis": "y", "origin": [7, 18.75, -9.5]},
			"faces": {
				"north": {"uv": [3.125, 6.875, 3.625, 7], "texture": "#0"},
				"east": {"uv": [14.375, 2.75, 14.4375, 2.875], "texture": "#0"},
				"south": {"uv": [9.25, 7.375, 9.75, 7.5], "texture": "#0"},
				"west": {"uv": [14.375, 2.875, 14.4375, 3], "texture": "#0"},
				"up": {"uv": [14.375, 9.1875, 13.875, 9.125], "texture": "#0"},
				"down": {"uv": [14.5, 0.375, 14, 0.4375], "texture": "#0"}
			}
		},
		{
			"from": [7.625, 15.75, -2.75],
			"to": [8.375, 17.25, -2.25],
			"rotation": {"angle": 0, "axis": "y", "origin": [7, 18.75, -9.5]},
			"faces": {
				"north": {"uv": [12, 14.125, 12.125, 14.3125], "texture": "#0"},
				"east": {"uv": [7.75, 14.25, 7.8125, 14.4375], "texture": "#0"},
				"south": {"uv": [12.125, 14.125, 12.25, 14.3125], "texture": "#0"},
				"west": {"uv": [9.5, 14.25, 9.5625, 14.4375], "texture": "#0"},
				"up": {"uv": [3.875, 14.4375, 3.75, 14.375], "texture": "#0"},
				"down": {"uv": [14.5, 3.75, 14.375, 3.8125], "texture": "#0"}
			}
		},
		{
			"from": [5.625, 15.625, -2.5],
			"to": [6.375, 19.625, -2],
			"rotation": {"angle": 0, "axis": "z", "origin": [6, 17.625, -2.25]},
			"faces": {
				"north": {"uv": [9.75, 10.875, 9.875, 11.375], "texture": "#0"},
				"east": {"uv": [8.5, 14, 8.5625, 14.5], "texture": "#0"},
				"south": {"uv": [6.125, 11, 6.25, 11.5], "texture": "#0"},
				"west": {"uv": [14, 12.375, 14.0625, 12.875], "texture": "#0"},
				"up": {"uv": [14.5, 3.1875, 14.375, 3.125], "texture": "#0"},
				"down": {"uv": [14.5, 3.25, 14.375, 3.3125], "texture": "#0"}
			}
		},
		{
			"from": [9.625, 15.625, -2.5],
			"to": [10.375, 19.625, -2],
			"rotation": {"angle": 0, "axis": "z", "origin": [10, 17.625, -2.25]},
			"faces": {
				"north": {"uv": [2, 12.375, 2.125, 12.875], "texture": "#0"},
				"east": {"uv": [14, 12.875, 14.0625, 13.375], "texture": "#0"},
				"south": {"uv": [11.125, 13.75, 11.25, 14.25], "texture": "#0"},
				"west": {"uv": [14, 13.375, 14.0625, 13.875], "texture": "#0"},
				"up": {"uv": [3.5, 14.4375, 3.375, 14.375], "texture": "#0"},
				"down": {"uv": [14.5, 3.375, 14.375, 3.4375], "texture": "#0"}
			}
		},
		{
			"from": [6, 19.25, -2.5],
			"to": [10, 20, -2],
			"rotation": {"angle": 0, "axis": "z", "origin": [8, 17.625, -2.25]},
			"faces": {
				"north": {"uv": [13.375, 6.5, 13.875, 6.625], "texture": "#0"},
				"east": {"uv": [3.625, 14.375, 3.6875, 14.5], "texture": "#0"},
				"south": {"uv": [13.5, 4.375, 14, 4.5], "texture": "#0"},
				"west": {"uv": [14.375, 3.625, 14.4375, 3.75], "texture": "#0"},
				"up": {"uv": [14.5, 13.9375, 14, 13.875], "texture": "#0"},
				"down": {"uv": [14.5, 14, 14, 14.0625], "texture": "#0"}
			}
		},
		{
			"from": [6, 15.25, -2.5],
			"to": [10, 16, -2],
			"rotation": {"angle": 0, "axis": "z", "origin": [8, 17.625, -2.25]},
			"faces": {
				"north": {"uv": [12.125, 6.625, 12.625, 6.75], "texture": "#0"},
				"east": {"uv": [3.5, 14.375, 3.5625, 14.5], "texture": "#0"},
				"south": {"uv": [12.625, 2.875, 13.125, 3], "texture": "#0"},
				"west": {"uv": [14.375, 3.5, 14.4375, 3.625], "texture": "#0"},
				"up": {"uv": [14.5, 4.4375, 14, 4.375], "texture": "#0"},
				"down": {"uv": [14, 14, 13.5, 14.0625], "texture": "#0"}
			}
		},
		{
			"from": [12.625, 11.25, 7.125],
			"to": [13.125, 16.5, 7.75],
			"rotation": {"angle": -22.5, "axis": "x", "origin": [13.125, 15.875, 6.75]},
			"faces": {
				"north": {"uv": [1.5, 14, 1.5625, 14.6875], "texture": "#0"},
				"east": {"uv": [1.625, 14, 1.6875, 14.6875], "texture": "#0"},
				"south": {"uv": [2, 14, 2.0625, 14.6875], "texture": "#0"},
				"west": {"uv": [2.125, 14, 2.1875, 14.6875], "texture": "#0"},
				"up": {"uv": [3.9375, 14.4375, 3.875, 14.375], "texture": "#0"},
				"down": {"uv": [14.4375, 3.875, 14.375, 3.9375], "texture": "#0"}
			}
		},
		{
			"from": [2.875, 11.25, 7.125],
			"to": [3.375, 16.5, 7.75],
			"rotation": {"angle": -22.5, "axis": "x", "origin": [2.875, 15.875, 6.75]},
			"faces": {
				"north": {"uv": [2.25, 14, 2.3125, 14.6875], "texture": "#0"},
				"east": {"uv": [2.375, 14, 2.4375, 14.6875], "texture": "#0"},
				"south": {"uv": [2.5, 14, 2.5625, 14.6875], "texture": "#0"},
				"west": {"uv": [2.625, 14, 2.6875, 14.6875], "texture": "#0"},
				"up": {"uv": [4.0625, 14.4375, 4, 14.375], "texture": "#0"},
				"down": {"uv": [14.4375, 4, 14.375, 4.0625], "texture": "#0"}
			}
		},
		{
			"from": [3.5, 11.5, -0.5],
			"to": [12.5, 13.5, 9],
			"rotation": {"angle": 0, "axis": "y", "origin": [7, 11.5, -4]},
			"faces": {
				"north": {"uv": [8.125, 11.125, 9.25, 11.375], "texture": "#0"},
				"east": {"uv": [8.125, 10.875, 9.3125, 11.125], "texture": "#0"},
				"south": {"uv": [11.125, 8.25, 12.25, 8.5], "texture": "#0"},
				"west": {"uv": [10.25, 10.875, 11.4375, 11.125], "texture": "#0"},
				"up": {"uv": [3.875, 6.8125, 2.75, 5.625], "texture": "#0"},
				"down": {"uv": [7.125, 5, 6, 6.1875], "texture": "#0"}
			}
		},
		{
			"from": [12.75, 16, 2.75],
			"to": [14.75, 17, 9.75],
			"rotation": {"angle": 0, "axis": "y", "origin": [12.75, 15.5, -0.75]},
			"faces": {
				"north": {"uv": [3.625, 6.875, 3.875, 7], "texture": "#0"},
				"east": {"uv": [2.375, 4.625, 3.25, 4.75], "texture": "#0"},
				"south": {"uv": [12.125, 6.5, 12.375, 6.625], "texture": "#0"},
				"west": {"uv": [8.375, 7.375, 9.25, 7.5], "texture": "#0"},
				"up": {"uv": [10.875, 12.875, 10.625, 12], "texture": "#0"},
				"down": {"uv": [11.125, 12, 10.875, 12.875], "texture": "#0"}
			}
		},
		{
			"from": [1.25, 16, 2.75],
			"to": [3.25, 17, 9.75],
			"rotation": {"angle": 0, "axis": "y", "origin": [3.25, 15.5, -0.75]},
			"faces": {
				"north": {"uv": [13.625, 2.875, 13.875, 3], "texture": "#0"},
				"east": {"uv": [13.25, 3.5, 14.125, 3.625], "texture": "#0"},
				"south": {"uv": [13.875, 8.375, 14.125, 8.5], "texture": "#0"},
				"west": {"uv": [13.25, 5, 14.125, 5.125], "texture": "#0"},
				"up": {"uv": [12.25, 11.75, 12, 10.875], "texture": "#0"},
				"down": {"uv": [11.375, 12, 11.125, 12.875], "texture": "#0"}
			}
		},
		{
			"from": [3.375, 11.5, 9.75],
			"to": [12.625, 23.25, 11.75],
			"rotation": {"angle": 22.5, "axis": "x", "origin": [8, 18.5, 10.75]},
			"faces": {
				"north": {"uv": [4.75, 4.75, 5.9375, 6.25], "texture": "#0"},
				"east": {"uv": [7.625, 10.25, 7.875, 11.75], "texture": "#0"},
				"south": {"uv": [0, 4.875, 1.1875, 6.375], "texture": "#0"},
				"west": {"uv": [7.875, 10.25, 8.125, 11.75], "texture": "#0"},
				"up": {"uv": [12.1875, 1.25, 11, 1], "texture": "#0"},
				"down": {"uv": [4.3125, 11.125, 3.125, 11.375], "texture": "#0"}
			}
		}
	],
	"display": {
		"ground": {
			"rotation": [90, 180, 0],
			"translation": [0, 17.75, 5.25],
			"scale": [1.12, 1.12, 1.12]
		},
		"gui": {
			"rotation": [18, -158, 0],
			"translation": [0, -2, 0],
			"scale": [0.46, 0.46, 0.46]
		},
		"head": {
			"translation": [0, -3.25, 0],
			"scale": [0.97, 0.97, 0.97]
		}
	},
	"groups": [
		0,
		1,
		2,
		3,
		4,
		5,
		6,
		7,
		8,
		9,
		10,
		11,
		12,
		13,
		14,
		15,
		16,
		17,
		18,
		19,
		20,
		21,
		22,
		23,
		24,
		25,
		26,
		27,
		28,
		29,
		30,
		31,
		32,
		33,
		34,
		35,
		36,
		37,
		38,
		39,
		40,
		41,
		42,
		43,
		44,
		45,
		46,
		47,
		48,
		49,
		50,
		51,
		52,
		53,
		54,
		55,
		56,
		57,
		58,
		59,
		60,
		61,
		62,
		63,
		64,
		65,
		66,
		67,
		68,
		69,
		70,
		71,
		72,
		73,
		74,
		75,
		76,
		77,
		78,
		79,
		80,
		81,
		82,
		83,
		84,
		85,
		86,
		87,
		88,
		89,
		90,
		91,
		{
			"name": "rad_hl",
			"origin": [0, 0, 16],
			"color": 0,
			"children": [92, 93, 94, 95, 96]
		},
		{
			"name": "rad_hr",
			"origin": [18.5, 3.25, 19],
			"color": 0,
			"children": [97, 98, 99, 100, 101]
		},
		{
			"name": "rad_vl",
			"origin": [-2.5, 3.25, -3],
			"color": 0,
			"children": [102, 103, 104, 105, 106]
		},
		{
			"name": "rad_vr",
			"origin": [18.5, 3.25, -3],
			"color": 0,
			"children": [107, 108, 109, 110, 111]
		},
		112,
		113,
		114,
		115,
		116,
		117,
		118,
		119,
		120,
		121,
		122,
		123,
		124,
		125,
		126
	]
}