{
	"credit": "Made with Blockbench",
	"texture_size": [64, 64],
	"textures": {
		"0": "item/balloon",
		"particle": "item/balloon"
	},
	"elements": [
		{
			"from": [6.54, 17.36, -0.61],
			"to": [8.46, 18, 1.31],
			"rotation": {"angle": 0, "axis": "y", "origin": [7.5, 18, 0.35]},
			"faces": {
				"north": {"uv": [1, 11.75, 1.5, 11.875], "texture": "#0"},
				"east": {"uv": [1.5, 11.75, 2, 11.875], "texture": "#0"},
				"south": {"uv": [2, 11.75, 2.5, 11.875], "texture": "#0"},
				"west": {"uv": [2.5, 11.75, 3, 11.875], "texture": "#0"},
				"up": {"uv": [10, 2.75, 9.5, 2.25], "texture": "#0"},
				"down": {"uv": [10, 2.75, 9.5, 3.25], "texture": "#0"}
			}
		},
		{
			"from": [6.22, 19.28, -0.93],
			"to": [8.78, 19.92, 1.63],
			"rotation": {"angle": 0, "axis": "y", "origin": [7.5, 18, 0.35]},
			"faces": {
				"north": {"uv": [11.5, 6.75, 12.125, 6.875], "texture": "#0"},
				"east": {"uv": [11.5, 7, 12.125, 7.125], "texture": "#0"},
				"south": {"uv": [11.5, 7.25, 12.125, 7.375], "texture": "#0"},
				"west": {"uv": [11.5, 7.5, 12.125, 7.625], "texture": "#0"},
				"up": {"uv": [1.625, 9.875, 1, 9.25], "texture": "#0"},
				"down": {"uv": [2.375, 9.25, 1.75, 9.875], "texture": "#0"}
			}
		},
		{
			"from": [5.9, 19.92, -1.25],
			"to": [9.1, 20.56, 1.95],
			"rotation": {"angle": 0, "axis": "y", "origin": [7.5, 18, 0.35]},
			"faces": {
				"north": {"uv": [11, 0.5, 11.75, 0.625], "texture": "#0"},
				"east": {"uv": [11, 0.75, 11.75, 0.875], "texture": "#0"},
				"south": {"uv": [1, 11, 1.75, 11.125], "texture": "#0"},
				"west": {"uv": [1.75, 11, 2.5, 11.125], "texture": "#0"},
				"up": {"uv": [8.75, 3, 8, 2.25], "texture": "#0"},
				"down": {"uv": [8.75, 3, 8, 3.75], "texture": "#0"}
			}
		},
		{
			"from": [5.58, 20.56, -1.57],
			"to": [9.42, 21.2, 2.27],
			"rotation": {"angle": 0, "axis": "y", "origin": [7.5, 18, 0.35]},
			"faces": {
				"north": {"uv": [10.5, 1.75, 11.5, 1.875], "texture": "#0"},
				"east": {"uv": [10.5, 2, 11.5, 2.125], "texture": "#0"},
				"south": {"uv": [10.5, 2.25, 11.5, 2.375], "texture": "#0"},
				"west": {"uv": [2.5, 10.5, 3.5, 10.625], "texture": "#0"},
				"up": {"uv": [4.5, 5.25, 3.5, 4.25], "texture": "#0"},
				"down": {"uv": [5.5, 4.25, 4.5, 5.25], "texture": "#0"}
			}
		},
		{
			"from": [5.58, 23.76, -1.57],
			"to": [9.42, 24.4, 2.27],
			"rotation": {"angle": 0, "axis": "y", "origin": [7.5, 18, 0.35]},
			"faces": {
				"north": {"uv": [10.5, 2.5, 11.5, 2.625], "texture": "#0"},
				"east": {"uv": [10.5, 2.75, 11.5, 2.875], "texture": "#0"},
				"south": {"uv": [10.5, 3, 11.5, 3.125], "texture": "#0"},
				"west": {"uv": [10.5, 3.25, 11.5, 3.375], "texture": "#0"},
				"up": {"uv": [5.75, 2.25, 4.75, 1.25], "texture": "#0"},
				"down": {"uv": [5.75, 2.25, 4.75, 3.25], "texture": "#0"}
			}
		},
		{
			"from": [5.26, 21.2, -1.89],
			"to": [9.74, 23.76, 2.59],
			"rotation": {"angle": 0, "axis": "y", "origin": [7.5, 18, 0.35]},
			"faces": {
				"north": {"uv": [6.5, 4.75, 7.625, 5.375], "texture": "#0"},
				"east": {"uv": [6.5, 5.5, 7.625, 6.125], "texture": "#0"},
				"south": {"uv": [6.75, 1, 7.875, 1.625], "texture": "#0"},
				"west": {"uv": [6.75, 1.75, 7.875, 2.375], "texture": "#0"},
				"up": {"uv": [2.375, 1.125, 1.25, 0], "texture": "#0"},
				"down": {"uv": [2.375, 1.25, 1.25, 2.375], "texture": "#0"}
			}
		},
		{
			"from": [6.54, 18.64, -0.61],
			"to": [8.46, 19.28, 1.31],
			"rotation": {"angle": 0, "axis": "y", "origin": [7.5, 18, 0.35]},
			"faces": {
				"north": {"uv": [3, 11.75, 3.5, 11.875], "texture": "#0"},
				"east": {"uv": [3.5, 11.75, 4, 11.875], "texture": "#0"},
				"south": {"uv": [11.75, 3.5, 12.25, 3.625], "texture": "#0"},
				"west": {"uv": [11.75, 3.75, 12.25, 3.875], "texture": "#0"},
				"up": {"uv": [10, 3.75, 9.5, 3.25], "texture": "#0"},
				"down": {"uv": [10, 6, 9.5, 6.5], "texture": "#0"}
			}
		},
		{
			"from": [6.86, 18, -0.29],
			"to": [8.14, 18.64, 0.99],
			"rotation": {"angle": 0, "axis": "y", "origin": [7.5, 18, 0.35]},
			"faces": {
				"north": {"uv": [12.25, 5.25, 12.625, 5.375], "texture": "#0"},
				"east": {"uv": [12.25, 5.5, 12.625, 5.625], "texture": "#0"},
				"south": {"uv": [12.25, 5.75, 12.625, 5.875], "texture": "#0"},
				"west": {"uv": [12.25, 6, 12.625, 6.125], "texture": "#0"},
				"up": {"uv": [9.625, 10.375, 9.25, 10], "texture": "#0"},
				"down": {"uv": [10.375, 9.25, 10, 9.625], "texture": "#0"}
			}
		},
		{
			"from": [6.54, 25.04, -0.61],
			"to": [8.46, 25.36, 1.31],
			"rotation": {"angle": 0, "axis": "y", "origin": [7.5, 18, 0.35]},
			"faces": {
				"north": {"uv": [4, 11.75, 4.5, 11.875], "texture": "#0"},
				"east": {"uv": [8, 11.75, 8.5, 11.875], "texture": "#0"},
				"south": {"uv": [9.25, 11.75, 9.75, 11.875], "texture": "#0"},
				"west": {"uv": [9.75, 11.75, 10.25, 11.875], "texture": "#0"},
				"up": {"uv": [10, 7, 9.5, 6.5], "texture": "#0"},
				"down": {"uv": [10, 7, 9.5, 7.5], "texture": "#0"}
			}
		},
		{
			"from": [5.9, 24.4, -1.25],
			"to": [9.1, 25.04, 1.95],
			"rotation": {"angle": 0, "axis": "y", "origin": [7.5, 18, 0.35]},
			"faces": {
				"north": {"uv": [2.5, 11, 3.25, 11.125], "texture": "#0"},
				"east": {"uv": [3.25, 11, 4, 11.125], "texture": "#0"},
				"south": {"uv": [8, 11, 8.75, 11.125], "texture": "#0"},
				"west": {"uv": [9.25, 11, 10, 11.125], "texture": "#0"},
				"up": {"uv": [8.75, 7, 8, 6.25], "texture": "#0"},
				"down": {"uv": [8.75, 7.75, 8, 8.5], "texture": "#0"}
			}
		},
		{
			"from": [-0.96, 18.11, 6.64],
			"to": [0.96, 18.75, 8.56],
			"rotation": {"angle": 45, "axis": "y", "origin": [0, 18.75, 7.6]},
			"faces": {
				"north": {"uv": [12.25, 2, 12.75, 2.125], "texture": "#0"},
				"east": {"uv": [12.25, 2.25, 12.75, 2.375], "texture": "#0"},
				"south": {"uv": [2.5, 12.25, 3, 12.375], "texture": "#0"},
				"west": {"uv": [12.25, 2.5, 12.75, 2.625], "texture": "#0"},
				"up": {"uv": [10.5, 6.25, 10, 5.75], "texture": "#0"},
				"down": {"uv": [10.5, 6.25, 10, 6.75], "texture": "#0"}
			}
		},
		{
			"from": [-1.28, 20.03, 6.32],
			"to": [1.28, 20.67, 8.88],
			"rotation": {"angle": 45, "axis": "y", "origin": [0, 18.75, 7.6]},
			"faces": {
				"north": {"uv": [11.5, 10.25, 12.125, 10.375], "texture": "#0"},
				"east": {"uv": [11.5, 10.5, 12.125, 10.625], "texture": "#0"},
				"south": {"uv": [10.75, 11.5, 11.375, 11.625], "texture": "#0"},
				"west": {"uv": [11.5, 11, 12.125, 11.125], "texture": "#0"},
				"up": {"uv": [9.875, 9.125, 9.25, 8.5], "texture": "#0"},
				"down": {"uv": [9.875, 9.25, 9.25, 9.875], "texture": "#0"}
			}
		},
		{
			"from": [-1.6, 20.67, 6],
			"to": [1.6, 21.31, 9.2],
			"rotation": {"angle": 45, "axis": "y", "origin": [0, 18.75, 7.6]},
			"faces": {
				"north": {"uv": [3.25, 11.5, 4, 11.625], "texture": "#0"},
				"east": {"uv": [11.5, 3.25, 12.25, 3.375], "texture": "#0"},
				"south": {"uv": [11.5, 4.25, 12.25, 4.375], "texture": "#0"},
				"west": {"uv": [11.5, 4.5, 12.25, 4.625], "texture": "#0"},
				"up": {"uv": [9.5, 3, 8.75, 2.25], "texture": "#0"},
				"down": {"uv": [9.5, 3, 8.75, 3.75], "texture": "#0"}
			}
		},
		{
			"from": [-1.92, 21.31, 5.68],
			"to": [1.92, 21.95, 9.52],
			"rotation": {"angle": 45, "axis": "y", "origin": [0, 18.75, 7.6]},
			"faces": {
				"north": {"uv": [10.75, 0.25, 11.75, 0.375], "texture": "#0"},
				"east": {"uv": [1.5, 10.75, 2.5, 10.875], "texture": "#0"},
				"south": {"uv": [2.5, 10.75, 3.5, 10.875], "texture": "#0"},
				"west": {"uv": [3.5, 10.75, 4.5, 10.875], "texture": "#0"},
				"up": {"uv": [6.75, 4, 5.75, 3], "texture": "#0"},
				"down": {"uv": [1, 6, 0, 7], "texture": "#0"}
			}
		},
		{
			"from": [-1.92, 24.51, 5.68],
			"to": [1.92, 25.15, 9.52],
			"rotation": {"angle": 45, "axis": "y", "origin": [0, 18.75, 7.6]},
			"faces": {
				"north": {"uv": [10.75, 3.5, 11.75, 3.625], "texture": "#0"},
				"east": {"uv": [10.75, 3.75, 11.75, 3.875], "texture": "#0"},
				"south": {"uv": [9.25, 10.75, 10.25, 10.875], "texture": "#0"},
				"west": {"uv": [10.75, 9.75, 11.75, 9.875], "texture": "#0"},
				"up": {"uv": [7, 1, 6, 0], "texture": "#0"},
				"down": {"uv": [2, 6, 1, 7], "texture": "#0"}
			}
		},
		{
			"from": [-2.24, 21.95, 5.36],
			"to": [2.24, 24.51, 9.84],
			"rotation": {"angle": 45, "axis": "y", "origin": [0, 18.75, 7.6]},
			"faces": {
				"north": {"uv": [1.25, 7.75, 2.375, 8.375], "texture": "#0"},
				"east": {"uv": [2.5, 7.75, 3.625, 8.375], "texture": "#0"},
				"south": {"uv": [3.75, 7.75, 4.875, 8.375], "texture": "#0"},
				"west": {"uv": [7.75, 4, 8.875, 4.625], "texture": "#0"},
				"up": {"uv": [4.875, 1.125, 3.75, 0], "texture": "#0"},
				"down": {"uv": [2.375, 3.75, 1.25, 4.875], "texture": "#0"}
			}
		},
		{
			"from": [-0.96, 19.39, 6.64],
			"to": [0.96, 20.03, 8.56],
			"rotation": {"angle": 45, "axis": "y", "origin": [0, 18.75, 7.6]},
			"faces": {
				"north": {"uv": [12.25, 2.75, 12.75, 2.875], "texture": "#0"},
				"east": {"uv": [3, 12.25, 3.5, 12.375], "texture": "#0"},
				"south": {"uv": [12.25, 3, 12.75, 3.125], "texture": "#0"},
				"west": {"uv": [12.25, 3.25, 12.75, 3.375], "texture": "#0"},
				"up": {"uv": [10.5, 7.25, 10, 6.75], "texture": "#0"},
				"down": {"uv": [10.5, 7.25, 10, 7.75], "texture": "#0"}
			}
		},
		{
			"from": [-0.64, 18.75, 6.96],
			"to": [0.64, 19.39, 8.24],
			"rotation": {"angle": 45, "axis": "y", "origin": [0, 18.75, 7.6]},
			"faces": {
				"north": {"uv": [12.25, 8.75, 12.625, 8.875], "texture": "#0"},
				"east": {"uv": [9, 12.25, 9.375, 12.375], "texture": "#0"},
				"south": {"uv": [12.25, 9, 12.625, 9.125], "texture": "#0"},
				"west": {"uv": [12.25, 9.25, 12.625, 9.375], "texture": "#0"},
				"up": {"uv": [10.875, 0.875, 10.5, 0.5], "texture": "#0"},
				"down": {"uv": [1.375, 10.5, 1, 10.875], "texture": "#0"}
			}
		},
		{
			"from": [-0.96, 25.79, 6.64],
			"to": [0.96, 26.11, 8.56],
			"rotation": {"angle": 45, "axis": "y", "origin": [0, 18.75, 7.6]},
			"faces": {
				"north": {"uv": [3.5, 12.25, 4, 12.375], "texture": "#0"},
				"east": {"uv": [12.25, 3.5, 12.75, 3.625], "texture": "#0"},
				"south": {"uv": [12.25, 3.75, 12.75, 3.875], "texture": "#0"},
				"west": {"uv": [4, 12.25, 4.5, 12.375], "texture": "#0"},
				"up": {"uv": [10.5, 8.25, 10, 7.75], "texture": "#0"},
				"down": {"uv": [8.5, 10, 8, 10.5], "texture": "#0"}
			}
		},
		{
			"from": [-1.6, 25.15, 6],
			"to": [1.6, 25.79, 9.2],
			"rotation": {"angle": 45, "axis": "y", "origin": [0, 18.75, 7.6]},
			"faces": {
				"north": {"uv": [11.5, 4.75, 12.25, 4.875], "texture": "#0"},
				"east": {"uv": [11.5, 5, 12.25, 5.125], "texture": "#0"},
				"south": {"uv": [11.5, 5.25, 12.25, 5.375], "texture": "#0"},
				"west": {"uv": [11.5, 5.5, 12.25, 5.625], "texture": "#0"},
				"up": {"uv": [9.5, 7, 8.75, 6.25], "texture": "#0"},
				"down": {"uv": [9.5, 7, 8.75, 7.75], "texture": "#0"}
			}
		},
		{
			"from": [12.54, 14.36, 6.64],
			"to": [14.46, 15, 8.56],
			"rotation": {"angle": -22.5, "axis": "y", "origin": [13.5, 15, 7.6]},
			"faces": {
				"north": {"uv": [12, 12, 12.5, 12.125], "texture": "#0"},
				"east": {"uv": [12.25, 0, 12.75, 0.125], "texture": "#0"},
				"south": {"uv": [12.25, 0.25, 12.75, 0.375], "texture": "#0"},
				"west": {"uv": [12.25, 0.5, 12.75, 0.625], "texture": "#0"},
				"up": {"uv": [3.5, 10.5, 3, 10], "texture": "#0"},
				"down": {"uv": [10.5, 3, 10, 3.5], "texture": "#0"}
			}
		},
		{
			"from": [12.22, 16.28, 6.32],
			"to": [14.78, 16.92, 8.88],
			"rotation": {"angle": -22.5, "axis": "y", "origin": [13.5, 15, 7.6]},
			"faces": {
				"north": {"uv": [11.5, 9.25, 12.125, 9.375], "texture": "#0"},
				"east": {"uv": [11.5, 9.5, 12.125, 9.625], "texture": "#0"},
				"south": {"uv": [10, 11.5, 10.625, 11.625], "texture": "#0"},
				"west": {"uv": [11.5, 10, 12.125, 10.125], "texture": "#0"},
				"up": {"uv": [9.875, 8.375, 9.25, 7.75], "texture": "#0"},
				"down": {"uv": [8.625, 9.25, 8, 9.875], "texture": "#0"}
			}
		},
		{
			"from": [11.9, 16.92, 6],
			"to": [15.1, 17.56, 9.2],
			"rotation": {"angle": -22.5, "axis": "y", "origin": [13.5, 15, 7.6]},
			"faces": {
				"north": {"uv": [1.75, 11.5, 2.5, 11.625], "texture": "#0"},
				"east": {"uv": [11.5, 1.75, 12.25, 1.875], "texture": "#0"},
				"south": {"uv": [11.5, 2, 12.25, 2.125], "texture": "#0"},
				"west": {"uv": [11.5, 2.25, 12.25, 2.375], "texture": "#0"},
				"up": {"uv": [9.25, 6.25, 8.5, 5.5], "texture": "#0"},
				"down": {"uv": [8.75, 8.5, 8, 9.25], "texture": "#0"}
			}
		},
		{
			"from": [11.58, 17.56, 5.68],
			"to": [15.42, 18.2, 9.52],
			"rotation": {"angle": -22.5, "axis": "y", "origin": [13.5, 15, 7.6]},
			"faces": {
				"north": {"uv": [10.5, 8.25, 11.5, 8.375], "texture": "#0"},
				"east": {"uv": [10.5, 8.5, 11.5, 8.625], "texture": "#0"},
				"south": {"uv": [10.5, 8.75, 11.5, 8.875], "texture": "#0"},
				"west": {"uv": [10.5, 9, 11.5, 9.125], "texture": "#0"},
				"up": {"uv": [6.5, 6.25, 5.5, 5.25], "texture": "#0"},
				"down": {"uv": [6.75, 1, 5.75, 2], "texture": "#0"}
			}
		},
		{
			"from": [11.58, 20.76, 5.68],
			"to": [15.42, 21.4, 9.52],
			"rotation": {"angle": -22.5, "axis": "y", "origin": [13.5, 15, 7.6]},
			"faces": {
				"north": {"uv": [9.25, 10.5, 10.25, 10.625], "texture": "#0"},
				"east": {"uv": [10.5, 9.25, 11.5, 9.375], "texture": "#0"},
				"south": {"uv": [10.5, 9.5, 11.5, 9.625], "texture": "#0"},
				"west": {"uv": [10.75, 0, 11.75, 0.125], "texture": "#0"},
				"up": {"uv": [3, 6.75, 2, 5.75], "texture": "#0"},
				"down": {"uv": [6.75, 2, 5.75, 3], "texture": "#0"}
			}
		},
		{
			"from": [11.26, 18.2, 5.36],
			"to": [15.74, 20.76, 9.84],
			"rotation": {"angle": -22.5, "axis": "y", "origin": [13.5, 15, 7.6]},
			"faces": {
				"north": {"uv": [5, 7, 6.125, 7.625], "texture": "#0"},
				"east": {"uv": [6.25, 7, 7.375, 7.625], "texture": "#0"},
				"south": {"uv": [7.5, 7, 8.625, 7.625], "texture": "#0"},
				"west": {"uv": [0, 7.75, 1.125, 8.375], "texture": "#0"},
				"up": {"uv": [3.625, 3.625, 2.5, 2.5], "texture": "#0"},
				"down": {"uv": [1.125, 3.75, 0, 4.875], "texture": "#0"}
			}
		},
		{
			"from": [12.54, 15.64, 6.64],
			"to": [14.46, 16.28, 8.56],
			"rotation": {"angle": -22.5, "axis": "y", "origin": [13.5, 15, 7.6]},
			"faces": {
				"north": {"uv": [12.25, 0.75, 12.75, 0.875], "texture": "#0"},
				"east": {"uv": [1, 12.25, 1.5, 12.375], "texture": "#0"},
				"south": {"uv": [12.25, 1, 12.75, 1.125], "texture": "#0"},
				"west": {"uv": [12.25, 1.25, 12.75, 1.375], "texture": "#0"},
				"up": {"uv": [4, 10.5, 3.5, 10], "texture": "#0"},
				"down": {"uv": [10.5, 4.25, 10, 4.75], "texture": "#0"}
			}
		},
		{
			"from": [12.86, 15, 6.96],
			"to": [14.14, 15.64, 8.24],
			"rotation": {"angle": -22.5, "axis": "y", "origin": [13.5, 15, 7.6]},
			"faces": {
				"north": {"uv": [12.25, 8, 12.625, 8.125], "texture": "#0"},
				"east": {"uv": [12.25, 8.25, 12.625, 8.375], "texture": "#0"},
				"south": {"uv": [8.5, 12.25, 8.875, 12.375], "texture": "#0"},
				"west": {"uv": [12.25, 8.5, 12.625, 8.625], "texture": "#0"},
				"up": {"uv": [10.625, 10.125, 10.25, 9.75], "texture": "#0"},
				"down": {"uv": [10.625, 10.25, 10.25, 10.625], "texture": "#0"}
			}
		},
		{
			"from": [12.54, 22.04, 6.64],
			"to": [14.46, 22.36, 8.56],
			"rotation": {"angle": -22.5, "axis": "y", "origin": [13.5, 15, 7.6]},
			"faces": {
				"north": {"uv": [1.5, 12.25, 2, 12.375], "texture": "#0"},
				"east": {"uv": [12.25, 1.5, 12.75, 1.625], "texture": "#0"},
				"south": {"uv": [12.25, 1.75, 12.75, 1.875], "texture": "#0"},
				"west": {"uv": [2, 12.25, 2.5, 12.375], "texture": "#0"},
				"up": {"uv": [10.5, 5.25, 10, 4.75], "texture": "#0"},
				"down": {"uv": [10.5, 5.25, 10, 5.75], "texture": "#0"}
			}
		},
		{
			"from": [11.9, 21.4, 6],
			"to": [15.1, 22.04, 9.2],
			"rotation": {"angle": -22.5, "axis": "y", "origin": [13.5, 15, 7.6]},
			"faces": {
				"north": {"uv": [2.5, 11.5, 3.25, 11.625], "texture": "#0"},
				"east": {"uv": [11.5, 2.5, 12.25, 2.625], "texture": "#0"},
				"south": {"uv": [11.5, 2.75, 12.25, 2.875], "texture": "#0"},
				"west": {"uv": [11.5, 3, 12.25, 3.125], "texture": "#0"},
				"up": {"uv": [9.5, 1.5, 8.75, 0.75], "texture": "#0"},
				"down": {"uv": [9.5, 1.5, 8.75, 2.25], "texture": "#0"}
			}
		},
		{
			"from": [6.54, 21.86, 6.49],
			"to": [8.46, 22.5, 8.41],
			"rotation": {"angle": 45, "axis": "y", "origin": [7.5, 22.25, 7.45]},
			"faces": {
				"north": {"uv": [4, 12, 4.5, 12.125], "texture": "#0"},
				"east": {"uv": [12, 4, 12.5, 4.125], "texture": "#0"},
				"south": {"uv": [8, 12, 8.5, 12.125], "texture": "#0"},
				"west": {"uv": [8.5, 12, 9, 12.125], "texture": "#0"},
				"up": {"uv": [2, 10.5, 1.5, 10], "texture": "#0"},
				"down": {"uv": [10.5, 1.5, 10, 2], "texture": "#0"}
			}
		},
		{
			"from": [6.22, 23.78, 6.17],
			"to": [8.78, 24.42, 8.73],
			"rotation": {"angle": 45, "axis": "y", "origin": [7.5, 22.25, 7.45]},
			"faces": {
				"north": {"uv": [11.5, 8.5, 12.125, 8.625], "texture": "#0"},
				"east": {"uv": [11.5, 8.75, 12.125, 8.875], "texture": "#0"},
				"south": {"uv": [11.5, 9, 12.125, 9.125], "texture": "#0"},
				"west": {"uv": [9.25, 11.5, 9.875, 11.625], "texture": "#0"},
				"up": {"uv": [9.875, 5.125, 9.25, 4.5], "texture": "#0"},
				"down": {"uv": [9.875, 5.25, 9.25, 5.875], "texture": "#0"}
			}
		},
		{
			"from": [5.9, 24.42, 5.85],
			"to": [9.1, 25.06, 9.05],
			"rotation": {"angle": 45, "axis": "y", "origin": [7.5, 22.25, 7.45]},
			"faces": {
				"north": {"uv": [8, 11.25, 8.75, 11.375], "texture": "#0"},
				"east": {"uv": [9.25, 11.25, 10, 11.375], "texture": "#0"},
				"south": {"uv": [10, 11.25, 10.75, 11.375], "texture": "#0"},
				"west": {"uv": [10.75, 11.25, 11.5, 11.375], "texture": "#0"},
				"up": {"uv": [3, 9.25, 2.25, 8.5], "texture": "#0"},
				"down": {"uv": [3.75, 8.5, 3, 9.25], "texture": "#0"}
			}
		},
		{
			"from": [5.58, 25.06, 5.53],
			"to": [9.42, 25.7, 9.37],
			"rotation": {"angle": 45, "axis": "y", "origin": [7.5, 22.25, 7.45]},
			"faces": {
				"north": {"uv": [10.5, 6.25, 11.5, 6.375], "texture": "#0"},
				"east": {"uv": [10.5, 6.5, 11.5, 6.625], "texture": "#0"},
				"south": {"uv": [10.5, 6.75, 11.5, 6.875], "texture": "#0"},
				"west": {"uv": [10.5, 7, 11.5, 7.125], "texture": "#0"},
				"up": {"uv": [2, 6, 1, 5], "texture": "#0"},
				"down": {"uv": [4.5, 5.25, 3.5, 6.25], "texture": "#0"}
			}
		},
		{
			"from": [5.58, 28.26, 5.53],
			"to": [9.42, 28.9, 9.37],
			"rotation": {"angle": 45, "axis": "y", "origin": [7.5, 22.25, 7.45]},
			"faces": {
				"north": {"uv": [10.5, 7.25, 11.5, 7.375], "texture": "#0"},
				"east": {"uv": [10.5, 7.5, 11.5, 7.625], "texture": "#0"},
				"south": {"uv": [10.5, 7.75, 11.5, 7.875], "texture": "#0"},
				"west": {"uv": [10.5, 8, 11.5, 8.125], "texture": "#0"},
				"up": {"uv": [5.5, 6.25, 4.5, 5.25], "texture": "#0"},
				"down": {"uv": [6.5, 4.25, 5.5, 5.25], "texture": "#0"}
			}
		},
		{
			"from": [5.26, 25.7, 5.21],
			"to": [9.74, 28.26, 9.69],
			"rotation": {"angle": 45, "axis": "y", "origin": [7.5, 22.25, 7.45]},
			"faces": {
				"north": {"uv": [7, 0, 8.125, 0.625], "texture": "#0"},
				"east": {"uv": [1.25, 7, 2.375, 7.625], "texture": "#0"},
				"south": {"uv": [2.5, 7, 3.625, 7.625], "texture": "#0"},
				"west": {"uv": [3.75, 7, 4.875, 7.625], "texture": "#0"},
				"up": {"uv": [2.375, 3.625, 1.25, 2.5], "texture": "#0"},
				"down": {"uv": [3.625, 1.25, 2.5, 2.375], "texture": "#0"}
			}
		},
		{
			"from": [6.54, 23.14, 6.49],
			"to": [8.46, 23.78, 8.41],
			"rotation": {"angle": 45, "axis": "y", "origin": [7.5, 22.25, 7.45]},
			"faces": {
				"north": {"uv": [9, 12, 9.5, 12.125], "texture": "#0"},
				"east": {"uv": [9.5, 12, 10, 12.125], "texture": "#0"},
				"south": {"uv": [10, 12, 10.5, 12.125], "texture": "#0"},
				"west": {"uv": [10.5, 12, 11, 12.125], "texture": "#0"},
				"up": {"uv": [2.5, 10.5, 2, 10], "texture": "#0"},
				"down": {"uv": [10.5, 2, 10, 2.5], "texture": "#0"}
			}
		},
		{
			"from": [6.86, 22.5, 6.81],
			"to": [8.14, 23.14, 8.09],
			"rotation": {"angle": 45, "axis": "y", "origin": [7.5, 22.25, 7.45]},
			"faces": {
				"north": {"uv": [12.25, 7.25, 12.625, 7.375], "texture": "#0"},
				"east": {"uv": [12.25, 7.5, 12.625, 7.625], "texture": "#0"},
				"south": {"uv": [12.25, 7.75, 12.625, 7.875], "texture": "#0"},
				"west": {"uv": [8, 12.25, 8.375, 12.375], "texture": "#0"},
				"up": {"uv": [10.625, 3.875, 10.25, 3.5], "texture": "#0"},
				"down": {"uv": [4.375, 10.25, 4, 10.625], "texture": "#0"}
			}
		},
		{
			"from": [6.54, 29.54, 6.49],
			"to": [8.46, 29.86, 8.41],
			"rotation": {"angle": 45, "axis": "y", "origin": [7.5, 22.25, 7.45]},
			"faces": {
				"north": {"uv": [11, 12, 11.5, 12.125], "texture": "#0"},
				"east": {"uv": [12, 11.25, 12.5, 11.375], "texture": "#0"},
				"south": {"uv": [11.5, 12, 12, 12.125], "texture": "#0"},
				"west": {"uv": [12, 11.5, 12.5, 11.625], "texture": "#0"},
				"up": {"uv": [3, 10.5, 2.5, 10], "texture": "#0"},
				"down": {"uv": [10.5, 2.5, 10, 3], "texture": "#0"}
			}
		},
		{
			"from": [5.9, 28.9, 5.85],
			"to": [9.1, 29.54, 9.05],
			"rotation": {"angle": 45, "axis": "y", "origin": [7.5, 22.25, 7.45]},
			"faces": {
				"north": {"uv": [1, 11.5, 1.75, 11.625], "texture": "#0"},
				"east": {"uv": [11.5, 1, 12.25, 1.125], "texture": "#0"},
				"south": {"uv": [11.5, 1.25, 12.25, 1.375], "texture": "#0"},
				"west": {"uv": [11.5, 1.5, 12.25, 1.625], "texture": "#0"},
				"up": {"uv": [4.5, 9.25, 3.75, 8.5], "texture": "#0"},
				"down": {"uv": [9.25, 4.75, 8.5, 5.5], "texture": "#0"}
			}
		},
		{
			"from": [6.54, 15.36, 12.89],
			"to": [8.46, 16, 14.81],
			"rotation": {"angle": 22.5, "axis": "y", "origin": [7.5, 15.75, 13.85]},
			"faces": {
				"north": {"uv": [11.75, 9.75, 12.25, 9.875], "texture": "#0"},
				"east": {"uv": [10.25, 11.75, 10.75, 11.875], "texture": "#0"},
				"south": {"uv": [10.75, 11.75, 11.25, 11.875], "texture": "#0"},
				"west": {"uv": [11.75, 10.75, 12.25, 10.875], "texture": "#0"},
				"up": {"uv": [10.25, 0.5, 9.75, 0], "texture": "#0"},
				"down": {"uv": [10.25, 3.75, 9.75, 4.25], "texture": "#0"}
			}
		},
		{
			"from": [6.22, 17.28, 12.57],
			"to": [8.78, 17.92, 15.13],
			"rotation": {"angle": 22.5, "axis": "y", "origin": [7.5, 15.75, 13.85]},
			"faces": {
				"north": {"uv": [11.5, 7.75, 12.125, 7.875], "texture": "#0"},
				"east": {"uv": [8, 11.5, 8.625, 11.625], "texture": "#0"},
				"south": {"uv": [11.5, 8, 12.125, 8.125], "texture": "#0"},
				"west": {"uv": [11.5, 8.25, 12.125, 8.375], "texture": "#0"},
				"up": {"uv": [3.125, 9.875, 2.5, 9.25], "texture": "#0"},
				"down": {"uv": [3.875, 9.25, 3.25, 9.875], "texture": "#0"}
			}
		},
		{
			"from": [5.9, 17.92, 12.25],
			"to": [9.1, 18.56, 15.45],
			"rotation": {"angle": 22.5, "axis": "y", "origin": [7.5, 15.75, 13.85]},
			"faces": {
				"north": {"uv": [10, 11, 10.75, 11.125], "texture": "#0"},
				"east": {"uv": [10.75, 11, 11.5, 11.125], "texture": "#0"},
				"south": {"uv": [11, 10.75, 11.75, 10.875], "texture": "#0"},
				"west": {"uv": [1, 11.25, 1.75, 11.375], "texture": "#0"},
				"up": {"uv": [9, 0.75, 8.25, 0], "texture": "#0"},
				"down": {"uv": [0.75, 8.5, 0, 9.25], "texture": "#0"}
			}
		},
		{
			"from": [5.58, 18.56, 11.93],
			"to": [9.42, 19.2, 15.77],
			"rotation": {"angle": 22.5, "axis": "y", "origin": [7.5, 15.75, 13.85]},
			"faces": {
				"north": {"uv": [10.5, 4.25, 11.5, 4.375], "texture": "#0"},
				"east": {"uv": [10.5, 4.5, 11.5, 4.625], "texture": "#0"},
				"south": {"uv": [10.5, 4.75, 11.5, 4.875], "texture": "#0"},
				"west": {"uv": [10.5, 5, 11.5, 5.125], "texture": "#0"},
				"up": {"uv": [3.5, 5.75, 2.5, 4.75], "texture": "#0"},
				"down": {"uv": [5.75, 3.25, 4.75, 4.25], "texture": "#0"}
			}
		},
		{
			"from": [5.58, 21.76, 11.93],
			"to": [9.42, 22.4, 15.77],
			"rotation": {"angle": 22.5, "axis": "y", "origin": [7.5, 15.75, 13.85]},
			"faces": {
				"north": {"uv": [10.5, 5.25, 11.5, 5.375], "texture": "#0"},
				"east": {"uv": [10.5, 5.5, 11.5, 5.625], "texture": "#0"},
				"south": {"uv": [10.5, 5.75, 11.5, 5.875], "texture": "#0"},
				"west": {"uv": [10.5, 6, 11.5, 6.125], "texture": "#0"},
				"up": {"uv": [1, 6, 0, 5], "texture": "#0"},
				"down": {"uv": [6, 0, 5, 1], "texture": "#0"}
			}
		},
		{
			"from": [5.26, 19.2, 11.61],
			"to": [9.74, 21.76, 16.09],
			"rotation": {"angle": 22.5, "axis": "y", "origin": [7.5, 15.75, 13.85]},
			"faces": {
				"north": {"uv": [6.75, 2.5, 7.875, 3.125], "texture": "#0"},
				"east": {"uv": [6.75, 3.25, 7.875, 3.875], "texture": "#0"},
				"south": {"uv": [6.75, 6.25, 7.875, 6.875], "texture": "#0"},
				"west": {"uv": [0, 7, 1.125, 7.625], "texture": "#0"},
				"up": {"uv": [1.125, 3.625, 0, 2.5], "texture": "#0"},
				"down": {"uv": [3.625, 0, 2.5, 1.125], "texture": "#0"}
			}
		},
		{
			"from": [6.54, 16.64, 12.89],
			"to": [8.46, 17.28, 14.81],
			"rotation": {"angle": 22.5, "axis": "y", "origin": [7.5, 15.75, 13.85]},
			"faces": {
				"north": {"uv": [11.25, 11.75, 11.75, 11.875], "texture": "#0"},
				"east": {"uv": [11.75, 11.75, 12.25, 11.875], "texture": "#0"},
				"south": {"uv": [1, 12, 1.5, 12.125], "texture": "#0"},
				"west": {"uv": [1.5, 12, 2, 12.125], "texture": "#0"},
				"up": {"uv": [4.5, 10.25, 4, 9.75], "texture": "#0"},
				"down": {"uv": [10.5, 0.5, 10, 1], "texture": "#0"}
			}
		},
		{
			"from": [6.86, 16, 13.21],
			"to": [8.14, 16.64, 14.49],
			"rotation": {"angle": 22.5, "axis": "y", "origin": [7.5, 15.75, 13.85]},
			"faces": {
				"north": {"uv": [12.25, 6.25, 12.625, 6.375], "texture": "#0"},
				"east": {"uv": [12.25, 6.5, 12.625, 6.625], "texture": "#0"},
				"south": {"uv": [12.25, 6.75, 12.625, 6.875], "texture": "#0"},
				"west": {"uv": [12.25, 7, 12.625, 7.125], "texture": "#0"},
				"up": {"uv": [10.125, 10.375, 9.75, 10], "texture": "#0"},
				"down": {"uv": [10.625, 0, 10.25, 0.375], "texture": "#0"}
			}
		},
		{
			"from": [6.54, 23.04, 12.89],
			"to": [8.46, 23.36, 14.81],
			"rotation": {"angle": 22.5, "axis": "y", "origin": [7.5, 15.75, 13.85]},
			"faces": {
				"north": {"uv": [2, 12, 2.5, 12.125], "texture": "#0"},
				"east": {"uv": [2.5, 12, 3, 12.125], "texture": "#0"},
				"south": {"uv": [3, 12, 3.5, 12.125], "texture": "#0"},
				"west": {"uv": [3.5, 12, 4, 12.125], "texture": "#0"},
				"up": {"uv": [1.5, 10.5, 1, 10], "texture": "#0"},
				"down": {"uv": [10.5, 1, 10, 1.5], "texture": "#0"}
			}
		},
		{
			"from": [5.9, 22.4, 12.25],
			"to": [9.1, 23.04, 15.45],
			"rotation": {"angle": 22.5, "axis": "y", "origin": [7.5, 15.75, 13.85]},
			"faces": {
				"north": {"uv": [1.75, 11.25, 2.5, 11.375], "texture": "#0"},
				"east": {"uv": [2.5, 11.25, 3.25, 11.375], "texture": "#0"},
				"south": {"uv": [3.25, 11.25, 4, 11.375], "texture": "#0"},
				"west": {"uv": [11.25, 4, 12, 4.125], "texture": "#0"},
				"up": {"uv": [1.5, 9.25, 0.75, 8.5], "texture": "#0"},
				"down": {"uv": [2.25, 8.5, 1.5, 9.25], "texture": "#0"}
			}
		},
		{
			"from": [7.25, 0, 7.25],
			"to": [7.75, 22, 7.75],
			"rotation": {"angle": 0, "axis": "y", "origin": [7.5, 0, 7.5]},
			"faces": {
				"north": {"uv": [5, 7.75, 5.125, 13.25], "texture": "#0"},
				"east": {"uv": [5.25, 7.75, 5.375, 13.25], "texture": "#0"},
				"south": {"uv": [5.5, 7.75, 5.625, 13.25], "texture": "#0"},
				"west": {"uv": [5.75, 7.75, 5.875, 13.25], "texture": "#0"},
				"up": {"uv": [3.625, 3.875, 3.5, 3.75], "texture": "#0"},
				"down": {"uv": [3.625, 4, 3.5, 4.125], "texture": "#0"}
			}
		},
		{
			"from": [7.25, 0, 7.25],
			"to": [7.75, 16, 7.75],
			"rotation": {"angle": -22.5, "axis": "z", "origin": [7.5, 0, 7.5]},
			"faces": {
				"north": {"uv": [0, 9.25, 0.125, 13.25], "texture": "#0"},
				"east": {"uv": [0.25, 9.25, 0.375, 13.25], "texture": "#0"},
				"south": {"uv": [0.5, 9.25, 0.625, 13.25], "texture": "#0"},
				"west": {"uv": [0.75, 9.25, 0.875, 13.25], "texture": "#0"},
				"up": {"uv": [10.125, 9.875, 10, 9.75], "texture": "#0"},
				"down": {"uv": [8.625, 10.25, 8.5, 10.375], "texture": "#0"}
			}
		},
		{
			"from": [7.25, 0, 7.25],
			"to": [7.75, 17, 7.75],
			"rotation": {"angle": 22.5, "axis": "x", "origin": [7.5, 0, 7.5]},
			"faces": {
				"north": {"uv": [4.5, 8.5, 4.625, 12.75], "texture": "#0"},
				"east": {"uv": [4.75, 8.5, 4.875, 12.75], "texture": "#0"},
				"south": {"uv": [8.75, 7.75, 8.875, 12], "texture": "#0"},
				"west": {"uv": [9, 7.75, 9.125, 12], "texture": "#0"},
				"up": {"uv": [9.125, 4.625, 9, 4.5], "texture": "#0"},
				"down": {"uv": [9.375, 6, 9.25, 6.125], "texture": "#0"}
			}
		},
		{
			"from": [7.25, 0, 7.25],
			"to": [7.75, 20, 7.75],
			"rotation": {"angle": 22.5, "axis": "z", "origin": [7.5, 0, 7.5]},
			"faces": {
				"north": {"uv": [6, 7.75, 6.125, 12.75], "texture": "#0"},
				"east": {"uv": [6.25, 7.75, 6.375, 12.75], "texture": "#0"},
				"south": {"uv": [6.5, 7.75, 6.625, 12.75], "texture": "#0"},
				"west": {"uv": [6.75, 7.75, 6.875, 12.75], "texture": "#0"},
				"up": {"uv": [10.125, 3.625, 10, 3.5], "texture": "#0"},
				"down": {"uv": [8.625, 10, 8.5, 10.125], "texture": "#0"}
			}
		},
		{
			"from": [7.25, 0, 7.25],
			"to": [7.75, 19, 7.75],
			"rotation": {"angle": -22.5, "axis": "x", "origin": [7.5, 0, 7.5]},
			"faces": {
				"north": {"uv": [7, 7.75, 7.125, 12.5], "texture": "#0"},
				"east": {"uv": [7.25, 7.75, 7.375, 12.5], "texture": "#0"},
				"south": {"uv": [7.5, 7.75, 7.625, 12.5], "texture": "#0"},
				"west": {"uv": [7.75, 7.75, 7.875, 12.5], "texture": "#0"},
				"up": {"uv": [9.875, 0.625, 9.75, 0.5], "texture": "#0"},
				"down": {"uv": [9.875, 4.25, 9.75, 4.375], "texture": "#0"}
			}
		}
	],
	"display": {
		"gui": {
			"rotation": [19, 16, 0],
			"translation": [0.5, -3.5, 0],
			"scale": [0.53, 0.53, 0.53]
		},
		"head": {
			"translation": [1.5, 25.75, 1],
			"scale": [2.37, 2.37, 2.37]
		}
	},
	"groups": [
		{
			"name": "Balloon",
			"origin": [0, 0, 0],
			"color": 0,
			"nbt": "{}",
			"children": [0, 1, 2, 3, 4, 5, 6, 7, 8, 9]
		},
		{
			"name": "Balloon",
			"origin": [0, 0, 0],
			"color": 0,
			"nbt": "{}",
			"children": [10, 11, 12, 13, 14, 15, 16, 17, 18, 19]
		},
		{
			"name": "Balloon",
			"origin": [0, 0, 0],
			"color": 0,
			"nbt": "{}",
			"children": [20, 21, 22, 23, 24, 25, 26, 27, 28, 29]
		},
		{
			"name": "Balloon",
			"origin": [0, 0, 0],
			"color": 0,
			"nbt": "{}",
			"children": [30, 31, 32, 33, 34, 35, 36, 37, 38, 39]
		},
		{
			"name": "Balloon",
			"origin": [0, 0, 0],
			"color": 0,
			"nbt": "{}",
			"children": [40, 41, 42, 43, 44, 45, 46, 47, 48, 49]
		},
		{
			"name": "group",
			"origin": [7.5, 0, 7.5],
			"color": 0,
			"nbt": "{}",
			"children": [50, 51, 52, 53, 54]
		}
	]
}