{
	"credit": "Made with Blockbench",
	"texture_size": [64, 64],
	"textures": {
		"0": "item/batglider",
		"particle": "item/batglider"
	},
	"elements": [
		{
			"from": [15, 0, -15.95],
			"to": [16, 1, 2.05],
			"rotation": {"angle": -22.5, "axis": "y", "origin": [0, 0, 0]},
			"faces": {
				"north": {"uv": [7, 7, 7.25, 7.25], "texture": "#0"},
				"east": {"uv": [0, 0, 4.5, 0.25], "texture": "#0"},
				"south": {"uv": [0, 7.25, 0.25, 7.5], "texture": "#0"},
				"west": {"uv": [0, 0.25, 4.5, 0.5], "texture": "#0"},
				"up": {"uv": [0.25, 5, 0, 0.5], "texture": "#0"},
				"down": {"uv": [0.5, 0.5, 0.25, 5], "texture": "#0"}
			}
		},
		{
			"from": [14.4225, 0.13, 5.565],
			"to": [15.7225, 0.87, 6.865],
			"rotation": {"angle": 0, "axis": "y", "origin": [-5.0775, 0, 26.3]},
			"faces": {
				"north": {"uv": [2.25, 5.5, 2.5, 5.75], "texture": "#0"},
				"east": {"uv": [2.5, 5.5, 2.75, 5.75], "texture": "#0"},
				"south": {"uv": [2.75, 5.5, 3, 5.75], "texture": "#0"},
				"west": {"uv": [3, 5.5, 3.25, 5.75], "texture": "#0"},
				"up": {"uv": [3.5, 5.75, 3.25, 5.5], "texture": "#0"},
				"down": {"uv": [3.75, 5.5, 3.5, 5.75], "texture": "#0"}
			}
		},
		{
			"from": [15.62354, 0.26, 6.12749],
			"to": [16.92354, 0.74, 6.77749],
			"rotation": {"angle": 0, "axis": "y", "origin": [-3.87646, 0, 26.53749]},
			"faces": {
				"north": {"uv": [3.75, 5.5, 4, 5.75], "texture": "#0"},
				"east": {"uv": [4.25, 5.5, 4.375, 5.75], "texture": "#0"},
				"south": {"uv": [4, 5.5, 4.25, 5.75], "texture": "#0"},
				"west": {"uv": [5.5, 4.25, 5.625, 4.5], "texture": "#0"},
				"up": {"uv": [4.75, 5.625, 4.5, 5.5], "texture": "#0"},
				"down": {"uv": [5.75, 4.5, 5.5, 4.625], "texture": "#0"}
			}
		},
		{
			"from": [15.62354, 0.26, 9.22251],
			"to": [16.92354, 0.74, 9.87251],
			"rotation": {"angle": 0, "axis": "y", "origin": [-3.87646, 0, -10.53749]},
			"faces": {
				"north": {"uv": [4.25, 5.5, 4, 5.75], "texture": "#0"},
				"east": {"uv": [4.375, 5.5, 4.25, 5.75], "texture": "#0"},
				"south": {"uv": [4, 5.5, 3.75, 5.75], "texture": "#0"},
				"west": {"uv": [5.625, 4.25, 5.5, 4.5], "texture": "#0"},
				"up": {"uv": [4.75, 5.5, 4.5, 5.625], "texture": "#0"},
				"down": {"uv": [5.75, 4.625, 5.5, 4.5], "texture": "#0"}
			}
		},
		{
			"from": [14.4225, 0.13, 9.135],
			"to": [15.7225, 0.87, 10.435],
			"rotation": {"angle": 0, "axis": "y", "origin": [-5.0775, 0, -10.3]},
			"faces": {
				"north": {"uv": [3, 5.5, 2.75, 5.75], "texture": "#0"},
				"east": {"uv": [2.75, 5.5, 2.5, 5.75], "texture": "#0"},
				"south": {"uv": [2.5, 5.5, 2.25, 5.75], "texture": "#0"},
				"west": {"uv": [3.25, 5.5, 3, 5.75], "texture": "#0"},
				"up": {"uv": [3.5, 5.5, 3.25, 5.75], "texture": "#0"},
				"down": {"uv": [3.75, 5.75, 3.5, 5.5], "texture": "#0"}
			}
		},
		{
			"from": [14, 0.1, -2.4],
			"to": [15, 0.9, 7.3],
			"rotation": {"angle": 22.5, "axis": "y", "origin": [0, 0, 0]},
			"faces": {
				"north": {"uv": [0.25, 7.25, 0.5, 7.5], "texture": "#0"},
				"east": {"uv": [4.5, 3, 6.875, 3.25], "texture": "#0"},
				"south": {"uv": [0.5, 7.25, 0.75, 7.5], "texture": "#0"},
				"west": {"uv": [2, 5.25, 4.375, 5.5], "texture": "#0"},
				"up": {"uv": [0.75, 5.125, 0.5, 2.75], "texture": "#0"},
				"down": {"uv": [1, 2.75, 0.75, 5.125], "texture": "#0"}
			}
		},
		{
			"from": [6, 0.1, 5.8],
			"to": [7, 0.9, 14.3],
			"rotation": {"angle": 45, "axis": "y", "origin": [0, 0, 0]},
			"faces": {
				"north": {"uv": [1, 7.25, 1.25, 7.5], "texture": "#0"},
				"east": {"uv": [0, 5.75, 2.125, 6], "texture": "#0"},
				"south": {"uv": [1.25, 7.25, 1.5, 7.5], "texture": "#0"},
				"west": {"uv": [2.25, 5.75, 4.375, 6], "texture": "#0"},
				"up": {"uv": [4.75, 7.875, 4.5, 5.75], "texture": "#0"},
				"down": {"uv": [5, 5.75, 4.75, 7.875], "texture": "#0"}
			}
		},
		{
			"from": [5.15, 0.1, 7.5],
			"to": [14.05, 0.9, 8.5],
			"faces": {
				"north": {"uv": [5.25, 3.75, 7.5, 4], "texture": "#0"},
				"east": {"uv": [1.5, 7.25, 1.75, 7.5], "texture": "#0"},
				"south": {"uv": [5.25, 4, 7.5, 4.25], "texture": "#0"},
				"west": {"uv": [1.75, 7.25, 2, 7.5], "texture": "#0"},
				"up": {"uv": [6.75, 5.5, 4.5, 5.25], "texture": "#0"},
				"down": {"uv": [2.25, 5.5, 0, 5.75], "texture": "#0"}
			}
		},
		{
			"from": [13.35, -6.9, 11.65],
			"to": [13.75, 0.4, 11.9],
			"rotation": {"angle": 0, "axis": "y", "origin": [1.7, 0, 3.65]},
			"faces": {
				"north": {"uv": [2.75, 7.75, 2.875, 9.75], "texture": "#0"},
				"east": {"uv": [3, 7.75, 3.125, 9.75], "texture": "#0"},
				"south": {"uv": [1.5, 8, 1.625, 10], "texture": "#0"},
				"west": {"uv": [1.75, 8, 1.875, 10], "texture": "#0"},
				"up": {"uv": [4.875, 5.625, 4.75, 5.5], "texture": "#0"},
				"down": {"uv": [5.125, 5.5, 5, 5.625], "texture": "#0"}
			}
		},
		{
			"from": [13.35, -3.2, 18.85],
			"to": [13.75, 7.2, 19.1],
			"rotation": {"angle": 45, "axis": "x", "origin": [1.7, 3.7, 10.85]},
			"faces": {
				"north": {"uv": [2.75, 7.75, 2.875, 9.75], "texture": "#0"},
				"east": {"uv": [3, 7.75, 3.125, 9.75], "texture": "#0"},
				"south": {"uv": [1.5, 8, 1.625, 10], "texture": "#0"},
				"west": {"uv": [1.75, 8, 1.875, 10], "texture": "#0"},
				"up": {"uv": [4.875, 5.625, 4.75, 5.5], "texture": "#0"},
				"down": {"uv": [5.125, 5.5, 5, 5.625], "texture": "#0"}
			}
		},
		{
			"from": [13.35, -3.2, -3.1],
			"to": [13.75, 7.2, -2.85],
			"rotation": {"angle": -45, "axis": "x", "origin": [1.7, 3.7, 5.15]},
			"faces": {
				"north": {"uv": [1.625, 8, 1.5, 10], "texture": "#0"},
				"east": {"uv": [3.125, 7.75, 3, 9.75], "texture": "#0"},
				"south": {"uv": [2.875, 7.75, 2.75, 9.75], "texture": "#0"},
				"west": {"uv": [1.875, 8, 1.75, 10], "texture": "#0"},
				"up": {"uv": [4.875, 5.5, 4.75, 5.625], "texture": "#0"},
				"down": {"uv": [5.125, 5.625, 5, 5.5], "texture": "#0"}
			}
		},
		{
			"from": [13.35, -6.9, 4.1],
			"to": [13.75, 0.4, 4.35],
			"rotation": {"angle": 0, "axis": "y", "origin": [1.7, 0, 12.35]},
			"faces": {
				"north": {"uv": [1.625, 8, 1.5, 10], "texture": "#0"},
				"east": {"uv": [3.125, 7.75, 3, 9.75], "texture": "#0"},
				"south": {"uv": [2.875, 7.75, 2.75, 9.75], "texture": "#0"},
				"west": {"uv": [1.875, 8, 1.75, 10], "texture": "#0"},
				"up": {"uv": [4.875, 5.5, 4.75, 5.625], "texture": "#0"},
				"down": {"uv": [5.125, 5.625, 5, 5.5], "texture": "#0"}
			}
		},
		{
			"from": [18.15101, 0.1, -8.48528],
			"to": [20.15101, 0.9, -7.48528],
			"rotation": {"angle": 45, "axis": "y", "origin": [20, 0, -8]},
			"faces": {
				"north": {"uv": [0, 5, 0.5, 5.25], "texture": "#0"},
				"east": {"uv": [2, 7.25, 2.25, 7.5], "texture": "#0"},
				"south": {"uv": [4, 6.25, 4.5, 6.5], "texture": "#0"},
				"west": {"uv": [2.25, 7.25, 2.5, 7.5], "texture": "#0"},
				"up": {"uv": [3, 6.75, 2.5, 6.5], "texture": "#0"},
				"down": {"uv": [3.5, 6.5, 3, 6.75], "texture": "#0"}
			}
		},
		{
			"from": [16.90101, 0.2, -7.48528],
			"to": [19.15101, 0.8, -6.48528],
			"rotation": {"angle": 22.5, "axis": "y", "origin": [19, 0, -7]},
			"faces": {
				"north": {"uv": [1, 7, 1.625, 7.125], "texture": "#0"},
				"east": {"uv": [7.75, 3, 8, 3.125], "texture": "#0"},
				"south": {"uv": [1.75, 7, 2.375, 7.125], "texture": "#0"},
				"west": {"uv": [3.25, 7.75, 3.5, 7.875], "texture": "#0"},
				"up": {"uv": [6.625, 2.5, 6, 2.25], "texture": "#0"},
				"down": {"uv": [4.375, 6, 3.75, 6.25], "texture": "#0"}
			}
		},
		{
			"from": [15.00101, 0.3, -6.81028],
			"to": [17.25101, 0.7, -5.81028],
			"rotation": {"angle": 0, "axis": "y", "origin": [17.1, 0, -6.325]},
			"faces": {
				"north": {"uv": [7.25, 2.25, 7.75, 2.375], "texture": "#0"},
				"east": {"uv": [7.75, 3.25, 8, 3.375], "texture": "#0"},
				"south": {"uv": [2.5, 7.25, 3, 7.375], "texture": "#0"},
				"west": {"uv": [3.5, 7.75, 3.75, 7.875], "texture": "#0"},
				"up": {"uv": [4, 6.75, 3.5, 6.5], "texture": "#0"},
				"down": {"uv": [4.5, 6.5, 4, 6.75], "texture": "#0"}
			}
		},
		{
			"from": [12.80101, 0.2, -6.76028],
			"to": [15.20101, 0.8, -5.81028],
			"rotation": {"angle": -22.5, "axis": "y", "origin": [15.05, 0, -6.325]},
			"faces": {
				"north": {"uv": [2.5, 7, 3.125, 7.125], "texture": "#0"},
				"east": {"uv": [7.75, 3.5, 8, 3.625], "texture": "#0"},
				"south": {"uv": [7, 3, 7.625, 3.125], "texture": "#0"},
				"west": {"uv": [3.75, 7.75, 4, 7.875], "texture": "#0"},
				"up": {"uv": [6.125, 6.25, 5.5, 6], "texture": "#0"},
				"down": {"uv": [0.625, 6.25, 0, 6.5], "texture": "#0"}
			}
		},
		{
			"from": [12.14248, 0.2, -7.16164],
			"to": [13.14248, 0.8, -5.11164],
			"rotation": {"angle": 0, "axis": "y", "origin": [12.8, 0, -7.1]},
			"faces": {
				"north": {"uv": [7.75, 3.75, 8, 3.875], "texture": "#0"},
				"east": {"uv": [3, 7.25, 3.5, 7.375], "texture": "#0"},
				"south": {"uv": [4, 7.75, 4.25, 7.875], "texture": "#0"},
				"west": {"uv": [3.5, 7.25, 4, 7.375], "texture": "#0"},
				"up": {"uv": [5.75, 7, 5.5, 6.5], "texture": "#0"},
				"down": {"uv": [6, 6.5, 5.75, 7], "texture": "#0"}
			}
		},
		{
			"from": [12.14248, 0.4, -3.31164],
			"to": [17.34248, 0.6, -1.51164],
			"rotation": {"angle": -22.5, "axis": "y", "origin": [12.8, 0, -3.25]},
			"faces": {
				"north": {"uv": [0.75, 6.25, 2, 6.375], "texture": "#0"},
				"east": {"uv": [4, 7.25, 4.5, 7.375], "texture": "#0"},
				"south": {"uv": [2, 6.25, 3.25, 6.375], "texture": "#0"},
				"west": {"uv": [5.5, 7.25, 6, 7.375], "texture": "#0"},
				"up": {"uv": [5.75, 3, 4.5, 2.5], "texture": "#0"},
				"down": {"uv": [3.25, 4.75, 2, 5.25], "texture": "#0"}
			}
		},
		{
			"from": [11.49248, 0.3, -1.76164],
			"to": [17.79248, 0.7, 0.03836],
			"rotation": {"angle": -45, "axis": "y", "origin": [12.15, 0, -1.7]},
			"faces": {
				"north": {"uv": [6, 0, 7.625, 0.125], "texture": "#0"},
				"east": {"uv": [6, 7.25, 6.5, 7.375], "texture": "#0"},
				"south": {"uv": [6, 0.25, 7.625, 0.375], "texture": "#0"},
				"west": {"uv": [6.5, 7.25, 7, 7.375], "texture": "#0"},
				"up": {"uv": [5.125, 3.75, 3.5, 3.25], "texture": "#0"},
				"down": {"uv": [5.125, 3.75, 3.5, 4.25], "texture": "#0"}
			}
		},
		{
			"from": [9.26164, 0.2, -1.18252],
			"to": [11.06164, 0.8, 7.71748],
			"rotation": {"angle": 22.5, "axis": "y", "origin": [11, 0, -0.525]},
			"faces": {
				"north": {"uv": [7, 7.25, 7.5, 7.375], "texture": "#0"},
				"east": {"uv": [5.75, 4.75, 8, 4.875], "texture": "#0"},
				"south": {"uv": [7.25, 7, 7.75, 7.125], "texture": "#0"},
				"west": {"uv": [5.75, 5, 8, 5.125], "texture": "#0"},
				"up": {"uv": [1, 2.75, 0.5, 0.5], "texture": "#0"},
				"down": {"uv": [1.5, 0.5, 1, 2.75], "texture": "#0"}
			}
		},
		{
			"from": [12.14248, 0.3, -5.11164],
			"to": [18.34248, 0.7, -3.06164],
			"rotation": {"angle": 0, "axis": "y", "origin": [12.8, 0, -5.05]},
			"faces": {
				"north": {"uv": [2, 4, 3.5, 4.125], "texture": "#0"},
				"east": {"uv": [0, 7.5, 0.5, 7.625], "texture": "#0"},
				"south": {"uv": [0, 5.25, 1.5, 5.375], "texture": "#0"},
				"west": {"uv": [0.5, 7.5, 1, 7.625], "texture": "#0"},
				"up": {"uv": [6, 0.5, 4.5, 0], "texture": "#0"},
				"down": {"uv": [6, 1, 4.5, 1.5], "texture": "#0"}
			}
		},
		{
			"from": [8.64248, 0.2, 0.03836],
			"to": [9.64248, 0.8, 2.11336],
			"rotation": {"angle": 0, "axis": "y", "origin": [9.3, 0, 0.1]},
			"faces": {
				"north": {"uv": [4.25, 7.75, 4.5, 7.875], "texture": "#0"},
				"east": {"uv": [1, 7.5, 1.5, 7.625], "texture": "#0"},
				"south": {"uv": [7.75, 4.25, 8, 4.375], "texture": "#0"},
				"west": {"uv": [7.5, 1, 8, 1.125], "texture": "#0"},
				"up": {"uv": [6.25, 7, 6, 6.5], "texture": "#0"},
				"down": {"uv": [6.5, 6.5, 6.25, 7], "texture": "#0"}
			}
		},
		{
			"from": [8.64248, 0.4, 2.93836],
			"to": [14.74248, 0.6, 5.48836],
			"rotation": {"angle": -22.5, "axis": "y", "origin": [9.3, 0, 3]},
			"faces": {
				"north": {"uv": [6, 1, 7.5, 1.125], "texture": "#0"},
				"east": {"uv": [7, 5.25, 7.625, 5.375], "texture": "#0"},
				"south": {"uv": [6, 1.25, 7.5, 1.375], "texture": "#0"},
				"west": {"uv": [5.5, 7, 6.125, 7.125], "texture": "#0"},
				"up": {"uv": [4.5, 1.625, 3, 1], "texture": "#0"},
				"down": {"uv": [4.5, 1.75, 3, 2.375], "texture": "#0"}
			}
		},
		{
			"from": [7.74248, 0.3, 5.16336],
			"to": [8.74248, 0.7, 7.03836],
			"rotation": {"angle": -45, "axis": "y", "origin": [8.4, 0, 5.225]},
			"faces": {
				"north": {"uv": [7.75, 4.5, 8, 4.625], "texture": "#0"},
				"east": {"uv": [7.5, 1.25, 8, 1.375], "texture": "#0"},
				"south": {"uv": [7.75, 5.25, 8, 5.375], "texture": "#0"},
				"west": {"uv": [1.5, 7.5, 2, 7.625], "texture": "#0"},
				"up": {"uv": [6.75, 7, 6.5, 6.5], "texture": "#0"},
				"down": {"uv": [0.25, 6.75, 0, 7.25], "texture": "#0"}
			}
		},
		{
			"from": [6.41666, 0.2, 6.48919],
			"to": [7.41666, 0.8, 8.36419],
			"rotation": {"angle": -45, "axis": "y", "origin": [7.07417, 0, 6.55083]},
			"faces": {
				"north": {"uv": [5.5, 7.75, 5.75, 7.875], "texture": "#0"},
				"east": {"uv": [7.5, 1.5, 8, 1.625], "texture": "#0"},
				"south": {"uv": [7.75, 5.5, 8, 5.625], "texture": "#0"},
				"west": {"uv": [7.5, 1.75, 8, 1.875], "texture": "#0"},
				"up": {"uv": [0.5, 7.25, 0.25, 6.75], "texture": "#0"},
				"down": {"uv": [0.75, 6.75, 0.5, 7.25], "texture": "#0"}
			}
		},
		{
			"from": [8.64248, 0.3, 2.11336],
			"to": [9.64248, 0.7, 3.18836],
			"rotation": {"angle": 0, "axis": "y", "origin": [9.3, 0, 2.175]},
			"faces": {
				"north": {"uv": [5.75, 7.75, 6, 7.875], "texture": "#0"},
				"east": {"uv": [7.75, 5.75, 8, 5.875], "texture": "#0"},
				"south": {"uv": [6, 7.75, 6.25, 7.875], "texture": "#0"},
				"west": {"uv": [7.75, 6, 8, 6.125], "texture": "#0"},
				"up": {"uv": [2.25, 7.75, 2, 7.5], "texture": "#0"},
				"down": {"uv": [7.75, 2, 7.5, 2.25], "texture": "#0"}
			}
		},
		{
			"from": [15, 0, 13.95],
			"to": [16, 1, 31.95],
			"rotation": {"angle": 22.5, "axis": "y", "origin": [0, 0, 16]},
			"faces": {
				"north": {"uv": [2.25, 7.5, 2.5, 7.75], "texture": "#0"},
				"east": {"uv": [1.5, 0.5, 6, 0.75], "texture": "#0"},
				"south": {"uv": [2.5, 7.5, 2.75, 7.75], "texture": "#0"},
				"west": {"uv": [1.5, 0.75, 6, 1], "texture": "#0"},
				"up": {"uv": [1.75, 5.5, 1.5, 1], "texture": "#0"},
				"down": {"uv": [2, 1, 1.75, 5.5], "texture": "#0"}
			}
		},
		{
			"from": [14, 0.1, 8.7],
			"to": [15, 0.9, 18.4],
			"rotation": {"angle": -22.5, "axis": "y", "origin": [0, 0, 16]},
			"faces": {
				"north": {"uv": [2.75, 7.5, 3, 7.75], "texture": "#0"},
				"east": {"uv": [5.25, 3.25, 7.625, 3.5], "texture": "#0"},
				"south": {"uv": [3, 7.5, 3.25, 7.75], "texture": "#0"},
				"west": {"uv": [5.25, 3.5, 7.625, 3.75], "texture": "#0"},
				"up": {"uv": [1.25, 5.125, 1, 2.75], "texture": "#0"},
				"down": {"uv": [1.5, 2.75, 1.25, 5.125], "texture": "#0"}
			}
		},
		{
			"from": [6, 0.1, 1.7],
			"to": [7, 0.9, 10.2],
			"rotation": {"angle": -45, "axis": "y", "origin": [0, 0, 16]},
			"faces": {
				"north": {"uv": [3.25, 7.5, 3.5, 7.75], "texture": "#0"},
				"east": {"uv": [5.75, 2.5, 7.875, 2.75], "texture": "#0"},
				"south": {"uv": [3.5, 7.5, 3.75, 7.75], "texture": "#0"},
				"west": {"uv": [5.75, 2.75, 7.875, 3], "texture": "#0"},
				"up": {"uv": [5.25, 7.875, 5, 5.75], "texture": "#0"},
				"down": {"uv": [5.5, 5.75, 5.25, 7.875], "texture": "#0"}
			}
		},
		{
			"from": [18.15101, 0.1, 23.48528],
			"to": [20.15101, 0.9, 24.48528],
			"rotation": {"angle": -45, "axis": "y", "origin": [20, 0, 24]},
			"faces": {
				"north": {"uv": [0.75, 6.75, 1.25, 7], "texture": "#0"},
				"east": {"uv": [3.75, 7.5, 4, 7.75], "texture": "#0"},
				"south": {"uv": [1.25, 6.75, 1.75, 7], "texture": "#0"},
				"west": {"uv": [7.5, 3.75, 7.75, 4], "texture": "#0"},
				"up": {"uv": [2.25, 7, 1.75, 6.75], "texture": "#0"},
				"down": {"uv": [2.75, 6.75, 2.25, 7], "texture": "#0"}
			}
		},
		{
			"from": [16.90101, 0.2, 22.48528],
			"to": [19.15101, 0.8, 23.48528],
			"rotation": {"angle": -22.5, "axis": "y", "origin": [19, 0, 23]},
			"faces": {
				"north": {"uv": [7, 5.5, 7.625, 5.625], "texture": "#0"},
				"east": {"uv": [6.25, 7.75, 6.5, 7.875], "texture": "#0"},
				"south": {"uv": [7, 6, 7.625, 6.125], "texture": "#0"},
				"west": {"uv": [7.75, 6.25, 8, 6.375], "texture": "#0"},
				"up": {"uv": [3.875, 6.5, 3.25, 6.25], "texture": "#0"},
				"down": {"uv": [6.125, 6.25, 5.5, 6.5], "texture": "#0"}
			}
		},
		{
			"from": [15.00101, 0.3, 21.81028],
			"to": [17.25101, 0.7, 22.81028],
			"rotation": {"angle": 0, "axis": "y", "origin": [17.1, 0, 22.325]},
			"faces": {
				"north": {"uv": [4, 7.5, 4.5, 7.625], "texture": "#0"},
				"east": {"uv": [6.5, 7.75, 6.75, 7.875], "texture": "#0"},
				"south": {"uv": [7.5, 4, 8, 4.125], "texture": "#0"},
				"west": {"uv": [7.75, 6.5, 8, 6.625], "texture": "#0"},
				"up": {"uv": [7.25, 2.5, 6.75, 2.25], "texture": "#0"},
				"down": {"uv": [3.25, 6.75, 2.75, 7], "texture": "#0"}
			}
		},
		{
			"from": [12.80101, 0.2, 21.81028],
			"to": [15.20101, 0.8, 22.76028],
			"rotation": {"angle": 22.5, "axis": "y", "origin": [15.05, 0, 22.325]},
			"faces": {
				"north": {"uv": [6.25, 7, 6.875, 7.125], "texture": "#0"},
				"east": {"uv": [6.75, 7.75, 7, 7.875], "texture": "#0"},
				"south": {"uv": [7, 6.25, 7.625, 6.375], "texture": "#0"},
				"west": {"uv": [7.75, 6.75, 8, 6.875], "texture": "#0"},
				"up": {"uv": [6.875, 6.25, 6.25, 6], "texture": "#0"},
				"down": {"uv": [6.875, 6.25, 6.25, 6.5], "texture": "#0"}
			}
		},
		{
			"from": [12.14248, 0.2, 21.11164],
			"to": [13.14248, 0.8, 23.16164],
			"rotation": {"angle": 0, "axis": "y", "origin": [12.8, 0, 23.1]},
			"faces": {
				"north": {"uv": [7, 7.75, 7.25, 7.875], "texture": "#0"},
				"east": {"uv": [5.5, 7.5, 6, 7.625], "texture": "#0"},
				"south": {"uv": [7.75, 7, 8, 7.125], "texture": "#0"},
				"west": {"uv": [6, 7.5, 6.5, 7.625], "texture": "#0"},
				"up": {"uv": [3.5, 7.25, 3.25, 6.75], "texture": "#0"},
				"down": {"uv": [3.75, 6.75, 3.5, 7.25], "texture": "#0"}
			}
		},
		{
			"from": [12.14248, 0.4, 17.51164],
			"to": [17.34248, 0.6, 19.31164],
			"rotation": {"angle": 22.5, "axis": "y", "origin": [12.8, 0, 19.25]},
			"faces": {
				"north": {"uv": [0, 6.5, 1.25, 6.625], "texture": "#0"},
				"east": {"uv": [6.5, 7.5, 7, 7.625], "texture": "#0"},
				"south": {"uv": [1.25, 6.5, 2.5, 6.625], "texture": "#0"},
				"west": {"uv": [7, 7.5, 7.5, 7.625], "texture": "#0"},
				"up": {"uv": [4.5, 5.25, 3.25, 4.75], "texture": "#0"},
				"down": {"uv": [5.75, 4.75, 4.5, 5.25], "texture": "#0"}
			}
		},
		{
			"from": [11.49248, 0.3, 15.96164],
			"to": [17.79248, 0.7, 17.76164],
			"rotation": {"angle": 45, "axis": "y", "origin": [12.15, 0, 17.7]},
			"faces": {
				"north": {"uv": [6, 0.5, 7.625, 0.625], "texture": "#0"},
				"east": {"uv": [7.5, 7.25, 8, 7.375], "texture": "#0"},
				"south": {"uv": [6, 0.75, 7.625, 0.875], "texture": "#0"},
				"west": {"uv": [7.5, 7.5, 8, 7.625], "texture": "#0"},
				"up": {"uv": [3.625, 4.75, 2, 4.25], "texture": "#0"},
				"down": {"uv": [5.375, 4.25, 3.75, 4.75], "texture": "#0"}
			}
		},
		{
			"from": [9.26164, 0.2, 8.28252],
			"to": [11.06164, 0.8, 17.18252],
			"rotation": {"angle": -22.5, "axis": "y", "origin": [11, 0, 16.525]},
			"faces": {
				"north": {"uv": [0, 7.75, 0.5, 7.875], "texture": "#0"},
				"east": {"uv": [5.5, 5.75, 7.75, 5.875], "texture": "#0"},
				"south": {"uv": [7.75, 0, 8.25, 0.125], "texture": "#0"},
				"west": {"uv": [0, 6, 2.25, 6.125], "texture": "#0"},
				"up": {"uv": [2.5, 3.25, 2, 1], "texture": "#0"},
				"down": {"uv": [3, 1, 2.5, 3.25], "texture": "#0"}
			}
		},
		{
			"from": [12.14248, 0.3, 19.06164],
			"to": [18.34248, 0.7, 21.11164],
			"rotation": {"angle": 0, "axis": "y", "origin": [12.8, 0, 21.05]},
			"faces": {
				"north": {"uv": [6, 1.5, 7.5, 1.625], "texture": "#0"},
				"east": {"uv": [7.75, 0.25, 8.25, 0.375], "texture": "#0"},
				"south": {"uv": [6, 1.75, 7.5, 1.875], "texture": "#0"},
				"west": {"uv": [0.5, 7.75, 1, 7.875], "texture": "#0"},
				"up": {"uv": [6, 2, 4.5, 1.5], "texture": "#0"},
				"down": {"uv": [6, 2, 4.5, 2.5], "texture": "#0"}
			}
		},
		{
			"from": [8.64248, 0.2, 13.88664],
			"to": [9.64248, 0.8, 15.96164],
			"rotation": {"angle": 0, "axis": "y", "origin": [9.3, 0, 15.9]},
			"faces": {
				"north": {"uv": [7.25, 7.75, 7.5, 7.875], "texture": "#0"},
				"east": {"uv": [7.75, 0.5, 8.25, 0.625], "texture": "#0"},
				"south": {"uv": [7.5, 7.75, 7.75, 7.875], "texture": "#0"},
				"west": {"uv": [7.75, 0.75, 8.25, 0.875], "texture": "#0"},
				"up": {"uv": [4, 7.25, 3.75, 6.75], "texture": "#0"},
				"down": {"uv": [4.25, 6.75, 4, 7.25], "texture": "#0"}
			}
		},
		{
			"from": [8.64248, 0.4, 10.51164],
			"to": [14.74248, 0.6, 13.06164],
			"rotation": {"angle": 22.5, "axis": "y", "origin": [9.3, 0, 13]},
			"faces": {
				"north": {"uv": [6, 2, 7.5, 2.125], "texture": "#0"},
				"east": {"uv": [7, 6.5, 7.625, 6.625], "texture": "#0"},
				"south": {"uv": [2.25, 6, 3.75, 6.125], "texture": "#0"},
				"west": {"uv": [7, 6.75, 7.625, 6.875], "texture": "#0"},
				"up": {"uv": [4.5, 3.125, 3, 2.5], "texture": "#0"},
				"down": {"uv": [3.5, 3.25, 2, 3.875], "texture": "#0"}
			}
		},
		{
			"from": [7.74248, 0.3, 8.96164],
			"to": [8.74248, 0.7, 10.83664],
			"rotation": {"angle": 45, "axis": "y", "origin": [8.4, 0, 10.775]},
			"faces": {
				"north": {"uv": [7.75, 7.75, 8, 7.875], "texture": "#0"},
				"east": {"uv": [1, 7.75, 1.5, 7.875], "texture": "#0"},
				"south": {"uv": [0, 8, 0.25, 8.125], "texture": "#0"},
				"west": {"uv": [1.5, 7.75, 2, 7.875], "texture": "#0"},
				"up": {"uv": [4.5, 7.25, 4.25, 6.75], "texture": "#0"},
				"down": {"uv": [7, 5.25, 6.75, 5.75], "texture": "#0"}
			}
		},
		{
			"from": [6.41666, 0.2, 7.63581],
			"to": [7.41666, 0.8, 9.51081],
			"rotation": {"angle": 45, "axis": "y", "origin": [7.07417, 0, 9.44917]},
			"faces": {
				"north": {"uv": [0.25, 8, 0.5, 8.125], "texture": "#0"},
				"east": {"uv": [2, 7.75, 2.5, 7.875], "texture": "#0"},
				"south": {"uv": [0.5, 8, 0.75, 8.125], "texture": "#0"},
				"west": {"uv": [7.75, 2, 8.25, 2.125], "texture": "#0"},
				"up": {"uv": [7, 7, 6.75, 6.5], "texture": "#0"},
				"down": {"uv": [1, 7, 0.75, 7.5], "texture": "#0"}
			}
		},
		{
			"from": [8.64248, 0.3, 12.81164],
			"to": [9.64248, 0.7, 13.88664],
			"rotation": {"angle": 0, "axis": "y", "origin": [9.3, 0, 13.825]},
			"faces": {
				"north": {"uv": [0.75, 8, 1, 8.125], "texture": "#0"},
				"east": {"uv": [1, 8, 1.25, 8.125], "texture": "#0"},
				"south": {"uv": [8, 1, 8.25, 1.125], "texture": "#0"},
				"west": {"uv": [1.25, 8, 1.5, 8.125], "texture": "#0"},
				"up": {"uv": [8, 2.5, 7.75, 2.25], "texture": "#0"},
				"down": {"uv": [2.75, 7.75, 2.5, 8], "texture": "#0"}
			}
		}
	],
	"display": {
		"gui": {
			"rotation": [29, -60, -1],
			"translation": [-2.75, 5.75, 0],
			"scale": [0.6, 0.6, 0.6]
		},
		"head": {
			"rotation": [0, 90, 0],
			"translation": [0, 34, 15.75],
			"scale": [2.78, 2.78, 2.78]
		}
	},
	"groups": [
		{
			"name": "group",
			"origin": [9.3, 0, 2.175],
			"color": 0,
			"children": [0, 1, 2, 3, 4, 5, 6, 7, 8, 9, 10, 11, 12, 13, 14, 15, 16, 17, 18, 19, 20, 21, 22, 23, 24, 25]
		},
		{
			"name": "group",
			"origin": [9.3, 0, 2.175],
			"color": 0,
			"children": [26, 27, 28, 29, 30, 31, 32, 33, 34, 35, 36, 37, 38, 39, 40, 41, 42]
		}
	]
}