{
	"credit": "Made with Blockbench",
	"texture_size": [128, 128],
	"textures": {
		"0": "item/gleiter01",
		"particle": "item/gleiter01"
	},
	"elements": [
		{
			"from": [-1, 22.75, -10],
			"to": [1, 24.75, 23.25],
			"rotation": {"angle": 0, "axis": "y", "origin": [0, 22.75, 0]},
			"faces": {
				"north": {"uv": [3.875, 5.375, 4.125, 5.625], "texture": "#0"},
				"east": {"uv": [0, 1.5, 4.15625, 1.75], "texture": "#0"},
				"south": {"uv": [3.5, 6, 3.75, 6.25], "texture": "#0"},
				"west": {"uv": [0, 1.75, 4.15625, 2], "texture": "#0"},
				"up": {"uv": [0.25, 6.15625, 0, 2], "texture": "#0"},
				"down": {"uv": [0.5, 2, 0.25, 6.15625], "texture": "#0"}
			}
		},
		{
			"from": [1, 22.75, -10],
			"to": [32, 24.75, -8],
			"rotation": {"angle": 0, "axis": "y", "origin": [0, 22.75, 0]},
			"faces": {
				"north": {"uv": [1.5, 3.5, 5.375, 3.75], "texture": "#0"},
				"east": {"uv": [0.625, 6.25, 0.875, 6.5], "texture": "#0"},
				"south": {"uv": [3.5, 2.5, 7.375, 2.75], "texture": "#0"},
				"west": {"uv": [0.875, 6.25, 1.125, 6.5], "texture": "#0"},
				"up": {"uv": [7.375, 3, 3.5, 2.75], "texture": "#0"},
				"down": {"uv": [7.375, 3, 3.5, 3.25], "texture": "#0"}
			}
		},
		{
			"from": [-15.25, 23.25, 14.6875],
			"to": [28, 24.25, 16.6875],
			"rotation": {"angle": 45, "axis": "y", "origin": [0, 22.75, 0]},
			"faces": {
				"north": {"uv": [4.25, 1.5, 9.65625, 1.625], "texture": "#0"},
				"east": {"uv": [3.875, 5.625, 4.125, 5.75], "texture": "#0"},
				"south": {"uv": [4.25, 1.625, 9.65625, 1.75], "texture": "#0"},
				"west": {"uv": [3.5, 6.25, 3.75, 6.375], "texture": "#0"},
				"up": {"uv": [5.40625, 0.25, 0, 0], "texture": "#0"},
				"down": {"uv": [5.40625, 0.25, 0, 0.5], "texture": "#0"}
			}
		},
		{
			"from": [-13.25, 23.25, 12.6875],
			"to": [26.75, 24.25, 14.6875],
			"rotation": {"angle": 45, "axis": "y", "origin": [0, 22.75, 0]},
			"faces": {
				"north": {"uv": [3.125, 4.5, 8.125, 4.625], "texture": "#0"},
				"east": {"uv": [4.375, 6.25, 4.625, 6.375], "texture": "#0"},
				"south": {"uv": [4.625, 1, 9.625, 1.125], "texture": "#0"},
				"west": {"uv": [6.25, 4.375, 6.5, 4.5], "texture": "#0"},
				"up": {"uv": [5, 0.75, 0, 0.5], "texture": "#0"},
				"down": {"uv": [5, 0.75, 0, 1], "texture": "#0"}
			}
		},
		{
			"from": [-11.75, 23.25, 10.6875],
			"to": [24.75, 24.25, 12.6875],
			"rotation": {"angle": 45, "axis": "y", "origin": [0, 22.75, 0]},
			"faces": {
				"north": {"uv": [4.625, 1.125, 9.1875, 1.25], "texture": "#0"},
				"east": {"uv": [4.625, 6.25, 4.875, 6.375], "texture": "#0"},
				"south": {"uv": [4.625, 1.25, 9.1875, 1.375], "texture": "#0"},
				"west": {"uv": [6.25, 4.75, 6.5, 4.875], "texture": "#0"},
				"up": {"uv": [4.5625, 1.25, 0, 1], "texture": "#0"},
				"down": {"uv": [4.5625, 1.25, 0, 1.5], "texture": "#0"}
			}
		},
		{
			"from": [-10, 23.25, 8.6875],
			"to": [22.5, 24.25, 10.6875],
			"rotation": {"angle": 45, "axis": "y", "origin": [0, 22.75, 0]},
			"faces": {
				"north": {"uv": [4.625, 1.375, 8.6875, 1.5], "texture": "#0"},
				"east": {"uv": [4.875, 6.25, 5.125, 6.375], "texture": "#0"},
				"south": {"uv": [3.125, 4.625, 7.1875, 4.75], "texture": "#0"},
				"west": {"uv": [6.25, 4.875, 6.5, 5], "texture": "#0"},
				"up": {"uv": [4.5625, 2.25, 0.5, 2], "texture": "#0"},
				"down": {"uv": [4.5625, 2.25, 0.5, 2.5], "texture": "#0"}
			}
		},
		{
			"from": [-7.75, 23.25, 6.6875],
			"to": [20.5, 24.25, 8.6875],
			"rotation": {"angle": 45, "axis": "y", "origin": [0, 22.75, 0]},
			"faces": {
				"north": {"uv": [4.625, 4, 8.15625, 4.125], "texture": "#0"},
				"east": {"uv": [6.25, 5, 6.5, 5.125], "texture": "#0"},
				"south": {"uv": [4.625, 4.125, 8.15625, 4.25], "texture": "#0"},
				"west": {"uv": [5.125, 6.25, 5.375, 6.375], "texture": "#0"},
				"up": {"uv": [7.03125, 3.5, 3.5, 3.25], "texture": "#0"},
				"down": {"uv": [5.03125, 3.75, 1.5, 4], "texture": "#0"}
			}
		},
		{
			"from": [-6, 23.25, 4.6875],
			"to": [18.75, 24.25, 6.6875],
			"rotation": {"angle": 45, "axis": "y", "origin": [0, 22.75, 0]},
			"faces": {
				"north": {"uv": [2.125, 4.75, 5.21875, 4.875], "texture": "#0"},
				"east": {"uv": [6.25, 5.125, 6.5, 5.25], "texture": "#0"},
				"south": {"uv": [2.125, 4.875, 5.21875, 5], "texture": "#0"},
				"west": {"uv": [6.25, 5.25, 6.5, 5.375], "texture": "#0"},
				"up": {"uv": [4.59375, 4.25, 1.5, 4], "texture": "#0"},
				"down": {"uv": [4.59375, 4.25, 1.5, 4.5], "texture": "#0"}
			}
		},
		{
			"from": [-4, 23.25, 2.6875],
			"to": [16.75, 24.25, 4.6875],
			"rotation": {"angle": 45, "axis": "y", "origin": [0, 22.75, 0]},
			"faces": {
				"north": {"uv": [5, 0.875, 7.59375, 1], "texture": "#0"},
				"east": {"uv": [5.375, 6.25, 5.625, 6.375], "texture": "#0"},
				"south": {"uv": [1.5, 5, 4.09375, 5.125], "texture": "#0"},
				"west": {"uv": [6.25, 5.375, 6.5, 5.5], "texture": "#0"},
				"up": {"uv": [6.84375, 2, 4.25, 1.75], "texture": "#0"},
				"down": {"uv": [3.09375, 4.5, 0.5, 4.75], "texture": "#0"}
			}
		},
		{
			"from": [-2, 23.25, 0.6875],
			"to": [14.75, 24.25, 2.6875],
			"rotation": {"angle": 45, "axis": "y", "origin": [0, 22.75, 0]},
			"faces": {
				"north": {"uv": [5.125, 3.75, 7.21875, 3.875], "texture": "#0"},
				"east": {"uv": [6.25, 5.5, 6.5, 5.625], "texture": "#0"},
				"south": {"uv": [5.125, 3.875, 7.21875, 4], "texture": "#0"},
				"west": {"uv": [5.625, 6.25, 5.875, 6.375], "texture": "#0"},
				"up": {"uv": [6.71875, 2.25, 4.625, 2], "texture": "#0"},
				"down": {"uv": [6.71875, 2.25, 4.625, 2.5], "texture": "#0"}
			}
		},
		{
			"from": [0, 23.25, -1.3125],
			"to": [12.75, 24.25, 0.6875],
			"rotation": {"angle": 45, "axis": "y", "origin": [0, 22.75, 0]},
			"faces": {
				"north": {"uv": [0.5, 5.875, 2.09375, 6], "texture": "#0"},
				"east": {"uv": [6.25, 5.625, 6.5, 5.75], "texture": "#0"},
				"south": {"uv": [2.125, 5.875, 3.71875, 6], "texture": "#0"},
				"west": {"uv": [5.875, 6.25, 6.125, 6.375], "texture": "#0"},
				"up": {"uv": [6.21875, 4.5, 4.625, 4.25], "texture": "#0"},
				"down": {"uv": [2.09375, 4.75, 0.5, 5], "texture": "#0"}
			}
		},
		{
			"from": [2, 23.25, -3.3125],
			"to": [10.75, 24.25, -1.3125],
			"rotation": {"angle": 45, "axis": "y", "origin": [0, 22.75, 0]},
			"faces": {
				"north": {"uv": [6, 0.5, 7.09375, 0.625], "texture": "#0"},
				"east": {"uv": [6.125, 6.25, 6.375, 6.375], "texture": "#0"},
				"south": {"uv": [6, 0.625, 7.09375, 0.75], "texture": "#0"},
				"west": {"uv": [0, 6.375, 0.25, 6.5], "texture": "#0"},
				"up": {"uv": [2.96875, 5.375, 1.875, 5.125], "texture": "#0"},
				"down": {"uv": [4.09375, 5.125, 3, 5.375], "texture": "#0"}
			}
		},
		{
			"from": [4, 23.25, -5.3125],
			"to": [8.75, 24.25, -3.3125],
			"rotation": {"angle": 45, "axis": "y", "origin": [0, 22.75, 0]},
			"faces": {
				"north": {"uv": [5.875, 6.125, 6.46875, 6.25], "texture": "#0"},
				"east": {"uv": [0.25, 6.375, 0.5, 6.5], "texture": "#0"},
				"south": {"uv": [0, 6.25, 0.59375, 6.375], "texture": "#0"},
				"west": {"uv": [2.5, 6.375, 2.75, 6.5], "texture": "#0"},
				"up": {"uv": [6.46875, 6, 5.875, 5.75], "texture": "#0"},
				"down": {"uv": [1.09375, 6, 0.5, 6.25], "texture": "#0"}
			}
		},
		{
			"from": [1.875, 12, 2.75],
			"to": [2.875, 14, 10.75],
			"rotation": {"angle": 45, "axis": "y", "origin": [-0.125, 0, 0.75]},
			"faces": {
				"north": {"uv": [0.5, 6.375, 0.625, 6.625], "texture": "#0"},
				"east": {"uv": [5.25, 4.75, 6.25, 5], "texture": "#0"},
				"south": {"uv": [2.75, 6.375, 2.875, 6.625], "texture": "#0"},
				"west": {"uv": [5.25, 5, 6.25, 5.25], "texture": "#0"},
				"up": {"uv": [2.125, 7, 2, 6], "texture": "#0"},
				"down": {"uv": [2.25, 6, 2.125, 7], "texture": "#0"}
			}
		},
		{
			"from": [10.875, 12, 2.75],
			"to": [11.875, 14, 10.75],
			"rotation": {"angle": 45, "axis": "y", "origin": [-0.125, 0, 0.75]},
			"faces": {
				"north": {"uv": [2.875, 6.375, 3, 6.625], "texture": "#0"},
				"east": {"uv": [5.25, 5.25, 6.25, 5.5], "texture": "#0"},
				"south": {"uv": [3, 6.375, 3.125, 6.625], "texture": "#0"},
				"west": {"uv": [0.5, 5.375, 1.5, 5.625], "texture": "#0"},
				"up": {"uv": [2.375, 7, 2.25, 6], "texture": "#0"},
				"down": {"uv": [2.5, 6, 2.375, 7], "texture": "#0"}
			}
		},
		{
			"from": [2.875, 12, 1.75],
			"to": [10.875, 14, 2.75],
			"rotation": {"angle": 45, "axis": "y", "origin": [-0.125, 0, 0.75]},
			"faces": {
				"north": {"uv": [1.875, 5.375, 2.875, 5.625], "texture": "#0"},
				"east": {"uv": [3.125, 6.375, 3.25, 6.625], "texture": "#0"},
				"south": {"uv": [2.875, 5.375, 3.875, 5.625], "texture": "#0"},
				"west": {"uv": [3.25, 6.375, 3.375, 6.625], "texture": "#0"},
				"up": {"uv": [7, 0.875, 6, 0.75], "texture": "#0"},
				"down": {"uv": [3.5, 6, 2.5, 6.125], "texture": "#0"}
			}
		},
		{
			"from": [2.875, 12, -0.25],
			"to": [10.875, 13, 1.75],
			"rotation": {"angle": 45, "axis": "y", "origin": [-0.125, 0, 0.75]},
			"faces": {
				"north": {"uv": [3.875, 6, 4.875, 6.125], "texture": "#0"},
				"east": {"uv": [3.375, 6.375, 3.625, 6.5], "texture": "#0"},
				"south": {"uv": [5.875, 6, 6.875, 6.125], "texture": "#0"},
				"west": {"uv": [6.375, 3.5, 6.625, 3.625], "texture": "#0"},
				"up": {"uv": [6.375, 3.75, 5.375, 3.5], "texture": "#0"},
				"down": {"uv": [6.5, 0, 5.5, 0.25], "texture": "#0"}
			}
		},
		{
			"from": [10.875, 12, 0.75],
			"to": [11.875, 13, 2.75],
			"rotation": {"angle": 45, "axis": "y", "origin": [-0.125, 0, 0.75]},
			"faces": {
				"north": {"uv": [5.25, 6.375, 5.375, 6.5], "texture": "#0"},
				"east": {"uv": [6.375, 3.625, 6.625, 3.75], "texture": "#0"},
				"south": {"uv": [5.375, 6.375, 5.5, 6.5], "texture": "#0"},
				"west": {"uv": [3.875, 6.375, 4.125, 6.5], "texture": "#0"},
				"up": {"uv": [3.75, 6.625, 3.625, 6.375], "texture": "#0"},
				"down": {"uv": [4.25, 6.375, 4.125, 6.625], "texture": "#0"}
			}
		},
		{
			"from": [10.875, 6, 4.75],
			"to": [10.875, 12, 7.75],
			"rotation": {"angle": 45, "axis": "y", "origin": [-0.125, 0, 0.75]},
			"faces": {
				"north": {"uv": [0, 0, 0, 0.75], "texture": "#0"},
				"east": {"uv": [4.125, 5, 4.5, 5.75], "texture": "#0"},
				"south": {"uv": [0, 0, 0, 0.75], "texture": "#0"},
				"west": {"uv": [4.5, 5, 4.875, 5.75], "texture": "#0"},
				"up": {"uv": [0, 0.375, 0, 0], "texture": "#0"},
				"down": {"uv": [0, 0, 0, 0.375], "texture": "#0"}
			}
		},
		{
			"from": [2.875, 6, 4.75],
			"to": [10.875, 6, 7.75],
			"rotation": {"angle": 45, "axis": "y", "origin": [-0.125, 0, 0.75]},
			"faces": {
				"north": {"uv": [0, 0, 1, 0], "texture": "#0"},
				"east": {"uv": [0, 0, 0.375, 0], "texture": "#0"},
				"south": {"uv": [0, 0, 1, 0], "texture": "#0"},
				"west": {"uv": [0, 0, 0.375, 0], "texture": "#0"},
				"up": {"uv": [1.5, 5.375, 0.5, 5], "texture": "#0"},
				"down": {"uv": [6, 0.5, 5, 0.875], "texture": "#0"}
			}
		},
		{
			"from": [2.875, 6, 4.75],
			"to": [2.875, 12, 7.75],
			"rotation": {"angle": 45, "axis": "y", "origin": [-0.125, 0, 0.75]},
			"faces": {
				"north": {"uv": [0, 0, 0, 0.75], "texture": "#0"},
				"east": {"uv": [4.875, 5, 5.25, 5.75], "texture": "#0"},
				"south": {"uv": [0, 0, 0, 0.75], "texture": "#0"},
				"west": {"uv": [1.5, 5.125, 1.875, 5.875], "texture": "#0"},
				"up": {"uv": [0, 0.375, 0, 0], "texture": "#0"},
				"down": {"uv": [0, 0, 0, 0.375], "texture": "#0"}
			}
		},
		{
			"from": [1.875, 12, 0.75],
			"to": [2.875, 13, 2.75],
			"rotation": {"angle": 45, "axis": "y", "origin": [-0.125, 0, 0.75]},
			"faces": {
				"north": {"uv": [5.5, 6.375, 5.625, 6.5], "texture": "#0"},
				"east": {"uv": [4.25, 6.375, 4.5, 6.5], "texture": "#0"},
				"south": {"uv": [5.625, 6.375, 5.75, 6.5], "texture": "#0"},
				"west": {"uv": [4.5, 6.375, 4.75, 6.5], "texture": "#0"},
				"up": {"uv": [4.875, 6.625, 4.75, 6.375], "texture": "#0"},
				"down": {"uv": [5, 6.375, 4.875, 6.625], "texture": "#0"}
			}
		},
		{
			"from": [2.875, 12, 10.75],
			"to": [10.875, 14, 11.75],
			"rotation": {"angle": 45, "axis": "y", "origin": [-0.125, 0, 0.75]},
			"faces": {
				"north": {"uv": [5.5, 0.25, 6.5, 0.5], "texture": "#0"},
				"east": {"uv": [5, 6.375, 5.125, 6.625], "texture": "#0"},
				"south": {"uv": [5.25, 5.5, 6.25, 5.75], "texture": "#0"},
				"west": {"uv": [5.125, 6.375, 5.25, 6.625], "texture": "#0"},
				"up": {"uv": [3.5, 6.25, 2.5, 6.125], "texture": "#0"},
				"down": {"uv": [4.875, 6.125, 3.875, 6.25], "texture": "#0"}
			}
		},
		{
			"from": [2.875, 14, 2.75],
			"to": [10.875, 16, 10.75],
			"rotation": {"angle": 45, "axis": "y", "origin": [-0.125, 0, 0.75]},
			"faces": {
				"north": {"uv": [0.5, 5.625, 1.5, 5.875], "texture": "#0"},
				"east": {"uv": [1.875, 5.625, 2.875, 5.875], "texture": "#0"},
				"south": {"uv": [2.875, 5.625, 3.875, 5.875], "texture": "#0"},
				"west": {"uv": [3.875, 5.75, 4.875, 6], "texture": "#0"},
				"up": {"uv": [1.5, 3.5, 0.5, 2.5], "texture": "#0"},
				"down": {"uv": [2.5, 2.5, 1.5, 3.5], "texture": "#0"}
			}
		},
		{
			"from": [2.875, 24.3125, 2.75],
			"to": [10.875, 24.3125, 10.75],
			"rotation": {"angle": 45, "axis": "y", "origin": [-0.125, 0, 0.75]},
			"faces": {
				"north": {"uv": [0, 0, 1, 0], "texture": "#0"},
				"east": {"uv": [0, 0, 1, 0], "texture": "#0"},
				"south": {"uv": [0, 0, 1, 0], "texture": "#0"},
				"west": {"uv": [0, 0, 1, 0], "texture": "#0"},
				"up": {"uv": [3.5, 3.5, 2.5, 2.5], "texture": "#0"},
				"down": {"uv": [1.5, 3.5, 0.5, 4.5], "texture": "#0"}
			}
		},
		{
			"from": [4.875, 16, 4.75],
			"to": [8.875, 17, 8.75],
			"rotation": {"angle": 45, "axis": "y", "origin": [-0.125, 0, 0.75]},
			"faces": {
				"north": {"uv": [2.5, 6.25, 3, 6.375], "texture": "#0"},
				"east": {"uv": [3, 6.25, 3.5, 6.375], "texture": "#0"},
				"south": {"uv": [3.875, 6.25, 4.375, 6.375], "texture": "#0"},
				"west": {"uv": [6.25, 4.25, 6.75, 4.375], "texture": "#0"},
				"up": {"uv": [5.375, 6.25, 4.875, 5.75], "texture": "#0"},
				"down": {"uv": [5.875, 5.75, 5.375, 6.25], "texture": "#0"}
			}
		},
		{
			"from": [8.625, 16, 1.5625],
			"to": [9.625, 25, 1.5625],
			"rotation": {"angle": -22.5, "axis": "x", "origin": [-0.125, 0, 0.75]},
			"faces": {
				"north": {"uv": [3.75, 5.875, 3.875, 7], "texture": "#0"},
				"east": {"uv": [0, 0, 0, 1.125], "texture": "#0"},
				"south": {"uv": [1.125, 6, 1.25, 7.125], "texture": "#0"},
				"west": {"uv": [0, 0, 0, 1.125], "texture": "#0"},
				"up": {"uv": [0.125, 0, 0, 0], "texture": "#0"},
				"down": {"uv": [0.125, 0, 0, 0], "texture": "#0"}
			}
		},
		{
			"from": [9.875, 13, -0.4375],
			"to": [9.875, 22, 0.5625],
			"rotation": {"angle": 22.5, "axis": "z", "origin": [-0.125, 0, 0.75]},
			"faces": {
				"north": {"uv": [0, 0, 0, 1.125], "texture": "#0"},
				"east": {"uv": [1.25, 6, 1.375, 7.125], "texture": "#0"},
				"south": {"uv": [0, 0, 0, 1.125], "texture": "#0"},
				"west": {"uv": [1.375, 6, 1.5, 7.125], "texture": "#0"},
				"up": {"uv": [0, 0.125, 0, 0], "texture": "#0"},
				"down": {"uv": [0, 0, 0, 0.125], "texture": "#0"}
			}
		},
		{
			"from": [8, 13, -0.8125],
			"to": [8, 22, 0.1875],
			"rotation": {"angle": -22.5, "axis": "z", "origin": [18, 0, -1]},
			"faces": {
				"north": {"uv": [0, 0, 0, 1.125], "texture": "#0"},
				"east": {"uv": [1.5, 6, 1.625, 7.125], "texture": "#0"},
				"south": {"uv": [0, 0, 0, 1.125], "texture": "#0"},
				"west": {"uv": [1.625, 6, 1.75, 7.125], "texture": "#0"},
				"up": {"uv": [0, 0.125, 0, 0], "texture": "#0"},
				"down": {"uv": [0, 0, 0, 0.125], "texture": "#0"}
			}
		},
		{
			"from": [8.25, 16, -1.8125],
			"to": [9.25, 25, -1.8125],
			"rotation": {"angle": 22.5, "axis": "x", "origin": [18, 0, -1]},
			"faces": {
				"north": {"uv": [1.75, 6, 1.875, 7.125], "texture": "#0"},
				"east": {"uv": [0, 0, 0, 1.125], "texture": "#0"},
				"south": {"uv": [1.875, 6, 2, 7.125], "texture": "#0"},
				"west": {"uv": [0, 0, 0, 1.125], "texture": "#0"},
				"up": {"uv": [0.125, 0, 0, 0], "texture": "#0"},
				"down": {"uv": [0.125, 0, 0, 0], "texture": "#0"}
			}
		}
	],
	"display": {
		"ground": {
			"translation": [-1.5, 0, 7],
			"scale": [0.82, 0.82, 0.82]
		},
		"gui": {
			"rotation": [16, 97, 0],
			"translation": [1.75, -5.75, 0],
			"scale": [0.52, 0.52, 0.52]
		},
		"head": {
			"rotation": [0, -45, 0],
			"translation": [-10.5, -2.5, 8.75],
			"scale": [1.68, 1.68, 1.68]
		},
		"fixed": {
			"translation": [0, -7, 8.5],
			"scale": [1.06, 1.06, 1.06]
		}
	}
}