{
	"credit": "Made with Blockbench",
	"texture_size": [32, 32],
	"textures": {
		"0": "item/dumbo",
		"particle": "item/dumbo"
	},
	"elements": [
		{
			"from": [2.42, 4.96, 8.74],
			"to": [8, 5.58, 10.61],
			"rotation": {"angle": 22.5, "axis": "y", "origin": [3.04, 0, 13.09]},
			"faces": {
				"north": {"uv": [10, 9, 12.75, 9.25], "texture": "#0"},
				"east": {"uv": [12, 9.5, 13, 9.75], "texture": "#0"},
				"south": {"uv": [0, 10.5, 2.75, 10.75], "texture": "#0"},
				"west": {"uv": [12, 10, 13, 10.25], "texture": "#0"},
				"up": {"uv": [8.75, 8, 6, 7], "texture": "#0"},
				"down": {"uv": [2.75, 7.5, 0, 8.5], "texture": "#0"}
			}
		},
		{
			"from": [-5.919, 3.9525, 5.2335],
			"to": [-0.339, 4.5725, 11.0285],
			"rotation": {"angle": -22.5, "axis": "z", "origin": [3.04, 0, 13.09]},
			"faces": {
				"north": {"uv": [0, 11, 2.75, 11.25], "texture": "#0"},
				"east": {"uv": [9, 2.5, 12, 2.75], "texture": "#0"},
				"south": {"uv": [11, 0, 13.75, 0.25], "texture": "#0"},
				"west": {"uv": [0, 9.5, 3, 9.75], "texture": "#0"},
				"up": {"uv": [2.75, 3, 0, 0], "texture": "#0"},
				"down": {"uv": [2.75, 3, 0, 6], "texture": "#0"}
			}
		},
		{
			"from": [-0.1485, 7.0525, 4.436],
			"to": [0.4715, 7.6725, 7.016],
			"rotation": {"angle": 45, "axis": "y", "origin": [3.04, 0, 13.09]},
			"faces": {
				"north": {"uv": [7, 13, 7.25, 13.25], "texture": "#0"},
				"east": {"uv": [2, 11.5, 3.25, 11.75], "texture": "#0"},
				"south": {"uv": [7.5, 13, 7.75, 13.25], "texture": "#0"},
				"west": {"uv": [3.5, 11.5, 4.75, 11.75], "texture": "#0"},
				"up": {"uv": [5.25, 12.75, 5, 11.5], "texture": "#0"},
				"down": {"uv": [5.75, 11.5, 5.5, 12.75], "texture": "#0"}
			}
		},
		{
			"from": [-5.3985, 7.0525, 6.936],
			"to": [-3.4785, 7.6725, 9.266],
			"rotation": {"angle": 0, "axis": "y", "origin": [3.04, 0, 13.09]},
			"faces": {
				"north": {"uv": [0, 12.5, 1, 12.75], "texture": "#0"},
				"east": {"uv": [11.5, 8, 12.75, 8.25], "texture": "#0"},
				"south": {"uv": [1, 12.5, 2, 12.75], "texture": "#0"},
				"west": {"uv": [11.5, 8.5, 12.75, 8.75], "texture": "#0"},
				"up": {"uv": [10, 2.25, 9, 1], "texture": "#0"},
				"down": {"uv": [7, 9, 6, 10.25], "texture": "#0"}
			}
		},
		{
			"from": [-4.3985, 7.0525, 6.436],
			"to": [-3.4785, 7.6725, 7.016],
			"rotation": {"angle": 0, "axis": "y", "origin": [3.04, 0, 13.09]},
			"faces": {
				"north": {"uv": [0, 13, 0.5, 13.25], "texture": "#0"},
				"east": {"uv": [13, 9, 13.25, 9.25], "texture": "#0"},
				"south": {"uv": [0.5, 13, 1, 13.25], "texture": "#0"},
				"west": {"uv": [9.5, 13, 9.75, 13.25], "texture": "#0"},
				"up": {"uv": [1.5, 13.25, 1, 13], "texture": "#0"},
				"down": {"uv": [13.5, 1, 13, 1.25], "texture": "#0"}
			}
		},
		{
			"from": [-3.8985, 7.0525, 5.936],
			"to": [-3.4785, 7.6725, 6.516],
			"rotation": {"angle": 0, "axis": "y", "origin": [3.04, 0, 13.09]},
			"faces": {
				"north": {"uv": [13, 9.5, 13.25, 9.75], "texture": "#0"},
				"east": {"uv": [10, 13, 10.25, 13.25], "texture": "#0"},
				"south": {"uv": [13, 10, 13.25, 10.25], "texture": "#0"},
				"west": {"uv": [10.5, 13, 10.75, 13.25], "texture": "#0"},
				"up": {"uv": [13.25, 10.75, 13, 10.5], "texture": "#0"},
				"down": {"uv": [11.25, 13, 11, 13.25], "texture": "#0"}
			}
		},
		{
			"from": [-4.3985, 7.0525, 9.186],
			"to": [-3.4785, 7.6725, 10.116],
			"rotation": {"angle": 0, "axis": "y", "origin": [3.04, 0, 13.09]},
			"faces": {
				"north": {"uv": [1.5, 13, 2, 13.25], "texture": "#0"},
				"east": {"uv": [13, 1.5, 13.5, 1.75], "texture": "#0"},
				"south": {"uv": [2, 13, 2.5, 13.25], "texture": "#0"},
				"west": {"uv": [13, 2, 13.5, 2.25], "texture": "#0"},
				"up": {"uv": [9.5, 12.5, 9, 12], "texture": "#0"},
				"down": {"uv": [2.5, 12.5, 2, 13], "texture": "#0"}
			}
		},
		{
			"from": [-3.8985, 7.0525, 10.111],
			"to": [-3.4785, 7.6725, 10.541],
			"rotation": {"angle": 0, "axis": "y", "origin": [3.04, 0, 13.09]},
			"faces": {
				"north": {"uv": [13, 11, 13.25, 11.25], "texture": "#0"},
				"east": {"uv": [11.5, 13, 11.75, 13.25], "texture": "#0"},
				"south": {"uv": [12, 13, 12.25, 13.25], "texture": "#0"},
				"west": {"uv": [13, 12, 13.25, 12.25], "texture": "#0"},
				"up": {"uv": [12.75, 13.25, 12.5, 13], "texture": "#0"},
				"down": {"uv": [13.25, 12.5, 13, 12.75], "texture": "#0"}
			}
		},
		{
			"from": [0.8515, 4.9525, 6.936],
			"to": [6.7215, 5.5975, 9.266],
			"rotation": {"angle": 0, "axis": "y", "origin": [3.04, 0, 13.09]},
			"faces": {
				"north": {"uv": [3, 9.5, 6, 9.75], "texture": "#0"},
				"east": {"uv": [11.5, 10.5, 12.75, 10.75], "texture": "#0"},
				"south": {"uv": [9, 9.5, 12, 9.75], "texture": "#0"},
				"west": {"uv": [11, 11.5, 12.25, 11.75], "texture": "#0"},
				"up": {"uv": [3, 7.25, 0, 6], "texture": "#0"},
				"down": {"uv": [9, 0, 6, 1.25], "texture": "#0"}
			}
		},
		{
			"from": [-0.1485, 7.0525, 9.244],
			"to": [0.4715, 7.6725, 11.824],
			"rotation": {"angle": -45, "axis": "y", "origin": [3.04, 0, 3.17]},
			"faces": {
				"north": {"uv": [13, 8, 13.25, 8.25], "texture": "#0"},
				"east": {"uv": [6, 11.5, 7.25, 11.75], "texture": "#0"},
				"south": {"uv": [13, 8.5, 13.25, 8.75], "texture": "#0"},
				"west": {"uv": [11.5, 6, 12.75, 6.25], "texture": "#0"},
				"up": {"uv": [11.75, 7.75, 11.5, 6.5], "texture": "#0"},
				"down": {"uv": [7.75, 11.5, 7.5, 12.75], "texture": "#0"}
			}
		},
		{
			"from": [2.42, 4.96, 5.65],
			"to": [8, 5.58, 7.52],
			"rotation": {"angle": -22.5, "axis": "y", "origin": [3.04, 0, 3.17]},
			"faces": {
				"north": {"uv": [11, 0.5, 13.75, 0.75], "texture": "#0"},
				"east": {"uv": [10.5, 12, 11.5, 12.25], "texture": "#0"},
				"south": {"uv": [3, 11, 5.75, 11.25], "texture": "#0"},
				"west": {"uv": [11.5, 12, 12.5, 12.25], "texture": "#0"},
				"up": {"uv": [5.75, 8.5, 3, 7.5], "texture": "#0"},
				"down": {"uv": [10.75, 3, 8, 4], "texture": "#0"}
			}
		},
		{
			"from": [8, 4.96, 8.74],
			"to": [13.58, 5.58, 10.61],
			"rotation": {"angle": -22.5, "axis": "y", "origin": [12.96, 0, 13.09]},
			"faces": {
				"north": {"uv": [11, 3, 13.75, 3.25], "texture": "#0"},
				"east": {"uv": [2.5, 12.5, 3.5, 12.75], "texture": "#0"},
				"south": {"uv": [11, 3.5, 13.75, 3.75], "texture": "#0"},
				"west": {"uv": [3.5, 12.5, 4.5, 12.75], "texture": "#0"},
				"up": {"uv": [10.75, 5, 8, 4], "texture": "#0"},
				"down": {"uv": [10.75, 5, 8, 6], "texture": "#0"}
			}
		},
		{
			"from": [16.339, 3.9525, 5.2335],
			"to": [21.919, 4.5725, 11.0285],
			"rotation": {"angle": 22.5, "axis": "z", "origin": [12.96, 0, 13.09]},
			"faces": {
				"north": {"uv": [11, 4, 13.75, 4.25], "texture": "#0"},
				"east": {"uv": [0, 10, 3, 10.25], "texture": "#0"},
				"south": {"uv": [11, 4.5, 13.75, 4.75], "texture": "#0"},
				"west": {"uv": [10, 1, 13, 1.25], "texture": "#0"},
				"up": {"uv": [5.75, 3, 3, 0], "texture": "#0"},
				"down": {"uv": [5.75, 3, 3, 6], "texture": "#0"}
			}
		},
		{
			"from": [15.5285, 7.0525, 4.436],
			"to": [16.1485, 7.6725, 7.016],
			"rotation": {"angle": -45, "axis": "y", "origin": [12.96, 0, 13.09]},
			"faces": {
				"north": {"uv": [13, 13, 13.25, 13.25], "texture": "#0"},
				"east": {"uv": [11.5, 11, 12.75, 11.25], "texture": "#0"},
				"south": {"uv": [0, 13.5, 0.25, 13.75], "texture": "#0"},
				"west": {"uv": [2, 12, 3.25, 12.25], "texture": "#0"},
				"up": {"uv": [9.75, 12.75, 9.5, 11.5], "texture": "#0"},
				"down": {"uv": [10.25, 11.5, 10, 12.75], "texture": "#0"}
			}
		},
		{
			"from": [19.4785, 7.0525, 6.936],
			"to": [21.3985, 7.6725, 9.266],
			"rotation": {"angle": 0, "axis": "y", "origin": [12.96, 0, 13.09]},
			"faces": {
				"north": {"uv": [6, 12.5, 7, 12.75], "texture": "#0"},
				"east": {"uv": [12, 2.5, 13.25, 2.75], "texture": "#0"},
				"south": {"uv": [10.5, 12.5, 11.5, 12.75], "texture": "#0"},
				"west": {"uv": [3.5, 12, 4.75, 12.25], "texture": "#0"},
				"up": {"uv": [8, 10.25, 7, 9], "texture": "#0"},
				"down": {"uv": [10, 7, 9, 8.25], "texture": "#0"}
			}
		},
		{
			"from": [19.4785, 7.0525, 6.436],
			"to": [20.3985, 7.6725, 7.016],
			"rotation": {"angle": 0, "axis": "y", "origin": [12.96, 0, 13.09]},
			"faces": {
				"north": {"uv": [2.5, 13, 3, 13.25], "texture": "#0"},
				"east": {"uv": [0.5, 13.5, 0.75, 13.75], "texture": "#0"},
				"south": {"uv": [3, 13, 3.5, 13.25], "texture": "#0"},
				"west": {"uv": [1, 13.5, 1.25, 13.75], "texture": "#0"},
				"up": {"uv": [4, 13.25, 3.5, 13], "texture": "#0"},
				"down": {"uv": [4.5, 13, 4, 13.25], "texture": "#0"}
			}
		},
		{
			"from": [19.4785, 7.0525, 5.936],
			"to": [19.8985, 7.6725, 6.516],
			"rotation": {"angle": 0, "axis": "y", "origin": [12.96, 0, 13.09]},
			"faces": {
				"north": {"uv": [13.5, 1, 13.75, 1.25], "texture": "#0"},
				"east": {"uv": [1.5, 13.5, 1.75, 13.75], "texture": "#0"},
				"south": {"uv": [13.5, 1.5, 13.75, 1.75], "texture": "#0"},
				"west": {"uv": [2, 13.5, 2.25, 13.75], "texture": "#0"},
				"up": {"uv": [13.75, 2.25, 13.5, 2], "texture": "#0"},
				"down": {"uv": [2.75, 13.5, 2.5, 13.75], "texture": "#0"}
			}
		},
		{
			"from": [19.4785, 7.0525, 9.186],
			"to": [20.3985, 7.6725, 10.116],
			"rotation": {"angle": 0, "axis": "y", "origin": [12.96, 0, 13.09]},
			"faces": {
				"north": {"uv": [4.5, 13, 5, 13.25], "texture": "#0"},
				"east": {"uv": [5, 13, 5.5, 13.25], "texture": "#0"},
				"south": {"uv": [5.5, 13, 6, 13.25], "texture": "#0"},
				"west": {"uv": [6, 13, 6.5, 13.25], "texture": "#0"},
				"up": {"uv": [5, 13, 4.5, 12.5], "texture": "#0"},
				"down": {"uv": [7.5, 12.5, 7, 13], "texture": "#0"}
			}
		},
		{
			"from": [19.4785, 7.0525, 10.111],
			"to": [19.8985, 7.6725, 10.541],
			"rotation": {"angle": 0, "axis": "y", "origin": [12.96, 0, 13.09]},
			"faces": {
				"north": {"uv": [13.5, 2.5, 13.75, 2.75], "texture": "#0"},
				"east": {"uv": [3, 13.5, 3.25, 13.75], "texture": "#0"},
				"south": {"uv": [3.5, 13.5, 3.75, 13.75], "texture": "#0"},
				"west": {"uv": [4, 13.5, 4.25, 13.75], "texture": "#0"},
				"up": {"uv": [4.75, 13.75, 4.5, 13.5], "texture": "#0"},
				"down": {"uv": [5.25, 13.5, 5, 13.75], "texture": "#0"}
			}
		},
		{
			"from": [9.2785, 4.9525, 6.936],
			"to": [15.1485, 5.5975, 9.266],
			"rotation": {"angle": 0, "axis": "y", "origin": [12.96, 0, 13.09]},
			"faces": {
				"north": {"uv": [10, 1.5, 13, 1.75], "texture": "#0"},
				"east": {"uv": [6, 12, 7.25, 12.25], "texture": "#0"},
				"south": {"uv": [10, 2, 13, 2.25], "texture": "#0"},
				"west": {"uv": [12, 6.5, 13.25, 6.75], "texture": "#0"},
				"up": {"uv": [9, 2.75, 6, 1.5], "texture": "#0"},
				"down": {"uv": [6, 6, 3, 7.25], "texture": "#0"}
			}
		},
		{
			"from": [15.5285, 7.0525, 9.244],
			"to": [16.1485, 7.6725, 11.824],
			"rotation": {"angle": 45, "axis": "y", "origin": [12.96, 0, 3.17]},
			"faces": {
				"north": {"uv": [5.5, 13.5, 5.75, 13.75], "texture": "#0"},
				"east": {"uv": [12, 7, 13.25, 7.25], "texture": "#0"},
				"south": {"uv": [6, 13.5, 6.25, 13.75], "texture": "#0"},
				"west": {"uv": [12, 7.5, 13.25, 7.75], "texture": "#0"},
				"up": {"uv": [8.25, 13.25, 8, 12], "texture": "#0"},
				"down": {"uv": [8.75, 12, 8.5, 13.25], "texture": "#0"}
			}
		},
		{
			"from": [8, 4.96, 5.65],
			"to": [13.58, 5.58, 7.52],
			"rotation": {"angle": 22.5, "axis": "y", "origin": [12.96, 0, 3.17]},
			"faces": {
				"north": {"uv": [11, 5, 13.75, 5.25], "texture": "#0"},
				"east": {"uv": [11.5, 12.5, 12.5, 12.75], "texture": "#0"},
				"south": {"uv": [11, 5.5, 13.75, 5.75], "texture": "#0"},
				"west": {"uv": [12.5, 11.5, 13.5, 11.75], "texture": "#0"},
				"up": {"uv": [8.75, 9, 6, 8], "texture": "#0"},
				"down": {"uv": [10.75, 6, 8, 7], "texture": "#0"}
			}
		},
		{
			"from": [6.25, 5, 6.38],
			"to": [9.75, 6.25, 9.88],
			"rotation": {"angle": 0, "axis": "y", "origin": [0, 0, 16.13]},
			"faces": {
				"north": {"uv": [0, 8.5, 1.75, 9.25], "texture": "#0"},
				"east": {"uv": [2, 8.5, 3.75, 9.25], "texture": "#0"},
				"south": {"uv": [4, 8.5, 5.75, 9.25], "texture": "#0"},
				"west": {"uv": [9, 0, 10.75, 0.75], "texture": "#0"},
				"up": {"uv": [7.75, 4.75, 6, 3], "texture": "#0"},
				"down": {"uv": [7.75, 5, 6, 6.75], "texture": "#0"}
			}
		},
		{
			"from": [7, 6.25, 7.13],
			"to": [9, 7.5, 9.13],
			"rotation": {"angle": 0, "axis": "y", "origin": [0, 0, 16.13]},
			"faces": {
				"north": {"uv": [3, 10, 4, 10.75], "texture": "#0"},
				"east": {"uv": [4, 10, 5, 10.75], "texture": "#0"},
				"south": {"uv": [5, 10, 6, 10.75], "texture": "#0"},
				"west": {"uv": [10, 7, 11, 7.75], "texture": "#0"},
				"up": {"uv": [9, 10, 8, 9], "texture": "#0"},
				"down": {"uv": [10, 8.5, 9, 9.5], "texture": "#0"}
			}
		},
		{
			"from": [7.75, 7.5, 7.63],
			"to": [9, 8.75, 8.63],
			"rotation": {"angle": 0, "axis": "y", "origin": [0, 0, 16.13]},
			"faces": {
				"north": {"uv": [6, 10.5, 6.75, 11.25], "texture": "#0"},
				"east": {"uv": [8.5, 11, 9, 11.75], "texture": "#0"},
				"south": {"uv": [7, 10.5, 7.75, 11.25], "texture": "#0"},
				"west": {"uv": [9, 11, 9.5, 11.75], "texture": "#0"},
				"up": {"uv": [10.25, 11.5, 9.5, 11], "texture": "#0"},
				"down": {"uv": [11.75, 10, 11, 10.5], "texture": "#0"}
			}
		},
		{
			"from": [9, 8, 7.88],
			"to": [9.75, 9.25, 8.38],
			"rotation": {"angle": 0, "axis": "y", "origin": [0, 0, 16.13]},
			"faces": {
				"north": {"uv": [10.5, 11, 11, 11.75], "texture": "#0"},
				"east": {"uv": [9, 12.5, 9.25, 13.25], "texture": "#0"},
				"south": {"uv": [11, 10.5, 11.5, 11.25], "texture": "#0"},
				"west": {"uv": [12.5, 12, 12.75, 12.75], "texture": "#0"},
				"up": {"uv": [13.5, 6.25, 13, 6], "texture": "#0"},
				"down": {"uv": [7, 13, 6.5, 13.25], "texture": "#0"}
			}
		},
		{
			"from": [7.5, 0.75, 3.63],
			"to": [8.5, 2, 5.63],
			"rotation": {"angle": 0, "axis": "y", "origin": [0, 0, 16.13]},
			"faces": {
				"north": {"uv": [0, 11.5, 0.5, 12.25], "texture": "#0"},
				"east": {"uv": [8, 10, 9, 10.75], "texture": "#0"},
				"south": {"uv": [0.5, 11.5, 1, 12.25], "texture": "#0"},
				"west": {"uv": [10, 8, 11, 8.75], "texture": "#0"},
				"up": {"uv": [11.5, 7, 11, 6], "texture": "#0"},
				"down": {"uv": [11.5, 7, 11, 8], "texture": "#0"}
			}
		},
		{
			"from": [7.5, 5.375, 3.38],
			"to": [8.5, 6.625, 5.38],
			"rotation": {"angle": -22.5, "axis": "x", "origin": [0, 0, 16.13]},
			"faces": {
				"north": {"uv": [1, 11.5, 1.5, 12.25], "texture": "#0"},
				"east": {"uv": [9, 10, 10, 10.75], "texture": "#0"},
				"south": {"uv": [1.5, 11.5, 2, 12.25], "texture": "#0"},
				"west": {"uv": [10, 10, 11, 10.75], "texture": "#0"},
				"up": {"uv": [8.5, 12, 8, 11], "texture": "#0"},
				"down": {"uv": [11.5, 8, 11, 9], "texture": "#0"}
			}
		}
	],
	"display": {
		"gui": {
			"rotation": [17, 150, 0],
			"translation": [0, 2, 0],
			"scale": [0.76, 0.76, 0.76]
		},
		"head": {
			"translation": [0, 14.5, -0.25],
			"scale": [2.59, 2.59, 2.59]
		},
		"fixed": {
			"translation": [0, 8, 1],
			"scale": [1.8, 1.8, 1.8]
		}
	},
	"groups": [
		{
			"name": "EAR",
			"origin": [12.96, 0, 3.04],
			"color": 0,
			"children": [0, 1, 2, 3, 4, 5, 6, 7, 8, 9, 10]
		},
		{
			"name": "EAR",
			"origin": [12.96, 0, 3.04],
			"color": 0,
			"children": [11, 12, 13, 14, 15, 16, 17, 18, 19, 20, 21]
		},
		{
			"name": "hat",
			"origin": [0, 0, 0],
			"color": 0,
			"children": [22, 23, 24, 25, 26, 27]
		}
	]
}