{
	"credit": "Made with Blockbench",
	"texture_size": [64, 64],
	"textures": {
		"0": "item/eagle",
		"particle": "item/eagle"
	},
	"elements": [
		{
			"from": [5.75, 0, 3],
			"to": [6.75, 2, 4],
			"rotation": {"angle": 0, "axis": "y", "origin": [0.75, -7, 0]},
			"faces": {
				"north": {"uv": [3, 10.5, 3.25, 11], "texture": "#0"},
				"east": {"uv": [10.5, 3, 10.75, 3.5], "texture": "#0"},
				"south": {"uv": [3.25, 10.5, 3.5, 11], "texture": "#0"},
				"west": {"uv": [3.5, 10.5, 3.75, 11], "texture": "#0"},
				"up": {"uv": [10.25, 7.25, 10, 7], "texture": "#0"},
				"down": {"uv": [10.5, 8.5, 10.25, 8.75], "texture": "#0"}
			}
		},
		{
			"from": [2.75, 0, 5],
			"to": [3.75, 2, 6],
			"rotation": {"angle": 22.5, "axis": "y", "origin": [0.75, -7, 0]},
			"faces": {
				"north": {"uv": [10.5, 3.5, 10.75, 4], "texture": "#0"},
				"east": {"uv": [3.75, 10.5, 4, 11], "texture": "#0"},
				"south": {"uv": [4, 10.5, 4.25, 11], "texture": "#0"},
				"west": {"uv": [10.5, 4, 10.75, 4.5], "texture": "#0"},
				"up": {"uv": [10.5, 11, 10.25, 10.75], "texture": "#0"},
				"down": {"uv": [11, 10.25, 10.75, 10.5], "texture": "#0"}
			}
		},
		{
			"from": [7.75, 0, 0.5],
			"to": [8.75, 2, 1.5],
			"rotation": {"angle": -22.5, "axis": "y", "origin": [0.75, -7, 0]},
			"faces": {
				"north": {"uv": [4.25, 10.5, 4.5, 11], "texture": "#0"},
				"east": {"uv": [4.5, 10.5, 4.75, 11], "texture": "#0"},
				"south": {"uv": [4.75, 10.5, 5, 11], "texture": "#0"},
				"west": {"uv": [5, 10.5, 5.25, 11], "texture": "#0"},
				"up": {"uv": [10.75, 11, 10.5, 10.75], "texture": "#0"},
				"down": {"uv": [11, 10.5, 10.75, 10.75], "texture": "#0"}
			}
		},
		{
			"from": [7, -2.5, 6],
			"to": [7.5, -1.75, 6.5],
			"rotation": {"angle": -22.5, "axis": "x", "origin": [0.75, -7, 0]},
			"faces": {
				"north": {"uv": [11, 5, 11.125, 5.25], "texture": "#0"},
				"east": {"uv": [5.25, 11, 5.375, 11.25], "texture": "#0"},
				"south": {"uv": [11, 5.25, 11.125, 5.5], "texture": "#0"},
				"west": {"uv": [5.5, 11, 5.625, 11.25], "texture": "#0"},
				"up": {"uv": [11.125, 8.875, 11, 8.75], "texture": "#0"},
				"down": {"uv": [9.125, 11, 9, 11.125], "texture": "#0"}
			}
		},
		{
			"from": [6, -2.5, 5.75],
			"to": [6.5, -1.5, 6.25],
			"rotation": {"angle": -22.5, "axis": "x", "origin": [0.75, -7, 0]},
			"faces": {
				"north": {"uv": [11, 5.5, 11.125, 5.75], "texture": "#0"},
				"east": {"uv": [5.75, 11, 5.875, 11.25], "texture": "#0"},
				"south": {"uv": [11, 5.75, 11.125, 6], "texture": "#0"},
				"west": {"uv": [6, 11, 6.125, 11.25], "texture": "#0"},
				"up": {"uv": [9.375, 11.125, 9.25, 11], "texture": "#0"},
				"down": {"uv": [9.625, 11, 9.5, 11.125], "texture": "#0"}
			}
		},
		{
			"from": [4.85, -2.5, 6.15],
			"to": [5.35, -1.95, 6.65],
			"rotation": {"angle": -22.5, "axis": "x", "origin": [0.75, -7, 0]},
			"faces": {
				"north": {"uv": [9.75, 11, 9.875, 11.125], "texture": "#0"},
				"east": {"uv": [10, 11, 10.125, 11.125], "texture": "#0"},
				"south": {"uv": [10.25, 11, 10.375, 11.125], "texture": "#0"},
				"west": {"uv": [11, 10.25, 11.125, 10.375], "texture": "#0"},
				"up": {"uv": [10.625, 11.125, 10.5, 11], "texture": "#0"},
				"down": {"uv": [11.125, 10.5, 11, 10.625], "texture": "#0"}
			}
		},
		{
			"from": [7.75, 1, 1],
			"to": [8.65, 2.25, 3.25],
			"rotation": {"angle": -22.5, "axis": "y", "origin": [0.75, -7, 0]},
			"faces": {
				"north": {"uv": [10.75, 3.5, 11, 3.875], "texture": "#0"},
				"east": {"uv": [10, 6, 10.625, 6.375], "texture": "#0"},
				"south": {"uv": [10.75, 4, 11, 4.375], "texture": "#0"},
				"west": {"uv": [6.5, 10, 7.125, 10.375], "texture": "#0"},
				"up": {"uv": [10.5, 7.625, 10.25, 7], "texture": "#0"},
				"down": {"uv": [8, 10.25, 7.75, 10.875], "texture": "#0"}
			}
		},
		{
			"from": [2.85, 1, 5.5],
			"to": [3.75, 2.25, 7.5],
			"rotation": {"angle": 22.5, "axis": "y", "origin": [0.75, -7, 0]},
			"faces": {
				"north": {"uv": [10.75, 4.5, 11, 4.875], "texture": "#0"},
				"east": {"uv": [0, 10.25, 0.5, 10.625], "texture": "#0"},
				"south": {"uv": [10.75, 5, 11, 5.375], "texture": "#0"},
				"west": {"uv": [0.5, 10.25, 1, 10.625], "texture": "#0"},
				"up": {"uv": [5.5, 11, 5.25, 10.5], "texture": "#0"},
				"down": {"uv": [5.75, 10.5, 5.5, 11], "texture": "#0"}
			}
		},
		{
			"from": [5.9, 2.5, 5.5],
			"to": [6.6, 4.5, 6.25],
			"rotation": {"angle": 0, "axis": "y", "origin": [16.75, -7, 0]},
			"faces": {
				"north": {"uv": [3.5, 11, 3.625, 11.5], "texture": "#0"},
				"east": {"uv": [1.75, 10.75, 2, 11.25], "texture": "#0"},
				"south": {"uv": [11, 3.5, 11.125, 4], "texture": "#0"},
				"west": {"uv": [2, 10.75, 2.25, 11.25], "texture": "#0"},
				"up": {"uv": [7.875, 11.25, 7.75, 11], "texture": "#0"},
				"down": {"uv": [8.125, 11, 8, 11.25], "texture": "#0"}
			}
		},
		{
			"from": [5.75, 1, 3.5],
			"to": [6.75, 2.5, 6.25],
			"rotation": {"angle": 0, "axis": "y", "origin": [0.75, -7, 0]},
			"faces": {
				"north": {"uv": [2.25, 10.75, 2.5, 11.125], "texture": "#0"},
				"east": {"uv": [9.75, 9.25, 10.5, 9.625], "texture": "#0"},
				"south": {"uv": [10.75, 3, 11, 3.375], "texture": "#0"},
				"west": {"uv": [10, 4.5, 10.75, 4.875], "texture": "#0"},
				"up": {"uv": [7.5, 10.75, 7.25, 10], "texture": "#0"},
				"down": {"uv": [7.75, 10, 7.5, 10.75], "texture": "#0"}
			}
		},
		{
			"from": [9.25, 0, 3],
			"to": [10.25, 2, 4],
			"rotation": {"angle": 0, "axis": "y", "origin": [15.25, -7, 0]},
			"faces": {
				"north": {"uv": [5.75, 10.5, 6, 11], "texture": "#0"},
				"east": {"uv": [6, 10.5, 6.25, 11], "texture": "#0"},
				"south": {"uv": [6.25, 10.5, 6.5, 11], "texture": "#0"},
				"west": {"uv": [6.5, 10.5, 6.75, 11], "texture": "#0"},
				"up": {"uv": [11, 11, 10.75, 10.75], "texture": "#0"},
				"down": {"uv": [1.25, 11, 1, 11.25], "texture": "#0"}
			}
		},
		{
			"from": [12.25, 0, 5],
			"to": [13.25, 2, 6],
			"rotation": {"angle": -22.5, "axis": "y", "origin": [15.25, -7, 0]},
			"faces": {
				"north": {"uv": [6.75, 10.5, 7, 11], "texture": "#0"},
				"east": {"uv": [7, 10.5, 7.25, 11], "texture": "#0"},
				"south": {"uv": [10.5, 7, 10.75, 7.5], "texture": "#0"},
				"west": {"uv": [10.5, 7.5, 10.75, 8], "texture": "#0"},
				"up": {"uv": [1.5, 11.25, 1.25, 11], "texture": "#0"},
				"down": {"uv": [2.75, 11, 2.5, 11.25], "texture": "#0"}
			}
		},
		{
			"from": [7.25, 0, 0.5],
			"to": [8.25, 2, 1.5],
			"rotation": {"angle": 22.5, "axis": "y", "origin": [15.25, -7, 0]},
			"faces": {
				"north": {"uv": [10.5, 8, 10.75, 8.5], "texture": "#0"},
				"east": {"uv": [10.5, 8.5, 10.75, 9], "texture": "#0"},
				"south": {"uv": [10.5, 9, 10.75, 9.5], "texture": "#0"},
				"west": {"uv": [0, 10.75, 0.25, 11.25], "texture": "#0"},
				"up": {"uv": [3, 11.25, 2.75, 11], "texture": "#0"},
				"down": {"uv": [3.25, 11, 3, 11.25], "texture": "#0"}
			}
		},
		{
			"from": [8.5, -2.5, 6],
			"to": [9, -1.75, 6.5],
			"rotation": {"angle": -22.5, "axis": "x", "origin": [15.25, -7, 0]},
			"faces": {
				"north": {"uv": [11, 6, 11.125, 6.25], "texture": "#0"},
				"east": {"uv": [6.25, 11, 6.375, 11.25], "texture": "#0"},
				"south": {"uv": [11, 6.25, 11.125, 6.5], "texture": "#0"},
				"west": {"uv": [6.5, 11, 6.625, 11.25], "texture": "#0"},
				"up": {"uv": [10.875, 11.125, 10.75, 11], "texture": "#0"},
				"down": {"uv": [11.125, 10.75, 11, 10.875], "texture": "#0"}
			}
		},
		{
			"from": [9.5, -2.5, 5.75],
			"to": [10, -1.5, 6.25],
			"rotation": {"angle": -22.5, "axis": "x", "origin": [15.25, -7, 0]},
			"faces": {
				"north": {"uv": [11, 6.5, 11.125, 6.75], "texture": "#0"},
				"east": {"uv": [6.75, 11, 6.875, 11.25], "texture": "#0"},
				"south": {"uv": [11, 6.75, 11.125, 7], "texture": "#0"},
				"west": {"uv": [7, 11, 7.125, 11.25], "texture": "#0"},
				"up": {"uv": [11.125, 11.125, 11, 11], "texture": "#0"},
				"down": {"uv": [0.125, 11.25, 0, 11.375], "texture": "#0"}
			}
		},
		{
			"from": [10.65, -2.5, 6.15],
			"to": [11.15, -1.95, 6.65],
			"rotation": {"angle": -22.5, "axis": "x", "origin": [15.25, -7, 0]},
			"faces": {
				"north": {"uv": [0.25, 11.25, 0.375, 11.375], "texture": "#0"},
				"east": {"uv": [0.5, 11.25, 0.625, 11.375], "texture": "#0"},
				"south": {"uv": [0.75, 11.25, 0.875, 11.375], "texture": "#0"},
				"west": {"uv": [1, 11.25, 1.125, 11.375], "texture": "#0"},
				"up": {"uv": [1.375, 11.375, 1.25, 11.25], "texture": "#0"},
				"down": {"uv": [1.625, 11.25, 1.5, 11.375], "texture": "#0"}
			}
		},
		{
			"from": [9.25, 1, 3.5],
			"to": [10.25, 2.5, 6.25],
			"rotation": {"angle": 0, "axis": "y", "origin": [15.25, -7, 0]},
			"faces": {
				"north": {"uv": [10.75, 5.5, 11, 5.875], "texture": "#0"},
				"east": {"uv": [10, 5, 10.75, 5.375], "texture": "#0"},
				"south": {"uv": [10.75, 6, 11, 6.375], "texture": "#0"},
				"west": {"uv": [10, 5.5, 10.75, 5.875], "texture": "#0"},
				"up": {"uv": [1.25, 11, 1, 10.25], "texture": "#0"},
				"down": {"uv": [1.5, 10.25, 1.25, 11], "texture": "#0"}
			}
		},
		{
			"from": [9.4, 2.5, 5.5],
			"to": [10.1, 4.5, 6.25],
			"rotation": {"angle": 0, "axis": "y", "origin": [15.25, -7, 0]},
			"faces": {
				"north": {"uv": [11, 3, 11.125, 3.5], "texture": "#0"},
				"east": {"uv": [0.75, 10.75, 1, 11.25], "texture": "#0"},
				"south": {"uv": [3.25, 11, 3.375, 11.5], "texture": "#0"},
				"west": {"uv": [1.5, 10.75, 1.75, 11.25], "texture": "#0"},
				"up": {"uv": [11.125, 7.25, 11, 7], "texture": "#0"},
				"down": {"uv": [11.125, 7.25, 11, 7.5], "texture": "#0"}
			}
		},
		{
			"from": [7.35, 1, 1],
			"to": [8.25, 2.25, 3.25],
			"rotation": {"angle": 22.5, "axis": "y", "origin": [15.25, -7, 0]},
			"faces": {
				"north": {"uv": [10.75, 6.5, 11, 6.875], "texture": "#0"},
				"east": {"uv": [10, 6.5, 10.625, 6.875], "texture": "#0"},
				"south": {"uv": [10.75, 7, 11, 7.375], "texture": "#0"},
				"west": {"uv": [10, 9.75, 10.625, 10.125], "texture": "#0"},
				"up": {"uv": [10.5, 8.375, 10.25, 7.75], "texture": "#0"},
				"down": {"uv": [8.25, 10.25, 8, 10.875], "texture": "#0"}
			}
		},
		{
			"from": [12.25, 1, 5.5],
			"to": [13.15, 2.25, 7.5],
			"rotation": {"angle": -22.5, "axis": "y", "origin": [15.25, -7, 0]},
			"faces": {
				"north": {"uv": [7.25, 10.75, 7.5, 11.125], "texture": "#0"},
				"east": {"uv": [1.5, 10.25, 2, 10.625], "texture": "#0"},
				"south": {"uv": [7.5, 10.75, 7.75, 11.125], "texture": "#0"},
				"west": {"uv": [2, 10.25, 2.5, 10.625], "texture": "#0"},
				"up": {"uv": [0.5, 11.25, 0.25, 10.75], "texture": "#0"},
				"down": {"uv": [0.75, 10.75, 0.5, 11.25], "texture": "#0"}
			}
		},
		{
			"from": [5.75, 4, 3],
			"to": [10.25, 8.5, 9],
			"rotation": {"angle": 0, "axis": "y", "origin": [0, -7, 3]},
			"faces": {
				"north": {"uv": [8.75, 6, 9.875, 7.125], "texture": "#0"},
				"east": {"uv": [6.5, 7.5, 8, 8.625], "texture": "#0"},
				"south": {"uv": [6.5, 8.75, 7.625, 9.875], "texture": "#0"},
				"west": {"uv": [8, 7.5, 9.5, 8.625], "texture": "#0"},
				"up": {"uv": [9.875, 4.5, 8.75, 3], "texture": "#0"},
				"down": {"uv": [9.875, 4.5, 8.75, 6], "texture": "#0"}
			}
		},
		{
			"from": [5.75, 4.25, 9],
			"to": [10.25, 7.25, 11],
			"rotation": {"angle": 0, "axis": "y", "origin": [0, -7, 9]},
			"faces": {
				"north": {"uv": [0, 9, 1.125, 9.75], "texture": "#0"},
				"east": {"uv": [5.5, 9.75, 6, 10.5], "texture": "#0"},
				"south": {"uv": [1.25, 9, 2.375, 9.75], "texture": "#0"},
				"west": {"uv": [6, 9.75, 6.5, 10.5], "texture": "#0"},
				"up": {"uv": [1.125, 10.25, 0, 9.75], "texture": "#0"},
				"down": {"uv": [2.375, 9.75, 1.25, 10.25], "texture": "#0"}
			}
		},
		{
			"from": [-16, -1.84779, -0.75],
			"to": [10.1803, -1.84779, 11.25],
			"rotation": {"angle": -22.5, "axis": "z", "origin": [26.75, 7.5, 3]},
			"faces": {
				"north": {"uv": [0, 0, 6.5, 0], "texture": "#0"},
				"east": {"uv": [0, 0, 3, 0], "texture": "#0"},
				"south": {"uv": [0, 0, 6.5, 0], "texture": "#0"},
				"west": {"uv": [0, 0, 3, 0], "texture": "#0"},
				"up": {"uv": [6.5, 0, 0, 3], "texture": "#0"},
				"down": {"uv": [6.5, 3, 0, 0], "texture": "#0"}
			}
		},
		{
			"from": [5.8197, -1.84779, -0.75],
			"to": [32, -1.84779, 11.25],
			"rotation": {"angle": 22.5, "axis": "z", "origin": [-10.75, 7.5, 3]},
			"faces": {
				"north": {"uv": [0, 0, 6.5, 0], "texture": "#0"},
				"east": {"uv": [0, 0, 3, 0], "texture": "#0"},
				"south": {"uv": [0, 0, 6.5, 0], "texture": "#0"},
				"west": {"uv": [0, 0, 3, 0], "texture": "#0"},
				"up": {"uv": [0, 0, 6.5, 3], "texture": "#0"},
				"down": {"uv": [0, 3, 6.5, 0], "texture": "#0"}
			}
		},
		{
			"from": [3.75, 7, 5.5],
			"to": [12.25, 7, 14.25],
			"rotation": {"angle": 22.5, "axis": "x", "origin": [0, -4, 5.5]},
			"faces": {
				"north": {"uv": [0, 0, 2.125, 0], "texture": "#0"},
				"east": {"uv": [0, 0, 2.25, 0], "texture": "#0"},
				"south": {"uv": [0, 0, 2.125, 0], "texture": "#0"},
				"west": {"uv": [0, 0, 2.25, 0], "texture": "#0"},
				"up": {"uv": [8.625, 5.25, 6.5, 3], "texture": "#0"},
				"down": {"uv": [8.625, 3, 6.5, 5.25], "texture": "#0"}
			}
		},
		{
			"from": [6.5, 7.5, 0.25],
			"to": [9.25, 8, 3],
			"rotation": {"angle": 0, "axis": "y", "origin": [0, -4.25, 3]},
			"faces": {
				"north": {"uv": [8.75, 7.25, 9.5, 7.375], "texture": "#0"},
				"east": {"uv": [10.5, 9.5, 11.25, 9.625], "texture": "#0"},
				"south": {"uv": [10.75, 7.5, 11.5, 7.625], "texture": "#0"},
				"west": {"uv": [10.75, 7.75, 11.5, 7.875], "texture": "#0"},
				"up": {"uv": [10.25, 8, 9.5, 7.25], "texture": "#0"},
				"down": {"uv": [10.25, 8, 9.5, 8.75], "texture": "#0"}
			}
		},
		{
			"from": [6, 4.75, -0.5],
			"to": [10, 7.5, 3],
			"rotation": {"angle": 0, "axis": "y", "origin": [0, -7, 3]},
			"faces": {
				"north": {"uv": [2.5, 9, 3.5, 9.75], "texture": "#0"},
				"east": {"uv": [4.5, 9, 5.375, 9.75], "texture": "#0"},
				"south": {"uv": [3.5, 9, 4.5, 9.75], "texture": "#0"},
				"west": {"uv": [5.5, 9, 6.375, 9.75], "texture": "#0"},
				"up": {"uv": [8.75, 9.625, 7.75, 8.75], "texture": "#0"},
				"down": {"uv": [9.75, 8.75, 8.75, 9.625], "texture": "#0"}
			}
		},
		{
			"from": [6.5, 4.5, 0.5],
			"to": [9.25, 4.75, 3],
			"rotation": {"angle": 0, "axis": "y", "origin": [0, -9.75, 3]},
			"faces": {
				"north": {"uv": [8.75, 10.75, 9.5, 10.875], "texture": "#0"},
				"east": {"uv": [10.75, 9.75, 11.375, 9.875], "texture": "#0"},
				"south": {"uv": [10.75, 9, 11.5, 9.125], "texture": "#0"},
				"west": {"uv": [10.75, 10, 11.375, 10.125], "texture": "#0"},
				"up": {"uv": [3.25, 10.375, 2.5, 9.75], "texture": "#0"},
				"down": {"uv": [4, 9.75, 3.25, 10.375], "texture": "#0"}
			}
		},
		{
			"from": [7, 4.5, 0.25],
			"to": [8.75, 4.75, 0.5],
			"rotation": {"angle": 0, "axis": "y", "origin": [0, -9.75, 0.5]},
			"faces": {
				"north": {"uv": [11, 4.25, 11.5, 4.375], "texture": "#0"},
				"east": {"uv": [2.25, 11.25, 2.375, 11.375], "texture": "#0"},
				"south": {"uv": [11, 4.5, 11.5, 4.625], "texture": "#0"},
				"west": {"uv": [2.5, 11.25, 2.625, 11.375], "texture": "#0"},
				"up": {"uv": [5.25, 11.125, 4.75, 11], "texture": "#0"},
				"down": {"uv": [11.5, 4.75, 11, 4.875], "texture": "#0"}
			}
		},
		{
			"from": [6.75, 5.25, -2.5],
			"to": [9.25, 7.25, 0],
			"rotation": {"angle": -22.5, "axis": "x", "origin": [8, 6, 0.5]},
			"faces": {
				"north": {"uv": [7.75, 9.75, 8.375, 10.25], "texture": "#0"},
				"east": {"uv": [8.5, 9.75, 9.125, 10.25], "texture": "#0"},
				"south": {"uv": [9.75, 8.75, 10.375, 9.25], "texture": "#0"},
				"west": {"uv": [9.25, 9.75, 9.875, 10.25], "texture": "#0"},
				"up": {"uv": [4.625, 10.375, 4, 9.75], "texture": "#0"},
				"down": {"uv": [5.375, 9.75, 4.75, 10.375], "texture": "#0"}
			}
		},
		{
			"from": [7, 7.25, -2.25],
			"to": [9, 7.5, 0],
			"rotation": {"angle": -22.5, "axis": "x", "origin": [8, 6, 0.5]},
			"faces": {
				"north": {"uv": [11, 4, 11.5, 4.125], "texture": "#0"},
				"east": {"uv": [10.75, 9.25, 11.375, 9.375], "texture": "#0"},
				"south": {"uv": [4.25, 11, 4.75, 11.125], "texture": "#0"},
				"west": {"uv": [9.5, 10.75, 10.125, 10.875], "texture": "#0"},
				"up": {"uv": [10.5, 3.625, 10, 3], "texture": "#0"},
				"down": {"uv": [10.5, 3.75, 10, 4.375], "texture": "#0"}
			}
		},
		{
			"from": [7.5, 3.01259, -3.13107],
			"to": [8.5, 4.26259, -2.13107],
			"rotation": {"angle": 22.5, "axis": "x", "origin": [8, 4.51259, -1.63107]},
			"faces": {
				"north": {"uv": [10.75, 8, 11, 8.375], "texture": "#0"},
				"east": {"uv": [8.25, 10.75, 8.5, 11.125], "texture": "#0"},
				"south": {"uv": [8.5, 10.75, 8.75, 11.125], "texture": "#0"},
				"west": {"uv": [10.75, 8.5, 11, 8.875], "texture": "#0"},
				"up": {"uv": [4, 11.25, 3.75, 11], "texture": "#0"},
				"down": {"uv": [4.25, 11, 4, 11.25], "texture": "#0"}
			}
		},
		{
			"from": [7.75, 3.01259, -3.38107],
			"to": [8.25, 3.76259, -2.88107],
			"rotation": {"angle": 0, "axis": "x", "origin": [8, 4.01259, -2.13107]},
			"faces": {
				"north": {"uv": [11, 8, 11.125, 8.25], "texture": "#0"},
				"east": {"uv": [11, 8.25, 11.125, 8.5], "texture": "#0"},
				"south": {"uv": [11, 8.5, 11.125, 8.75], "texture": "#0"},
				"west": {"uv": [8.75, 11, 8.875, 11.25], "texture": "#0"},
				"up": {"uv": [1.875, 11.375, 1.75, 11.25], "texture": "#0"},
				"down": {"uv": [2.125, 11.25, 2, 11.375], "texture": "#0"}
			}
		},
		{
			"from": [7.25, 3.51259, -3.13107],
			"to": [8.75, 5.01259, -1.63107],
			"rotation": {"angle": 45, "axis": "x", "origin": [8, 4.51259, -1.63107]},
			"faces": {
				"north": {"uv": [8.25, 10.25, 8.625, 10.625], "texture": "#0"},
				"east": {"uv": [8.75, 10.25, 9.125, 10.625], "texture": "#0"},
				"south": {"uv": [9.25, 10.25, 9.625, 10.625], "texture": "#0"},
				"west": {"uv": [9.75, 10.25, 10.125, 10.625], "texture": "#0"},
				"up": {"uv": [10.625, 10.625, 10.25, 10.25], "texture": "#0"},
				"down": {"uv": [2.875, 10.5, 2.5, 10.875], "texture": "#0"}
			}
		}
	],
	"display": {
		"gui": {
			"rotation": [59, 38, -37],
			"translation": [0.5, -1.25, 0],
			"scale": [0.46, 0.46, 0.46]
		},
		"head": {
			"translation": [0, 17, 0.5],
			"scale": [1.95, 1.53, 1.95]
		}
	},
	"groups": [
		{
			"name": "Claw",
			"origin": [0, 0, 0],
			"color": 0,
			"nbt": "{}",
			"children": [0, 1, 2, 3, 4, 5, 6, 7, 8, 9]
		},
		{
			"name": "Claw",
			"origin": [0, 0, 0],
			"color": 0,
			"nbt": "{}",
			"children": [10, 11, 12, 13, 14, 15, 16, 17, 18, 19]
		},
		{
			"name": "Body",
			"origin": [0, 0, 0],
			"color": 0,
			"nbt": "{}",
			"children": [20, 21, 22, 23, 24, 25, 26, 27, 28, 29, 30, 31, 32, 33]
		}
	]
}