{
	"credit": "Made with Blockbench",
	"texture_size": [64, 64],
	"textures": {
		"0": "item/paperairplane",
		"particle": "item/paperairplane"
	},
	"elements": [
		{
			"from": [9.95, 1.8, -4],
			"to": [11.3, 2.1, 23.2],
			"rotation": {"angle": -22.5, "axis": "y", "origin": [8.8, 1.9, 18]},
			"faces": {
				"north": {"uv": [11.75, 7.5, 12.125, 7.625], "texture": "#0"},
				"east": {"uv": [2, 2, 8.75, 2.125], "texture": "#0"},
				"south": {"uv": [11.75, 7.75, 12.125, 7.875], "texture": "#0"},
				"west": {"uv": [2, 2.25, 8.75, 2.375], "texture": "#0"},
				"up": {"uv": [0.375, 6.75, 0, 0], "texture": "#0"},
				"down": {"uv": [0.875, 0, 0.5, 6.75], "texture": "#0"}
			}
		},
		{
			"from": [9.25, 1.8, -4],
			"to": [9.95, 2.05, 7.7],
			"rotation": {"angle": -22.5, "axis": "y", "origin": [8.8, 1.9, 18]},
			"faces": {
				"north": {"uv": [12.25, 6.75, 12.375, 6.875], "texture": "#0"},
				"east": {"uv": [8.75, 2.5, 11.625, 2.625], "texture": "#0"},
				"south": {"uv": [12.25, 7, 12.375, 7.125], "texture": "#0"},
				"west": {"uv": [8.75, 2.75, 11.625, 2.875], "texture": "#0"},
				"up": {"uv": [2.625, 12.375, 2.5, 9.5], "texture": "#0"},
				"down": {"uv": [2.875, 9.5, 2.75, 12.375], "texture": "#0"}
			}
		},
		{
			"from": [8.55, 1.8, -4],
			"to": [9.25, 2.05, 7],
			"rotation": {"angle": -22.5, "axis": "y", "origin": [8.8, 1.9, 18]},
			"faces": {
				"north": {"uv": [12.25, 7.25, 12.375, 7.375], "texture": "#0"},
				"east": {"uv": [9.25, 3, 12, 3.125], "texture": "#0"},
				"south": {"uv": [12.25, 7.5, 12.375, 7.625], "texture": "#0"},
				"west": {"uv": [9.25, 3.25, 12, 3.375], "texture": "#0"},
				"up": {"uv": [9.625, 11.25, 9.5, 8.5], "texture": "#0"},
				"down": {"uv": [3.125, 9.75, 3, 12.5], "texture": "#0"}
			}
		},
		{
			"from": [7.85, 1.8, -4],
			"to": [8.55, 2.05, 6.4],
			"rotation": {"angle": -22.5, "axis": "y", "origin": [8.8, 1.9, 18]},
			"faces": {
				"north": {"uv": [12.25, 7.75, 12.375, 7.875], "texture": "#0"},
				"east": {"uv": [9.75, 3.5, 12.375, 3.625], "texture": "#0"},
				"south": {"uv": [12.25, 9, 12.375, 9.125], "texture": "#0"},
				"west": {"uv": [9.75, 3.75, 12.375, 3.875], "texture": "#0"},
				"up": {"uv": [3.375, 12.375, 3.25, 9.75], "texture": "#0"},
				"down": {"uv": [9.875, 8.5, 9.75, 11.125], "texture": "#0"}
			}
		},
		{
			"from": [7.15, 1.8, -4],
			"to": [7.85, 2.05, 5.6],
			"rotation": {"angle": -22.5, "axis": "y", "origin": [8.8, 1.9, 18]},
			"faces": {
				"north": {"uv": [12.25, 9.25, 12.375, 9.375], "texture": "#0"},
				"east": {"uv": [10, 8.5, 12.375, 8.625], "texture": "#0"},
				"south": {"uv": [12.25, 9.5, 12.375, 9.625], "texture": "#0"},
				"west": {"uv": [10, 8.75, 12.375, 8.875], "texture": "#0"},
				"up": {"uv": [4.125, 12.375, 4, 10], "texture": "#0"},
				"down": {"uv": [4.375, 10, 4.25, 12.375], "texture": "#0"}
			}
		},
		{
			"from": [6.45, 1.8, -4],
			"to": [7.15, 2.05, 4.9],
			"rotation": {"angle": -22.5, "axis": "y", "origin": [8.8, 1.9, 18]},
			"faces": {
				"north": {"uv": [12.25, 9.75, 12.375, 9.875], "texture": "#0"},
				"east": {"uv": [10, 9, 12.25, 9.125], "texture": "#0"},
				"south": {"uv": [10, 12.25, 10.125, 12.375], "texture": "#0"},
				"west": {"uv": [10, 9.25, 12.25, 9.375], "texture": "#0"},
				"up": {"uv": [4.625, 12.25, 4.5, 10], "texture": "#0"},
				"down": {"uv": [4.875, 10, 4.75, 12.25], "texture": "#0"}
			}
		},
		{
			"from": [5.75, 1.8, -4],
			"to": [6.45, 2.05, 4.2],
			"rotation": {"angle": -22.5, "axis": "y", "origin": [8.8, 1.9, 18]},
			"faces": {
				"north": {"uv": [12.25, 10, 12.375, 10.125], "texture": "#0"},
				"east": {"uv": [10, 9.5, 12, 9.625], "texture": "#0"},
				"south": {"uv": [12.25, 10.25, 12.375, 10.375], "texture": "#0"},
				"west": {"uv": [10, 9.75, 12, 9.875], "texture": "#0"},
				"up": {"uv": [10.125, 12, 10, 10], "texture": "#0"},
				"down": {"uv": [3.625, 10.25, 3.5, 12.25], "texture": "#0"}
			}
		},
		{
			"from": [5.05, 1.8, -4],
			"to": [5.75, 2.05, 3.5],
			"rotation": {"angle": -22.5, "axis": "y", "origin": [8.8, 1.9, 18]},
			"faces": {
				"north": {"uv": [12.25, 10.5, 12.375, 10.625], "texture": "#0"},
				"east": {"uv": [10.25, 10, 12.125, 10.125], "texture": "#0"},
				"south": {"uv": [12.25, 10.75, 12.375, 10.875], "texture": "#0"},
				"west": {"uv": [10.25, 10.25, 12.125, 10.375], "texture": "#0"},
				"up": {"uv": [3.875, 12.125, 3.75, 10.25], "texture": "#0"},
				"down": {"uv": [5.125, 10.5, 5, 12.375], "texture": "#0"}
			}
		},
		{
			"from": [4.35, 1.8, -4],
			"to": [5.05, 2.05, 2.8],
			"rotation": {"angle": -22.5, "axis": "y", "origin": [8.8, 1.9, 18]},
			"faces": {
				"north": {"uv": [12.25, 11, 12.375, 11.125], "texture": "#0"},
				"east": {"uv": [10.25, 10.5, 12, 10.625], "texture": "#0"},
				"south": {"uv": [12.25, 11.25, 12.375, 11.375], "texture": "#0"},
				"west": {"uv": [10.25, 10.75, 12, 10.875], "texture": "#0"},
				"up": {"uv": [5.375, 12.25, 5.25, 10.5], "texture": "#0"},
				"down": {"uv": [5.625, 11, 5.5, 12.75], "texture": "#0"}
			}
		},
		{
			"from": [3.65, 1.8, -4],
			"to": [4.35, 2.05, 2.2],
			"rotation": {"angle": -22.5, "axis": "y", "origin": [8.8, 1.9, 18]},
			"faces": {
				"north": {"uv": [11.5, 12.25, 11.625, 12.375], "texture": "#0"},
				"east": {"uv": [11, 4, 12.5, 4.125], "texture": "#0"},
				"south": {"uv": [11.75, 12.25, 11.875, 12.375], "texture": "#0"},
				"west": {"uv": [11, 4.25, 12.5, 4.375], "texture": "#0"},
				"up": {"uv": [5.875, 12.5, 5.75, 11], "texture": "#0"},
				"down": {"uv": [10.375, 11, 10.25, 12.5], "texture": "#0"}
			}
		},
		{
			"from": [2.95, 1.8, -4],
			"to": [3.65, 2.05, 1.5],
			"rotation": {"angle": -22.5, "axis": "y", "origin": [8.8, 1.9, 18]},
			"faces": {
				"north": {"uv": [12.25, 11.75, 12.375, 11.875], "texture": "#0"},
				"east": {"uv": [10.5, 11, 11.875, 11.125], "texture": "#0"},
				"south": {"uv": [12, 12.25, 12.125, 12.375], "texture": "#0"},
				"west": {"uv": [10.5, 11.25, 11.875, 11.375], "texture": "#0"},
				"up": {"uv": [6.125, 12.625, 6, 11.25], "texture": "#0"},
				"down": {"uv": [6.375, 11.25, 6.25, 12.625], "texture": "#0"}
			}
		},
		{
			"from": [2.25, 1.8, -4],
			"to": [2.95, 2.05, 0.7],
			"rotation": {"angle": -22.5, "axis": "y", "origin": [8.8, 1.9, 18]},
			"faces": {
				"north": {"uv": [12.25, 12, 12.375, 12.125], "texture": "#0"},
				"east": {"uv": [11.5, 4.5, 12.625, 4.625], "texture": "#0"},
				"south": {"uv": [12.25, 12.25, 12.375, 12.375], "texture": "#0"},
				"west": {"uv": [11.5, 4.75, 12.625, 4.875], "texture": "#0"},
				"up": {"uv": [9.625, 12.375, 9.5, 11.25], "texture": "#0"},
				"down": {"uv": [9.875, 11.25, 9.75, 12.375], "texture": "#0"}
			}
		},
		{
			"from": [1.55, 1.8, -4],
			"to": [2.25, 2.05, 0],
			"rotation": {"angle": -22.5, "axis": "y", "origin": [8.8, 1.9, 18]},
			"faces": {
				"north": {"uv": [0, 12.5, 0.125, 12.625], "texture": "#0"},
				"east": {"uv": [10.5, 11.5, 11.5, 11.625], "texture": "#0"},
				"south": {"uv": [0.25, 12.5, 0.375, 12.625], "texture": "#0"},
				"west": {"uv": [11.5, 11.5, 12.5, 11.625], "texture": "#0"},
				"up": {"uv": [6.625, 12.5, 6.5, 11.5], "texture": "#0"},
				"down": {"uv": [1.875, 11.75, 1.75, 12.75], "texture": "#0"}
			}
		},
		{
			"from": [0.85, 1.8, -4],
			"to": [1.55, 2.05, -0.7],
			"rotation": {"angle": -22.5, "axis": "y", "origin": [8.8, 1.9, 18]},
			"faces": {
				"north": {"uv": [0.5, 12.5, 0.625, 12.625], "texture": "#0"},
				"east": {"uv": [11.75, 2.5, 12.625, 2.625], "texture": "#0"},
				"south": {"uv": [0.75, 12.5, 0.875, 12.625], "texture": "#0"},
				"west": {"uv": [11.75, 2.75, 12.625, 2.875], "texture": "#0"},
				"up": {"uv": [10.625, 12.625, 10.5, 11.75], "texture": "#0"},
				"down": {"uv": [10.875, 11.75, 10.75, 12.625], "texture": "#0"}
			}
		},
		{
			"from": [0.15, 1.8, -4],
			"to": [0.85, 2.05, -1.3],
			"rotation": {"angle": -22.5, "axis": "y", "origin": [8.8, 1.9, 18]},
			"faces": {
				"north": {"uv": [1, 12.5, 1.125, 12.625], "texture": "#0"},
				"east": {"uv": [11.75, 5, 12.375, 5.125], "texture": "#0"},
				"south": {"uv": [1.25, 12.5, 1.375, 12.625], "texture": "#0"},
				"west": {"uv": [11.75, 5.25, 12.375, 5.375], "texture": "#0"},
				"up": {"uv": [11.125, 12.375, 11, 11.75], "texture": "#0"},
				"down": {"uv": [11.375, 11.75, 11.25, 12.375], "texture": "#0"}
			}
		},
		{
			"from": [5.95, 1.8, -4],
			"to": [7.3, 2.125, 23.1],
			"rotation": {"angle": 22.5, "axis": "y", "origin": [8.8, 1.9, 18]},
			"faces": {
				"north": {"uv": [11.5, 11.75, 11.875, 11.875], "texture": "#0"},
				"east": {"uv": [2, 2.5, 8.75, 2.625], "texture": "#0"},
				"south": {"uv": [0.75, 12, 1.125, 12.125], "texture": "#0"},
				"west": {"uv": [2, 2.75, 8.75, 2.875], "texture": "#0"},
				"up": {"uv": [1.375, 6.75, 1, 0], "texture": "#0"},
				"down": {"uv": [1.875, 0, 1.5, 6.75], "texture": "#0"}
			}
		},
		{
			"from": [7.3, 1.8, -4],
			"to": [7.9, 2.075, 21.2],
			"rotation": {"angle": 22.5, "axis": "y", "origin": [8.8, 1.9, 18]},
			"faces": {
				"north": {"uv": [12, 7, 12.125, 7.125], "texture": "#0"},
				"east": {"uv": [3, 3, 9.25, 3.125], "texture": "#0"},
				"south": {"uv": [12, 7.25, 12.125, 7.375], "texture": "#0"},
				"west": {"uv": [3, 3.25, 9.25, 3.375], "texture": "#0"},
				"up": {"uv": [3.125, 9.75, 3, 3.5], "texture": "#0"},
				"down": {"uv": [3.375, 3.5, 3.25, 9.75], "texture": "#0"}
			}
		},
		{
			"from": [7.9, 1.8, -4],
			"to": [8.5, 2.075, 20.6],
			"rotation": {"angle": 22.5, "axis": "y", "origin": [8.8, 1.9, 18]},
			"faces": {
				"north": {"uv": [12, 9.5, 12.125, 9.625], "texture": "#0"},
				"east": {"uv": [3.5, 3.5, 9.625, 3.625], "texture": "#0"},
				"south": {"uv": [12, 9.75, 12.125, 9.875], "texture": "#0"},
				"west": {"uv": [3.5, 3.75, 9.625, 3.875], "texture": "#0"},
				"up": {"uv": [3.625, 10.125, 3.5, 4], "texture": "#0"},
				"down": {"uv": [3.875, 4, 3.75, 10.125], "texture": "#0"}
			}
		},
		{
			"from": [8.5, 1.8, -4],
			"to": [9.1, 2.075, 20],
			"rotation": {"angle": 22.5, "axis": "y", "origin": [8.8, 1.9, 18]},
			"faces": {
				"north": {"uv": [10, 12, 10.125, 12.125], "texture": "#0"},
				"east": {"uv": [5, 4, 11, 4.125], "texture": "#0"},
				"south": {"uv": [12, 10.5, 12.125, 10.625], "texture": "#0"},
				"west": {"uv": [5, 4.25, 11, 4.375], "texture": "#0"},
				"up": {"uv": [5.125, 10.5, 5, 4.5], "texture": "#0"},
				"down": {"uv": [5.375, 4.5, 5.25, 10.5], "texture": "#0"}
			}
		},
		{
			"from": [9.1, 1.8, -4],
			"to": [9.7, 2.075, 19.4],
			"rotation": {"angle": 22.5, "axis": "y", "origin": [8.8, 1.9, 18]},
			"faces": {
				"north": {"uv": [12, 10.75, 12.125, 10.875], "texture": "#0"},
				"east": {"uv": [5.5, 4.5, 11.375, 4.625], "texture": "#0"},
				"south": {"uv": [12, 11, 12.125, 11.125], "texture": "#0"},
				"west": {"uv": [5.5, 4.75, 11.375, 4.875], "texture": "#0"},
				"up": {"uv": [5.625, 10.875, 5.5, 5], "texture": "#0"},
				"down": {"uv": [5.875, 5, 5.75, 10.875], "texture": "#0"}
			}
		},
		{
			"from": [9.7, 1.8, -4],
			"to": [10.3, 2.075, 18.8],
			"rotation": {"angle": 22.5, "axis": "y", "origin": [8.8, 1.9, 18]},
			"faces": {
				"north": {"uv": [12, 11.25, 12.125, 11.375], "texture": "#0"},
				"east": {"uv": [6, 5, 11.75, 5.125], "texture": "#0"},
				"south": {"uv": [11.5, 12, 11.625, 12.125], "texture": "#0"},
				"west": {"uv": [6, 5.25, 11.75, 5.375], "texture": "#0"},
				"up": {"uv": [6.125, 11.25, 6, 5.5], "texture": "#0"},
				"down": {"uv": [6.375, 5.5, 6.25, 11.25], "texture": "#0"}
			}
		},
		{
			"from": [10.3, 1.8, -4],
			"to": [10.9, 2.075, 18.2],
			"rotation": {"angle": 22.5, "axis": "y", "origin": [8.8, 1.9, 18]},
			"faces": {
				"north": {"uv": [11.75, 12, 11.875, 12.125], "texture": "#0"},
				"east": {"uv": [6.5, 5.5, 12, 5.625], "texture": "#0"},
				"south": {"uv": [12, 11.75, 12.125, 11.875], "texture": "#0"},
				"west": {"uv": [6.5, 5.75, 12, 5.875], "texture": "#0"},
				"up": {"uv": [6.625, 11.5, 6.5, 6], "texture": "#0"},
				"down": {"uv": [0.125, 6.75, 0, 12.25], "texture": "#0"}
			}
		},
		{
			"from": [10.9, 1.8, -4],
			"to": [11.5, 2.075, 17.6],
			"rotation": {"angle": 22.5, "axis": "y", "origin": [8.8, 1.9, 18]},
			"faces": {
				"north": {"uv": [12, 12, 12.125, 12.125], "texture": "#0"},
				"east": {"uv": [6.75, 6, 12.125, 6.125], "texture": "#0"},
				"south": {"uv": [0, 12.25, 0.125, 12.375], "texture": "#0"},
				"west": {"uv": [6.75, 6.25, 12.125, 6.375], "texture": "#0"},
				"up": {"uv": [0.375, 12.125, 0.25, 6.75], "texture": "#0"},
				"down": {"uv": [0.625, 6.75, 0.5, 12.125], "texture": "#0"}
			}
		},
		{
			"from": [11.5, 1.8, -4],
			"to": [12.1, 2.075, 17],
			"rotation": {"angle": 22.5, "axis": "y", "origin": [8.8, 1.9, 18]},
			"faces": {
				"north": {"uv": [0.25, 12.25, 0.375, 12.375], "texture": "#0"},
				"east": {"uv": [6.75, 6.5, 12, 6.625], "texture": "#0"},
				"south": {"uv": [0.5, 12.25, 0.625, 12.375], "texture": "#0"},
				"west": {"uv": [6.75, 6.75, 12, 6.875], "texture": "#0"},
				"up": {"uv": [0.875, 12, 0.75, 6.75], "texture": "#0"},
				"down": {"uv": [1.125, 6.75, 1, 12], "texture": "#0"}
			}
		},
		{
			"from": [12.1, 1.8, -4],
			"to": [12.7, 2.075, 16.4],
			"rotation": {"angle": 22.5, "axis": "y", "origin": [8.8, 1.9, 18]},
			"faces": {
				"north": {"uv": [0.75, 12.25, 0.875, 12.375], "texture": "#0"},
				"east": {"uv": [6.75, 7, 11.875, 7.125], "texture": "#0"},
				"south": {"uv": [1, 12.25, 1.125, 12.375], "texture": "#0"},
				"west": {"uv": [6.75, 7.25, 11.875, 7.375], "texture": "#0"},
				"up": {"uv": [1.375, 11.875, 1.25, 6.75], "texture": "#0"},
				"down": {"uv": [1.625, 6.75, 1.5, 11.875], "texture": "#0"}
			}
		},
		{
			"from": [12.7, 1.8, -4],
			"to": [13.3, 2.075, 15.8],
			"rotation": {"angle": 22.5, "axis": "y", "origin": [8.8, 1.9, 18]},
			"faces": {
				"north": {"uv": [1.25, 12.25, 1.375, 12.375], "texture": "#0"},
				"east": {"uv": [6.75, 7.5, 11.75, 7.625], "texture": "#0"},
				"south": {"uv": [1.5, 12.25, 1.625, 12.375], "texture": "#0"},
				"west": {"uv": [6.75, 7.75, 11.75, 7.875], "texture": "#0"},
				"up": {"uv": [1.875, 11.75, 1.75, 6.75], "texture": "#0"},
				"down": {"uv": [6.875, 8, 6.75, 13], "texture": "#0"}
			}
		},
		{
			"from": [13.3, 1.8, -4],
			"to": [13.9, 2.075, 15.2],
			"rotation": {"angle": 22.5, "axis": "y", "origin": [8.8, 1.9, 18]},
			"faces": {
				"north": {"uv": [12.25, 3, 12.375, 3.125], "texture": "#0"},
				"east": {"uv": [8, 1, 12.75, 1.125], "texture": "#0"},
				"south": {"uv": [12.25, 3.25, 12.375, 3.375], "texture": "#0"},
				"west": {"uv": [8, 1.25, 12.75, 1.375], "texture": "#0"},
				"up": {"uv": [7.125, 12.75, 7, 8], "texture": "#0"},
				"down": {"uv": [7.375, 8, 7.25, 12.75], "texture": "#0"}
			}
		},
		{
			"from": [13.9, 1.8, -4],
			"to": [14.5, 2.075, 14.6],
			"rotation": {"angle": 22.5, "axis": "y", "origin": [8.8, 1.9, 18]},
			"faces": {
				"north": {"uv": [3.5, 12.25, 3.625, 12.375], "texture": "#0"},
				"east": {"uv": [8, 1.5, 12.625, 1.625], "texture": "#0"},
				"south": {"uv": [3.75, 12.25, 3.875, 12.375], "texture": "#0"},
				"west": {"uv": [8, 1.75, 12.625, 1.875], "texture": "#0"},
				"up": {"uv": [7.625, 12.625, 7.5, 8], "texture": "#0"},
				"down": {"uv": [7.875, 8, 7.75, 12.625], "texture": "#0"}
			}
		},
		{
			"from": [14.5, 1.8, -4],
			"to": [15.1, 2.075, 14],
			"rotation": {"angle": 22.5, "axis": "y", "origin": [8.8, 1.9, 18]},
			"faces": {
				"north": {"uv": [4.5, 12.25, 4.625, 12.375], "texture": "#0"},
				"east": {"uv": [8, 8, 12.5, 8.125], "texture": "#0"},
				"south": {"uv": [4.75, 12.25, 4.875, 12.375], "texture": "#0"},
				"west": {"uv": [8, 8.25, 12.5, 8.375], "texture": "#0"},
				"up": {"uv": [8.125, 13, 8, 8.5], "texture": "#0"},
				"down": {"uv": [8.375, 8.5, 8.25, 13], "texture": "#0"}
			}
		},
		{
			"from": [15.1, 1.8, -4],
			"to": [15.7, 2.075, 13.4],
			"rotation": {"angle": 22.5, "axis": "y", "origin": [8.8, 1.9, 18]},
			"faces": {
				"north": {"uv": [5.25, 12.25, 5.375, 12.375], "texture": "#0"},
				"east": {"uv": [8.5, 0, 12.875, 0.125], "texture": "#0"},
				"south": {"uv": [12.25, 5.5, 12.375, 5.625], "texture": "#0"},
				"west": {"uv": [8.5, 0.25, 12.875, 0.375], "texture": "#0"},
				"up": {"uv": [8.625, 12.875, 8.5, 8.5], "texture": "#0"},
				"down": {"uv": [8.875, 8.5, 8.75, 12.875], "texture": "#0"}
			}
		},
		{
			"from": [15.7, 1.8, -4],
			"to": [16.3, 2.075, 12.8],
			"rotation": {"angle": 22.5, "axis": "y", "origin": [8.8, 1.9, 18]},
			"faces": {
				"north": {"uv": [12.25, 5.75, 12.375, 5.875], "texture": "#0"},
				"east": {"uv": [8.5, 0.5, 12.75, 0.625], "texture": "#0"},
				"south": {"uv": [12.25, 6, 12.375, 6.125], "texture": "#0"},
				"west": {"uv": [8.5, 0.75, 12.75, 0.875], "texture": "#0"},
				"up": {"uv": [9.125, 12.75, 9, 8.5], "texture": "#0"},
				"down": {"uv": [9.375, 8.5, 9.25, 12.75], "texture": "#0"}
			}
		},
		{
			"from": [16.3, 1.8, -4],
			"to": [16.9, 2.075, 12.2],
			"rotation": {"angle": 22.5, "axis": "y", "origin": [8.8, 1.9, 18]},
			"faces": {
				"north": {"uv": [12.25, 6.25, 12.375, 6.375], "texture": "#0"},
				"east": {"uv": [8.75, 2, 12.75, 2.125], "texture": "#0"},
				"south": {"uv": [12.25, 6.5, 12.375, 6.625], "texture": "#0"},
				"west": {"uv": [8.75, 2.25, 12.75, 2.375], "texture": "#0"},
				"up": {"uv": [2.125, 13.5, 2, 9.5], "texture": "#0"},
				"down": {"uv": [2.375, 9.5, 2.25, 13.5], "texture": "#0"}
			}
		},
		{
			"from": [8.65, 0, -3],
			"to": [9, 1, 21],
			"rotation": {"angle": -22.5, "axis": "z", "origin": [8.825, 0, 8]},
			"faces": {
				"north": {"uv": [12, 3, 12.125, 3.25], "texture": "#0"},
				"east": {"uv": [2, 1, 8, 1.25], "texture": "#0"},
				"south": {"uv": [12, 3.25, 12.125, 3.5], "texture": "#0"},
				"west": {"uv": [2, 1.25, 8, 1.5], "texture": "#0"},
				"up": {"uv": [4.125, 10, 4, 4], "texture": "#0"},
				"down": {"uv": [4.375, 4, 4.25, 10], "texture": "#0"}
			}
		},
		{
			"from": [8.65, 1, -4],
			"to": [9, 2, 22],
			"rotation": {"angle": -22.5, "axis": "z", "origin": [8.825, 0, 8]},
			"faces": {
				"north": {"uv": [1.25, 12, 1.375, 12.25], "texture": "#0"},
				"east": {"uv": [2, 0, 8.5, 0.25], "texture": "#0"},
				"south": {"uv": [1.5, 12, 1.625, 12.25], "texture": "#0"},
				"west": {"uv": [2, 0.25, 8.5, 0.5], "texture": "#0"},
				"up": {"uv": [2.125, 9.5, 2, 3], "texture": "#0"},
				"down": {"uv": [2.375, 3, 2.25, 9.5], "texture": "#0"}
			}
		},
		{
			"from": [8.65, 1, -4],
			"to": [9, 2, 22],
			"rotation": {"angle": 22.5, "axis": "z", "origin": [8.825, 0, 8]},
			"faces": {
				"north": {"uv": [12, 6.5, 12.125, 6.75], "texture": "#0"},
				"east": {"uv": [2, 0.5, 8.5, 0.75], "texture": "#0"},
				"south": {"uv": [12, 6.75, 12.125, 7], "texture": "#0"},
				"west": {"uv": [2, 0.75, 8.5, 1], "texture": "#0"},
				"up": {"uv": [2.625, 9.5, 2.5, 3], "texture": "#0"},
				"down": {"uv": [2.875, 3, 2.75, 9.5], "texture": "#0"}
			}
		},
		{
			"from": [8.65, 0, -3],
			"to": [9, 1, 21],
			"rotation": {"angle": 22.5, "axis": "z", "origin": [8.825, 0, 8]},
			"faces": {
				"north": {"uv": [12, 5.5, 12.125, 5.75], "texture": "#0"},
				"east": {"uv": [2, 1.5, 8, 1.75], "texture": "#0"},
				"south": {"uv": [12, 5.75, 12.125, 6], "texture": "#0"},
				"west": {"uv": [2, 1.75, 8, 2], "texture": "#0"},
				"up": {"uv": [4.625, 10, 4.5, 4], "texture": "#0"},
				"down": {"uv": [4.875, 4, 4.75, 10], "texture": "#0"}
			}
		}
	],
	"display": {
		"gui": {
			"rotation": [15, 145, 25],
			"translation": [3, 3.75, 0],
			"scale": [0.67, 0.67, 0.67]
		},
		"head": {
			"rotation": [0, 180, 0],
			"translation": [2.75, 31, 0],
			"scale": [3.03, 3.03, 3.03]
		}
	}
}