{
  "variants": {
    "": [
      {
        "model": "block/bricks/bricks1",
        "weight": 1
      },
      {
        "model": "block/bricks/bricks2",
        "weight": 1
      },
      {
        "model": "block/bricks/bricks3",
        "weight": 1
      },
      {
        "model": "block/bricks/bricks4",
        "weight": 1
      },
      {
        "model": "block/bricks/bricks5",
        "weight": 1
      },
      {
        "model": "block/bricks/bricks6",
        "weight": 1
      },
      {
        "model": "block/bricks/bricks7",
        "weight": 1
      },
      {
        "model": "block/bricks/bricks8",
        "weight": 1
      }
    ]
  }
}