	{
	"itemrolling": {
	    "sounds": [
		   "custom:itemrolling"
		]
	},
	"star": {
	    "sounds": [
		   "custom:star"
		]
	},
	"ka_ching": {
	    "sounds": [
		   "custom:ka_ching"
		]
	},
	"crate": {
	    "sounds": [
		   "custom:crate"
		]
	},
	"boost": {
	    "sounds": [
		   "custom:boost"
		]
	},
	"quest_finish": {
	    "sounds": [
		   "custom:quest_finish"
		]
	},
	"level_challenge": {
	    "sounds": [
		   "custom:level_challenge"
		]
	},
	"rank_up": {
	    "sounds": [
		   "custom:rank_up"
		]
	},
	"throwing": {
	    "sounds": [
		   "custom:throwing"
		]
	},



	"car.default.driving": {
	    "sounds": [
		   "custom:car/default/driving"
		]
	},
	"car.default.drivingwater": {
	    "sounds": [
		   "custom:car/default/drivingwater"
		]
	},
	"car.default.braking": {
	    "sounds": [
		   "custom:car/default/braking"
		]
	},
	"car.default.brakingwater": {
	    "sounds": [
		   "custom:car/default/brakingwater"
		]
	},

	"car.meme1.driving": {
	    "sounds": [
		   "custom:car/meme1/driving"
		]
	},
	"car.meme1.drivingwater": {
	    "sounds": [
		   "custom:car/meme1/drivingwater"
		]
	},
	"car.meme1.braking": {
	    "sounds": [
		   "custom:car/meme1/braking"
		]
	},
	"car.meme1.brakingwater": {
	    "sounds": [
		   "custom:car/meme1/brakingwater"
		]
	},


	
	"intro": {
	    "sounds": [
		   "custom:music/intro"
		]
	},
	"race_intro": {
	    "sounds": [
		   "custom:music/race_intro"
		]
	},
	"melodymotorway": {
	    "sounds": [
		   "custom:melodymotorway"
		]
	},
	"triomaniintro": {
	    "sounds": [
		   "custom:music/triomaniintro"
		]
	},
	"triomaniloop": {
	    "sounds": [
		   "custom:music/triomaniloop"
		]
	},
	"containerhafenintro": {
	    "sounds": [
		   "custom:music/containerhafenintro"
		]
	},
	"containerhafenloop": {
	    "sounds": [
		   "custom:music/containerhafenloop"
		]
	},
	"flughafenintro": {
	    "sounds": [
		   "custom:music/flughafenintro"
		]
	},
	"flughafenloop": {
	    "sounds": [
		   "custom:music/flughafenloop"
		]
	},
	"rainbow_roadintro": {
	    "sounds": [
		   "custom:music/rainbow_roadintro"
		]
	},
	"rainbow_roadloop": {
	    "sounds": [
		   "custom:music/rainbow_roadloop"
		]
	},
	"rohrenrasereiintro": {
	    "sounds": [
		   "custom:music/rohrenrasereiintro"
		]
	},
	"rohrenrasereiloop": {
	    "sounds": [
		   "custom:music/rohrenrasereiloop"
		]
	},
	"baustelleintro": {
	    "sounds": [
		   "custom:music/baustelleintro"
		]
	},
	"baustelleloop": {
	    "sounds": [
		   "custom:music/baustelleloop"
		]
	}, 
	"springcastleintro": {
	    "sounds": [
		   "custom:music/springcastleintro"
		]
	},
	"springcastleloop": {
	    "sounds": [
		   "custom:music/springcastleloop"
		]
	},
	"kekwintro": {
	    "sounds": [
		   "custom:music/kekwintro"
		]
	},
	"kekwloop": {
	    "sounds": [
		   "custom:music/kekwloop"
		]
	},
	"beachintro": {
	    "sounds": [
		   "custom:music/beachintro"
		]
	},
	"beachloop": {
	    "sounds": [
		   "custom:music/beachloop"
		]
	},
	"gebirgspfadintro": {
	    "sounds": [
		   "custom:music/gebirgspfadintro"
		]
	},
	"gebirgspfadloop": {
	    "sounds": [
		   "custom:music/gebirgspfadloop"
		]
	},
	"japanesetemplesintro": {
	    "sounds": [
		   "custom:music/japanesetemplesintro"
		]
	},
	"japanesetemplesloop": {
	    "sounds": [
		   "custom:music/japanesetemplesloop"
		]
	},
	"shopmusic": {
	    "sounds": [
		   "custom:music/shopmusic"
		]
	},
	"tutorialkart": {
	    "sounds": [
		   "custom:music/tutorialkart"
		]
	},
	"de.example": {
		"sounds": [
			"custom:lines/de/example"
		]
	},
	"de.start.narrator1": {
		"sounds": [
			"custom:lines/de/start/narrator/1"
		]
	},
	"de.start.narrator2": {
		"sounds": [
			"custom:lines/de/start/narrator/2"
		]
	},
	"de.start.manager1": {
		"sounds": [
			"custom:lines/de/start/manager/1"
		]
	},
	"de.start.manager2": {
		"sounds": [
			"custom:lines/de/start/manager/2"
		]
	},
	"de.start.manager3": {
		"sounds": [
			"custom:lines/de/start/manager/3"
		]
	},
	"de.start.manager4": {
		"sounds": [
			"custom:lines/de/start/manager/4"
		]
	},
	"de.start.manager5": {
		"sounds": [
			"custom:lines/de/start/manager/5"
		]
	},
	"de.start.manager6": {
		"sounds": [
			"custom:lines/de/start/manager/6"
		]
	},
	"de.start.manager7": {
		"sounds": [
			"custom:lines/de/start/manager/7"
		]
	},
	"de.start.manager8": {
		"sounds": [
			"custom:lines/de/start/manager/8"
		]
	},
	"de.start.manager9": {
		"sounds": [
			"custom:lines/de/start/manager/9"
		]
	},
	"de.start.manager10": {
		"sounds": [
			"custom:lines/de/start/manager/10"
		]
	},
	"de.end.manager1": {
		"sounds": [
			"custom:lines/de/end/manager/1"
		]
	},
	"de.end.manager2": {
		"sounds": [
			"custom:lines/de/end/manager/2"
		]
	},
	"ringtone.pickup": {
		"sounds": [
			"custom:ringtones/call_pickup"
		]
	},
	"ringtone": {
		"sounds": [
			"custom:ringtones/call_ringtone"
		]
	},
	"ringtone.end": {
		"sounds": [
			"custom:ringtones/call_end"
		]
	},
	"de.rankup.manager1": {
		"sounds": [
			"custom:lines/de/rankups/manager/1"
		]
	},
	"de.rankup.manager2": {
		"sounds": [
			"custom:lines/de/rankups/manager/2"
		]
	},
	"de.rankup.manager3": {
		"sounds": [
			"custom:lines/de/rankups/manager/3"
		]
	},
	"de.rankup.manager4": {
		"sounds": [
			"custom:lines/de/rankups/manager/4"
		]
	},
	"de.rankup.manager5": {
		"sounds": [
			"custom:lines/de/rankups/manager/5"
		]
	},
	"de.rankup.manager6": {
		"sounds": [
			"custom:lines/de/rankups/manager/6"
		]
	},
	"de.rankup.manager7": {
		"sounds": [
			"custom:lines/de/rankups/manager/7"
		]
	},
	"de.rankup.manager8": {
		"sounds": [
			"custom:lines/de/rankups/manager/8"
		]
	},
	"de.rankup.manager9": {
		"sounds": [
			"custom:lines/de/rankups/manager/9"
		]
	},
	"de.win.manager": {
		"sounds": [
			"custom:lines/de/win/manager/1",
			"custom:lines/de/win/manager/2",
			"custom:lines/de/win/manager/3",
			"custom:lines/de/win/manager/4",
			"custom:lines/de/win/manager/5",
			"custom:lines/de/win/manager/6",
			"custom:lines/de/win/manager/7",
			"custom:lines/de/win/manager/8",
			"custom:lines/de/win/manager/9",
			"custom:lines/de/win/manager/10"
		]
	},
	"de.lose.manager": {
		"sounds": [
			"custom:lines/de/lose/manager/1",
			"custom:lines/de/lose/manager/2",
			"custom:lines/de/lose/manager/3",
			"custom:lines/de/lose/manager/4",
			"custom:lines/de/lose/manager/5",
			"custom:lines/de/lose/manager/6",
			"custom:lines/de/lose/manager/7",
			"custom:lines/de/lose/manager/8",
			"custom:lines/de/lose/manager/9",
			"custom:lines/de/lose/manager/10"
		]
	},
	"en.example": {
		"sounds": [
			"custom:lines/en/example"
		]
	},
	"en.start.narrator1": {
		"sounds": [
			"custom:lines/en/start/narrator/1"
		]
	},
	"en.start.narrator2": {
		"sounds": [
			"custom:lines/en/start/narrator/2"
		]
	},
	"en.start.manager1": {
		"sounds": [
			"custom:lines/en/start/manager/1"
		]
	},
	"en.start.manager2": {
		"sounds": [
			"custom:lines/en/start/manager/2"
		]
	},
	"en.start.manager3": {
		"sounds": [
			"custom:lines/en/start/manager/3"
		]
	},
	"en.start.manager4": {
		"sounds": [
			"custom:lines/en/start/manager/4"
		]
	},
	"en.start.manager5": {
		"sounds": [
			"custom:lines/en/start/manager/5"
		]
	},
	"en.start.manager6": {
		"sounds": [
			"custom:lines/en/start/manager/6"
		]
	},
	"en.start.manager7": {
		"sounds": [
			"custom:lines/en/start/manager/7"
		]
	},
	"en.start.manager8": {
		"sounds": [
			"custom:lines/en/start/manager/8"
		]
	},
	"en.start.manager9": {
		"sounds": [
			"custom:lines/en/start/manager/9"
		]
	},
	"en.start.manager10": {
		"sounds": [
			"custom:lines/en/start/manager/10"
		]
	},
	"en.start.manager11": {
		"sounds": [
			"custom:lines/en/start/manager/11"
		]
	},
	"en.end.manager1": {
		"sounds": [
			"custom:lines/en/end/manager/1"
		]
	},
	"en.end.manager2": {
		"sounds": [
			"custom:lines/en/end/manager/2"
		]
	},
	"en.rankup.manager1": {
		"sounds": [
			"custom:lines/en/rankups/manager/1"
		]
	},
	"en.rankup.manager2": {
		"sounds": [
			"custom:lines/en/rankups/manager/2"
		]
	},
	"en.rankup.manager3": {
		"sounds": [
			"custom:lines/en/rankups/manager/3"
		]
	},
	"en.rankup.manager4": {
		"sounds": [
			"custom:lines/en/rankups/manager/4"
		]
	},
	"en.rankup.manager5": {
		"sounds": [
			"custom:lines/en/rankups/manager/5"
		]
	},
	"en.rankup.manager6": {
		"sounds": [
			"custom:lines/en/rankups/manager/6"
		]
	},
	"en.rankup.manager7": {
		"sounds": [
			"custom:lines/en/rankups/manager/7"
		]
	},
	"en.rankup.manager8": {
		"sounds": [
			"custom:lines/en/rankups/manager/8"
		]
	},
	"en.rankup.manager9": {
		"sounds": [
			"custom:lines/en/rankups/manager/9"
		]
	},
	"en.win.manager": {
		"sounds": [
			"custom:lines/en/win/manager/1",
			"custom:lines/en/win/manager/2",
			"custom:lines/en/win/manager/3",
			"custom:lines/en/win/manager/4",
			"custom:lines/en/win/manager/5",
			"custom:lines/en/win/manager/6",
			"custom:lines/en/win/manager/7",
			"custom:lines/en/win/manager/8",
			"custom:lines/en/win/manager/9",
			"custom:lines/en/win/manager/10"
		]
	},
	"en.lose.manager": {
		"sounds": [
			"custom:lines/en/lose/manager/1",
			"custom:lines/en/lose/manager/2",
			"custom:lines/en/lose/manager/3",
			"custom:lines/en/lose/manager/4",
			"custom:lines/en/lose/manager/5",
			"custom:lines/en/lose/manager/6",
			"custom:lines/en/lose/manager/7",
			"custom:lines/en/lose/manager/8",
			"custom:lines/en/lose/manager/9",
			"custom:lines/en/lose/manager/10"
		]
	},
	"ambient.autumnvalley": {
		"sounds": [
			"custom:ambient/autumnvalley"
		]
	},
	"ambient.baustelle": {
		"sounds": [
			"custom:ambient/baustelle"
		]
	},
	"ambient.bucht": {
		"sounds": [
			"custom:ambient/bucht"
		]
	},
	"ambient.cityday": {
		"sounds": [
			"custom:ambient/cityday"
		]
	},
	"ambient.citynight": {
		"sounds": [
			"custom:ambient/citynight"
		]
	},
	"ambient.containerhafen": {
		"sounds": [
			"custom:ambient/containerhafen"
		]
	},
	"ambient.farmland": {
		"sounds": [
			"custom:ambient/farmland"
		]
	},
	"ambient.kekw": {
		"sounds": [
			"custom:ambient/kekw"
		]
	},
	"ambient.pampaday": {
		"sounds": [
			"custom:ambient/pampaday"
		]
	},
	"ambient.pampanight": {
		"sounds": [
			"custom:ambient/pampanight"
		]
	},
	"ambient.parkerspark": {
		"sounds": [
			"custom:ambient/parkerspark"
		]
	},
	"ambient.parkour": {
		"sounds": [
			"custom:ambient/parkour"
		]
	},
	"ambient.schmelzerei": {
		"sounds": [
			"custom:ambient/schmelzerei"
		]
	},
	"ambient.spawn": {
		"sounds": [
			"custom:ambient/spawn"
		]
	},
	"ambient.strand": {
		"sounds": [
			"custom:ambient/strand"
		]
	},
	"ambient.void": {
		"sounds": [
			"custom:ambient/void"
		]
	},
	"ambient.springcastle": {
		"sounds": [
			"custom:ambient/springcastle"
		]
	}
}
