{
	"credit": "Made by Skyblock Squad",
	"texture_size": [128, 128],
	"textures": {
		"0": "item/menu/menu",
		"particle": "item/menu/menu"
	},
	"elements": [
		{
			"from": [-16, 2, -16],
			"to": [32, 2, 32],
			"faces": {
				"north": {"uv": [6, 0, 12, 0.25], "texture": "#missing"},
				"east": {"uv": [6, 0.25, 12, 0.5], "texture": "#missing"},
				"south": {"uv": [6, 0.5, 12, 0.75], "texture": "#missing"},
				"west": {"uv": [6, 0.75, 12, 1], "texture": "#missing"},
				"up": {"uv": [16, 16, 0, 0], "texture": "#0"},
				"down": {"uv": [16, 0, 0, 16], "texture": "#0"}
			}
		}
	],
	"gui_light": "front",
	"display": {
		"thirdperson_righthand": {
			"translation": [0, 0, 9],
			"scale": [4, 4, 4]
		},
		"gui": {
			"rotation": [90, 180, 0],
			"translation": [80, 32, 80],
			"scale": [4, 4, 4]
		}
	}
}