{
	"credit": "Made by Skyblock Squad",
	"textures": {
		"0": "item/menu/profile",
		"particle": "item/menu/profile"
	},
	"elements": [
		{
			"from": [-15, 0, -16],
			"to": [32, 0, 31],
			"faces": {
				"north": {"uv": [0, 0, 16, 0], "texture": "#missing"},
				"east": {"uv": [0, 0, 16, 0], "texture": "#missing"},
				"south": {"uv": [0, 0, 16, 0], "texture": "#missing"},
				"west": {"uv": [0, 0, 16, 0], "texture": "#missing"},
				"up": {"uv": [0.05, 0.05, 10.95, 11], "texture": "#0"},
				"down": {"uv": [0, 0, 11, 10.875], "texture": "#0"}
			}
		}
	],
	"gui_light": "front",
	"display": {
		"thirdperson_righthand": {
			"scale": [0, 0, 0]
		},
		"thirdperson_lefthand": {
			"scale": [0, 0, 0]
		},
		"firstperson_righthand": {
			"scale": [0, 0, 0]
		},
		"firstperson_lefthand": {
			"scale": [0, 0, 0]
		},
		"ground": {
			"scale": [0, 0, 0]
		},
		"gui": {
			"rotation": [90, 0, 0],
			"translation": [-2, 1.5, 0],
			"scale": [3.7, 3.71, 3.71]
		},
		"head": {
			"scale": [0, 0, 0]
		},
		"fixed": {
			"scale": [0, 0, 0]
		}
	}
}