{
	"credit": "Made by Skyblock Squad",
	"texture_size": [64, 64],
	"textures": {
		"0": "block/altreifen",
		"particle": "block/altreifen"
	},
	"elements": [
		{
			"name": "hexadecagon",
			"from": [6.4087, 0, 0],
			"to": [9.5913, 8, 4],
			"rotation": {"angle": -45, "axis": "y", "origin": [8, 8, 8]},
			"faces": {
				"north": {"uv": [0, 8, 0.75, 10], "texture": "#0"},
				"east": {"uv": [0, 0, 1, 2], "texture": "#0"},
				"south": {"uv": [8, 0, 8.75, 2], "texture": "#0"},
				"west": {"uv": [1, 0, 2, 2], "texture": "#0"},
				"up": {"uv": [5.25, 11, 4.5, 10], "texture": "#0"},
				"down": {"uv": [6, 10, 5.25, 11], "texture": "#0"}
			}
		},
		{
			"name": "hexadecagon",
			"from": [6.4087, 0, 0],
			"to": [9.5913, 8, 4],
			"rotation": {"angle": -22.5, "axis": "y", "origin": [8, 8, 8]},
			"faces": {
				"north": {"uv": [0.75, 8, 1.5, 10], "texture": "#0"},
				"east": {"uv": [0, 2, 1, 4], "texture": "#0"},
				"south": {"uv": [1.5, 8, 2.25, 10], "texture": "#0"},
				"west": {"uv": [2, 0, 3, 2], "texture": "#0"},
				"up": {"uv": [6.75, 11, 6, 10], "texture": "#0"},
				"down": {"uv": [7.5, 10, 6.75, 11], "texture": "#0"}
			}
		},
		{
			"name": "hexadecagon",
			"from": [6.4087, 0, 0],
			"to": [9.5913, 8, 4],
			"rotation": {"angle": 0, "axis": "y", "origin": [8, 8, 8]},
			"faces": {
				"north": {"uv": [8, 2, 8.75, 4], "texture": "#0"},
				"east": {"uv": [1, 2, 2, 4], "texture": "#0"},
				"south": {"uv": [2.25, 8, 3, 10], "texture": "#0"},
				"west": {"uv": [2, 2, 3, 4], "texture": "#0"},
				"up": {"uv": [8.25, 11, 7.5, 10], "texture": "#0"},
				"down": {"uv": [9, 10, 8.25, 11], "texture": "#0"}
			}
		},
		{
			"name": "hexadecagon",
			"from": [6.4087, 0, 0],
			"to": [9.5913, 8, 4],
			"rotation": {"angle": 22.5, "axis": "y", "origin": [8, 8, 8]},
			"faces": {
				"north": {"uv": [3, 8, 3.75, 10], "texture": "#0"},
				"east": {"uv": [3, 0, 4, 2], "texture": "#0"},
				"south": {"uv": [3.75, 8, 4.5, 10], "texture": "#0"},
				"west": {"uv": [3, 2, 4, 4], "texture": "#0"},
				"up": {"uv": [9.75, 11, 9, 10], "texture": "#0"},
				"down": {"uv": [10.5, 10, 9.75, 11], "texture": "#0"}
			}
		},
		{
			"name": "hexadecagon",
			"from": [6.4087, 0, 0],
			"to": [9.5913, 8, 4],
			"rotation": {"angle": 45, "axis": "y", "origin": [8, 8, 8]},
			"faces": {
				"north": {"uv": [8, 4, 8.75, 6], "texture": "#0"},
				"east": {"uv": [0, 4, 1, 6], "texture": "#0"},
				"south": {"uv": [4.5, 8, 5.25, 10], "texture": "#0"},
				"west": {"uv": [4, 0, 5, 2], "texture": "#0"},
				"up": {"uv": [11, 1, 10.25, 0], "texture": "#0"},
				"down": {"uv": [11, 1, 10.25, 2], "texture": "#0"}
			}
		},
		{
			"name": "hexadecagon",
			"from": [6.4087, 0, 12],
			"to": [9.5913, 8, 16],
			"rotation": {"angle": -45, "axis": "y", "origin": [8, 8, 8]},
			"faces": {
				"north": {"uv": [5.25, 8, 6, 10], "texture": "#0"},
				"east": {"uv": [1, 4, 2, 6], "texture": "#0"},
				"south": {"uv": [6, 8, 6.75, 10], "texture": "#0"},
				"west": {"uv": [2, 4, 3, 6], "texture": "#0"},
				"up": {"uv": [11, 3, 10.25, 2], "texture": "#0"},
				"down": {"uv": [11, 3, 10.25, 4], "texture": "#0"}
			}
		},
		{
			"name": "hexadecagon",
			"from": [6.4087, 0, 12],
			"to": [9.5913, 8, 16],
			"rotation": {"angle": -22.5, "axis": "y", "origin": [8, 8, 8]},
			"faces": {
				"north": {"uv": [8, 6, 8.75, 8], "texture": "#0"},
				"east": {"uv": [4, 2, 5, 4], "texture": "#0"},
				"south": {"uv": [6.75, 8, 7.5, 10], "texture": "#0"},
				"west": {"uv": [3, 4, 4, 6], "texture": "#0"},
				"up": {"uv": [11, 5, 10.25, 4], "texture": "#0"},
				"down": {"uv": [11, 5, 10.25, 6], "texture": "#0"}
			}
		},
		{
			"name": "hexadecagon",
			"from": [6.4087, 0, 12],
			"to": [9.5913, 8, 16],
			"rotation": {"angle": 0, "axis": "y", "origin": [8, 8, 8]},
			"faces": {
				"north": {"uv": [7.5, 8, 8.25, 10], "texture": "#0"},
				"east": {"uv": [4, 4, 5, 6], "texture": "#0"},
				"south": {"uv": [8.25, 8, 9, 10], "texture": "#0"},
				"west": {"uv": [5, 0, 6, 2], "texture": "#0"},
				"up": {"uv": [11, 7, 10.25, 6], "texture": "#0"},
				"down": {"uv": [11, 7, 10.25, 8], "texture": "#0"}
			}
		},
		{
			"name": "hexadecagon",
			"from": [6.4087, 0, 12],
			"to": [9.5913, 8, 16],
			"rotation": {"angle": 22.5, "axis": "y", "origin": [8, 8, 8]},
			"faces": {
				"north": {"uv": [8.75, 0, 9.5, 2], "texture": "#0"},
				"east": {"uv": [5, 2, 6, 4], "texture": "#0"},
				"south": {"uv": [8.75, 2, 9.5, 4], "texture": "#0"},
				"west": {"uv": [5, 4, 6, 6], "texture": "#0"},
				"up": {"uv": [11.25, 9, 10.5, 8], "texture": "#0"},
				"down": {"uv": [11.25, 9, 10.5, 10], "texture": "#0"}
			}
		},
		{
			"name": "hexadecagon",
			"from": [6.4087, 0, 12],
			"to": [9.5913, 8, 16],
			"rotation": {"angle": 45, "axis": "y", "origin": [8, 8, 8]},
			"faces": {
				"north": {"uv": [8.75, 4, 9.5, 6], "texture": "#0"},
				"east": {"uv": [0, 6, 1, 8], "texture": "#0"},
				"south": {"uv": [8.75, 6, 9.5, 8], "texture": "#0"},
				"west": {"uv": [6, 0, 7, 2], "texture": "#0"},
				"up": {"uv": [11.25, 11, 10.5, 10], "texture": "#0"},
				"down": {"uv": [11.75, 0, 11, 1], "texture": "#0"}
			}
		},
		{
			"name": "hexadecagon",
			"from": [0, 0, 6.4087],
			"to": [4, 8, 9.5913],
			"rotation": {"angle": -22.5, "axis": "y", "origin": [8, 8, 8]},
			"faces": {
				"north": {"uv": [1, 6, 2, 8], "texture": "#0"},
				"east": {"uv": [9, 8, 9.75, 10], "texture": "#0"},
				"south": {"uv": [2, 6, 3, 8], "texture": "#0"},
				"west": {"uv": [9.5, 0, 10.25, 2], "texture": "#0"},
				"up": {"uv": [12, 1.75, 11, 1], "texture": "#0"},
				"down": {"uv": [12, 1.75, 11, 2.5], "texture": "#0"}
			}
		},
		{
			"name": "hexadecagon",
			"from": [0, 0, 6.4087],
			"to": [4, 8, 9.5913],
			"rotation": {"angle": 0, "axis": "y", "origin": [8, 8, 8]},
			"faces": {
				"north": {"uv": [6, 2, 7, 4], "texture": "#0"},
				"east": {"uv": [9.5, 2, 10.25, 4], "texture": "#0"},
				"south": {"uv": [3, 6, 4, 8], "texture": "#0"},
				"west": {"uv": [9.5, 4, 10.25, 6], "texture": "#0"},
				"up": {"uv": [12, 3.25, 11, 2.5], "texture": "#0"},
				"down": {"uv": [12, 3.25, 11, 4], "texture": "#0"}
			}
		},
		{
			"name": "hexadecagon",
			"from": [0, 0, 6.4087],
			"to": [4, 8, 9.5913],
			"rotation": {"angle": 22.5, "axis": "y", "origin": [8, 8, 8]},
			"faces": {
				"north": {"uv": [4, 6, 5, 8], "texture": "#0"},
				"east": {"uv": [9.5, 6, 10.25, 8], "texture": "#0"},
				"south": {"uv": [6, 4, 7, 6], "texture": "#0"},
				"west": {"uv": [9.75, 8, 10.5, 10], "texture": "#0"},
				"up": {"uv": [12, 4.75, 11, 4], "texture": "#0"},
				"down": {"uv": [5.5, 11, 4.5, 11.75], "texture": "#0"}
			}
		},
		{
			"name": "hexadecagon",
			"from": [12, 0, 6.4087],
			"to": [16, 8, 9.5913],
			"rotation": {"angle": -22.5, "axis": "y", "origin": [8, 8, 8]},
			"faces": {
				"north": {"uv": [5, 6, 6, 8], "texture": "#0"},
				"east": {"uv": [0, 10, 0.75, 12], "texture": "#0"},
				"south": {"uv": [6, 6, 7, 8], "texture": "#0"},
				"west": {"uv": [0.75, 10, 1.5, 12], "texture": "#0"},
				"up": {"uv": [12, 5.5, 11, 4.75], "texture": "#0"},
				"down": {"uv": [6.5, 11, 5.5, 11.75], "texture": "#0"}
			}
		},
		{
			"name": "hexadecagon",
			"from": [12, 0, 6.4087],
			"to": [16, 8, 9.5913],
			"rotation": {"angle": 0, "axis": "y", "origin": [8, 8, 8]},
			"faces": {
				"north": {"uv": [7, 0, 8, 2], "texture": "#0"},
				"east": {"uv": [1.5, 10, 2.25, 12], "texture": "#0"},
				"south": {"uv": [7, 2, 8, 4], "texture": "#0"},
				"west": {"uv": [2.25, 10, 3, 12], "texture": "#0"},
				"up": {"uv": [12, 6.25, 11, 5.5], "texture": "#0"},
				"down": {"uv": [12, 6.25, 11, 7], "texture": "#0"}
			}
		},
		{
			"name": "hexadecagon",
			"from": [12, 0, 6.4087],
			"to": [16, 8, 9.5913],
			"rotation": {"angle": 22.5, "axis": "y", "origin": [8, 8, 8]},
			"faces": {
				"north": {"uv": [7, 4, 8, 6], "texture": "#0"},
				"east": {"uv": [3, 10, 3.75, 12], "texture": "#0"},
				"south": {"uv": [7, 6, 8, 8], "texture": "#0"},
				"west": {"uv": [3.75, 10, 4.5, 12], "texture": "#0"},
				"up": {"uv": [7.5, 11.75, 6.5, 11], "texture": "#0"},
				"down": {"uv": [12, 7, 11, 7.75], "texture": "#0"}
			}
		}
	],
	"groups": [
		{
			"name": "hexadecagon",
			"origin": [8, 8, 8],
			"color": 0,
			"nbt": "{}",
			"armAnimationEnabled": false,
			"children": [0, 1, 2, 3, 4, 5, 6, 7, 8, 9, 10, 11, 12, 13, 14, 15]
		}
	]
}