{
	"credit": "Made by Skyblock Squad",
	"textures": {
		"0": "entity/conduit/bulb_r",
		"1": "block/chain",
		"2": "block/lanternr",
		"3": "block/zipfel",
		"particle": "entity/conduit/bulb_r"
	},
	"elements": [
		{
			"from": [6.5, 13, 7.5],
			"to": [9.5, 14, 8.5],
			"rotation": {"angle": 0, "axis": "y", "origin": [0, -1, 0]},
			"faces": {
				"north": {"uv": [8, 8, 11, 9], "texture": "#0"},
				"east": {"uv": [6, 12, 7, 13], "texture": "#0"},
				"south": {"uv": [8, 9, 11, 10], "texture": "#0"},
				"west": {"uv": [12, 6, 13, 7], "texture": "#0"},
				"up": {"uv": [3, 11, 0, 10], "texture": "#0"},
				"down": {"uv": [6, 10, 3, 11], "texture": "#0"}
			}
		},
		{
			"from": [7.5, 13, 6.5],
			"to": [8.5, 14, 9.5],
			"rotation": {"angle": 0, "axis": "y", "origin": [0, -1, 0]},
			"faces": {
				"north": {"uv": [7, 12, 8, 13], "texture": "#0"},
				"east": {"uv": [6, 10, 9, 11], "texture": "#0"},
				"south": {"uv": [12, 7, 13, 8], "texture": "#0"},
				"west": {"uv": [9, 10, 12, 11], "texture": "#0"},
				"up": {"uv": [1, 14, 0, 11], "texture": "#0"},
				"down": {"uv": [2, 11, 1, 14], "texture": "#0"}
			}
		},
		{
			"from": [7, 14, 8],
			"to": [9, 16, 8],
			"rotation": {"angle": 45, "axis": "y", "origin": [8, 14, 8]},
			"faces": {
				"north": {"uv": [3, 3, 6, 6], "texture": "#1"},
				"east": {"uv": [0, 0, 0, 2], "texture": "#missing"},
				"south": {"uv": [3, 3, 6, 6], "texture": "#1"},
				"west": {"uv": [0, 0, 0, 2], "texture": "#missing"},
				"up": {"uv": [0, 0, 2, 0], "texture": "#missing"},
				"down": {"uv": [0, 0, 2, 0], "texture": "#missing"}
			}
		},
		{
			"from": [7, 14, 8],
			"to": [9, 16, 8],
			"rotation": {"angle": -45, "axis": "y", "origin": [8, 14, 8]},
			"faces": {
				"north": {"uv": [3, 3, 6, 6], "texture": "#1"},
				"east": {"uv": [0, 0, 0, 2], "texture": "#missing"},
				"south": {"uv": [3, 3, 6, 6], "texture": "#1"},
				"west": {"uv": [0, 0, 0, 2], "texture": "#missing"},
				"up": {"uv": [0, 0, 2, 0], "rotation": 180, "texture": "#missing"},
				"down": {"uv": [0, 0, 2, 0], "rotation": 180, "texture": "#missing"}
			}
		},
		{
			"from": [7, -9, 8],
			"to": [9, -7, 8],
			"rotation": {"angle": -45, "axis": "y", "origin": [8, -9, 8]},
			"faces": {
				"north": {"uv": [3, 6, 6, 3], "texture": "#1"},
				"east": {"uv": [0, 0, 0, 2], "texture": "#missing"},
				"south": {"uv": [3, 6, 6, 3], "texture": "#1"},
				"west": {"uv": [0, 0, 0, 2], "texture": "#missing"},
				"up": {"uv": [0, 0, 2, 0], "rotation": 180, "texture": "#missing"},
				"down": {"uv": [0, 0, 2, 0], "rotation": 180, "texture": "#missing"}
			}
		},
		{
			"from": [7, -9, 8],
			"to": [9, -7, 8],
			"rotation": {"angle": 45, "axis": "y", "origin": [8, -9, 8]},
			"faces": {
				"north": {"uv": [3, 6, 6, 3], "texture": "#1"},
				"east": {"uv": [0, 0, 0, 2], "texture": "#missing"},
				"south": {"uv": [3, 6, 6, 3], "texture": "#1"},
				"west": {"uv": [0, 0, 0, 2], "texture": "#missing"},
				"up": {"uv": [0, 0, 2, 0], "texture": "#missing"},
				"down": {"uv": [0, 0, 2, 0], "texture": "#missing"}
			}
		},
		{
			"from": [2.2, -2.85, 2.2],
			"to": [13.8, 10.2, 13.8],
			"rotation": {"angle": 0, "axis": "y", "origin": [-3.6, 0, -3.6]},
			"faces": {
				"north": {"uv": [4, 0, 6, 2.25], "texture": "#2"},
				"east": {"uv": [4, 2.25, 6, 4.5], "texture": "#2"},
				"south": {"uv": [4, 4.5, 6, 6.75], "texture": "#2"},
				"west": {"uv": [0, 5, 2, 7.25], "texture": "#2"},
				"up": {"uv": [4, 7, 2, 5], "texture": "#2"},
				"down": {"uv": [8, 0, 6, 2], "texture": "#2"}
			}
		},
		{
			"from": [3.65, -7.2, 3.65],
			"to": [12.35, -4.3, 12.35],
			"rotation": {"angle": 0, "axis": "y", "origin": [-3.6, 0, -3.6]},
			"faces": {
				"north": {"uv": [4, 6.75, 5.5, 7.25], "texture": "#2"},
				"east": {"uv": [2, 7, 3.5, 7.5], "texture": "#2"},
				"south": {"uv": [0, 7.25, 1.5, 7.75], "texture": "#2"},
				"west": {"uv": [3.5, 7.25, 5, 7.75], "texture": "#2"},
				"up": {"uv": [7.5, 6.5, 6, 5], "texture": "#2"},
				"down": {"uv": [7.5, 6.5, 6, 8], "texture": "#2"}
			}
		},
		{
			"from": [3.65, 11.65, 3.65],
			"to": [12.35, 13.1, 12.35],
			"rotation": {"angle": 0, "axis": "y", "origin": [-3.6, 0, -3.6]},
			"faces": {
				"north": {"uv": [7.75, 5.25, 9.25, 5.5], "texture": "#2"},
				"east": {"uv": [7.75, 5.5, 9.25, 5.75], "texture": "#2"},
				"south": {"uv": [7.75, 5.75, 9.25, 6], "texture": "#2"},
				"west": {"uv": [7.75, 6, 9.25, 6.25], "texture": "#2"},
				"up": {"uv": [7.5, 3.5, 6, 2], "texture": "#2"},
				"down": {"uv": [7.5, 3.5, 6, 5], "texture": "#2"}
			}
		},
		{
			"from": [0.75, -4.3, 2.2],
			"to": [2.2, -2.85, 13.8],
			"rotation": {"angle": 0, "axis": "y", "origin": [-3.6, 0, -3.6]},
			"faces": {
				"north": {"uv": [4.5, 7.75, 4.75, 8], "texture": "#2"},
				"east": {"uv": [7.5, 4.75, 9.5, 5], "texture": "#2"},
				"south": {"uv": [4.75, 7.75, 5, 8], "texture": "#2"},
				"west": {"uv": [7.5, 5, 9.5, 5.25], "texture": "#2"},
				"up": {"uv": [7.75, 7.25, 7.5, 5.25], "texture": "#2"},
				"down": {"uv": [7.75, 7.25, 7.5, 9.25], "texture": "#2"}
			}
		},
		{
			"from": [13.8, -4.3, 2.2],
			"to": [15.25, -2.85, 13.8],
			"rotation": {"angle": 0, "axis": "y", "origin": [-3.6, 0, -3.6]},
			"faces": {
				"north": {"uv": [1.5, 7.25, 1.75, 7.5], "texture": "#2"},
				"east": {"uv": [7.5, 3.75, 9.5, 4], "texture": "#2"},
				"south": {"uv": [1.75, 7.25, 2, 7.5], "texture": "#2"},
				"west": {"uv": [7.5, 4, 9.5, 4.25], "texture": "#2"},
				"up": {"uv": [5.25, 9.25, 5, 7.25], "texture": "#2"},
				"down": {"uv": [5.5, 7.25, 5.25, 9.25], "texture": "#2"}
			}
		},
		{
			"from": [2.2, -4.3, 0.75],
			"to": [13.8, -2.85, 15.25],
			"rotation": {"angle": 0, "axis": "y", "origin": [-3.6, 0, -3.6]},
			"faces": {
				"north": {"uv": [7.5, 4.25, 9.5, 4.5], "texture": "#2"},
				"east": {"uv": [7.5, 2.5, 10, 2.75], "texture": "#2"},
				"south": {"uv": [7.5, 4.5, 9.5, 4.75], "texture": "#2"},
				"west": {"uv": [7.5, 2.75, 10, 3], "texture": "#2"},
				"up": {"uv": [2, 5, 0, 2.5], "texture": "#2"},
				"down": {"uv": [4, 2.5, 2, 5], "texture": "#2"}
			}
		},
		{
			"from": [13.8, 10.2, 2.2],
			"to": [15.25, 11.65, 13.8],
			"rotation": {"angle": 0, "axis": "y", "origin": [-3.6, 0, -3.6]},
			"faces": {
				"north": {"uv": [3.5, 7, 3.75, 7.25], "texture": "#2"},
				"east": {"uv": [7.5, 3.25, 9.5, 3.5], "texture": "#2"},
				"south": {"uv": [3.75, 7, 4, 7.25], "texture": "#2"},
				"west": {"uv": [7.5, 3.5, 9.5, 3.75], "texture": "#2"},
				"up": {"uv": [5.75, 8.75, 5.5, 6.75], "texture": "#2"},
				"down": {"uv": [6, 6.75, 5.75, 8.75], "texture": "#2"}
			}
		},
		{
			"from": [2.2, 10.2, 0.75],
			"to": [13.8, 11.65, 15.25],
			"rotation": {"angle": 0, "axis": "y", "origin": [-3.6, 0, -3.6]},
			"faces": {
				"north": {"uv": [1.5, 7.5, 3.5, 7.75], "texture": "#2"},
				"east": {"uv": [7.5, 2, 10, 2.25], "texture": "#2"},
				"south": {"uv": [7.5, 3, 9.5, 3.25], "texture": "#2"},
				"west": {"uv": [7.5, 2.25, 10, 2.5], "texture": "#2"},
				"up": {"uv": [2, 2.5, 0, 0], "texture": "#2"},
				"down": {"uv": [4, 0, 2, 2.5], "texture": "#2"}
			}
		},
		{
			"from": [0.75, 10.2, 2.2],
			"to": [2.2, 11.65, 13.8],
			"rotation": {"angle": 0, "axis": "y", "origin": [-3.6, 0, -3.6]},
			"faces": {
				"north": {"uv": [7.75, 6.25, 8, 6.5], "texture": "#2"},
				"east": {"uv": [0, 7.75, 2, 8], "texture": "#2"},
				"south": {"uv": [7.75, 6.5, 8, 6.75], "texture": "#2"},
				"west": {"uv": [2, 7.75, 4, 8], "texture": "#2"},
				"up": {"uv": [4.25, 9.75, 4, 7.75], "texture": "#2"},
				"down": {"uv": [4.5, 7.75, 4.25, 9.75], "texture": "#2"}
			}
		},
		{
			"from": [7, -11, 7],
			"to": [9, -9, 9],
			"rotation": {"angle": 0, "axis": "y", "origin": [0, -6, 0]},
			"faces": {
				"north": {"uv": [0, 0, 2, 2], "texture": "#3"},
				"east": {"uv": [0, 2, 2, 4], "texture": "#3"},
				"south": {"uv": [2, 0, 4, 2], "texture": "#3"},
				"west": {"uv": [2, 2, 4, 4], "texture": "#3"},
				"up": {"uv": [2, 6, 0, 4], "texture": "#3"},
				"down": {"uv": [6, 0, 4, 2], "texture": "#3"}
			}
		},
		{
			"from": [7.5, -12, 7.5],
			"to": [8.5, -11, 8.5],
			"rotation": {"angle": 0, "axis": "y", "origin": [0, -6, 0]},
			"faces": {
				"north": {"uv": [2, 4, 3, 5], "texture": "#3"},
				"east": {"uv": [4, 2, 5, 3], "texture": "#3"},
				"south": {"uv": [3, 4, 4, 5], "texture": "#3"},
				"west": {"uv": [4, 3, 5, 4], "texture": "#3"},
				"up": {"uv": [5, 5, 4, 4], "texture": "#3"},
				"down": {"uv": [3, 5, 2, 6], "texture": "#3"}
			}
		}
	]
}