{
	"credit": "Made by Skyblock Squad",
	"textures": {
		"0": "entity/conduit/bulb_r",
		"1": "block/chain",
		"2": "block/lanternb",
		"3": "block/zipfel2",
		"particle": "entity/conduit/bulb_r"
	},
	"elements": [
		{
			"from": [6.5, 13, 7.5],
			"to": [9.5, 14, 8.5],
			"rotation": {"angle": 0, "axis": "y", "origin": [0, -1, 0]},
			"faces": {
				"north": {"uv": [8, 8, 11, 9], "texture": "#0"},
				"east": {"uv": [6, 12, 7, 13], "texture": "#0"},
				"south": {"uv": [8, 9, 11, 10], "texture": "#0"},
				"west": {"uv": [12, 6, 13, 7], "texture": "#0"},
				"up": {"uv": [3, 11, 0, 10], "texture": "#0"},
				"down": {"uv": [6, 10, 3, 11], "texture": "#0"}
			}
		},
		{
			"from": [7.5, 13, 6.5],
			"to": [8.5, 14, 9.5],
			"rotation": {"angle": 0, "axis": "y", "origin": [0, -1, 0]},
			"faces": {
				"north": {"uv": [7, 12, 8, 13], "texture": "#0"},
				"east": {"uv": [6, 10, 9, 11], "texture": "#0"},
				"south": {"uv": [12, 7, 13, 8], "texture": "#0"},
				"west": {"uv": [9, 10, 12, 11], "texture": "#0"},
				"up": {"uv": [1, 14, 0, 11], "texture": "#0"},
				"down": {"uv": [2, 11, 1, 14], "texture": "#0"}
			}
		},
		{
			"from": [7, 14, 8],
			"to": [9, 16, 8],
			"rotation": {"angle": 45, "axis": "y", "origin": [8, 14, 8]},
			"faces": {
				"north": {"uv": [3, 3, 6, 6], "texture": "#1"},
				"east": {"uv": [0, 0, 0, 2], "texture": "#missing"},
				"south": {"uv": [3, 3, 6, 6], "texture": "#1"},
				"west": {"uv": [0, 0, 0, 2], "texture": "#missing"},
				"up": {"uv": [0, 0, 2, 0], "texture": "#missing"},
				"down": {"uv": [0, 0, 2, 0], "texture": "#missing"}
			}
		},
		{
			"from": [7, 14, 8],
			"to": [9, 16, 8],
			"rotation": {"angle": -45, "axis": "y", "origin": [8, 14, 8]},
			"faces": {
				"north": {"uv": [3, 3, 6, 6], "texture": "#1"},
				"east": {"uv": [0, 0, 0, 2], "texture": "#missing"},
				"south": {"uv": [3, 3, 6, 6], "texture": "#1"},
				"west": {"uv": [0, 0, 0, 2], "texture": "#missing"},
				"up": {"uv": [0, 0, 2, 0], "rotation": 180, "texture": "#missing"},
				"down": {"uv": [0, 0, 2, 0], "rotation": 180, "texture": "#missing"}
			}
		},
		{
			"from": [7, -3, 8],
			"to": [9, -1, 8],
			"rotation": {"angle": -45, "axis": "y", "origin": [8, -3, 8]},
			"faces": {
				"north": {"uv": [3, 6, 6, 3], "texture": "#1"},
				"east": {"uv": [0, 0, 0, 2], "texture": "#missing"},
				"south": {"uv": [3, 6, 6, 3], "texture": "#1"},
				"west": {"uv": [0, 0, 0, 2], "texture": "#missing"},
				"up": {"uv": [0, 0, 2, 0], "rotation": 180, "texture": "#missing"},
				"down": {"uv": [0, 0, 2, 0], "rotation": 180, "texture": "#missing"}
			}
		},
		{
			"from": [7, -3, 8],
			"to": [9, -1, 8],
			"rotation": {"angle": 45, "axis": "y", "origin": [8, -3, 8]},
			"faces": {
				"north": {"uv": [3, 6, 6, 3], "texture": "#1"},
				"east": {"uv": [0, 0, 0, 2], "texture": "#missing"},
				"south": {"uv": [3, 6, 6, 3], "texture": "#1"},
				"west": {"uv": [0, 0, 0, 2], "texture": "#missing"},
				"up": {"uv": [0, 0, 2, 0], "texture": "#missing"},
				"down": {"uv": [0, 0, 2, 0], "texture": "#missing"}
			}
		},
		{
			"from": [4, 2, 4],
			"to": [12, 11, 12],
			"faces": {
				"north": {"uv": [4, 0, 6, 2.25], "texture": "#2"},
				"east": {"uv": [4, 2.25, 6, 4.5], "texture": "#2"},
				"south": {"uv": [4, 4.5, 6, 6.75], "texture": "#2"},
				"west": {"uv": [0, 5, 2, 7.25], "texture": "#2"},
				"up": {"uv": [4, 7, 2, 5], "texture": "#2"},
				"down": {"uv": [8, 0, 6, 2], "texture": "#2"}
			}
		},
		{
			"from": [5, -1, 5],
			"to": [11, 1, 11],
			"faces": {
				"north": {"uv": [4, 6.75, 5.5, 7.25], "texture": "#2"},
				"east": {"uv": [2, 7, 3.5, 7.5], "texture": "#2"},
				"south": {"uv": [0, 7.25, 1.5, 7.75], "texture": "#2"},
				"west": {"uv": [3.5, 7.25, 5, 7.75], "texture": "#2"},
				"up": {"uv": [7.5, 6.5, 6, 5], "texture": "#2"},
				"down": {"uv": [7.5, 6.5, 6, 8], "texture": "#2"}
			}
		},
		{
			"from": [5, 12, 5],
			"to": [11, 13, 11],
			"faces": {
				"north": {"uv": [7.75, 5.25, 9.25, 5.5], "texture": "#2"},
				"east": {"uv": [7.75, 5.5, 9.25, 5.75], "texture": "#2"},
				"south": {"uv": [7.75, 5.75, 9.25, 6], "texture": "#2"},
				"west": {"uv": [7.75, 6, 9.25, 6.25], "texture": "#2"},
				"up": {"uv": [7.5, 3.5, 6, 2], "texture": "#2"},
				"down": {"uv": [7.5, 3.5, 6, 5], "texture": "#2"}
			}
		},
		{
			"from": [3, 1, 4],
			"to": [4, 2, 12],
			"faces": {
				"north": {"uv": [4.5, 7.75, 4.75, 8], "texture": "#2"},
				"east": {"uv": [7.5, 4.75, 9.5, 5], "texture": "#2"},
				"south": {"uv": [4.75, 7.75, 5, 8], "texture": "#2"},
				"west": {"uv": [7.5, 5, 9.5, 5.25], "texture": "#2"},
				"up": {"uv": [7.75, 7.25, 7.5, 5.25], "texture": "#2"},
				"down": {"uv": [7.75, 7.25, 7.5, 9.25], "texture": "#2"}
			}
		},
		{
			"from": [12, 1, 4],
			"to": [13, 2, 12],
			"faces": {
				"north": {"uv": [1.5, 7.25, 1.75, 7.5], "texture": "#2"},
				"east": {"uv": [7.5, 3.75, 9.5, 4], "texture": "#2"},
				"south": {"uv": [1.75, 7.25, 2, 7.5], "texture": "#2"},
				"west": {"uv": [7.5, 4, 9.5, 4.25], "texture": "#2"},
				"up": {"uv": [5.25, 9.25, 5, 7.25], "texture": "#2"},
				"down": {"uv": [5.5, 7.25, 5.25, 9.25], "texture": "#2"}
			}
		},
		{
			"from": [4, 1, 3],
			"to": [12, 2, 13],
			"faces": {
				"north": {"uv": [7.5, 4.25, 9.5, 4.5], "texture": "#2"},
				"east": {"uv": [7.5, 2.5, 10, 2.75], "texture": "#2"},
				"south": {"uv": [7.5, 4.5, 9.5, 4.75], "texture": "#2"},
				"west": {"uv": [7.5, 2.75, 10, 3], "texture": "#2"},
				"up": {"uv": [2, 5, 0, 2.5], "texture": "#2"},
				"down": {"uv": [4, 2.5, 2, 5], "texture": "#2"}
			}
		},
		{
			"from": [12, 11, 4],
			"to": [13, 12, 12],
			"faces": {
				"north": {"uv": [3.5, 7, 3.75, 7.25], "texture": "#2"},
				"east": {"uv": [7.5, 3.25, 9.5, 3.5], "texture": "#2"},
				"south": {"uv": [3.75, 7, 4, 7.25], "texture": "#2"},
				"west": {"uv": [7.5, 3.5, 9.5, 3.75], "texture": "#2"},
				"up": {"uv": [5.75, 8.75, 5.5, 6.75], "texture": "#2"},
				"down": {"uv": [6, 6.75, 5.75, 8.75], "texture": "#2"}
			}
		},
		{
			"from": [4, 11, 3],
			"to": [12, 12, 13],
			"faces": {
				"north": {"uv": [1.5, 7.5, 3.5, 7.75], "texture": "#2"},
				"east": {"uv": [7.5, 2, 10, 2.25], "texture": "#2"},
				"south": {"uv": [7.5, 3, 9.5, 3.25], "texture": "#2"},
				"west": {"uv": [7.5, 2.25, 10, 2.5], "texture": "#2"},
				"up": {"uv": [2, 2.5, 0, 0], "texture": "#2"},
				"down": {"uv": [4, 0, 2, 2.5], "texture": "#2"}
			}
		},
		{
			"from": [3, 11, 4],
			"to": [4, 12, 12],
			"faces": {
				"north": {"uv": [7.75, 6.25, 8, 6.5], "texture": "#2"},
				"east": {"uv": [0, 7.75, 2, 8], "texture": "#2"},
				"south": {"uv": [7.75, 6.5, 8, 6.75], "texture": "#2"},
				"west": {"uv": [2, 7.75, 4, 8], "texture": "#2"},
				"up": {"uv": [4.25, 9.75, 4, 7.75], "texture": "#2"},
				"down": {"uv": [4.5, 7.75, 4.25, 9.75], "texture": "#2"}
			}
		},
		{
			"from": [7, -5, 7],
			"to": [9, -3, 9],
			"faces": {
				"north": {"uv": [0, 0, 2, 2], "texture": "#3"},
				"east": {"uv": [0, 2, 2, 4], "texture": "#3"},
				"south": {"uv": [2, 0, 4, 2], "texture": "#3"},
				"west": {"uv": [2, 2, 4, 4], "texture": "#3"},
				"up": {"uv": [2, 6, 0, 4], "texture": "#3"},
				"down": {"uv": [6, 0, 4, 2], "texture": "#3"}
			}
		},
		{
			"from": [7.5, -6, 7.5],
			"to": [8.5, -5, 8.5],
			"faces": {
				"north": {"uv": [2, 4, 3, 5], "texture": "#3"},
				"east": {"uv": [4, 2, 5, 3], "texture": "#3"},
				"south": {"uv": [3, 4, 4, 5], "texture": "#3"},
				"west": {"uv": [4, 3, 5, 4], "texture": "#3"},
				"up": {"uv": [5, 5, 4, 4], "texture": "#3"},
				"down": {"uv": [3, 5, 2, 6], "texture": "#3"}
			}
		}
	]
}