{
	"credit": "Made by Skyblock Squad",
	"texture_size": [128, 128],
	"textures": {
		"0": "block/arrow",
		"particle": "block/arrow"
	},
	"elements": [
		{
			"from": [13.25, -1, 7.6],
			"to": [27.25, 0, 14.6],
			"rotation": {"angle": -45, "axis": "y", "origin": [16, 0, 0]},
			"faces": {
				"north": {"uv": [9.25, 5.125, 7.5, 5.25], "texture": "#0"},
				"east": {"uv": [8.75, 7.625, 7.875, 7.75], "texture": "#0"},
				"south": {"uv": [9.125, 1.25, 7.375, 1.375], "texture": "#0"},
				"west": {"uv": [5, 1.75, 4.125, 1.875], "texture": "#0"},
				"up": {"uv": [5.875, 1.375, 5, 3.125], "rotation": 90, "texture": "#0"},
				"down": {"uv": [5.875, 4.875, 5, 3.125], "rotation": 270, "texture": "#0"}
			}
		},
		{
			"from": [13.25, 9, 7.6],
			"to": [27.25, 10, 14.6],
			"rotation": {"angle": -45, "axis": "y", "origin": [16, 0, 0]},
			"faces": {
				"north": {"uv": [9.625, 2.375, 7.875, 2.5], "texture": "#0"},
				"east": {"uv": [8.75, 7.875, 7.875, 8], "texture": "#0"},
				"south": {"uv": [9.625, 2.25, 7.875, 2.375], "texture": "#0"},
				"west": {"uv": [8.75, 7.75, 7.875, 7.875], "texture": "#0"},
				"up": {"uv": [5.875, 4.875, 5, 6.625], "rotation": 90, "texture": "#0"},
				"down": {"uv": [4.625, 6.875, 3.75, 5.125], "rotation": 270, "texture": "#0"}
			}
		},
		{
			"from": [12.25, 0, 6.6],
			"to": [27.25, 9, 15.6],
			"rotation": {"angle": -45, "axis": "y", "origin": [16, 0, 0]},
			"faces": {
				"north": {"uv": [1.875, 1.125, 0, 2.25], "texture": "#0"},
				"east": {"uv": [7, 3.25, 5.875, 4.375], "texture": "#0"},
				"south": {"uv": [1.875, 0, 0, 1.125], "texture": "#0"},
				"west": {"uv": [7, 2.125, 5.875, 3.25], "texture": "#0"},
				"up": {"uv": [3, 0, 1.875, 1.875], "rotation": 90, "texture": "#0"},
				"down": {"uv": [3, 3.75, 1.875, 1.875], "rotation": 270, "texture": "#0"}
			}
		},
		{
			"from": [27.25, 0, 7.6],
			"to": [28.25, 9, 14.6],
			"rotation": {"angle": -45, "axis": "y", "origin": [16, 0, 0]},
			"faces": {
				"north": {"uv": [5, 5.125, 4.875, 6.25], "texture": "#0"},
				"east": {"uv": [7.875, 2.25, 7, 3.375], "texture": "#0"},
				"south": {"uv": [4.875, 5.125, 4.75, 6.25], "texture": "#0"},
				"west": {"uv": [4.625, 6.875, 3.75, 8], "texture": "#0"},
				"up": {"uv": [8.75, 8.125, 7.875, 8.25], "rotation": 90, "texture": "#0"},
				"down": {"uv": [0.875, 8.375, 0, 8.25], "rotation": 270, "texture": "#0"}
			}
		},
		{
			"from": [8.25, -4, 7.6],
			"to": [13.25, 13, 14.6],
			"rotation": {"angle": -45, "axis": "y", "origin": [16, 0, 0]},
			"faces": {
				"north": {"uv": [1.5, 5.875, 0.875, 8], "texture": "#0"},
				"east": {"uv": [2, 3.75, 1.125, 5.875], "texture": "#0"},
				"south": {"uv": [6.5, 0, 5.875, 2.125], "texture": "#0"},
				"west": {"uv": [3.875, 1.875, 3, 4], "texture": "#0"},
				"up": {"uv": [3.625, 7.25, 2.75, 7.875], "rotation": 90, "texture": "#0"},
				"down": {"uv": [8.375, 4.5, 7.5, 3.875], "rotation": 270, "texture": "#0"}
			}
		},
		{
			"from": [7.25, -3, 7.6],
			"to": [8.25, 12, 14.6],
			"rotation": {"angle": -45, "axis": "y", "origin": [16, 0, 0]},
			"faces": {
				"north": {"uv": [5.875, 7.75, 5.75, 9.625], "texture": "#0"},
				"east": {"uv": [3.75, 4, 2.875, 5.875], "texture": "#0"},
				"south": {"uv": [3.75, 7.25, 3.625, 9.125], "texture": "#0"},
				"west": {"uv": [2.875, 3.75, 2, 5.625], "texture": "#0"},
				"up": {"uv": [0.875, 8, 0, 8.125], "rotation": 90, "texture": "#0"},
				"down": {"uv": [4.625, 8.125, 3.75, 8], "rotation": 270, "texture": "#0"}
			}
		},
		{
			"from": [6.25, -2, 7.6],
			"to": [7.25, 11, 14.6],
			"rotation": {"angle": -45, "axis": "y", "origin": [16, 0, 0]},
			"faces": {
				"north": {"uv": [3.125, 7.875, 3, 9.5], "texture": "#0"},
				"east": {"uv": [2.875, 5.625, 2, 7.25], "texture": "#0"},
				"south": {"uv": [3, 7.875, 2.875, 9.5], "texture": "#0"},
				"west": {"uv": [0.875, 5.5, 0, 7.125], "texture": "#0"},
				"up": {"uv": [8.75, 8, 7.875, 8.125], "rotation": 90, "texture": "#0"},
				"down": {"uv": [0.875, 8.25, 0, 8.125], "rotation": 270, "texture": "#0"}
			}
		},
		{
			"from": [5.25, -1, 7.6],
			"to": [6.25, 10, 14.6],
			"rotation": {"angle": -45, "axis": "y", "origin": [16, 0, 0]},
			"faces": {
				"north": {"uv": [1.375, 2.25, 1.25, 3.625], "texture": "#0"},
				"east": {"uv": [7.375, 0, 6.5, 1.375], "texture": "#0"},
				"south": {"uv": [1.25, 2.25, 1.125, 3.625], "texture": "#0"},
				"west": {"uv": [3.75, 5.875, 2.875, 7.25], "texture": "#0"},
				"up": {"uv": [9, 1.375, 8.125, 1.5], "rotation": 90, "texture": "#0"},
				"down": {"uv": [9, 1.625, 8.125, 1.5], "rotation": 270, "texture": "#0"}
			}
		},
		{
			"from": [4.25, 0, 7.6],
			"to": [5.25, 9, 14.6],
			"rotation": {"angle": -45, "axis": "y", "origin": [16, 0, 0]},
			"faces": {
				"north": {"uv": [1.875, 2.25, 1.75, 3.375], "texture": "#0"},
				"east": {"uv": [6.375, 6.625, 5.5, 7.75], "texture": "#0"},
				"south": {"uv": [1.75, 2.25, 1.625, 3.375], "texture": "#0"},
				"west": {"uv": [5.5, 6.625, 4.625, 7.75], "texture": "#0"},
				"up": {"uv": [9, 1.625, 8.125, 1.75], "rotation": 90, "texture": "#0"},
				"down": {"uv": [9, 1.875, 8.125, 1.75], "rotation": 270, "texture": "#0"}
			}
		},
		{
			"from": [3.25, 1, 7.6],
			"to": [4.25, 8, 14.6],
			"rotation": {"angle": -45, "axis": "y", "origin": [16, 0, 0]},
			"faces": {
				"north": {"uv": [5.5, 0, 5.375, 0.875], "texture": "#0"},
				"east": {"uv": [0.875, 7.125, 0, 8], "texture": "#0"},
				"south": {"uv": [5.375, 0, 5.25, 0.875], "texture": "#0"},
				"west": {"uv": [7.875, 5.25, 7, 6.125], "texture": "#0"},
				"up": {"uv": [9, 1.875, 8.125, 2], "rotation": 90, "texture": "#0"},
				"down": {"uv": [9, 2.125, 8.125, 2], "rotation": 270, "texture": "#0"}
			}
		},
		{
			"from": [2.25, 2, 7.6],
			"to": [3.25, 7, 14.6],
			"rotation": {"angle": -45, "axis": "y", "origin": [16, 0, 0]},
			"faces": {
				"north": {"uv": [5.875, 0.625, 5.75, 1.25], "texture": "#0"},
				"east": {"uv": [7.25, 7.5, 6.375, 8.125], "texture": "#0"},
				"south": {"uv": [5.875, 0, 5.75, 0.625], "texture": "#0"},
				"west": {"uv": [8.375, 4.5, 7.5, 5.125], "texture": "#0"},
				"up": {"uv": [9, 2.125, 8.125, 2.25], "rotation": 90, "texture": "#0"},
				"down": {"uv": [4.625, 8.25, 3.75, 8.125], "rotation": 270, "texture": "#0"}
			}
		},
		{
			"from": [1.25, 3, 7.6],
			"to": [2.25, 6, 14.6],
			"rotation": {"angle": -45, "axis": "y", "origin": [16, 0, 0]},
			"faces": {
				"north": {"uv": [5.625, 0.875, 5.5, 1.25], "texture": "#0"},
				"east": {"uv": [8.625, 7, 7.75, 7.375], "texture": "#0"},
				"south": {"uv": [1, 5.5, 0.875, 5.875], "texture": "#0"},
				"west": {"uv": [5, 1.375, 4.125, 1.75], "texture": "#0"},
				"up": {"uv": [5.5, 8.125, 4.625, 8.25], "rotation": 90, "texture": "#0"},
				"down": {"uv": [9, 6.25, 8.125, 6.125], "rotation": 270, "texture": "#0"}
			}
		},
		{
			"from": [0.25, 4, 7.6],
			"to": [1.25, 5, 14.6],
			"rotation": {"angle": -45, "axis": "y", "origin": [16, 0, 0]},
			"faces": {
				"north": {"uv": [1.375, 3.625, 1.25, 3.75], "texture": "#0"},
				"east": {"uv": [7.25, 8.125, 6.375, 8.25], "texture": "#0"},
				"south": {"uv": [1.25, 3.625, 1.125, 3.75], "texture": "#0"},
				"west": {"uv": [9, 6.25, 8.125, 6.375], "texture": "#0"},
				"up": {"uv": [9, 6.375, 8.125, 6.5], "rotation": 90, "texture": "#0"},
				"down": {"uv": [9, 6.625, 8.125, 6.5], "rotation": 270, "texture": "#0"}
			}
		},
		{
			"from": [8.75, -3, 6.6],
			"to": [12.25, 12, 15.6],
			"rotation": {"angle": -45, "axis": "y", "origin": [16, 0, 0]},
			"faces": {
				"north": {"uv": [7.5, 3.375, 7, 5.25], "texture": "#0"},
				"east": {"uv": [4.125, 0, 3, 1.875], "texture": "#0"},
				"south": {"uv": [2, 5.875, 1.5, 7.75], "texture": "#0"},
				"west": {"uv": [1.125, 2.25, 0, 4.125], "texture": "#0"},
				"up": {"uv": [8.125, 6.125, 7, 6.625], "rotation": 90, "texture": "#0"},
				"down": {"uv": [8.625, 3.875, 7.5, 3.375], "rotation": 270, "texture": "#0"}
			}
		},
		{
			"from": [7.75, -2, 6.6],
			"to": [8.75, 11, 15.6],
			"rotation": {"angle": -45, "axis": "y", "origin": [16, 0, 0]},
			"faces": {
				"north": {"uv": [3.375, 7.875, 3.25, 9.5], "texture": "#0"},
				"east": {"uv": [5, 3.5, 3.875, 5.125], "texture": "#0"},
				"south": {"uv": [3.25, 7.875, 3.125, 9.5], "texture": "#0"},
				"west": {"uv": [5, 1.875, 3.875, 3.5], "texture": "#0"},
				"up": {"uv": [9, 7.375, 7.875, 7.5], "rotation": 90, "texture": "#0"},
				"down": {"uv": [9, 7.625, 7.875, 7.5], "rotation": 270, "texture": "#0"}
			}
		},
		{
			"from": [6.75, -1, 6.6],
			"to": [7.75, 10, 15.6],
			"rotation": {"angle": -45, "axis": "y", "origin": [16, 0, 0]},
			"faces": {
				"north": {"uv": [1.625, 2.25, 1.5, 3.625], "texture": "#0"},
				"east": {"uv": [5.25, 0, 4.125, 1.375], "texture": "#0"},
				"south": {"uv": [1.5, 2.25, 1.375, 3.625], "texture": "#0"},
				"west": {"uv": [1.125, 4.125, 0, 5.5], "texture": "#0"},
				"up": {"uv": [9, 5.875, 7.875, 6], "rotation": 90, "texture": "#0"},
				"down": {"uv": [9, 6.125, 7.875, 6], "rotation": 270, "texture": "#0"}
			}
		},
		{
			"from": [5.75, 0, 6.6],
			"to": [6.75, 9, 15.6],
			"rotation": {"angle": -45, "axis": "y", "origin": [16, 0, 0]},
			"faces": {
				"north": {"uv": [4.75, 5.125, 4.625, 6.25], "texture": "#0"},
				"east": {"uv": [7, 5.5, 5.875, 6.625], "texture": "#0"},
				"south": {"uv": [3.875, 4, 3.75, 5.125], "texture": "#0"},
				"west": {"uv": [7, 4.375, 5.875, 5.5], "texture": "#0"},
				"up": {"uv": [9, 5.625, 7.875, 5.75], "rotation": 90, "texture": "#0"},
				"down": {"uv": [9, 5.875, 7.875, 5.75], "rotation": 270, "texture": "#0"}
			}
		},
		{
			"from": [4.75, 1, 6.6],
			"to": [5.75, 8, 15.6],
			"rotation": {"angle": -45, "axis": "y", "origin": [16, 0, 0]},
			"faces": {
				"north": {"uv": [5.75, 0, 5.625, 0.875], "texture": "#0"},
				"east": {"uv": [8.125, 1.375, 7, 2.25], "texture": "#0"},
				"south": {"uv": [5.625, 0, 5.5, 0.875], "texture": "#0"},
				"west": {"uv": [7.5, 6.625, 6.375, 7.5], "texture": "#0"},
				"up": {"uv": [9, 5.375, 7.875, 5.5], "rotation": 90, "texture": "#0"},
				"down": {"uv": [9, 5.625, 7.875, 5.5], "rotation": 270, "texture": "#0"}
			}
		},
		{
			"from": [3.75, 2, 6.6],
			"to": [4.75, 7, 15.6],
			"rotation": {"angle": -45, "axis": "y", "origin": [16, 0, 0]},
			"faces": {
				"north": {"uv": [6.75, 1.375, 6.625, 2], "texture": "#0"},
				"east": {"uv": [8.5, 0.625, 7.375, 1.25], "texture": "#0"},
				"south": {"uv": [6.625, 1.375, 6.5, 2], "texture": "#0"},
				"west": {"uv": [8.5, 0, 7.375, 0.625], "texture": "#0"},
				"up": {"uv": [9, 3.25, 7.875, 3.375], "rotation": 90, "texture": "#0"},
				"down": {"uv": [9, 5.375, 7.875, 5.25], "rotation": 270, "texture": "#0"}
			}
		},
		{
			"from": [2.75, 3, 6.6],
			"to": [3.75, 6, 15.6],
			"rotation": {"angle": -45, "axis": "y", "origin": [16, 0, 0]},
			"faces": {
				"north": {"uv": [5.75, 0.875, 5.625, 1.25], "texture": "#0"},
				"east": {"uv": [8.875, 6.625, 7.75, 7], "texture": "#0"},
				"south": {"uv": [1.125, 5.5, 1, 5.875], "texture": "#0"},
				"west": {"uv": [5.75, 7.75, 4.625, 8.125], "texture": "#0"},
				"up": {"uv": [9, 3, 7.875, 3.125], "rotation": 90, "texture": "#0"},
				"down": {"uv": [9, 3.25, 7.875, 3.125], "rotation": 270, "texture": "#0"}
			}
		},
		{
			"from": [1.75, 4, 6.6],
			"to": [2.75, 5, 15.6],
			"rotation": {"angle": -45, "axis": "y", "origin": [16, 0, 0]},
			"faces": {
				"north": {"uv": [1.625, 3.625, 1.5, 3.75], "texture": "#0"},
				"east": {"uv": [9, 2.625, 7.875, 2.75], "texture": "#0"},
				"south": {"uv": [1.5, 3.625, 1.375, 3.75], "texture": "#0"},
				"west": {"uv": [9, 2.5, 7.875, 2.625], "texture": "#0"},
				"up": {"uv": [9, 2.75, 7.875, 2.875], "rotation": 90, "texture": "#0"},
				"down": {"uv": [9, 3, 7.875, 2.875], "rotation": 270, "texture": "#0"}
			}
		},
		{
			"from": [14.5, -16, 10.35],
			"to": [17.5, -1, 12.35],
			"rotation": {"angle": -45, "axis": "y", "origin": [16, 0, 0]},
			"faces": {
				"north": {"uv": [2.75, 7.25, 2.375, 9.125], "texture": "#0"},
				"east": {"uv": [7.5, 7.5, 7.25, 9.375], "texture": "#0"},
				"south": {"uv": [2.375, 7.25, 2, 9.125], "texture": "#0"},
				"west": {"uv": [7.75, 6.625, 7.5, 8.5], "texture": "#0"},
				"up": {"uv": [1.875, 3.375, 1.625, 3.75], "rotation": 90, "texture": "#0"},
				"down": {"uv": [5.5, 1.25, 5.25, 0.875], "rotation": 270, "texture": "#0"}
			}
		},
		{
			"from": [15, -16, 9.85],
			"to": [17, -1, 10.85],
			"rotation": {"angle": -45, "axis": "y", "origin": [16, 0, 0]},
			"faces": {
				"north": {"uv": [2, 7.75, 1.75, 9.625], "texture": "#0"},
				"east": {"uv": [6.125, 7.75, 6, 9.625], "texture": "#0"},
				"south": {"uv": [1.75, 7.75, 1.5, 9.625], "texture": "#0"},
				"west": {"uv": [6, 7.75, 5.875, 9.625], "texture": "#0"},
				"up": {"uv": [3, 3.75, 2.875, 4], "rotation": 90, "texture": "#0"},
				"down": {"uv": [4.75, 6.5, 4.625, 6.25], "rotation": 270, "texture": "#0"}
			}
		},
		{
			"from": [15, -16, 11.85],
			"to": [17, -1, 12.85],
			"rotation": {"angle": -45, "axis": "y", "origin": [16, 0, 0]},
			"faces": {
				"north": {"uv": [2.875, 7.875, 2.75, 9.75], "texture": "#0"},
				"east": {"uv": [7.875, 7.375, 7.75, 9.25], "texture": "#0"},
				"south": {"uv": [6.375, 7.75, 6.25, 9.625], "texture": "#0"},
				"west": {"uv": [6.25, 7.75, 6.125, 9.625], "texture": "#0"},
				"up": {"uv": [5.375, 1.25, 5.25, 1.375], "rotation": 90, "texture": "#0"},
				"down": {"uv": [5.5, 1.375, 5.375, 1.25], "rotation": 270, "texture": "#0"}
			}
		}
	],
	"display": {
		"thirdperson_righthand": {
			"translation": [0, 1.75, 0.25],
			"scale": [0.31, 0.31, 0.31]
		},
		"thirdperson_lefthand": {
			"translation": [0, 0.25, 0],
			"scale": [0.24, 0.24, 0.24]
		},
		"firstperson_righthand": {
			"scale": [0.22, 0.22, 0.22]
		},
		"firstperson_lefthand": {
			"scale": [0.25, 0.25, 0.25]
		},
		"gui": {
			"rotation": [16, -16, 0],
			"translation": [0, 4, 0],
			"scale": [0.47, 0.47, 0.47]
		}
	}
}