{
	"credit": "Made with Blockbench",
	"texture_size": [32, 32],
	"textures": {
		"0": "item/hand/bluebeamsword",
		"1": "item/hand/bluebeamani",
		"particle": "item/hand/bluebeamsword"
	},
	"elements": [
		{
			"from": [6.75, 7.9, 6.75],
			"to": [9.25, 8.4, 9.25],
			"faces": {
				"north": {"uv": [12, 4, 13.25, 4.25], "texture": "#0"},
				"east": {"uv": [11, 12, 12.25, 12.25], "texture": "#0"},
				"south": {"uv": [12.5, 4.5, 13.75, 4.75], "texture": "#0"},
				"west": {"uv": [12.5, 5, 13.75, 5.25], "texture": "#0"},
				"up": {"uv": [12.25, 8.75, 11, 7.5], "texture": "#0"},
				"down": {"uv": [12.25, 9, 11, 10.25], "texture": "#0"}
			}
		},
		{
			"from": [6.75, -0.1, 6.75],
			"to": [9.25, 0.4, 9.25],
			"faces": {
				"north": {"uv": [12.5, 5.5, 13.75, 5.75], "texture": "#0"},
				"east": {"uv": [12.5, 6, 13.75, 6.25], "texture": "#0"},
				"south": {"uv": [12.5, 6.5, 13.75, 6.75], "texture": "#0"},
				"west": {"uv": [12.5, 7, 13.75, 7.25], "texture": "#0"},
				"up": {"uv": [12.25, 11.75, 11, 10.5], "texture": "#0"},
				"down": {"uv": [1.25, 12, 0, 13.25], "texture": "#0"}
			}
		},
		{
			"from": [6.925, 7.4, 6.925],
			"to": [9.075, 7.65, 9.05],
			"faces": {
				"north": {"uv": [12.5, 10, 13.5, 10.25], "texture": "#0"},
				"east": {"uv": [12.5, 10.5, 13.5, 10.75], "texture": "#0"},
				"south": {"uv": [11, 12.5, 12, 12.75], "texture": "#0"},
				"west": {"uv": [12.5, 11, 13.5, 11.25], "texture": "#0"},
				"up": {"uv": [13, 1, 12, 0], "texture": "#0"},
				"down": {"uv": [13, 1, 12, 2], "texture": "#0"}
			}
		},
		{
			"from": [6.925, 6.9, 6.925],
			"to": [9.075, 7.15, 9.05],
			"faces": {
				"north": {"uv": [12.5, 11.5, 13.5, 11.75], "texture": "#0"},
				"east": {"uv": [12, 12.5, 13, 12.75], "texture": "#0"},
				"south": {"uv": [12.5, 12, 13.5, 12.25], "texture": "#0"},
				"west": {"uv": [13, 0, 14, 0.25], "texture": "#0"},
				"up": {"uv": [2.5, 13, 1.5, 12], "texture": "#0"},
				"down": {"uv": [13, 2, 12, 3], "texture": "#0"}
			}
		},
		{
			"from": [6.925, 6.4, 6.925],
			"to": [9.075, 6.65, 9.05],
			"faces": {
				"north": {"uv": [13, 0.5, 14, 0.75], "texture": "#0"},
				"east": {"uv": [13, 1, 14, 1.25], "texture": "#0"},
				"south": {"uv": [1.5, 13, 2.5, 13.25], "texture": "#0"},
				"west": {"uv": [13, 1.5, 14, 1.75], "texture": "#0"},
				"up": {"uv": [3.5, 13, 2.5, 12], "texture": "#0"},
				"down": {"uv": [13, 3, 12, 4], "texture": "#0"}
			}
		},
		{
			"from": [7.775, 4.65, 6.925],
			"to": [8.225, 5.15, 9.3],
			"faces": {
				"north": {"uv": [3.5, 13, 3.75, 13.25], "texture": "#0"},
				"east": {"uv": [12.5, 7.5, 13.75, 7.75], "texture": "#0"},
				"south": {"uv": [13, 3.5, 13.25, 3.75], "texture": "#0"},
				"west": {"uv": [12.5, 8, 13.75, 8.25], "texture": "#0"},
				"up": {"uv": [9.75, 13.25, 9.5, 12], "texture": "#0"},
				"down": {"uv": [12.75, 8.5, 12.5, 9.75], "texture": "#0"}
			}
		},
		{
			"from": [6.925, 5.9, 6.925],
			"to": [9.075, 6.15, 9.05],
			"faces": {
				"north": {"uv": [13, 2, 14, 2.25], "texture": "#0"},
				"east": {"uv": [2.5, 13, 3.5, 13.25], "texture": "#0"},
				"south": {"uv": [13, 2.5, 14, 2.75], "texture": "#0"},
				"west": {"uv": [13, 3, 14, 3.25], "texture": "#0"},
				"up": {"uv": [4.5, 13, 3.5, 12], "texture": "#0"},
				"down": {"uv": [5.5, 12, 4.5, 13], "texture": "#0"}
			}
		},
		{
			"from": [7, 0, 7],
			"to": [9, 8.5, 9],
			"faces": {
				"north": {"uv": [10, 0, 11, 4.25], "texture": "#0"},
				"east": {"uv": [10, 4.5, 11, 8.75], "texture": "#0"},
				"south": {"uv": [10, 9, 11, 13.25], "texture": "#0"},
				"west": {"uv": [11, 0, 12, 4.25], "texture": "#0"},
				"up": {"uv": [6.5, 13, 5.5, 12], "texture": "#0"},
				"down": {"uv": [7.5, 12, 6.5, 13], "texture": "#0"}
			}
		},
		{
			"from": [6.5, 8.5, 6.5],
			"to": [9.5, 32, 9.5],
			"faces": {
				"north": {"uv": [0, 0, 1.5, 11.75], "texture": "#1"},
				"east": {"uv": [1.5, 0, 3, 11.75], "texture": "#1"},
				"south": {"uv": [3, 0, 4.5, 11.75], "texture": "#1"},
				"west": {"uv": [4.5, 0, 6, 11.75], "texture": "#1"},
				"up": {"uv": [7.5, 1.5, 6, 0], "texture": "#1"},
				"down": {"uv": [7.5, 1.5, 6, 3], "texture": "#1"}
			}
		},
		{
			"from": [7, 8.5, 7],
			"to": [9, 31.75, 9],
			"faces": {
				"north": {"uv": [6, 0, 7, 11.75], "texture": "#0"},
				"east": {"uv": [7, 0, 8, 11.75], "texture": "#0"},
				"south": {"uv": [8, 0, 9, 11.75], "texture": "#0"},
				"west": {"uv": [9, 0, 10, 11.75], "texture": "#0"},
				"up": {"uv": [8.5, 13, 7.5, 12], "texture": "#0"},
				"down": {"uv": [9.5, 12, 8.5, 13], "texture": "#0"}
			}
		}
	],
	"display": {
		"thirdperson_righthand": {
			"translation": [0, 1, 0.75],
			"scale": [0.5, 0.73, 0.5]
		},
		"thirdperson_lefthand": {
			"translation": [0, 1, 0.75],
			"scale": [0.5, 0.73, 0.5]
		},
		"firstperson_righthand": {
			"rotation": [-9, 0, 1],
			"translation": [0, 1.75, 1],
			"scale": [0.5, 0.73, 0.5]
		},
		"firstperson_lefthand": {
			"rotation": [-9, 0, 1],
			"translation": [0, 1.75, 1],
			"scale": [0.5, 0.73, 0.5]
		},
		"ground": {
			"translation": [0, 3, 0],
			"scale": [0.62, 0.62, 0.62]
		},
		"gui": {
			"rotation": [-27, 0, -45],
			"translation": [-3.75, -3.5, 0],
			"scale": [0.62, 0.62, 0.62]
		},
		"head": {
			"rotation": [-29, 0, 1],
			"translation": [0, -1.5, 1],
			"scale": [0.93, 1.06, 0.93]
		},
		"fixed": {
			"rotation": [0, -180, -48],
			"translation": [4, -4, 0],
			"scale": [0.73, 0.73, 0.73]
		}
	}
}