{
	"credit": "Made with Blockbench",
	"texture_size": [64, 64],
	"textures": {
		"0": "item/hand/chessflag",
		"particle": "item/hand/chessflag"
	},
	"elements": [
		{
			"from": [7.25, 0, 7.5],
			"to": [8.75, 31, 9],
			"faces": {
				"north": {"uv": [1.5, 0, 2, 7.75], "texture": "#0"},
				"east": {"uv": [2.5, 0, 3, 7.75], "texture": "#0"},
				"south": {"uv": [3.5, 3.5, 4, 11.25], "texture": "#0"},
				"west": {"uv": [4, 3.5, 4.5, 11.25], "texture": "#0"},
				"up": {"uv": [1, 0.5, 0.5, 0], "texture": "#0"},
				"down": {"uv": [1, 0.5, 0.5, 1], "texture": "#0"}
			}
		},
		{
			"from": [7.5, 16, 9],
			"to": [8.5, 30, 11],
			"faces": {
				"north": {"uv": [4.5, 0, 4.75, 3.5], "texture": "#0"},
				"east": {"uv": [0, 0, 0.5, 3.5], "texture": "#0"},
				"south": {"uv": [4.5, 3.5, 4.75, 7], "texture": "#0"},
				"west": {"uv": [0.5, 0, 0, 3.5], "texture": "#0"},
				"up": {"uv": [7, 0.5, 6.75, 0], "texture": "#0"},
				"down": {"uv": [7, 0.5, 6.75, 1], "texture": "#0"}
			}
		},
		{
			"from": [8, 15.75, 11],
			"to": [9, 29.75, 13],
			"faces": {
				"north": {"uv": [4.75, 0, 5, 3.5], "texture": "#0"},
				"east": {"uv": [1, 0, 1.5, 3.5], "texture": "#0"},
				"south": {"uv": [4.75, 3.5, 5, 7], "texture": "#0"},
				"west": {"uv": [1.5, 0, 1, 3.5], "texture": "#0"},
				"up": {"uv": [7, 1.5, 6.75, 1], "texture": "#0"},
				"down": {"uv": [7, 1.5, 6.75, 2], "texture": "#0"}
			}
		},
		{
			"from": [8.5, 15.5, 13],
			"to": [9.5, 29.5, 15],
			"faces": {
				"north": {"uv": [5, 0, 5.25, 3.5], "texture": "#0"},
				"east": {"uv": [2, 0, 2.5, 3.5], "texture": "#0"},
				"south": {"uv": [5, 3.5, 5.25, 7], "texture": "#0"},
				"west": {"uv": [2.5, 0, 2, 3.5], "texture": "#0"},
				"up": {"uv": [7, 2.5, 6.75, 2], "texture": "#0"},
				"down": {"uv": [7, 2.5, 6.75, 3], "texture": "#0"}
			}
		},
		{
			"from": [7.5, 16, 17],
			"to": [8.5, 30, 19],
			"faces": {
				"north": {"uv": [5.25, 0, 5.5, 3.5], "texture": "#0"},
				"east": {"uv": [3, 0, 3.5, 3.5], "texture": "#0"},
				"south": {"uv": [5.25, 3.5, 5.5, 7], "texture": "#0"},
				"west": {"uv": [3.5, 0, 3, 3.5], "texture": "#0"},
				"up": {"uv": [7, 3.5, 6.75, 3], "texture": "#0"},
				"down": {"uv": [7, 3.5, 6.75, 4], "texture": "#0"}
			}
		},
		{
			"from": [8, 15.75, 15],
			"to": [9, 29.75, 17],
			"faces": {
				"north": {"uv": [5.5, 0, 5.75, 3.5], "texture": "#0"},
				"east": {"uv": [3.5, 0, 4, 3.5], "texture": "#0"},
				"south": {"uv": [5.5, 3.5, 5.75, 7], "texture": "#0"},
				"west": {"uv": [4, 0, 3.5, 3.5], "texture": "#0"},
				"up": {"uv": [7, 4.5, 6.75, 4], "texture": "#0"},
				"down": {"uv": [7, 4.5, 6.75, 5], "texture": "#0"}
			}
		},
		{
			"from": [7.5, 16, 25],
			"to": [8.5, 30, 27],
			"faces": {
				"north": {"uv": [5.75, 0, 6, 3.5], "texture": "#0"},
				"east": {"uv": [1, 3.5, 1.5, 7], "texture": "#0"},
				"south": {"uv": [5.75, 3.5, 6, 7], "texture": "#0"},
				"west": {"uv": [1.5, 3.5, 1, 7], "texture": "#0"},
				"up": {"uv": [7, 5.5, 6.75, 5], "texture": "#0"},
				"down": {"uv": [7, 5.5, 6.75, 6], "texture": "#0"}
			}
		},
		{
			"from": [8, 15.75, 23],
			"to": [9, 29.75, 25],
			"faces": {
				"north": {"uv": [6, 0, 6.25, 3.5], "texture": "#0"},
				"east": {"uv": [2, 3.5, 2.5, 7], "texture": "#0"},
				"south": {"uv": [6, 3.5, 6.25, 7], "texture": "#0"},
				"west": {"uv": [2.5, 3.5, 2, 7], "texture": "#0"},
				"up": {"uv": [7, 6.5, 6.75, 6], "texture": "#0"},
				"down": {"uv": [7, 6.5, 6.75, 7], "texture": "#0"}
			}
		},
		{
			"from": [8.5, 15.5, 21],
			"to": [9.5, 29.5, 23],
			"faces": {
				"north": {"uv": [6.25, 0, 6.5, 3.5], "texture": "#0"},
				"east": {"uv": [3, 3.5, 3.5, 7], "texture": "#0"},
				"south": {"uv": [6.25, 3.5, 6.5, 7], "texture": "#0"},
				"west": {"uv": [3.5, 3.5, 3, 7], "texture": "#0"},
				"up": {"uv": [0.25, 7.5, 0, 7], "texture": "#0"},
				"down": {"uv": [7.25, 0, 7, 0.5], "texture": "#0"}
			}
		},
		{
			"from": [8, 15.75, 19],
			"to": [9, 29.75, 21],
			"faces": {
				"north": {"uv": [6.5, 0, 6.75, 3.5], "texture": "#0"},
				"east": {"uv": [4, 0, 4.5, 3.5], "texture": "#0"},
				"south": {"uv": [6.5, 3.5, 6.75, 7], "texture": "#0"},
				"west": {"uv": [4.5, 0, 4, 3.5], "texture": "#0"},
				"up": {"uv": [0.5, 7.5, 0.25, 7], "texture": "#0"},
				"down": {"uv": [0.75, 7, 0.5, 7.5], "texture": "#0"}
			}
		}
	],
	"display": {
		"thirdperson_righthand": {
			"rotation": [31, -180, 0],
			"translation": [0, 2.25, 1.75],
			"scale": [0.64, 0.64, 0.64]
		},
		"thirdperson_lefthand": {
			"rotation": [31, -180, 0],
			"translation": [0, 2.25, 1.75],
			"scale": [0.64, 0.64, 0.64]
		},
		"firstperson_righthand": {
			"rotation": [-15, -180, 0],
			"translation": [3, 2, 0],
			"scale": [0.6, 0.6, 0.6]
		},
		"firstperson_lefthand": {
			"rotation": [-15, -180, 0],
			"translation": [3.5, 3.25, 0],
			"scale": [0.6, 0.6, 0.6]
		},
		"gui": {
			"rotation": [-34, 152, 25],
			"translation": [-3.75, -3.25, 0],
			"scale": [0.54, 0.54, 0.54]
		},
		"head": {
			"rotation": [29, 0, 0],
			"translation": [0, 0, -8]
		}
	},
	"groups": [
		0,
		{
			"name": "group",
			"origin": [0, 0, 0],
			"color": 0,
			"children": [1, 2, 3, 4, 5, 6, 7, 8, 9]
		}
	]
}