{
	"credit": "Made with Blockbench",
	"texture_size": [64, 64],
	"textures": {
		"0": "item/hand/icecream",
		"particle": "item/hand/icecream"
	},
	"elements": [
		{
			"from": [7, -1, 6.95],
			"to": [9, 9, 8.9],
			"faces": {
				"north": {"uv": [3, 5.75, 3.5, 8.25], "texture": "#0"},
				"east": {"uv": [3.5, 5.75, 4, 8.25], "texture": "#0"},
				"south": {"uv": [0, 6, 0.5, 8.5], "texture": "#0"},
				"west": {"uv": [0.5, 6, 1, 8.5], "texture": "#0"},
				"up": {"uv": [5, 2.25, 4.5, 1.75], "texture": "#0"},
				"down": {"uv": [5, 2.25, 4.5, 2.75], "texture": "#0"}
			}
		},
		{
			"from": [6.25, 3.25, 6.25],
			"to": [9.75, 12.25, 10],
			"faces": {
				"north": {"uv": [3.5, 1.75, 4.375, 4], "texture": "#0"},
				"east": {"uv": [0, 2, 1, 4.25], "texture": "#0"},
				"south": {"uv": [2, 3.75, 2.875, 6], "texture": "#0"},
				"west": {"uv": [1, 2, 2, 4.25], "texture": "#0"},
				"up": {"uv": [8.875, 3, 8, 2], "texture": "#0"},
				"down": {"uv": [8.875, 6.75, 8, 7.75], "texture": "#0"}
			}
		},
		{
			"from": [6.75, 1.25, 6.75],
			"to": [9.25, 12.25, 9.25],
			"faces": {
				"north": {"uv": [1.25, 4.25, 1.875, 7], "texture": "#0"},
				"east": {"uv": [4.25, 4, 4.875, 6.75], "texture": "#0"},
				"south": {"uv": [5, 0, 5.625, 2.75], "texture": "#0"},
				"west": {"uv": [5, 2.75, 5.625, 5.5], "texture": "#0"},
				"up": {"uv": [6.375, 5.375, 5.75, 4.75], "texture": "#0"},
				"down": {"uv": [9.625, 1, 9, 1.625], "texture": "#0"}
			}
		},
		{
			"from": [5.25, 5.75, 5.5],
			"to": [10.5, 12.25, 9.75],
			"faces": {
				"north": {"uv": [2, 2, 3.375, 3.625], "texture": "#0"},
				"east": {"uv": [3, 4, 4.125, 5.625], "texture": "#0"},
				"south": {"uv": [3.5, 0, 4.875, 1.625], "texture": "#0"},
				"west": {"uv": [0, 4.25, 1.125, 5.875], "texture": "#0"},
				"up": {"uv": [6.375, 6.625, 5, 5.5], "texture": "#0"},
				"down": {"uv": [7.125, 0, 5.75, 1.125], "texture": "#0"}
			}
		},
		{
			"from": [6.25, 8.25, 4.65],
			"to": [9.75, 12.25, 7.75],
			"faces": {
				"north": {"uv": [8, 7.75, 8.875, 8.75], "texture": "#0"},
				"east": {"uv": [8.5, 4.25, 9.25, 5.25], "texture": "#0"},
				"south": {"uv": [8.25, 0, 9.125, 1], "texture": "#0"},
				"west": {"uv": [8.5, 5.25, 9.25, 6.25], "texture": "#0"},
				"up": {"uv": [9.375, 9.5, 8.5, 8.75], "texture": "#0"},
				"down": {"uv": [1.625, 9, 0.75, 9.75], "texture": "#0"}
			}
		},
		{
			"from": [5.75, 7.25, 8.25],
			"to": [10.25, 12.25, 10.75],
			"faces": {
				"north": {"uv": [5.75, 1.25, 6.875, 2.5], "texture": "#0"},
				"east": {"uv": [3, 8.25, 3.625, 9.5], "texture": "#0"},
				"south": {"uv": [5.75, 2.5, 6.875, 3.75], "texture": "#0"},
				"west": {"uv": [0, 8.5, 0.625, 9.75], "texture": "#0"},
				"up": {"uv": [9.875, 4.125, 8.75, 3.5], "texture": "#0"},
				"down": {"uv": [4.875, 8.75, 3.75, 9.375], "texture": "#0"}
			}
		},
		{
			"from": [4.5, 10.85, 4.25],
			"to": [11.5, 12.35, 11.5],
			"faces": {
				"north": {"uv": [5, 8.75, 6.75, 9.125], "texture": "#0"},
				"east": {"uv": [8.5, 6.25, 10.375, 6.625], "texture": "#0"},
				"south": {"uv": [6.75, 8.75, 8.5, 9.125], "texture": "#0"},
				"west": {"uv": [8.75, 3, 10.625, 3.375], "texture": "#0"},
				"up": {"uv": [1.75, 1.875, 0, 0], "texture": "#0"},
				"down": {"uv": [3.5, 0, 1.75, 1.875], "texture": "#0"}
			}
		},
		{
			"from": [6.85, 10.375, 7.45],
			"to": [12.35, 15.875, 12.95],
			"faces": {
				"north": {"uv": [5.75, 3.75, 6.75, 4.75], "texture": "#0"},
				"east": {"uv": [2, 6, 3, 7], "texture": "#0"},
				"south": {"uv": [6.5, 4.75, 7.5, 5.75], "texture": "#0"},
				"west": {"uv": [6.5, 5.75, 7.5, 6.75], "texture": "#0"},
				"up": {"uv": [7.75, 4.75, 6.75, 3.75], "texture": "#0"},
				"down": {"uv": [5, 6.75, 4, 7.75], "texture": "#0"}
			}
		},
		{
			"from": [7.3, 11.675, 3.2],
			"to": [11.85, 16.225, 7.75],
			"faces": {
				"north": {"uv": [7, 6.75, 8, 7.75], "texture": "#0"},
				"east": {"uv": [7.25, 0, 8.25, 1], "texture": "#0"},
				"south": {"uv": [7.5, 4.75, 8.5, 5.75], "texture": "#0"},
				"west": {"uv": [7.5, 5.75, 8.5, 6.75], "texture": "#0"},
				"up": {"uv": [8.75, 4.25, 7.75, 3.25], "texture": "#0"},
				"down": {"uv": [5, 7.75, 4, 8.75], "texture": "#0"}
			}
		},
		{
			"from": [4.45, 10.175, 7.325],
			"to": [9, 14.725, 11.875],
			"faces": {
				"north": {"uv": [5, 7.75, 6, 8.75], "texture": "#0"},
				"east": {"uv": [6, 7.75, 7, 8.75], "texture": "#0"},
				"south": {"uv": [7, 7.75, 8, 8.75], "texture": "#0"},
				"west": {"uv": [1, 8, 2, 9], "texture": "#0"},
				"up": {"uv": [9, 2, 8, 1], "texture": "#0"},
				"down": {"uv": [3, 8, 2, 9], "texture": "#0"}
			}
		},
		{
			"from": [3.15, 12.125, 2.525],
			"to": [9.45, 18.425, 8.825],
			"faces": {
				"north": {"uv": [5, 6.75, 6, 7.75], "texture": "#0"},
				"east": {"uv": [6, 6.75, 7, 7.75], "texture": "#0"},
				"south": {"uv": [1, 7, 2, 8], "texture": "#0"},
				"west": {"uv": [7, 1.25, 8, 2.25], "texture": "#0"},
				"up": {"uv": [3, 8, 2, 7], "texture": "#0"},
				"down": {"uv": [8, 2.25, 7, 3.25], "texture": "#0"}
			}
		}
	],
	"display": {
		"thirdperson_righthand": {
			"rotation": [18, 24, -1],
			"translation": [0, 3.5, 2],
			"scale": [0.8, 0.8, 0.8]
		},
		"thirdperson_lefthand": {
			"rotation": [18, -130, -1],
			"translation": [0, 3.5, 2],
			"scale": [0.8, 0.8, 0.8]
		},
		"firstperson_righthand": {
			"rotation": [-10, 14, 0],
			"translation": [-0.25, -0.5, -0.25],
			"scale": [0.8, 0.8, 0.8]
		},
		"firstperson_lefthand": {
			"rotation": [-9, -64, 0],
			"translation": [0, 0.25, -0.25],
			"scale": [0.8, 0.8, 0.8]
		},
		"gui": {
			"rotation": [-11, 42, 36],
			"translation": [1.75, -0.75, 0],
			"scale": [0.88, 0.88, 0.88]
		},
		"head": {
			"rotation": [-24, 0, 0],
			"scale": [1.24, 1.24, 1.24]
		}
	}
}