{
	"credit": "Made with Blockbench",
	"texture_size": [32, 32],
	"textures": {
		"0": "item/hand/kartcream",
		"particle": "item/hand/kartcream"
	},
	"elements": [
		{
			"from": [2, -1, -1.5],
			"to": [3, 5, -0.5],
			"faces": {
				"north": {"uv": [7.5, 2, 8, 5], "texture": "#0"},
				"east": {"uv": [7.5, 7, 8, 10], "texture": "#0"},
				"south": {"uv": [0, 8, 0.5, 11], "texture": "#0"},
				"west": {"uv": [0.5, 8, 1, 11], "texture": "#0"},
				"up": {"uv": [9, 7, 8.5, 6.5], "texture": "#0"},
				"down": {"uv": [7.5, 8.5, 7, 9], "texture": "#0"}
			}
		},
		{
			"from": [0, 5, -7],
			"to": [5, 7, 4],
			"faces": {
				"north": {"uv": [5.5, 6, 8, 7], "texture": "#0"},
				"east": {"uv": [5, 5, 10.5, 6], "texture": "#0"},
				"south": {"uv": [0, 7, 2.5, 8], "texture": "#0"},
				"west": {"uv": [0, 6, 5.5, 7], "texture": "#0"},
				"up": {"uv": [2.5, 5.5, 0, 0], "texture": "#0"},
				"down": {"uv": [5, 0, 2.5, 5.5], "texture": "#0"}
			}
		},
		{
			"from": [0, 4, 1],
			"to": [1, 5, 3],
			"faces": {
				"north": {"uv": [1.5, 9, 2, 9.5], "texture": "#0"},
				"east": {"uv": [8, 4, 9, 4.5], "texture": "#0"},
				"south": {"uv": [2, 9, 2.5, 9.5], "texture": "#0"},
				"west": {"uv": [8, 4.5, 9, 5], "texture": "#0"},
				"up": {"uv": [6.5, 9, 6, 8], "texture": "#0"},
				"down": {"uv": [8.5, 6, 8, 7], "texture": "#0"}
			}
		},
		{
			"from": [0, 4, -5],
			"to": [1, 5, -3],
			"faces": {
				"north": {"uv": [2.5, 9, 3, 9.5], "texture": "#0"},
				"east": {"uv": [6.5, 8, 7.5, 8.5], "texture": "#0"},
				"south": {"uv": [3, 9, 3.5, 9.5], "texture": "#0"},
				"west": {"uv": [8, 7, 9, 7.5], "texture": "#0"},
				"up": {"uv": [8.5, 8.5, 8, 7.5], "texture": "#0"},
				"down": {"uv": [1.5, 8.5, 1, 9.5], "texture": "#0"}
			}
		},
		{
			"from": [4, 4, -5],
			"to": [5, 5, -3],
			"faces": {
				"north": {"uv": [9, 4.5, 9.5, 5], "texture": "#0"},
				"east": {"uv": [4.5, 8.5, 5.5, 9], "texture": "#0"},
				"south": {"uv": [5, 9, 5.5, 9.5], "texture": "#0"},
				"west": {"uv": [8.5, 6, 9.5, 6.5], "texture": "#0"},
				"up": {"uv": [6, 9.5, 5.5, 8.5], "texture": "#0"},
				"down": {"uv": [7, 8.5, 6.5, 9.5], "texture": "#0"}
			}
		},
		{
			"from": [4, 4, 1],
			"to": [5, 5, 3],
			"faces": {
				"north": {"uv": [9, 4, 9.5, 4.5], "texture": "#0"},
				"east": {"uv": [1.5, 8.5, 2.5, 9], "texture": "#0"},
				"south": {"uv": [4.5, 9, 5, 9.5], "texture": "#0"},
				"west": {"uv": [2.5, 8.5, 3.5, 9], "texture": "#0"},
				"up": {"uv": [4, 9.5, 3.5, 8.5], "texture": "#0"},
				"down": {"uv": [4.5, 8.5, 4, 9.5], "texture": "#0"}
			}
		},
		{
			"from": [0, 7, -3],
			"to": [5, 9, 2],
			"faces": {
				"north": {"uv": [2.5, 7, 5, 8], "texture": "#0"},
				"east": {"uv": [5, 7, 7.5, 8], "texture": "#0"},
				"south": {"uv": [7.5, 0, 10, 1], "texture": "#0"},
				"west": {"uv": [7.5, 1, 10, 2], "texture": "#0"},
				"up": {"uv": [7.5, 2.5, 5, 0], "texture": "#0"},
				"down": {"uv": [7.5, 2.5, 5, 5], "texture": "#0"}
			}
		},
		{
			"from": [0, 7, -4],
			"to": [5, 8, -3],
			"faces": {
				"north": {"uv": [0, 5.5, 2.5, 6], "texture": "#0"},
				"east": {"uv": [8.5, 7.5, 9, 8], "texture": "#0"},
				"south": {"uv": [2.5, 5.5, 5, 6], "texture": "#0"},
				"west": {"uv": [8, 8.5, 8.5, 9], "texture": "#0"},
				"up": {"uv": [3.5, 8.5, 1, 8], "texture": "#0"},
				"down": {"uv": [10.5, 2, 8, 2.5], "texture": "#0"}
			}
		},
		{
			"from": [0, 7, 2],
			"to": [5, 8, 3],
			"faces": {
				"north": {"uv": [8, 2.5, 10.5, 3], "texture": "#0"},
				"east": {"uv": [8.5, 8, 9, 8.5], "texture": "#0"},
				"south": {"uv": [8, 3, 10.5, 3.5], "texture": "#0"},
				"west": {"uv": [8.5, 8.5, 9, 9], "texture": "#0"},
				"up": {"uv": [6, 8.5, 3.5, 8], "texture": "#0"},
				"down": {"uv": [10.5, 3.5, 8, 4], "texture": "#0"}
			}
		}
	],
	"display": {
		"thirdperson_righthand": {
			"rotation": [0, -32, 0],
			"translation": [0, 4.75, 7.5],
			"scale": [0.72, 0.72, 0.72]
		},
		"thirdperson_lefthand": {
			"rotation": [0, -32, 0],
			"translation": [-6.75, 4.75, 3.25],
			"scale": [0.72, 0.72, 0.72]
		},
		"firstperson_righthand": {
			"rotation": [0, 131, 0],
			"translation": [3.5, 5.5, -7.75],
			"scale": [0.72, 0.72, 0.72]
		},
		"firstperson_lefthand": {
			"rotation": [0, 131, 0],
			"translation": [9.25, 5.5, -2.25],
			"scale": [0.72, 0.72, 0.72]
		},
		"ground": {
			"translation": [5.5, 6.25, 9.25]
		},
		"gui": {
			"rotation": [26, -120, 0],
			"translation": [-10.75, 2.5, 0]
		},
		"head": {
			"rotation": [-9, 0, 10],
			"translation": [10, 5.5, 17],
			"scale": [1.96, 1.96, 1.96]
		},
		"fixed": {
			"rotation": [0, 90, 0],
			"translation": [8.75, 2.25, -6.25]
		}
	}
}