{
	"parent": "item/generated",
	"textures": {
		"layer0": "item/acacia_boat"
	},
	"overrides": [
		{ "predicate": { "custom_model_data": 101}, "model": "item/glider/default" },
		{ "predicate": { "custom_model_data": 102}, "model": "item/glider/dumboears" },
		{ "predicate": { "custom_model_data": 103}, "model": "item/glider/propellerhat" },
		{ "predicate": { "custom_model_data": 104}, "model": "item/glider/balloon" },
		{ "predicate": { "custom_model_data": 105}, "model": "item/glider/paperairplane" },
		{ "predicate": { "custom_model_data": 106}, "model": "item/glider/batglider" },
		{ "predicate": { "custom_model_data": 107}, "model": "item/glider/eagle" }
	]
}
