{
	"parent": "item/handheld",
	"textures": {
		"layer0": "item/carrot_on_a_stick"
	},
	"overrides": [
		{ "predicate": { "custom_model_data": 10}, "model": "item/icons/exit" },
		{ "predicate": { "custom_model_data": 11}, "model": "item/icons/warp" },
		{ "predicate": { "custom_model_data": 1000}, "model": "item/coin/coin" },
		{ "predicate": { "custom_model_data": 1001}, "model": "item/items/item01" },
		{ "predicate": { "custom_model_data": 1002}, "model": "item/items/item01" },
		{ "predicate": { "custom_model_data": 1003}, "model": "item/items/item03" },
		{ "predicate": { "custom_model_data": 1004}, "model": "item/items/item03" },
		{ "predicate": { "custom_model_data": 1005}, "model": "item/items/item05" },
		{ "predicate": { "custom_model_data": 1006}, "model": "item/items/item06" },
		{ "predicate": { "custom_model_data": 1007}, "model": "item/items/item07" },
		{ "predicate": { "custom_model_data": 1008}, "model": "item/items/item07" },
		{ "predicate": { "custom_model_data": 1009}, "model": "item/items/item09" },
		{ "predicate": { "custom_model_data": 1010}, "model": "item/items/item10" },
		{ "predicate": { "custom_model_data": 1011}, "model": "item/items/item11" },
		{ "predicate": { "custom_model_data": 1012}, "model": "item/items/item11" },
		{ "predicate": { "custom_model_data": 1013}, "model": "item/items/item13" },
		{ "predicate": { "custom_model_data": 1014}, "model": "item/items/item14" },
		{ "predicate": { "custom_model_data": 1015}, "model": "item/items/item15" },
		{ "predicate": { "custom_model_data": 1016}, "model": "item/items/item16" },
		{ "predicate": { "custom_model_data": 1017}, "model": "item/items/item17" },
		{ "predicate": { "custom_model_data": 1018}, "model": "item/items/item18" },
		{ "predicate": { "custom_model_data": 10000}, "model": "item/cartdisplay/cart01" },
		{ "predicate": { "custom_model_data": 100001}, "model": "item/cart_mount/1_1" },
		{ "predicate": { "custom_model_data": 100003}, "model": "item/cart_mount/1_3" },
		{ "predicate": { "custom_model_data": 100007}, "model": "item/cart_mount/1_7" },
		{ "predicate": { "custom_model_data": 100011}, "model": "item/cart_mount/1_11" },
		{ "predicate": { "custom_model_data": 100014}, "model": "item/cart_mount/1_14" },
		{ "predicate": { "custom_model_data": 200001}, "model": "item/cart_mount/2_1" },
		{ "predicate": { "custom_model_data": 200003}, "model": "item/cart_mount/2_3" },
		{ "predicate": { "custom_model_data": 200007}, "model": "item/cart_mount/2_7" },
		{ "predicate": { "custom_model_data": 200011}, "model": "item/cart_mount/2_11" },
		{ "predicate": { "custom_model_data": 300001}, "model": "item/cart_mount/3_1" },
		{ "predicate": { "custom_model_data": 300003}, "model": "item/cart_mount/3_3" },
		{ "predicate": { "custom_model_data": 300007}, "model": "item/cart_mount/3_7" },
		{ "predicate": { "custom_model_data": 300011}, "model": "item/cart_mount/3_11" },
		{ "predicate": { "custom_model_data": 999999}, "model": "item/misc/noe" }
	]
}
