{
	"parent": "item/generated",
	"textures": {
		"layer0": "item/diamond"
	},
	"overrides": [
		{ "predicate": { "custom_model_data": 101}, "model": "item/carts/default" },
		{ "predicate": { "custom_model_data": 102}, "model": "item/carts/cart02" },
		{ "predicate": { "custom_model_data": 103}, "model": "item/carts/cart03" },
		{ "predicate": { "custom_model_data": 104}, "model": "item/carts/cart04" },
		{ "predicate": { "custom_model_data": 105}, "model": "item/carts/oldtimer" },
		{ "predicate": { "custom_model_data": 106}, "model": "item/carts/wvbus" },
		{ "predicate": { "custom_model_data": 107}, "model": "item/carts/spuelkarsten" },
		{ "predicate": { "custom_model_data": 108}, "model": "item/carts/flintage" },
		{ "predicate": { "custom_model_data": 109}, "model": "item/carts/vespa" },
		{ "predicate": { "custom_model_data": 110}, "model": "item/carts/broom" },
		{ "predicate": { "custom_model_data": 111}, "model": "item/carts/beercrate" },
		{ "predicate": { "custom_model_data": 112}, "model": "item/carts/skateboard" },
		{ "predicate": { "custom_model_data": 113}, "model": "item/carts/soapcrate" },
		{ "predicate": { "custom_model_data": 114}, "model": "item/carts/bollerwagen" },
		{ "predicate": { "custom_model_data": 115}, "model": "item/carts/cygnus" },
		{ "predicate": { "custom_model_data": 116}, "model": "item/carts/truck" },
		{ "predicate": { "custom_model_data": 117}, "model": "item/carts/challenger1" },
		{ "predicate": { "custom_model_data": 118}, "model": "item/carts/challenger2" },
		{ "predicate": { "custom_model_data": 119}, "model": "item/carts/challenger3" },
		{ "predicate": { "custom_model_data": 120}, "model": "item/carts/challenger4" },
		{ "predicate": { "custom_model_data": 121}, "model": "item/carts/challenger5" },
		{ "predicate": { "custom_model_data": 122}, "model": "item/carts/challenger6" },
		{ "predicate": { "custom_model_data": 123}, "model": "item/carts/challenger7" },
		{ "predicate": { "custom_model_data": 124}, "model": "item/carts/challenger8" },
		{ "predicate": { "custom_model_data": 125}, "model": "item/carts/challenger9" },
		{ "predicate": { "custom_model_data": 126}, "model": "item/carts/challenger10" },
		{ "predicate": { "custom_model_data": 127}, "model": "item/carts/ufo" },
		{ "predicate": { "custom_model_data": 128}, "model": "item/carts/cart01black" },
		{ "predicate": { "custom_model_data": 129}, "model": "item/carts/cart01blue" },
		{ "predicate": { "custom_model_data": 130}, "model": "item/carts/cart01green" },
		{ "predicate": { "custom_model_data": 131}, "model": "item/carts/cart01pink" },
		{ "predicate": { "custom_model_data": 133}, "model": "item/carts/cygnusrider" },
		{ "predicate": { "custom_model_data": 134}, "model": "item/carts/oldtimerpurple" },
		{ "predicate": { "custom_model_data": 135}, "model": "item/carts/oldtimerred" },
		{ "predicate": { "custom_model_data": 136}, "model": "item/carts/vespabeige" },
		{ "predicate": { "custom_model_data": 137}, "model": "item/carts/vespacyan" },
		{ "predicate": { "custom_model_data": 138}, "model": "item/carts/wvbusbeige" },
		{ "predicate": { "custom_model_data": 139}, "model": "item/carts/wvbusred" },
		{ "predicate": { "custom_model_data": 140}, "model": "item/carts/unsichtbaresbootmobil" },
		{ "predicate": { "custom_model_data": 141}, "model": "item/carts/kittenkart" },
		{ "predicate": { "custom_model_data": 72000}, "model": "item/credits_model/credits_model" }
	]
}
