{
	"parent": "item/generated",
	"textures": {
		"layer0": "item/gold_nugget"
	},
	"overrides": [
		{ "predicate": { "custom_model_data": 0}, "model": "item/icons/select_nothing" },
		{ "predicate": { "custom_model_data": 1}, "model": "item/icons/place1" },
		{ "predicate": { "custom_model_data": 2}, "model": "item/icons/place2" },
		{ "predicate": { "custom_model_data": 3}, "model": "item/icons/place3" },
		{ "predicate": { "custom_model_data": 4}, "model": "item/icons/place4" },
		{ "predicate": { "custom_model_data": 5}, "model": "item/icons/place5" },
		{ "predicate": { "custom_model_data": 6}, "model": "item/icons/place6" },
		{ "predicate": { "custom_model_data": 7}, "model": "item/icons/place7" },
		{ "predicate": { "custom_model_data": 8}, "model": "item/icons/place8" },
		{ "predicate": { "custom_model_data": 9}, "model": "item/icons/place9" },
		{ "predicate": { "custom_model_data": 10}, "model": "item/icons/place10" },
		{ "predicate": { "custom_model_data": 11}, "model": "item/icons/place11" },
		{ "predicate": { "custom_model_data": 12}, "model": "item/icons/place12" },
		{ "predicate": { "custom_model_data": 101}, "model": "item/icons/play" },
		{ "predicate": { "custom_model_data": 102}, "model": "item/icons/normal_lobby" },
		{ "predicate": { "custom_model_data": 103}, "model": "item/icons/ranked_lobby" },
		{ "predicate": { "custom_model_data": 104}, "model": "item/icons/tracks" },
		{ "predicate": { "custom_model_data": 105}, "model": "item/icons/spectate" },
		{ "predicate": { "custom_model_data": 106}, "model": "item/icons/cosmetics" },
		{ "predicate": { "custom_model_data": 107}, "model": "item/icons/coin_multiplier" },
		{ "predicate": { "custom_model_data": 108}, "model": "item/icons/multiplier_use" },
		{ "predicate": { "custom_model_data": 109}, "model": "item/icons/finished" },
		{ "predicate": { "custom_model_data": 110}, "model": "item/icons/your_lobby" },
		{ "predicate": { "custom_model_data": 111}, "model": "item/icons/lobby_view" },
		{ "predicate": { "custom_model_data": 112}, "model": "item/icons/back" },
		{ "predicate": { "custom_model_data": 113}, "model": "item/icons/left" },
		{ "predicate": { "custom_model_data": 114}, "model": "item/icons/right" },
		{ "predicate": { "custom_model_data": 115}, "model": "item/icons/exit" },
		{ "predicate": { "custom_model_data": 116}, "model": "item/icons/lock_locked" },
		{ "predicate": { "custom_model_data": 117}, "model": "item/icons/lock_open" },
		{ "predicate": { "custom_model_data": 118}, "model": "item/icons/autokick_off" },
		{ "predicate": { "custom_model_data": 119}, "model": "item/icons/autokick_on" },
		{ "predicate": { "custom_model_data": 120}, "model": "item/icons/skip_time" },
		{ "predicate": { "custom_model_data": 121}, "model": "item/icons/pause_time" },
		{ "predicate": { "custom_model_data": 122}, "model": "item/icons/resume_time" },
		{ "predicate": { "custom_model_data": 123}, "model": "item/icons/collect_reward" },
		{ "predicate": { "custom_model_data": 124}, "model": "item/icons/reward_collected" },
		{ "predicate": { "custom_model_data": 125}, "model": "item/icons/quest" },
		{ "predicate": { "custom_model_data": 126}, "model": "item/icons/quest_completed" },
		{ "predicate": { "custom_model_data": 127}, "model": "item/icons/reward_locked" },
		{ "predicate": { "custom_model_data": 128}, "model": "item/icons/challenges" },
		{ "predicate": { "custom_model_data": 129}, "model": "item/icons/level_challenge" },
		{ "predicate": { "custom_model_data": 130}, "model": "item/icons/challenges_complete" },
		{ "predicate": { "custom_model_data": 131}, "model": "item/icons/tracksanimated" },
		{ "predicate": { "custom_model_data": 132}, "model": "item/icons/random_track" },
		{ "predicate": { "custom_model_data": 133}, "model": "item/icons/new_challenges" },
		{ "predicate": { "custom_model_data": 134}, "model": "item/icons/question_mark" },
		{ "predicate": { "custom_model_data": 135}, "model": "item/icons/yes" },
		{ "predicate": { "custom_model_data": 136}, "model": "item/icons/no" },
		{ "predicate": { "custom_model_data": 137}, "model": "item/icons/cosmetics_multiple" },
		{ "predicate": { "custom_model_data": 138}, "model": "item/icons/bots_on" },
		{ "predicate": { "custom_model_data": 139}, "model": "item/icons/bots_off" },
		{ "predicate": { "custom_model_data": 140}, "model": "item/icons/no_lobby" },
		{ "predicate": { "custom_model_data": 141}, "model": "item/icons/kart_skins" },
		{ "predicate": { "custom_model_data": 142}, "model": "item/icons/handhelds" },
		{ "predicate": { "custom_model_data": 143}, "model": "item/icons/hats" },
		{ "predicate": { "custom_model_data": 144}, "model": "item/icons/audio_packs" },
		{ "predicate": { "custom_model_data": 145}, "model": "item/icons/glider" },
		{ "predicate": { "custom_model_data": 146}, "model": "item/icons/trails" },
		{ "predicate": { "custom_model_data": 147}, "model": "item/icons/global_stats" },
		{ "predicate": { "custom_model_data": 148}, "model": "item/icons/reset_stats" },
		{ "predicate": { "custom_model_data": 149}, "model": "item/icons/super_vote" },
		{ "predicate": { "custom_model_data": 150}, "model": "item/icons/warning" },
		{ "predicate": { "custom_model_data": 151}, "model": "item/settings/setting1_on" },
		{ "predicate": { "custom_model_data": 152}, "model": "item/settings/setting1_off" },
		{ "predicate": { "custom_model_data": 153}, "model": "item/settings/setting2_on" },
		{ "predicate": { "custom_model_data": 154}, "model": "item/settings/setting2_off" },
		{ "predicate": { "custom_model_data": 155}, "model": "item/settings/setting3_on" },
		{ "predicate": { "custom_model_data": 156}, "model": "item/settings/setting3_off" },
		{ "predicate": { "custom_model_data": 157}, "model": "item/settings/setting4_on" },
		{ "predicate": { "custom_model_data": 158}, "model": "item/settings/setting4_off" },
		{ "predicate": { "custom_model_data": 159}, "model": "item/settings/setting5_on" },
		{ "predicate": { "custom_model_data": 160}, "model": "item/settings/setting5_off" },
		{ "predicate": { "custom_model_data": 161}, "model": "item/settings/setting6_on" },
		{ "predicate": { "custom_model_data": 162}, "model": "item/settings/setting6_off" },
		{ "predicate": { "custom_model_data": 163}, "model": "item/settings/setting7_on" },
		{ "predicate": { "custom_model_data": 164}, "model": "item/settings/setting7_off" },
		{ "predicate": { "custom_model_data": 165}, "model": "item/settings/setting8_on" },
		{ "predicate": { "custom_model_data": 166}, "model": "item/settings/setting8_off" },
		{ "predicate": { "custom_model_data": 167}, "model": "item/settings/setting9_on" },
		{ "predicate": { "custom_model_data": 168}, "model": "item/settings/setting9_off" },
		{ "predicate": { "custom_model_data": 169}, "model": "item/settings/setting10_on" },
		{ "predicate": { "custom_model_data": 170}, "model": "item/settings/setting10_off" },
		{ "predicate": { "custom_model_data": 171}, "model": "item/icons/admin_settings" },
		{ "predicate": { "custom_model_data": 172}, "model": "item/icons/admin_setting" },
		{ "predicate": { "custom_model_data": 173}, "model": "item/icons/play_blink" },
		{ "predicate": { "custom_model_data": 174}, "model": "item/icons/normal_lobby_blink" },
		{ "predicate": { "custom_model_data": 175}, "model": "item/icons/meme1" },
		{ "predicate": { "custom_model_data": 176}, "model": "item/icons/stats" },
		{ "predicate": { "custom_model_data": 177}, "model": "item/icons/warp" },
		{ "predicate": { "custom_model_data": 178}, "model": "item/icons/settings" },
		{ "predicate": { "custom_model_data": 179}, "model": "item/misc/soon" },
		{ "predicate": { "custom_model_data": 1001}, "model": "item/menu/lvl1" },
		{ "predicate": { "custom_model_data": 1002}, "model": "item/menu/lvl2" },
		{ "predicate": { "custom_model_data": 1003}, "model": "item/menu/lvl3" },
		{ "predicate": { "custom_model_data": 1004}, "model": "item/menu/lvl4" },
		{ "predicate": { "custom_model_data": 1005}, "model": "item/menu/lvl5" },
		{ "predicate": { "custom_model_data": 1006}, "model": "item/menu/lvl6" },
		{ "predicate": { "custom_model_data": 1007}, "model": "item/menu/lvl7" },
		{ "predicate": { "custom_model_data": 1008}, "model": "item/menu/lvl8" },
		{ "predicate": { "custom_model_data": 1009}, "model": "item/menu/lvl9" },
		{ "predicate": { "custom_model_data": 1010}, "model": "item/menu/lvl10" },
		{ "predicate": { "custom_model_data": 10001}, "model": "item/menu/a" },
		{ "predicate": { "custom_model_data": 10002}, "model": "item/menu/b" },
		{ "predicate": { "custom_model_data": 10003}, "model": "item/menu/c" },
		{ "predicate": { "custom_model_data": 10004}, "model": "item/menu/d" },
		{ "predicate": { "custom_model_data": 10005}, "model": "item/menu/e" },
		{ "predicate": { "custom_model_data": 10006}, "model": "item/menu/f" },
		{ "predicate": { "custom_model_data": 10007}, "model": "item/menu/profile" },
		{ "predicate": { "custom_model_data": 10008}, "model": "item/menu/global_list" },
		{ "predicate": { "custom_model_data": 10009}, "model": "item/menu/challenges" },
		{ "predicate": { "custom_model_data": 10010}, "model": "item/menu/question_page" },
		{ "predicate": { "custom_model_data": 10011}, "model": "item/menu/cosmetics" },
		{ "predicate": { "custom_model_data": 10012}, "model": "item/menu/spectate" },
		{ "predicate": { "custom_model_data": 10013}, "model": "item/menu/leave_spectate" },
		{ "predicate": { "custom_model_data": 10014}, "model": "item/menu/admin" },
		{ "predicate": { "custom_model_data": 10015}, "model": "item/menu/no_menu" },
		{ "predicate": { "custom_model_data": 10016}, "model": "item/menu/b_blink" }
	]
}
