{
	"parent": "item/generated",
	"textures": {
		"layer0": "item/iron_leggings"
	},
	"overrides": [
		{ "predicate": { "custom_model_data": 1}, "model": "item/menu/0" },
		{ "predicate": { "custom_model_data": 2}, "model": "item/menu/1" },
		{ "predicate": { "custom_model_data": 3}, "model": "item/menu/2" },
		{ "predicate": { "custom_model_data": 4}, "model": "item/menu/3" },
		{ "predicate": { "custom_model_data": 5}, "model": "item/menu/4" },
		{ "predicate": { "custom_model_data": 6}, "model": "item/menu/5" },
		{ "predicate": { "custom_model_data": 7}, "model": "item/menu/6" },
		{ "predicate": { "custom_model_data": 8}, "model": "item/menu/7" },
		{ "predicate": { "custom_model_data": 9}, "model": "item/menu/8" },
		{ "predicate": { "custom_model_data": 10}, "model": "item/menu/9" }
	]
}