{
	"parent": "item/generated",
	"textures": {
		"layer0": "item/prismarine_shard"
	},
	"overrides": [
		{ "predicate": { "custom_model_data": 101}, "model": "item/hand/redbeamsword" },
		{ "predicate": { "custom_model_data": 102}, "model": "item/hand/pinkbeamsword" },
		{ "predicate": { "custom_model_data": 103}, "model": "item/hand/bluebeamsword" },
		{ "predicate": { "custom_model_data": 104}, "model": "item/hand/greenbeamsword" },
		{ "predicate": { "custom_model_data": 105}, "model": "item/hand/rainbowbeamsword" },
		{ "predicate": { "custom_model_data": 106}, "model": "item/hand/chessflag" },
		{ "predicate": { "custom_model_data": 107}, "model": "item/hand/icecream" },
		{ "predicate": { "custom_model_data": 108}, "model": "item/hand/kartcream" }
	]
}
