{
	"parent": "item/generated",
	"textures": {
		"layer0": "item/scute"
	},
	"overrides": [
		{ "predicate": { "custom_model_data": 1}, "model": "item/misc/werbung1" },
		{ "predicate": { "custom_model_data": 2}, "model": "item/misc/beam" },
		{ "predicate": { "custom_model_data": 3}, "model": "item/misc/news" },
		{ "predicate": { "custom_model_data": 4}, "model": "item/misc/sbsnameplate" },
		{ "predicate": { "custom_model_data": 5}, "model": "item/carts/dummycart" },
		{ "predicate": { "custom_model_data": 6}, "model": "item/misc/pulley0" },
		{ "predicate": { "custom_model_data": 7}, "model": "item/misc/pulley1" },
		{ "predicate": { "custom_model_data": 8}, "model": "item/misc/lootboxbanner" },
		{ "predicate": { "custom_model_data": 9}, "model": "item/misc/shopsign" },
		{ "predicate": { "custom_model_data": 10}, "model": "item/misc/geschenk1" },
		{ "predicate": { "custom_model_data": 11}, "model": "item/misc/geschenk2" },
		{ "predicate": { "custom_model_data": 12}, "model": "item/misc/geschenk3" },
		{ "predicate": { "custom_model_data": 13}, "model": "item/misc/geschenk4" },
		{ "predicate": { "custom_model_data": 14}, "model": "item/misc/farylights" },
		{ "predicate": { "custom_model_data": 15}, "model": "item/misc/tchobi" },
		{ "predicate": { "custom_model_data": 16}, "model": "item/misc/ramensign" },
		{ "predicate": { "custom_model_data": 17}, "model": "item/misc/theskyblocksquad" },
		{ "predicate": { "custom_model_data": 101}, "model": "item/icons/trail01" },
		{ "predicate": { "custom_model_data": 102}, "model": "item/icons/trail02" },
		{ "predicate": { "custom_model_data": 103}, "model": "item/icons/trail03" },
		{ "predicate": { "custom_model_data": 104}, "model": "item/icons/trail04" },
		{ "predicate": { "custom_model_data": 105}, "model": "item/icons/trail05" },
		{ "predicate": { "custom_model_data": 106}, "model": "item/icons/trail06" },
		{ "predicate": { "custom_model_data": 107}, "model": "item/icons/trail07" },
		{ "predicate": { "custom_model_data": 108}, "model": "item/icons/trail08" },
		{ "predicate": { "custom_model_data": 109}, "model": "item/icons/trail09" },
		{ "predicate": { "custom_model_data": 110}, "model": "item/icons/trail10" },
		{ "predicate": { "custom_model_data": 111}, "model": "item/icons/trail11" }

	]
}
