{
	"credit": "Made with Blockbench",
	"textures": {
		"0": "models/shark/shark",
		"1": "models/shark/shark_teeth",
		"particle": "models/shark/shark"
	},
	"elements": [
		{
			"from": [4.25, 1.25, 0],
			"to": [11.75, 9.25, 14],
			"faces": {
				"north": {"uv": [0, 4, 1.875, 6], "texture": "#0"},
				"east": {"uv": [0, 0, 3.5, 2], "texture": "#0"},
				"south": {"uv": [5.5, 0, 7.375, 2], "texture": "#0"},
				"west": {"uv": [0, 2, 3.5, 4], "texture": "#0"},
				"up": {"uv": [5.375, 3.5, 3.5, 0], "texture": "#0"},
				"down": {"uv": [5.375, 3.5, 3.5, 7], "texture": "#0"}
			}
		},
		{
			"from": [5.75, 2.5, -6],
			"to": [10.25, 8, 0],
			"faces": {
				"north": {"uv": [7.75, 8.5, 8.875, 9.875], "texture": "#0"},
				"east": {"uv": [1.5, 8.5, 3, 9.875], "texture": "#0"},
				"south": {"uv": [3, 8.75, 4.125, 10.125], "texture": "#0"},
				"west": {"uv": [5, 8.5, 6.5, 9.875], "texture": "#0"},
				"up": {"uv": [7.625, 10, 6.5, 8.5], "texture": "#0"},
				"down": {"uv": [9.625, 6.75, 8.5, 8.25], "texture": "#0"}
			}
		},
		{
			"from": [6.75, 3.75, -10.5],
			"to": [9.25, 6.75, -6],
			"faces": {
				"north": {"uv": [10, 1.25, 10.625, 2], "texture": "#0"},
				"east": {"uv": [9.25, 5.75, 10.375, 6.5], "texture": "#0"},
				"south": {"uv": [1.75, 10, 2.375, 10.75], "texture": "#0"},
				"west": {"uv": [9.75, 6.5, 10.875, 7.25], "texture": "#0"},
				"up": {"uv": [9.625, 10.875, 9, 9.75], "texture": "#0"},
				"down": {"uv": [10.375, 9.75, 9.75, 10.875], "texture": "#0"}
			}
		},
		{
			"from": [7.25, 8.5, -6.75],
			"to": [8.75, 14.5, -3.5],
			"rotation": {"angle": -22.5, "axis": "x", "origin": [0, 0, 0]},
			"faces": {
				"north": {"uv": [5, 7, 5.375, 8.5], "texture": "#0"},
				"east": {"uv": [9, 1.25, 9.875, 2.75], "texture": "#0"},
				"south": {"uv": [1.25, 10, 1.625, 11.5], "texture": "#0"},
				"west": {"uv": [9, 2.75, 9.875, 4.25], "texture": "#0"},
				"up": {"uv": [4.625, 10.875, 4.25, 10], "texture": "#0"},
				"down": {"uv": [5.125, 10, 4.75, 10.875], "texture": "#0"}
			}
		},
		{
			"from": [7.5, 3.5, 8.25],
			"to": [8.5, 8.25, 12.5],
			"rotation": {"angle": -22.5, "axis": "x", "origin": [0, 0, 0]},
			"faces": {
				"north": {"uv": [2, 4, 2.25, 5.25], "texture": "#0"},
				"east": {"uv": [0, 9, 1.125, 10.25], "texture": "#0"},
				"south": {"uv": [5.25, 10, 5.5, 11.25], "texture": "#0"},
				"west": {"uv": [9, 0, 10.125, 1.25], "texture": "#0"},
				"up": {"uv": [6.75, 11.125, 6.5, 10], "texture": "#0"},
				"down": {"uv": [7, 10, 6.75, 11.125], "texture": "#0"}
			}
		},
		{
			"from": [-0.25, 4.5, 11.25],
			"to": [8.5, 5.5, 15.5],
			"rotation": {"angle": 45, "axis": "y", "origin": [0, 0, 0]},
			"faces": {
				"north": {"uv": [9.75, 7.25, 12, 7.5], "texture": "#0"},
				"east": {"uv": [10, 4, 11.125, 4.25], "texture": "#0"},
				"south": {"uv": [9.75, 7.5, 12, 7.75], "texture": "#0"},
				"west": {"uv": [7, 10, 8.125, 10.25], "texture": "#0"},
				"up": {"uv": [7.75, 6.625, 5.5, 5.5], "texture": "#0"},
				"down": {"uv": [2.25, 6, 0, 7.125], "texture": "#0"}
			}
		},
		{
			"from": [-4.5, 4.5, 2.75],
			"to": [-0.25, 5.5, 11.5],
			"rotation": {"angle": 45, "axis": "y", "origin": [0, 0, 0]},
			"faces": {
				"north": {"uv": [0, 10.25, 1.125, 10.5], "texture": "#0"},
				"east": {"uv": [9.75, 7.75, 12, 8], "texture": "#0"},
				"south": {"uv": [10.25, 0, 11.375, 0.25], "texture": "#0"},
				"west": {"uv": [9.75, 8, 12, 8.25], "texture": "#0"},
				"up": {"uv": [3.375, 6.25, 2.25, 4], "texture": "#0"},
				"down": {"uv": [3.375, 6.25, 2.25, 8.5], "texture": "#0"}
			}
		},
		{
			"from": [7.25, -3.75, -10.5],
			"to": [8.75, 0.75, -7.5],
			"rotation": {"angle": 22.5, "axis": "x", "origin": [0, 0, 0]},
			"faces": {
				"north": {"uv": [10, 2, 10.375, 3.125], "texture": "#0"},
				"east": {"uv": [1.5, 7.25, 2.25, 8.375], "texture": "#0"},
				"south": {"uv": [2.5, 10, 2.875, 11.125], "texture": "#0"},
				"west": {"uv": [4.25, 8.75, 5, 9.875], "texture": "#0"},
				"up": {"uv": [5.875, 10.75, 5.5, 10], "texture": "#0"},
				"down": {"uv": [6.375, 10, 6, 10.75], "texture": "#0"}
			}
		},
		{
			"from": [4.75, 1.5, 14],
			"to": [11.25, 8.25, 19.25],
			"faces": {
				"north": {"uv": [5.5, 2, 7.125, 3.75], "texture": "#0"},
				"east": {"uv": [7, 6.75, 8.375, 8.5], "texture": "#0"},
				"south": {"uv": [5.5, 3.75, 7.125, 5.5], "texture": "#0"},
				"west": {"uv": [0, 7.25, 1.375, 9], "texture": "#0"},
				"up": {"uv": [8.875, 3.375, 7.25, 2], "texture": "#0"},
				"down": {"uv": [8.875, 3.5, 7.25, 4.875], "texture": "#0"}
			}
		},
		{
			"from": [5, -2.75, 19],
			"to": [11, 0.25, 25.25],
			"rotation": {"angle": -22.5, "axis": "x", "origin": [0, 0, 0]},
			"faces": {
				"north": {"uv": [9, 9, 10.5, 9.75], "texture": "#0"},
				"east": {"uv": [9, 4.25, 10.625, 5], "texture": "#0"},
				"south": {"uv": [9.25, 5, 10.75, 5.75], "texture": "#0"},
				"west": {"uv": [9, 8.25, 10.625, 9], "texture": "#0"},
				"up": {"uv": [7, 8.375, 5.5, 6.75], "texture": "#0"},
				"down": {"uv": [5, 7, 3.5, 8.625], "texture": "#0"}
			}
		},
		{
			"from": [5.25, 15, 9.25],
			"to": [10.75, 16, 15.5],
			"rotation": {"angle": 45, "axis": "x", "origin": [0, 0, 0]},
			"faces": {
				"north": {"uv": [7.5, 1.75, 8.875, 2], "texture": "#0"},
				"east": {"uv": [10, 3.25, 11.625, 3.5], "texture": "#0"},
				"south": {"uv": [10, 3.75, 11.375, 4], "texture": "#0"},
				"west": {"uv": [10, 3.5, 11.625, 3.75], "texture": "#0"},
				"up": {"uv": [8.875, 1.625, 7.5, 0], "texture": "#0"},
				"down": {"uv": [9.125, 5, 7.75, 6.625], "texture": "#0"}
			}
		},
		{
			"from": [6.5, 1.40367, 20.77241],
			"to": [7.25, 2.40367, 21.02241],
			"rotation": {"angle": 45, "axis": "x", "origin": [0, 0, 20]},
			"faces": {
				"north": {"uv": [5, 6, 6, 7], "texture": "#1"},
				"east": {"uv": [11, 3, 11.5, 4], "texture": "#1"},
				"south": {"uv": [6, 5, 7, 6], "texture": "#1"},
				"west": {"uv": [4, 11, 4.5, 12], "texture": "#1"},
				"up": {"uv": [12, 4.5, 11, 4], "texture": "#1"},
				"down": {"uv": [6, 11, 5, 11.5], "texture": "#1"}
			}
		},
		{
			"from": [7.5, 15.5, 15],
			"to": [8.25, 16.5, 15.25],
			"rotation": {"angle": 45, "axis": "x", "origin": [0, 0, 0]},
			"faces": {
				"north": {"uv": [4, 6, 5, 7], "texture": "#1"},
				"east": {"uv": [11, 1, 11.5, 2], "texture": "#1"},
				"south": {"uv": [6, 4, 7, 5], "texture": "#1"},
				"west": {"uv": [2, 11, 2.5, 12], "texture": "#1"},
				"up": {"uv": [12, 2.5, 11, 2], "texture": "#1"},
				"down": {"uv": [4, 11, 3, 11.5], "texture": "#1"}
			}
		},
		{
			"from": [8.5, 15.5, 15],
			"to": [9.25, 16.5, 15.25],
			"rotation": {"angle": 45, "axis": "x", "origin": [0, 0, 0]},
			"faces": {
				"north": {"uv": [3, 6, 4, 7], "texture": "#1"},
				"east": {"uv": [10, 10, 10.5, 11], "texture": "#1"},
				"south": {"uv": [6, 3, 7, 4], "texture": "#1"},
				"west": {"uv": [0, 11, 0.5, 12], "texture": "#1"},
				"up": {"uv": [12, 0.5, 11, 0], "texture": "#1"},
				"down": {"uv": [2, 11, 1, 11.5], "texture": "#1"}
			}
		},
		{
			"from": [9.5, 15.5, 14.5],
			"to": [10.25, 16.5, 14.75],
			"rotation": {"angle": 45, "axis": "x", "origin": [0, 0, 0]},
			"faces": {
				"north": {"uv": [2, 6, 3, 7], "texture": "#1"},
				"east": {"uv": [8, 10, 8.5, 11], "texture": "#1"},
				"south": {"uv": [6, 2, 7, 3], "texture": "#1"},
				"west": {"uv": [10, 8, 10.5, 9], "texture": "#1"},
				"up": {"uv": [10, 10.5, 9, 10], "texture": "#1"},
				"down": {"uv": [11, 9, 10, 9.5], "texture": "#1"}
			}
		},
		{
			"from": [10.25, 15.5, 13.25],
			"to": [10.5, 16.5, 14],
			"rotation": {"angle": 45, "axis": "x", "origin": [0, 0, 0]},
			"faces": {
				"north": {"uv": [6, 10, 6.5, 11], "texture": "#1"},
				"east": {"uv": [1, 6, 2, 7], "texture": "#1"},
				"south": {"uv": [10, 6, 10.5, 7], "texture": "#1"},
				"west": {"uv": [6, 1, 7, 2], "texture": "#1"},
				"up": {"uv": [7.5, 11, 7, 10], "texture": "#1"},
				"down": {"uv": [10.5, 7, 10, 8], "texture": "#1"}
			}
		},
		{
			"from": [5.5, 15.5, 13.25],
			"to": [5.75, 16.5, 14],
			"rotation": {"angle": 45, "axis": "x", "origin": [0, 0, 0]},
			"faces": {
				"north": {"uv": [11, 9, 11.5, 10], "texture": "#1"},
				"east": {"uv": [7, 1, 8, 2], "texture": "#1"},
				"south": {"uv": [10, 11, 10.5, 12], "texture": "#1"},
				"west": {"uv": [2, 7, 3, 8], "texture": "#1"},
				"up": {"uv": [11.5, 11, 11, 10], "texture": "#1"},
				"down": {"uv": [11.5, 11, 11, 12], "texture": "#1"}
			}
		},
		{
			"from": [10.25, 15.5, 12.25],
			"to": [10.5, 16.5, 13],
			"rotation": {"angle": 45, "axis": "x", "origin": [0, 0, 0]},
			"faces": {
				"north": {"uv": [4, 10, 4.5, 11], "texture": "#1"},
				"east": {"uv": [0, 6, 1, 7], "texture": "#1"},
				"south": {"uv": [10, 4, 10.5, 5], "texture": "#1"},
				"west": {"uv": [6, 0, 7, 1], "texture": "#1"},
				"up": {"uv": [5.5, 11, 5, 10], "texture": "#1"},
				"down": {"uv": [10.5, 5, 10, 6], "texture": "#1"}
			}
		},
		{
			"from": [5.5, 15.5, 12.25],
			"to": [5.75, 16.5, 13],
			"rotation": {"angle": 45, "axis": "x", "origin": [0, 0, 0]},
			"faces": {
				"north": {"uv": [11, 7, 11.5, 8], "texture": "#1"},
				"east": {"uv": [7, 0, 8, 1], "texture": "#1"},
				"south": {"uv": [8, 11, 8.5, 12], "texture": "#1"},
				"west": {"uv": [1, 7, 2, 8], "texture": "#1"},
				"up": {"uv": [11.5, 9, 11, 8], "texture": "#1"},
				"down": {"uv": [9.5, 11, 9, 12], "texture": "#1"}
			}
		},
		{
			"from": [5.5, 15.5, 14.5],
			"to": [6.25, 16.5, 14.75],
			"rotation": {"angle": 45, "axis": "x", "origin": [0, 0, 0]},
			"faces": {
				"north": {"uv": [6, 6, 7, 7], "texture": "#1"},
				"east": {"uv": [11, 5, 11.5, 6], "texture": "#1"},
				"south": {"uv": [0, 7, 1, 8], "texture": "#1"},
				"west": {"uv": [6, 11, 6.5, 12], "texture": "#1"},
				"up": {"uv": [12, 6.5, 11, 6], "texture": "#1"},
				"down": {"uv": [8, 11, 7, 11.5], "texture": "#1"}
			}
		},
		{
			"from": [4.25, 1.25, 0],
			"to": [11.75, 9.25, 14],
			"faces": {
				"north": {"uv": [0, 4, 1.875, 6], "texture": "#0"},
				"east": {"uv": [0, 0, 3.5, 2], "texture": "#0"},
				"south": {"uv": [5.5, 0, 7.375, 2], "texture": "#0"},
				"west": {"uv": [0, 2, 3.5, 4], "texture": "#0"},
				"up": {"uv": [5.375, 3.5, 3.5, 0], "texture": "#0"},
				"down": {"uv": [5.375, 3.5, 3.5, 7], "texture": "#0"}
			}
		},
		{
			"from": [5.5, -3.25, 21.75],
			"to": [5.75, -2, 22.5],
			"rotation": {"angle": -22.5, "axis": "x", "origin": [0, 0, 0]},
			"faces": {
				"north": {"uv": [7, 2, 7.5, 3.5], "texture": "#1"},
				"east": {"uv": [0, 0, 1, 1.5], "texture": "#1"},
				"south": {"uv": [3, 7, 3.5, 8.5], "texture": "#1"},
				"west": {"uv": [1, 0, 2, 1.5], "texture": "#1"},
				"up": {"uv": [3.5, 10, 3, 9], "texture": "#1"},
				"down": {"uv": [4.5, 9, 4, 10], "texture": "#1"}
			}
		},
		{
			"from": [5.5, -3.25, 22.75],
			"to": [5.75, -2, 23.5],
			"rotation": {"angle": -22.5, "axis": "x", "origin": [0, 0, 0]},
			"faces": {
				"north": {"uv": [4, 7, 4.5, 8.5], "texture": "#1"},
				"east": {"uv": [0, 2, 1, 3.5], "texture": "#1"},
				"south": {"uv": [7, 4, 7.5, 5.5], "texture": "#1"},
				"west": {"uv": [2, 0, 3, 1.5], "texture": "#1"},
				"up": {"uv": [9.5, 5, 9, 4], "texture": "#1"},
				"down": {"uv": [5.5, 9, 5, 10], "texture": "#1"}
			}
		},
		{
			"from": [5.5, -3.25, 24],
			"to": [6.25, -2, 24.25],
			"rotation": {"angle": -22.5, "axis": "x", "origin": [0, 0, 0]},
			"faces": {
				"north": {"uv": [1, 2, 2, 3.5], "texture": "#1"},
				"east": {"uv": [5, 7, 5.5, 8.5], "texture": "#1"},
				"south": {"uv": [2, 2, 3, 3.5], "texture": "#1"},
				"west": {"uv": [6, 7, 6.5, 8.5], "texture": "#1"},
				"up": {"uv": [10, 5.5, 9, 5], "texture": "#1"},
				"down": {"uv": [7, 9, 6, 9.5], "texture": "#1"}
			}
		},
		{
			"from": [6.5, -3.25, 24.5],
			"to": [7.25, -2, 24.75],
			"rotation": {"angle": -22.5, "axis": "x", "origin": [0, 0, 0]},
			"faces": {
				"north": {"uv": [3, 0, 4, 1.5], "texture": "#1"},
				"east": {"uv": [7, 6, 7.5, 7.5], "texture": "#1"},
				"south": {"uv": [3, 2, 4, 3.5], "texture": "#1"},
				"west": {"uv": [0, 8, 0.5, 9.5], "texture": "#1"},
				"up": {"uv": [10, 6.5, 9, 6], "texture": "#1"},
				"down": {"uv": [10, 7, 9, 7.5], "texture": "#1"}
			}
		},
		{
			"from": [7.5, -3.25, 24.5],
			"to": [8.25, -2, 24.75],
			"rotation": {"angle": -22.5, "axis": "x", "origin": [0, 0, 0]},
			"faces": {
				"north": {"uv": [0, 4, 1, 5.5], "texture": "#1"},
				"east": {"uv": [8, 0, 8.5, 1.5], "texture": "#1"},
				"south": {"uv": [4, 0, 5, 1.5], "texture": "#1"},
				"west": {"uv": [1, 8, 1.5, 9.5], "texture": "#1"},
				"up": {"uv": [10, 8.5, 9, 8], "texture": "#1"},
				"down": {"uv": [10, 9, 9, 9.5], "texture": "#1"}
			}
		},
		{
			"from": [8.5, -3.25, 24.5],
			"to": [9.25, -2, 24.75],
			"rotation": {"angle": -22.5, "axis": "x", "origin": [0, 0, 0]},
			"faces": {
				"north": {"uv": [1, 4, 2, 5.5], "texture": "#1"},
				"east": {"uv": [2, 8, 2.5, 9.5], "texture": "#1"},
				"south": {"uv": [2, 4, 3, 5.5], "texture": "#1"},
				"west": {"uv": [8, 2, 8.5, 3.5], "texture": "#1"},
				"up": {"uv": [1, 10.5, 0, 10], "texture": "#1"},
				"down": {"uv": [11, 0, 10, 0.5], "texture": "#1"}
			}
		},
		{
			"from": [9.5, -3.25, 24],
			"to": [10.25, -2, 24.25],
			"rotation": {"angle": -22.5, "axis": "x", "origin": [0, 0, 0]},
			"faces": {
				"north": {"uv": [4, 2, 5, 3.5], "texture": "#1"},
				"east": {"uv": [8, 4, 8.5, 5.5], "texture": "#1"},
				"south": {"uv": [3, 4, 4, 5.5], "texture": "#1"},
				"west": {"uv": [8, 6, 8.5, 7.5], "texture": "#1"},
				"up": {"uv": [2, 10.5, 1, 10], "texture": "#1"},
				"down": {"uv": [11, 1, 10, 1.5], "texture": "#1"}
			}
		},
		{
			"from": [10.25, -3.25, 22.75],
			"to": [10.5, -2, 23.5],
			"rotation": {"angle": -22.5, "axis": "x", "origin": [0, 0, 0]},
			"faces": {
				"north": {"uv": [7, 8, 7.5, 9.5], "texture": "#1"},
				"east": {"uv": [4, 4, 5, 5.5], "texture": "#1"},
				"south": {"uv": [8, 8, 8.5, 9.5], "texture": "#1"},
				"west": {"uv": [5, 0, 6, 1.5], "texture": "#1"},
				"up": {"uv": [2.5, 11, 2, 10], "texture": "#1"},
				"down": {"uv": [10.5, 2, 10, 3], "texture": "#1"}
			}
		},
		{
			"from": [10.25, -3.25, 21.75],
			"to": [10.5, -2, 22.5],
			"rotation": {"angle": -22.5, "axis": "x", "origin": [0, 0, 0]},
			"faces": {
				"north": {"uv": [9, 0, 9.5, 1.5], "texture": "#1"},
				"east": {"uv": [5, 2, 6, 3.5], "texture": "#1"},
				"south": {"uv": [9, 2, 9.5, 3.5], "texture": "#1"},
				"west": {"uv": [5, 4, 6, 5.5], "texture": "#1"},
				"up": {"uv": [3.5, 11, 3, 10], "texture": "#1"},
				"down": {"uv": [10.5, 3, 10, 4], "texture": "#1"}
			}
		}
	],
	"display": {
		"thirdperson_righthand": {
			"rotation": [0, 180, 0],
			"translation": [0, 0.5, -1.25],
			"scale": [0.43, 0.43, 0.43]
		},
		"thirdperson_lefthand": {
			"rotation": [0, 180, 0],
			"translation": [0, 1.25, -2.75],
			"scale": [0.67, 0.67, 0.67]
		},
		"firstperson_righthand": {
			"translation": [-8.5, 12, -7.25]
		},
		"firstperson_lefthand": {
			"translation": [-9.75, 12, -8.25]
		},
		"ground": {
			"translation": [0, 1, 0],
			"scale": [0.71, 0.71, 0.71]
		},
		"gui": {
			"rotation": [13, 54, -1],
			"translation": [0, 2.25, 0]
		},
		"head": {
			"rotation": [16, 180, 0],
			"translation": [0, 2.75, -0.75],
			"scale": [1.4, 1.4, 1.4]
		},
		"fixed": {
			"rotation": [-5, -180, 0],
			"translation": [0, 7.5, 8],
			"scale": [2.93, 2.93, 2.93]
		}
	}
}