{
	"credit": "Made by Skyblock Squad",
	"texture_size": [256, 256],
	"textures": {
		"0": "item/kartcrate",
		"particle": "item/kartcrate"
	},
	"elements": [
		{
			"from": [0, 0, -10],
			"to": [22, 15, -7],
			"rotation": {"angle": 0, "axis": "y", "origin": [6, 0, 0]},
			"faces": {
				"north": {"uv": [5, 4.625, 6.375, 5.5625], "texture": "#0"},
				"east": {"uv": [2.625, 7, 2.8125, 7.9375], "texture": "#0"},
				"south": {"uv": [5.25, 0, 6.625, 0.9375], "texture": "#0"},
				"west": {"uv": [2.8125, 7, 3, 7.9375], "texture": "#0"},
				"up": {"uv": [8, 0.1875, 6.625, 0], "texture": "#0"},
				"down": {"uv": [8, 0.1875, 6.625, 0.375], "texture": "#0"}
			}
		},
		{
			"from": [0, 0, 19],
			"to": [22, 15, 22],
			"rotation": {"angle": 0, "axis": "y", "origin": [6, 0, 0]},
			"faces": {
				"north": {"uv": [5.375, 1.875, 6.75, 2.8125], "texture": "#0"},
				"east": {"uv": [3, 7, 3.1875, 7.9375], "texture": "#0"},
				"south": {"uv": [5, 5.5625, 6.375, 6.5], "texture": "#0"},
				"west": {"uv": [3.1875, 7, 3.375, 7.9375], "texture": "#0"},
				"up": {"uv": [8, 0.9375, 6.625, 0.75], "texture": "#0"},
				"down": {"uv": [3.875, 6.625, 2.5, 6.8125], "texture": "#0"}
			}
		},
		{
			"from": [0, 0, -4],
			"to": [22, 15, 16],
			"rotation": {"angle": 0, "axis": "y", "origin": [6, 0, 0]},
			"faces": {
				"north": {"uv": [1.25, 5.25, 2.625, 6.1875], "texture": "#0"},
				"east": {"uv": [0, 5.625, 1.25, 6.5625], "texture": "#0"},
				"south": {"uv": [5.375, 0.9375, 6.75, 1.875], "texture": "#0"},
				"west": {"uv": [5.625, 2.8125, 6.875, 3.75], "texture": "#0"},
				"up": {"uv": [2.625, 5.25, 1.25, 4], "texture": "#0"},
				"down": {"uv": [5.375, 1.625, 4, 2.875], "texture": "#0"}
			}
		},
		{
			"from": [1, 1, -7],
			"to": [21, 15, 19],
			"rotation": {"angle": 0, "axis": "y", "origin": [6, 0, 0]},
			"faces": {
				"north": {"uv": [2.625, 5.75, 3.875, 6.625], "texture": "#0"},
				"east": {"uv": [4, 2.875, 5.625, 3.75], "texture": "#0"},
				"south": {"uv": [1.25, 6.1875, 2.5, 7.0625], "texture": "#0"},
				"west": {"uv": [5, 3.75, 6.625, 4.625], "texture": "#0"},
				"up": {"uv": [1.25, 5.625, 0, 4], "texture": "#0"},
				"down": {"uv": [5.25, 0, 4, 1.625], "texture": "#0"}
			}
		},
		{
			"from": [2, 19, -10],
			"to": [20, 21, 22],
			"faces": {
				"north": {"uv": [3.875, 6.375, 5, 6.5], "texture": "#0"},
				"east": {"uv": [6.625, 4.5, 8.625, 4.625], "texture": "#0"},
				"south": {"uv": [1.25, 7.0625, 2.375, 7.1875], "texture": "#0"},
				"west": {"uv": [6.875, 2.8125, 8.875, 2.9375], "texture": "#0"},
				"up": {"uv": [3.875, 5.75, 2.75, 3.75], "texture": "#0"},
				"down": {"uv": [5, 3.75, 3.875, 5.75], "texture": "#0"}
			}
		},
		{
			"from": [5, 20.5, 0],
			"to": [17, 21.5, 5],
			"faces": {
				"north": {"uv": [3.375, 7.375, 4.125, 7.4375], "texture": "#0"},
				"east": {"uv": [4.625, 6.3125, 4.9375, 6.375], "texture": "#0"},
				"south": {"uv": [4.125, 7.375, 4.875, 7.4375], "texture": "#0"},
				"west": {"uv": [7.5, 7.1875, 7.8125, 7.25], "texture": "#0"},
				"up": {"uv": [4.625, 6.0625, 3.875, 5.75], "texture": "#0"},
				"down": {"uv": [4.625, 6.0625, 3.875, 6.375], "texture": "#0"}
			}
		},
		{
			"from": [5, 20.5, 7],
			"to": [17, 21.5, 12],
			"faces": {
				"north": {"uv": [6.375, 7.375, 7.125, 7.4375], "texture": "#0"},
				"east": {"uv": [7.625, 3.4375, 7.9375, 3.5], "texture": "#0"},
				"south": {"uv": [7.125, 7.375, 7.875, 7.4375], "texture": "#0"},
				"west": {"uv": [6.75, 7.625, 7.0625, 7.6875], "texture": "#0"},
				"up": {"uv": [5.375, 7.1875, 4.625, 6.875], "texture": "#0"},
				"down": {"uv": [6.125, 6.875, 5.375, 7.1875], "texture": "#0"}
			}
		},
		{
			"from": [5, 20.5, 14],
			"to": [17, 21.5, 19],
			"faces": {
				"north": {"uv": [1.25, 7.4375, 2, 7.5], "texture": "#0"},
				"east": {"uv": [7.625, 6.875, 7.9375, 6.9375], "texture": "#0"},
				"south": {"uv": [3.375, 7.4375, 4.125, 7.5], "texture": "#0"},
				"west": {"uv": [7.625, 6.9375, 7.9375, 7], "texture": "#0"},
				"up": {"uv": [6.875, 7.1875, 6.125, 6.875], "texture": "#0"},
				"down": {"uv": [7.625, 6.875, 6.875, 7.1875], "texture": "#0"}
			}
		},
		{
			"from": [5, 20.5, -7],
			"to": [17, 21.5, -2],
			"faces": {
				"north": {"uv": [4.875, 7.375, 5.625, 7.4375], "texture": "#0"},
				"east": {"uv": [7.5, 7.25, 7.8125, 7.3125], "texture": "#0"},
				"south": {"uv": [5.625, 7.375, 6.375, 7.4375], "texture": "#0"},
				"west": {"uv": [7.625, 3.375, 7.9375, 3.4375], "texture": "#0"},
				"up": {"uv": [7.625, 3.5, 6.875, 3.1875], "texture": "#0"},
				"down": {"uv": [4.625, 6.875, 3.875, 7.1875], "texture": "#0"}
			}
		},
		{
			"from": [0, 16, -10],
			"to": [22, 19, 22],
			"faces": {
				"north": {"uv": [6.625, 3.75, 8, 3.9375], "texture": "#0"},
				"east": {"uv": [3.875, 6.5, 5.875, 6.6875], "texture": "#0"},
				"south": {"uv": [6.625, 3.9375, 8, 4.125], "texture": "#0"},
				"west": {"uv": [5.875, 6.5, 7.875, 6.6875], "texture": "#0"},
				"up": {"uv": [1.375, 4, 0, 2], "texture": "#0"},
				"down": {"uv": [2.75, 2, 1.375, 4], "texture": "#0"}
			}
		},
		{
			"from": [0, 19, -10],
			"to": [1.5, 21.82843, 22],
			"rotation": {"angle": -45, "axis": "z", "origin": [0, 19, 22]},
			"faces": {
				"north": {"uv": [1.875, 7.5, 2, 7.6875], "texture": "#0"},
				"east": {"uv": [6.375, 6.125, 8.375, 6.3125], "texture": "#0"},
				"south": {"uv": [3.375, 7.5, 3.5, 7.6875], "texture": "#0"},
				"west": {"uv": [6.375, 6.3125, 8.375, 6.5], "texture": "#0"},
				"up": {"uv": [0.875, 8.5625, 0.75, 6.5625], "texture": "#0"},
				"down": {"uv": [1, 6.5625, 0.875, 8.5625], "texture": "#0"}
			}
		},
		{
			"from": [20.5, 19, -10],
			"to": [22, 21.82843, 22],
			"rotation": {"angle": 45, "axis": "z", "origin": [22, 19, 22]},
			"faces": {
				"north": {"uv": [1.625, 7.5, 1.75, 7.6875], "texture": "#0"},
				"east": {"uv": [6.375, 5.75, 8.375, 5.9375], "texture": "#0"},
				"south": {"uv": [1.75, 7.5, 1.875, 7.6875], "texture": "#0"},
				"west": {"uv": [6.375, 5.9375, 8.375, 6.125], "texture": "#0"},
				"up": {"uv": [0.625, 8.5625, 0.5, 6.5625], "texture": "#0"},
				"down": {"uv": [0.75, 6.5625, 0.625, 8.5625], "texture": "#0"}
			}
		},
		{
			"from": [0, 0, -7],
			"to": [22, 3, -4],
			"rotation": {"angle": 0, "axis": "y", "origin": [0, -16, 0]},
			"faces": {
				"north": {"uv": [6.625, 4.125, 8, 4.3125], "texture": "#0"},
				"east": {"uv": [4.625, 6.125, 4.8125, 6.3125], "texture": "#0"},
				"south": {"uv": [6.625, 4.3125, 8, 4.5], "texture": "#0"},
				"west": {"uv": [4.8125, 6.125, 5, 6.3125], "texture": "#0"},
				"up": {"uv": [5.25, 6.875, 3.875, 6.6875], "texture": "#0"},
				"down": {"uv": [6.625, 6.6875, 5.25, 6.875], "texture": "#0"}
			}
		},
		{
			"from": [0, 3, -7],
			"to": [1.5, 5.82843, -4],
			"rotation": {"angle": -45, "axis": "z", "origin": [0, 3, 22]},
			"faces": {
				"north": {"uv": [4, 7.5, 4.125, 7.6875], "texture": "#0"},
				"east": {"uv": [4.625, 5.9375, 4.8125, 6.125], "texture": "#0"},
				"south": {"uv": [7.5, 7.4375, 7.625, 7.625], "texture": "#0"},
				"west": {"uv": [4.8125, 5.9375, 5, 6.125], "texture": "#0"},
				"up": {"uv": [2.25, 7.75, 2.125, 7.5625], "texture": "#0"},
				"down": {"uv": [2.375, 7.5625, 2.25, 7.75], "texture": "#0"}
			}
		},
		{
			"from": [20.5, 3, -7],
			"to": [22, 5.82843, -4],
			"rotation": {"angle": 45, "axis": "z", "origin": [22, 3, 22]},
			"faces": {
				"north": {"uv": [3.5, 7.5, 3.625, 7.6875], "texture": "#0"},
				"east": {"uv": [4.625, 5.75, 4.8125, 5.9375], "texture": "#0"},
				"south": {"uv": [3.625, 7.5, 3.75, 7.6875], "texture": "#0"},
				"west": {"uv": [4.8125, 5.75, 5, 5.9375], "texture": "#0"},
				"up": {"uv": [3.875, 7.6875, 3.75, 7.5], "texture": "#0"},
				"down": {"uv": [4, 7.5, 3.875, 7.6875], "texture": "#0"}
			}
		},
		{
			"from": [0, 0, 16],
			"to": [22, 3, 19],
			"rotation": {"angle": 0, "axis": "y", "origin": [0, -16, 23]},
			"faces": {
				"north": {"uv": [6.625, 6.6875, 8, 6.875], "texture": "#0"},
				"east": {"uv": [2.125, 7.375, 2.3125, 7.5625], "texture": "#0"},
				"south": {"uv": [6.75, 0.9375, 8.125, 1.125], "texture": "#0"},
				"west": {"uv": [2.3125, 7.375, 2.5, 7.5625], "texture": "#0"},
				"up": {"uv": [8.125, 1.3125, 6.75, 1.125], "texture": "#0"},
				"down": {"uv": [8.125, 1.3125, 6.75, 1.5], "texture": "#0"}
			}
		},
		{
			"from": [0, 3, 16],
			"to": [1.5, 5.82843, 19],
			"rotation": {"angle": -45, "axis": "z", "origin": [0, 3, 45]},
			"faces": {
				"north": {"uv": [4.25, 7.625, 4.375, 7.8125], "texture": "#0"},
				"east": {"uv": [2.125, 7.1875, 2.3125, 7.375], "texture": "#0"},
				"south": {"uv": [4.375, 7.625, 4.5, 7.8125], "texture": "#0"},
				"west": {"uv": [2.3125, 7.1875, 2.5, 7.375], "texture": "#0"},
				"up": {"uv": [4.625, 7.8125, 4.5, 7.625], "texture": "#0"},
				"down": {"uv": [4.75, 7.625, 4.625, 7.8125], "texture": "#0"}
			}
		},
		{
			"from": [20.5, 3, 16],
			"to": [22, 5.82843, 19],
			"rotation": {"angle": 45, "axis": "z", "origin": [22, 3, 45]},
			"faces": {
				"north": {"uv": [2.375, 7.5625, 2.5, 7.75], "texture": "#0"},
				"east": {"uv": [3.375, 7, 3.5625, 7.1875], "texture": "#0"},
				"south": {"uv": [2, 7.625, 2.125, 7.8125], "texture": "#0"},
				"west": {"uv": [3.5625, 7, 3.75, 7.1875], "texture": "#0"},
				"up": {"uv": [7.75, 3.375, 7.625, 3.1875], "texture": "#0"},
				"down": {"uv": [4.25, 7.625, 4.125, 7.8125], "texture": "#0"}
			}
		},
		{
			"from": [0, 12, -7],
			"to": [22, 15, -4],
			"rotation": {"angle": 0, "axis": "y", "origin": [0, 31, 0]},
			"faces": {
				"north": {"uv": [6.75, 2.25, 8.125, 2.4375], "texture": "#0"},
				"east": {"uv": [6, 7.4375, 6.1875, 7.625], "texture": "#0"},
				"south": {"uv": [6.75, 2.4375, 8.125, 2.625], "texture": "#0"},
				"west": {"uv": [6.1875, 7.4375, 6.375, 7.625], "texture": "#0"},
				"up": {"uv": [8.125, 2.8125, 6.75, 2.625], "texture": "#0"},
				"down": {"uv": [3.875, 6.8125, 2.5, 7], "texture": "#0"}
			}
		},
		{
			"from": [20.5, 9.17157, -7],
			"to": [22, 12, -4],
			"rotation": {"angle": -45, "axis": "z", "origin": [22, 12, 22]},
			"faces": {
				"north": {"uv": [6.25, 7.625, 6.375, 7.8125], "texture": "#0"},
				"east": {"uv": [5.625, 7.4375, 5.8125, 7.625], "texture": "#0"},
				"south": {"uv": [6.375, 7.625, 6.5, 7.8125], "texture": "#0"},
				"west": {"uv": [5.8125, 7.4375, 6, 7.625], "texture": "#0"},
				"up": {"uv": [6.625, 7.8125, 6.5, 7.625], "texture": "#0"},
				"down": {"uv": [6.75, 7.625, 6.625, 7.8125], "texture": "#0"}
			}
		},
		{
			"from": [0, 12, 16],
			"to": [22, 15, 19],
			"rotation": {"angle": 0, "axis": "y", "origin": [0, 31, 23]},
			"faces": {
				"north": {"uv": [6.75, 1.5, 8.125, 1.6875], "texture": "#0"},
				"east": {"uv": [5.25, 7.4375, 5.4375, 7.625], "texture": "#0"},
				"south": {"uv": [6.75, 1.6875, 8.125, 1.875], "texture": "#0"},
				"west": {"uv": [5.4375, 7.4375, 5.625, 7.625], "texture": "#0"},
				"up": {"uv": [8.125, 2.0625, 6.75, 1.875], "texture": "#0"},
				"down": {"uv": [8.125, 2.0625, 6.75, 2.25], "texture": "#0"}
			}
		},
		{
			"from": [20.5, 9.17157, 16],
			"to": [22, 12, 19],
			"rotation": {"angle": -45, "axis": "z", "origin": [22, 12, 45]},
			"faces": {
				"north": {"uv": [5.75, 7.625, 5.875, 7.8125], "texture": "#0"},
				"east": {"uv": [4.875, 7.4375, 5.0625, 7.625], "texture": "#0"},
				"south": {"uv": [5.875, 7.625, 6, 7.8125], "texture": "#0"},
				"west": {"uv": [5.0625, 7.4375, 5.25, 7.625], "texture": "#0"},
				"up": {"uv": [6.125, 7.8125, 6, 7.625], "texture": "#0"},
				"down": {"uv": [6.25, 7.625, 6.125, 7.8125], "texture": "#0"}
			}
		},
		{
			"from": [0, 9.17157, -7],
			"to": [1.5, 12, -4],
			"rotation": {"angle": 45, "axis": "z", "origin": [0, 12, 22]},
			"faces": {
				"north": {"uv": [5.25, 7.625, 5.375, 7.8125], "texture": "#0"},
				"east": {"uv": [4.5, 7.4375, 4.6875, 7.625], "texture": "#0"},
				"south": {"uv": [5.375, 7.625, 5.5, 7.8125], "texture": "#0"},
				"west": {"uv": [4.6875, 7.4375, 4.875, 7.625], "texture": "#0"},
				"up": {"uv": [5.625, 7.8125, 5.5, 7.625], "texture": "#0"},
				"down": {"uv": [5.75, 7.625, 5.625, 7.8125], "texture": "#0"}
			}
		},
		{
			"from": [0, 9.17157, 16],
			"to": [1.5, 12, 19],
			"rotation": {"angle": 45, "axis": "z", "origin": [0, 12, 45]},
			"faces": {
				"north": {"uv": [4.75, 7.625, 4.875, 7.8125], "texture": "#0"},
				"east": {"uv": [4.125, 7.4375, 4.3125, 7.625], "texture": "#0"},
				"south": {"uv": [4.875, 7.625, 5, 7.8125], "texture": "#0"},
				"west": {"uv": [4.3125, 7.4375, 4.5, 7.625], "texture": "#0"},
				"up": {"uv": [5.125, 7.8125, 5, 7.625], "texture": "#0"},
				"down": {"uv": [5.25, 7.625, 5.125, 7.8125], "texture": "#0"}
			}
		},
		{
			"from": [1, 15, -9],
			"to": [21, 17, 21],
			"faces": {
				"north": {"uv": [6.875, 3.5, 8.125, 3.625], "texture": "#0"},
				"east": {"uv": [6.875, 2.9375, 8.75, 3.0625], "texture": "#0"},
				"south": {"uv": [6.875, 3.625, 8.125, 3.75], "texture": "#0"},
				"west": {"uv": [6.875, 3.0625, 8.75, 3.1875], "texture": "#0"},
				"up": {"uv": [4, 1.875, 2.75, 0], "texture": "#0"},
				"down": {"uv": [4, 1.875, 2.75, 3.75], "texture": "#0"}
			}
		},
		{
			"from": [-1, 14, -6.5],
			"to": [0, 18, -4.5],
			"faces": {
				"north": {"uv": [7.0625, 7.625, 7.125, 7.875], "texture": "#0"},
				"east": {"uv": [5.25, 0.9375, 5.375, 1.1875], "texture": "#0"},
				"south": {"uv": [7.125, 7.625, 7.1875, 7.875], "texture": "#0"},
				"west": {"uv": [5.25, 1.1875, 5.375, 1.4375], "texture": "#0"},
				"up": {"uv": [2.4375, 7.1875, 2.375, 7.0625], "texture": "#0"},
				"down": {"uv": [2.5, 7.0625, 2.4375, 7.1875], "texture": "#0"}
			}
		},
		{
			"from": [-1, 14, 16.5],
			"to": [0, 18, 18.5],
			"faces": {
				"north": {"uv": [7.1875, 7.625, 7.25, 7.875], "texture": "#0"},
				"east": {"uv": [2.625, 5.5, 2.75, 5.75], "texture": "#0"},
				"south": {"uv": [7.25, 7.625, 7.3125, 7.875], "texture": "#0"},
				"west": {"uv": [2.5, 6.1875, 2.625, 6.4375], "texture": "#0"},
				"up": {"uv": [4, 7.8125, 3.9375, 7.6875], "texture": "#0"},
				"down": {"uv": [4.0625, 7.6875, 4, 7.8125], "texture": "#0"}
			}
		},
		{
			"from": [1, -1, -9],
			"to": [4, 0, -6],
			"faces": {
				"north": {"uv": [5.375, 2.8125, 5.5625, 2.875], "texture": "#0"},
				"east": {"uv": [7.625, 7, 7.8125, 7.0625], "texture": "#0"},
				"south": {"uv": [7.625, 7.0625, 7.8125, 7.125], "texture": "#0"},
				"west": {"uv": [7.625, 7.125, 7.8125, 7.1875], "texture": "#0"},
				"up": {"uv": [6.5625, 7.625, 6.375, 7.4375], "texture": "#0"},
				"down": {"uv": [6.75, 7.4375, 6.5625, 7.625], "texture": "#0"}
			}
		},
		{
			"from": [2, -1, -6],
			"to": [4, 0, 18],
			"faces": {
				"north": {"uv": [6.75, 7.6875, 6.875, 7.75], "texture": "#0"},
				"east": {"uv": [6, 7.1875, 7.5, 7.25], "texture": "#0"},
				"south": {"uv": [6.875, 7.6875, 7, 7.75], "texture": "#0"},
				"west": {"uv": [6, 7.25, 7.5, 7.3125], "texture": "#0"},
				"up": {"uv": [2.75, 5.5, 2.625, 4], "texture": "#0"},
				"down": {"uv": [1.125, 6.5625, 1, 8.0625], "texture": "#0"}
			}
		},
		{
			"from": [18, -1, -6],
			"to": [20, 0, 18],
			"faces": {
				"north": {"uv": [7.3125, 7.6875, 7.4375, 7.75], "texture": "#0"},
				"east": {"uv": [3.375, 7.3125, 4.875, 7.375], "texture": "#0"},
				"south": {"uv": [7.4375, 7.6875, 7.5625, 7.75], "texture": "#0"},
				"west": {"uv": [4.875, 7.3125, 6.375, 7.375], "texture": "#0"},
				"up": {"uv": [1.25, 8.0625, 1.125, 6.5625], "texture": "#0"},
				"down": {"uv": [2.625, 7, 2.5, 8.5], "texture": "#0"}
			}
		},
		{
			"from": [4, -1, -8],
			"to": [18, 0, -6],
			"faces": {
				"north": {"uv": [1.25, 7.3125, 2.125, 7.375], "texture": "#0"},
				"east": {"uv": [7.5625, 7.6875, 7.6875, 7.75], "texture": "#0"},
				"south": {"uv": [6.375, 7.3125, 7.25, 7.375], "texture": "#0"},
				"west": {"uv": [7.6875, 7.625, 7.8125, 7.6875], "texture": "#0"},
				"up": {"uv": [2.125, 7.3125, 1.25, 7.1875], "texture": "#0"},
				"down": {"uv": [4.25, 7.1875, 3.375, 7.3125], "texture": "#0"}
			}
		},
		{
			"from": [4, -1, 18],
			"to": [18, 0, 20],
			"faces": {
				"north": {"uv": [7.25, 7.3125, 8.125, 7.375], "texture": "#0"},
				"east": {"uv": [7.6875, 7.6875, 7.8125, 7.75], "texture": "#0"},
				"south": {"uv": [1.25, 7.375, 2.125, 7.4375], "texture": "#0"},
				"west": {"uv": [1.25, 7.75, 1.375, 7.8125], "texture": "#0"},
				"up": {"uv": [5.125, 7.3125, 4.25, 7.1875], "texture": "#0"},
				"down": {"uv": [6, 7.1875, 5.125, 7.3125], "texture": "#0"}
			}
		},
		{
			"from": [1, -1, 18],
			"to": [4, 0, 21],
			"faces": {
				"north": {"uv": [7.3125, 7.625, 7.5, 7.6875], "texture": "#0"},
				"east": {"uv": [7.625, 7.4375, 7.8125, 7.5], "texture": "#0"},
				"south": {"uv": [7.5, 7.625, 7.6875, 7.6875], "texture": "#0"},
				"west": {"uv": [7.625, 7.5, 7.8125, 7.5625], "texture": "#0"},
				"up": {"uv": [6.9375, 7.625, 6.75, 7.4375], "texture": "#0"},
				"down": {"uv": [7.125, 7.4375, 6.9375, 7.625], "texture": "#0"}
			}
		},
		{
			"from": [18, -1, 18],
			"to": [21, 0, 21],
			"faces": {
				"north": {"uv": [1.8125, 7.6875, 2, 7.75], "texture": "#0"},
				"east": {"uv": [3.375, 7.6875, 3.5625, 7.75], "texture": "#0"},
				"south": {"uv": [3.5625, 7.6875, 3.75, 7.75], "texture": "#0"},
				"west": {"uv": [3.75, 7.6875, 3.9375, 7.75], "texture": "#0"},
				"up": {"uv": [1.4375, 7.6875, 1.25, 7.5], "texture": "#0"},
				"down": {"uv": [1.625, 7.5, 1.4375, 7.6875], "texture": "#0"}
			}
		},
		{
			"from": [18, -1, -9],
			"to": [21, 0, -6],
			"faces": {
				"north": {"uv": [7.625, 7.5625, 7.8125, 7.625], "texture": "#0"},
				"east": {"uv": [1.25, 7.6875, 1.4375, 7.75], "texture": "#0"},
				"south": {"uv": [1.4375, 7.6875, 1.625, 7.75], "texture": "#0"},
				"west": {"uv": [1.625, 7.6875, 1.8125, 7.75], "texture": "#0"},
				"up": {"uv": [7.3125, 7.625, 7.125, 7.4375], "texture": "#0"},
				"down": {"uv": [7.5, 7.4375, 7.3125, 7.625], "texture": "#0"}
			}
		}
	],
	"display": {
		"thirdperson_righthand": {
			"scale": [0, 0, 0]
		},
		"thirdperson_lefthand": {
			"scale": [0, 0, 0]
		},
		"firstperson_righthand": {
			"scale": [0, 0, 0]
		},
		"firstperson_lefthand": {
			"scale": [0, 0, 0]
		},
		"ground": {
			"translation": [-1, -0.5, 0.75],
			"scale": [0.33, 0.33, 0.33]
		},
		"gui": {
			"rotation": [16, 107, 1],
			"translation": [1.25, -1.75, 0],
			"scale": [0.41, 0.41, 0.41]
		},
		"head": {
			"translation": [-2.75, -11, 1.75],
			"scale": [0.97, 0.97, 0.97]
		},
		"fixed": {
			"rotation": [0, -90, 0],
			"translation": [-3.5, -3.25, 0],
			"scale": [0.82, 0.82, 0.82]
		}
	}
}