{
	"credit": "Made with Blockbench",
	"texture_size": [32, 32],
	"textures": {
		"0": "item/statistics_book",
		"particle": "item/statistics_book"
	},
	"elements": [
		{
			"from": [-1, 1, 2],
			"to": [0, 3, 14],
			"faces": {
				"north": {"uv": [9, 4, 9.5, 5], "texture": "#0"},
				"east": {"uv": [5, 0, 11, 1], "texture": "#0"},
				"south": {"uv": [9, 5, 9.5, 6], "texture": "#0"},
				"west": {"uv": [5, 1, 11, 2], "texture": "#0"},
				"up": {"uv": [5.5, 10, 5, 4], "texture": "#0"},
				"down": {"uv": [6, 4, 5.5, 10], "texture": "#0"}
			}
		},
		{
			"from": [-1, 13, 2],
			"to": [0, 15, 14],
			"faces": {
				"north": {"uv": [9, 6, 9.5, 7], "texture": "#0"},
				"east": {"uv": [5, 2, 11, 3], "texture": "#0"},
				"south": {"uv": [7, 9, 7.5, 10], "texture": "#0"},
				"west": {"uv": [5, 3, 11, 4], "texture": "#0"},
				"up": {"uv": [6.5, 10, 6, 4], "texture": "#0"},
				"down": {"uv": [7, 4, 6.5, 10], "texture": "#0"}
			}
		},
		{
			"from": [-1, 3, 3],
			"to": [0, 13, 13],
			"faces": {
				"north": {"uv": [7, 4, 7.5, 9], "texture": "#0"},
				"east": {"uv": [0, 0, 5, 5], "texture": "#0"},
				"south": {"uv": [7.5, 4, 8, 9], "texture": "#0"},
				"west": {"uv": [0, 5, 5, 10], "texture": "#0"},
				"up": {"uv": [8.5, 9, 8, 4], "texture": "#0"},
				"down": {"uv": [9, 4, 8.5, 9], "texture": "#0"}
			}
		}
	],
	"display": {
		"thirdperson_righthand": {
			"rotation": [44, 90, 0],
			"translation": [0, 3, -2.5],
			"scale": [0.44, 0.44, 0.44]
		},
		"thirdperson_lefthand": {
			"rotation": [44, -90.5, 0],
			"translation": [0, 3, -2.5],
			"scale": [0.44, 0.44, 0.44]
		},
		"firstperson_righthand": {
			"rotation": [0, 90, 0],
			"translation": [-9, 0, -18.75],
			"scale": [0.47, 0.47, 0.47]
		},
		"firstperson_lefthand": {
			"rotation": [0, -90, 0],
			"translation": [-9, 0, -18.75],
			"scale": [0.47, 0.47, 0.47]
		},
		"gui": {
			"rotation": [0, 90, 0],
			"scale": [1.08, 1.08, 1.08]
		}
	}
}